seed,scenario,n_players,game_length,terminated_by_cap,n_winners,winner_ids,gini_final,hhi_final,n_bankruptcies,first_bankruptcy_turn,social_mobility,capital_formation,wealth_min,wealth_max,wealth_mean,wealth_sd,rent_burden_mean
597176,Baseline,2,161,FALSE,1,1,0.5,1,1,161,4,124,0,2656,1328,1878.07561083147,0.0154771241830065
597177,Baseline,2,75,FALSE,1,1,0.5,1,1,75,2,18,0,1911,955.5,1351.28105884749,0.0128
597178,Baseline,2,66,FALSE,1,2,0.5,1,1,66,4,32,0,2990,1495,2114.24927574778,0.00635897435897436
597179,Baseline,2,56,FALSE,1,2,0.5,1,1,56,2,21,0,2233,1116.5,1578.96944238956,0.00933333333333333
597180,Baseline,2,105,FALSE,1,1,0.5,1,1,105,6,74,0,1630,815,1152.58405333407,0.00936231884057971
597181,Baseline,2,47,FALSE,1,1,0.5,1,1,47,0,21,0,1522,761,1076.21652096593,0.0100833333333333
597182,Baseline,2,48,FALSE,1,2,0.5,1,1,48,4,25,0,1720,860,1216.22366364086,0.00518518518518519
597183,Baseline,2,66,FALSE,1,2,0.5,1,1,66,0,30,0,2351,1175.5,1662.40804256957,0.00817777777777778
597184,Baseline,2,51,FALSE,1,1,0.5,1,1,51,6,16,0,3290,1645,2326.38131010374,0.0137777777777778
597185,Baseline,2,51,FALSE,1,1,0.5,1,1,51,3,13,0,2044,1022,1445.3262607453,0.00416666666666667
597186,Baseline,2,65,FALSE,1,1,0.5,1,1,65,1,26,0,1962,981,1387.34350468801,0.0102962962962963
597187,Baseline,2,43,FALSE,1,1,0.5,1,1,43,2,23,0,1696,848,1199.25310089238,0.0072
597188,Baseline,2,77,FALSE,1,1,0.5,1,1,77,2,29,0,3489,1744.5,2467.09555955986,0.00976190476190476
597189,Baseline,2,72,FALSE,1,2,0.400546991546494,1,1,72,4,25,200,1811,1005.5,1139.14902449153,0.00947826086956522
597190,Baseline,2,41,FALSE,1,1,0.5,1,1,41,0,22,0,2008,1004,1419.87041662259,0.0062962962962963
597191,Baseline,2,72,FALSE,1,2,0.5,1,1,72,2,36,0,1903,951.5,1345.624204598,0.0130833333333333
597192,Baseline,2,47,FALSE,1,1,0.5,1,1,47,2,25,0,1864,932,1318.04704013172,0.00518518518518519
597193,Baseline,2,89,FALSE,1,1,0.5,1,1,89,4,65,0,1397,698.5,987.828173317607,0.00863492063492063
597194,Baseline,2,58,FALSE,1,2,0.5,1,1,58,0,22,0,1716,858,1213.39523651612,0.0114444444444444
597195,Baseline,2,114,FALSE,1,2,0.5,1,1,114,2,92,0,1387,693.5,980.757105505741,0.0105185185185185
597196,Baseline,2,62,FALSE,1,2,0.5,1,1,62,2,39,0,2038,1019,1441.08362005818,0.004
597197,Baseline,2,60,FALSE,1,2,0.44983531796301,1,1,60,4,22,198,3749,1973.5,2510.93617999343,0.0144444444444444
597198,Baseline,2,124,FALSE,1,2,0.5,1,1,124,0,103,0,2623,1311.5,1854.74108705231,0.0102272727272727
597199,Baseline,2,98,FALSE,1,2,0.5,1,1,98,4,33,0,4019,2009.5,2841.86215358873,0.0155454545454545
597200,Baseline,2,78,FALSE,1,2,0.5,1,1,78,0,29,0,3679,1839.5,2601.44584798531,0.00433333333333333
597201,Baseline,2,43,FALSE,1,1,0.5,1,1,43,0,13,0,2930,1465,2071.82286887658,0.00566666666666667
597202,Baseline,2,56,FALSE,1,2,0.417058335637268,1,1,56,0,19,300,3317,1808.5,2133.34115883981,0.0271794871794872
597203,Baseline,2,118,FALSE,1,2,0.5,1,1,118,4,65,0,4035,2017.5,2853.17586208772,0.0172413793103448
597204,Baseline,2,52,FALSE,1,2,0.5,1,1,52,4,17,0,3465,1732.5,2450.12499681139,0.012
597205,Baseline,2,34,FALSE,1,2,0.5,1,1,34,0,4,0,3503,1751.5,2476.99505449648,0.0075
597206,Baseline,2,66,FALSE,1,2,0.5,1,1,66,2,28,0,3668,1834,2593.66767339226,0.0228
597207,Baseline,2,136,FALSE,1,2,0.5,1,1,136,6,88,0,2075,1037.5,1467.24657096209,0.0117054263565891
597208,Baseline,2,96,FALSE,1,2,0.5,1,1,96,6,68,0,1929,964.5,1364.00898090885,0.0121666666666667
597209,Baseline,2,176,FALSE,1,2,0.475891996142719,1,1,176,0,168,100,4048,2074,2791.65757212449,0.0128958333333333
597210,Baseline,2,47,FALSE,1,1,0.5,1,1,47,4,4,0,3620,1810,2559.7265478953,0.00819047619047619
597211,Baseline,2,27,FALSE,1,1,0.5,1,1,27,2,1,0,1946,973,1376.02979618902,0.00266666666666667
597212,Baseline,2,40,FALSE,1,2,0.5,1,1,40,0,16,0,3012,1506,2129.80562493388,0.00833333333333333
597213,Baseline,2,62,FALSE,1,2,0.5,1,1,62,2,21,0,3858,1929,2728.0179618177,0.0128888888888889
597214,Baseline,2,50,FALSE,1,2,0.5,1,1,50,2,16,0,1478,739,1045.10382259372,0.0182857142857143
597215,Baseline,2,46,FALSE,1,2,0.5,1,1,46,2,24,0,3612,1806,2554.06969364581,0.00933333333333333
597216,Baseline,2,37,FALSE,1,1,0.5,1,1,37,2,9,0,1332,666,941.866232540481,0.00586666666666667
597217,Baseline,2,56,FALSE,1,2,0.422986247544204,1,1,56,0,25,196,2349,1272.5,1522.40089989464,0.0104761904761905
597218,Baseline,2,74,FALSE,1,2,0.5,1,1,74,2,61,0,1732,866,1224.7089450151,0.00631746031746032
597219,Baseline,2,77,FALSE,1,1,0.5,1,2,77,0,43,0,3817,1908.5,2699.02658378905,0.011047619047619
597220,Baseline,2,120,FALSE,1,2,0.5,1,1,120,2,120,0,1419,709.5,1003.38452250371,0.00971111111111111
597221,Baseline,2,90,FALSE,1,2,0.5,1,1,90,4,62,0,1256,628,888.126117170304,0.00884615384615385
597222,Baseline,2,88,FALSE,1,2,0.5,1,1,88,2,34,0,1260,630,890.95454429505,0.0102933333333333
597223,Baseline,2,52,FALSE,1,2,0.5,1,1,52,8,28,0,3179,1589.5,2247.89245739203,0.0114666666666667
597224,Baseline,2,42,FALSE,1,2,0.5,1,1,42,2,24,0,1587,793.5,1122.17846174305,0.0064
597225,Baseline,2,67,FALSE,1,1,0.5,1,1,67,6,43,0,1919,959.5,1356.93791309698,0.01
597226,Baseline,2,55,FALSE,1,1,0.5,1,1,55,4,10,0,3998,1999,2827.01291118382,0.00503703703703704
597227,Baseline,2,47,FALSE,1,1,0.5,1,1,47,0,16,0,1681,840.5,1188.64649917459,0.0136296296296296
597228,Baseline,2,36,FALSE,1,2,0.5,1,1,36,4,1,0,1504,752,1063.48859890457,0.0085
597229,Baseline,2,39,FALSE,1,1,0.5,1,1,39,0,15,0,3308,1654,2339.1092321651,0.0104444444444444
597230,Baseline,2,45,FALSE,1,1,0.5,1,1,45,2,25,0,1842,921,1302.49069094562,0.005
597231,Baseline,2,199,FALSE,1,1,0.5,1,1,199,2,213,0,1487,743.5,1051.4677836244,0.00854545454545455
597232,Baseline,2,42,FALSE,1,2,0.5,1,1,42,0,16,0,1822,911,1288.34855532189,0.00495238095238095
597233,Baseline,2,95,FALSE,1,1,0.5,1,1,95,2,37,0,3440,1720,2432.44732728172,0.00855555555555556
597234,Baseline,2,68,FALSE,1,2,0.5,1,1,68,3,37,-50,3361,1655.5,2411.94123062731,0.00733333333333333
597235,Baseline,2,60,FALSE,1,2,0.5,1,1,60,0,13,0,4144,2072,2930.25050123705,0.0235438596491228
597236,Baseline,2,37,FALSE,1,1,0.5,1,1,37,0,14,0,1839,919.5,1300.36937060206,0.0224444444444444
597237,Baseline,2,51,FALSE,1,1,0.5,1,1,51,4,15,0,2071,1035.5,1464.41814383734,0.0124444444444444
597238,Baseline,2,93,FALSE,1,1,0.5,1,1,93,4,67,0,2094,1047,1480.68159980463,0.0106111111111111
597239,Baseline,2,67,FALSE,1,1,0.5,1,1,67,4,21,0,1625,812.5,1149.04851942814,0.0134166666666667
597240,Baseline,2,74,FALSE,1,2,0.5,1,1,74,4,41,0,1776,888,1255.82164338731,0.00925925925925926
597241,Baseline,2,119,FALSE,1,1,0.351301115241636,1,1,119,6,57,200,1145,672.5,668.215908221288,0.0111666666666667
597242,Baseline,2,87,FALSE,1,1,0.5,1,1,87,4,52,0,3527,1763.5,2493.96561724495,0.0141176470588235
597243,Baseline,2,75,FALSE,1,1,0.5,1,1,75,10,60,0,1849,924.5,1307.44043841393,0.0076
597244,Baseline,2,51,FALSE,1,1,0.5,1,1,51,2,26,0,1937,968.5,1369.66583515834,0.0111515151515152
597245,Baseline,2,43,FALSE,1,1,0.5,1,1,43,2,17,0,1625,812.5,1149.04851942814,0.0138666666666667
597246,Baseline,2,103,FALSE,1,1,0.5,1,1,103,6,75,0,3257,1628.5,2303.04678632459,0.0150512820512821
597247,Baseline,2,97,FALSE,1,1,0.5,1,1,97,4,44,0,3783,1891.5,2674.98495322871,0.0114492753623188
597248,Baseline,2,128,FALSE,1,2,0.5,1,1,128,10,71,0,3823,1911.5,2703.26922447617,0.0192792792792793
597249,Baseline,2,49,FALSE,1,1,0.5,1,1,49,0,17,0,2152,1076,1521.69379311345,0.0119333333333333
597250,Baseline,2,54,FALSE,1,2,0.5,1,1,54,0,36,0,1720,860,1216.22366364086,0.00966666666666667
597251,Baseline,2,82,FALSE,1,2,0.5,1,1,82,2,61,0,3842,1921,2716.70425331872,0.0157254901960784
597252,Baseline,2,51,FALSE,1,1,0.5,1,1,51,0,8,0,4013,2006.5,2837.61951290162,0.00872727272727273
597253,Baseline,2,50,FALSE,1,2,0.5,1,1,50,0,25,0,3583,1791.5,2533.5635969914,0.00542222222222222
597254,Baseline,2,63,FALSE,1,1,0.5,1,1,63,2,7,0,2282,1141,1613.6176746677,0.0156296296296296
597255,Baseline,2,50,FALSE,1,2,0.5,1,1,50,2,20,0,1839,919.5,1300.36937060206,0.0138666666666667
597256,Baseline,2,148,FALSE,1,2,0.5,1,1,148,2,148,0,4053,2026.5,2865.90378414908,0.00847222222222222
597257,Baseline,2,124,FALSE,1,2,0.5,1,1,124,4,59,0,3983,1991.5,2816.40630946602,0.0151182795698925
597258,Baseline,2,47,FALSE,1,1,0.5,1,1,47,5,20,0,3235,1617.5,2287.49043713848,0.0167407407407407
597259,Baseline,2,124,FALSE,1,2,0.5,1,1,124,4,61,0,4111,2055.5,2906.9159774579,0.0105714285714286
597260,Baseline,2,116,FALSE,1,2,0.5,1,1,116,8,58,0,1703,851.5,1204.20284836069,0.0088
597261,Baseline,2,122,FALSE,1,2,0.406666666666667,1,1,122,6,77,175,1700,937.5,1078.33784130948,0.00597979797979798
597262,Baseline,2,48,FALSE,1,2,0.5,1,1,48,2,9,0,2328,1164,1646.14458660228,0.00955555555555556
597263,Baseline,2,197,FALSE,1,1,0.5,1,1,197,2,194,0,1663,831.5,1175.91857711323,0.00943030303030303
597264,Baseline,2,87,FALSE,1,1,0.5,1,1,87,4,54,0,1590,795,1124.29978208661,0.00758730158730159
597265,Baseline,2,54,FALSE,1,2,0.5,1,1,54,4,6,0,2004,1002,1417.04198949784,0.0117647058823529
597266,Baseline,2,32,FALSE,1,2,0.5,1,1,32,0,10,0,3338,1669,2360.3224356007,0.0382222222222222
597267,Baseline,2,64,FALSE,1,2,0.5,1,1,64,0,33,0,1911,955.5,1351.28105884749,0.00693333333333333
597268,Baseline,2,53,FALSE,1,1,0.5,1,1,53,4,5,0,2106,1053,1489.16688117887,0.00992592592592593
597269,Baseline,2,42,FALSE,1,2,0.5,1,1,42,2,12,0,3747,1873.5,2649.52910910599,0.0153333333333333
597270,Baseline,2,48,FALSE,1,2,0.5,1,1,48,2,17,0,3085,1542.5,2181.4244199605,0.0109333333333333
597271,Baseline,2,94,FALSE,1,2,0.418401332223147,1,1,94,2,56,196,2206,1201,1421.28463018496,0.0162727272727273
597272,Baseline,2,70,FALSE,1,2,0.5,1,1,70,4,34,0,1428,714,1009.74848353439,0.00963333333333333
597273,Baseline,2,108,FALSE,1,2,0.5,1,1,108,2,77,0,1178,589,832.971788237753,0.0143137254901961
597274,Baseline,2,31,FALSE,1,1,0.5,1,1,31,0,2,0,1872,936,1323.70389438122,0.011
597275,Baseline,2,108,FALSE,1,2,0.5,1,1,108,0,90,0,3673,1836.5,2597.20320729819,0.0104166666666667
597276,Baseline,2,123,FALSE,1,1,0.5,1,1,123,4,99,0,1824,912,1289.76276888426,0.00898148148148148
597277,Baseline,2,30,FALSE,1,2,0.5,1,1,30,0,0,0,1825,912.5,1290.46987566545,0.01
597278,Baseline,2,71,FALSE,1,1,0.446945337620579,1,1,71,4,9,198,3534,1866,2358.90822203832,0.0153333333333333
597279,Baseline,2,129,FALSE,1,1,0.5,1,1,129,2,101,0,2753,1376.5,1946.66496860657,0.00865116279069767
597280,Baseline,2,91,FALSE,1,1,0.375311720698254,1,1,91,2,71,200,1404,802,851.356564548603,0.0107301587301587
597281,Baseline,2,184,FALSE,1,2,0.5,1,1,184,2,207,0,1478,739,1045.10382259372,0.0110357142857143
597282,Baseline,2,109,FALSE,1,1,0.5,1,1,109,6,95,0,1635,817.5,1156.11958724001,0.00977777777777778
597283,Baseline,2,35,FALSE,1,1,0.5,1,2,35,0,14,0,1615,807.5,1141.97745161627,0.01
597284,Baseline,2,41,FALSE,1,1,0.5,1,1,41,6,28,0,1344,672,950.35151391472,0.008
597285,Baseline,2,72,FALSE,1,2,0.5,1,1,72,1,50,0,2082,1041,1472.19631843039,0.012078431372549
597286,Baseline,2,109,FALSE,1,1,0.5,1,1,109,2,95,0,1430,715,1011.16269709676,0.00618390804597701
597287,Baseline,2,54,FALSE,1,2,0.5,1,1,54,2,27,0,3379,1689.5,2389.31381362934,0.0165185185185185
597288,Baseline,2,88,FALSE,1,2,0.5,1,1,88,4,43,0,2110,1055,1491.99530830362,0.00866666666666667
597289,Baseline,2,118,FALSE,1,2,0.384726224783862,1,1,118,2,94,200,1535,867.5,943.987552884041,0.0143636363636364
597290,Baseline,2,36,FALSE,1,2,0.5,1,1,36,0,12,0,3077,1538.5,2175.76756571101,0.0140952380952381
597291,Baseline,2,200,TRUE,2,"1,2",0.0526675786593707,0.523629489603025,0,,4,184,1635,2020,1827.5,272.236110756821,0.00752380952380952
597292,Baseline,2,48,FALSE,1,2,0.5,1,1,48,0,17,0,3439,1719.5,2431.74022050054,0.0158
597293,Baseline,2,66,FALSE,1,2,0.5,1,1,66,2,44,0,1420,710,1004.0916292849,0.0137948717948718
597294,Baseline,2,79,FALSE,1,1,0.5,1,1,79,6,41,0,1818,909,1285.52012819714,0.00955555555555556
597295,Baseline,2,200,TRUE,2,"1,2",0.118543046357616,0.586805555555556,0,,2,164,1440,2335,1887.5,632.86056916196,0.00726553672316384
597296,Baseline,2,69,FALSE,1,1,0.5,1,1,69,2,34,0,2950,1475,2085.96500450032,0.00757575757575758
597297,Baseline,2,62,FALSE,1,2,0.5,1,1,62,0,41,0,1928,964,1363.30187412766,0.0108444444444444
597298,Baseline,2,74,FALSE,1,2,0.5,1,1,74,0,32,0,1940,970,1371.7871555019,0.00501960784313726
597299,Baseline,2,22,FALSE,1,2,0.5,1,1,22,0,4,0,2490,1245,1760.6958851545,0.0133333333333333
597300,Baseline,2,71,FALSE,1,1,0.398785425101215,1,1,71,6,22,200,1776,988,1114.40028715,0.0107777777777778
597301,Baseline,2,176,FALSE,1,2,0.5,1,1,176,6,163,0,2246,1123,1588.16183054499,0.011047619047619
597302,Baseline,2,30,FALSE,1,2,0.5,1,1,30,1,3,0,1665,832.5,1177.3327906756,0.0133333333333333
597303,Baseline,2,122,FALSE,1,2,0.5,1,1,122,8,93,0,3925,1962.5,2775.3941161572,0.00924561403508772
597304,Baseline,2,36,FALSE,1,2,0.5,1,1,36,4,12,0,2807,1403.5,1984.84873479064,0.0137777777777778
597305,Baseline,2,70,FALSE,1,2,0.5,1,1,70,2,27,0,2018,1009,1426.94148443445,0.0139649122807018
597306,Baseline,2,103,FALSE,1,1,0.5,1,1,103,2,54,0,1478,739,1045.10382259372,0.00925641025641026
597307,Baseline,2,80,FALSE,1,2,0.5,1,1,80,4,53,0,1012,506,715.592062560786,0.0123492063492064
597308,Baseline,2,63,FALSE,1,1,0.5,1,1,63,0,25,0,3734,1867,2640.33672095057,0.0103809523809524
597309,Baseline,2,73,FALSE,1,1,0.5,1,1,73,4,25,0,3293,1646.5,2328.5026304473,0.00724444444444444
597310,Baseline,2,43,FALSE,1,1,0.5,1,1,43,4,9,0,1598,799,1129.9566363361,0.00444444444444444
597311,Baseline,2,32,FALSE,1,2,0.5,1,1,32,2,6,0,2854,1427,2018.08275350641,0.00533333333333333
597312,Baseline,2,81,FALSE,1,1,0.5,1,1,81,2,43,0,1454,727,1028.13325984524,0.014952380952381
597313,Baseline,2,84,FALSE,1,2,0.5,1,2,84,6,50,0,1852,926,1309.56175875749,0.0110434782608696
597314,Baseline,2,61,FALSE,1,1,0.5,1,1,61,0,27,0,3544,1772,2505.98643252512,0.00695238095238095
597315,Baseline,2,45,FALSE,1,1,0.5,1,1,45,2,11,0,1667,833.5,1178.74700423797,0.00626666666666667
597316,Baseline,2,48,FALSE,1,2,0.5,1,1,48,0,12,0,1663,831.5,1175.91857711323,0.00466666666666667
597317,Baseline,2,57,FALSE,1,1,0.5,1,2,57,2,25,0,3785,1892.5,2676.39916679108,0.0194761904761905
597318,Baseline,2,96,FALSE,1,2,0.5,1,1,96,8,39,0,4176,2088,2952.87791823502,0.0182820512820513
597319,Baseline,2,63,FALSE,1,1,0.5,1,1,63,0,45,0,2070,1035,1463.71103705615,0.0122962962962963
597320,Baseline,2,108,FALSE,1,2,0.5,1,1,108,0,52,0,2482,1241,1755.03903090501,0.0155555555555556
597321,Baseline,2,44,FALSE,1,2,0.5,1,1,44,2,7,0,1803,901.5,1274.91352647935,0.00786666666666667
597322,Baseline,2,92,FALSE,1,2,0.5,1,1,92,2,51,0,1233,616.5,871.862661203013,0.00746666666666667
597323,Baseline,2,36,FALSE,1,2,0.5,1,1,36,0,6,0,2162,1081,1528.76486092532,0.0302857142857143
597324,Baseline,2,40,FALSE,1,2,0.5,1,1,40,4,10,0,3474,1737,2456.48895784207,0.0321904761904762
597325,Baseline,2,173,FALSE,1,1,0.5,1,1,173,2,157,0,2177,1088.5,1539.37146264311,0.00947826086956522
597326,Baseline,2,150,FALSE,1,2,0.5,1,1,150,4,130,0,1910,955,1350.57395206631,0.0117272727272727
597327,Baseline,2,39,FALSE,1,1,0.5,1,1,39,3,10,0,1726,863,1220.46630432798,0.0133333333333333
597328,Baseline,2,62,FALSE,1,2,0.5,1,1,62,2,37,0,1983,991.5,1402.19274709292,0.00690909090909091
597329,Baseline,2,42,FALSE,1,2,0.5,1,1,42,0,11,0,3879,1939.5,2742.86720422262,0.0134074074074074
597330,Baseline,2,104,FALSE,1,2,0.5,1,1,104,2,70,0,3860,1930,2729.43217538007,0.0101010101010101
597331,Baseline,2,58,FALSE,1,2,0.5,1,1,58,0,11,0,3847,1923.5,2720.23978722465,0.0106
597332,Baseline,2,53,FALSE,1,1,0.5,1,2,53,4,19,0,3993,1996.5,2823.47737727788,0.0125641025641026
597333,Baseline,2,70,FALSE,1,2,0.5,1,2,70,7,32,0,3894,1947,2753.47380594042,0.0110222222222222
597334,Baseline,2,64,FALSE,1,2,0.5,1,1,64,4,42,0,1646,823,1163.89776183306,0.00891228070175439
597335,Baseline,2,50,FALSE,1,2,0.379901960784314,1,1,50,4,10,196,1436,816,876.812408671319,0.00916666666666667
597336,Baseline,2,48,FALSE,1,2,0.41766158913133,0.834710743801653,1,48,2,7,200,2229,1214.5,1434.71965902751,0.0084
597337,Baseline,2,156,FALSE,1,2,0.5,1,1,156,2,113,0,1685,842.5,1191.47492629933,0.00774269005847953
597338,Baseline,2,112,FALSE,1,2,0.5,1,1,112,6,91,0,2996,1498,2118.4919164349,0.00813333333333333
597339,Baseline,2,50,FALSE,1,2,0.5,1,1,50,2,32,0,1737,868.5,1228.24447892103,0.00661538461538462
597340,Baseline,2,64,FALSE,1,2,0.5,1,1,64,4,15,0,1777,888.5,1256.5287501685,0.0146666666666667
597341,Baseline,2,89,FALSE,1,1,0.5,1,1,89,0,54,0,1880,940,1329.36074863071,0.00997530864197531
597342,Baseline,2,87,FALSE,1,1,0.5,1,1,87,2,41,0,1785,892.5,1262.18560441799,0.0071
597343,Baseline,2,32,FALSE,1,2,0.5,1,1,32,2,10,0,3126,1563,2210.41579798915,0.00533333333333333
597344,Baseline,2,34,FALSE,1,2,0.5,1,1,34,4,11,0,1554,777,1098.84393796389,0.0048
597345,Baseline,2,87,FALSE,1,1,0.5,1,1,87,4,39,0,1465,732.5,1035.91143443829,0.0145833333333333
597346,Baseline,2,40,FALSE,1,2,0.5,1,1,40,2,7,0,1999,999.5,1413.50645559191,0.00723809523809524
597347,Baseline,2,75,FALSE,1,1,0.5,1,1,75,2,49,0,2088,1044,1476.43895911751,0.0114
597348,Baseline,2,87,FALSE,1,1,0.5,1,1,87,4,43,0,1705,852.5,1205.61706192306,0.00930434782608696
597349,Baseline,2,165,FALSE,1,1,0.5,1,1,165,0,113,0,2310,1155,1633.41666454092,0.00992982456140351
597350,Baseline,2,56,FALSE,1,2,0.5,1,1,56,4,20,0,1565,782.5,1106.62211255695,0.00794444444444445
597351,Baseline,2,88,FALSE,1,2,0.5,1,1,88,0,65,0,2422,1211,1712.61262403382,0.0056
597352,Baseline,2,123,FALSE,1,1,0.5,1,1,123,4,118,0,1875,937.5,1325.82521472478,0.0106078431372549
597353,Baseline,2,122,FALSE,1,2,0.5,1,1,122,10,88,0,2020,1010,1428.35569799683,0.00841176470588235
597354,Baseline,2,113,FALSE,1,1,0.5,1,1,113,2,79,0,1629,814.5,1151.87694655289,0.0105747126436782
597355,Baseline,2,45,FALSE,1,1,0.5,1,1,45,3,3,0,1767,883.5,1249.45768235663,0.00844444444444444
597356,Baseline,2,62,FALSE,1,2,0.5,1,2,62,2,8,0,2210,1105,1562.70598642227,0.00615384615384615
597357,Baseline,2,146,FALSE,1,2,0.5,1,1,146,8,117,0,1883,941.5,1331.48206897427,0.0106
597358,Baseline,2,102,FALSE,1,2,0.5,1,1,102,0,44,0,1960,980,1385.92929112563,0.0148405797101449
597359,Baseline,2,58,FALSE,1,2,0.5,1,1,58,4,27,0,4013,2006.5,2837.61951290162,0.0104285714285714
597360,Baseline,2,152,FALSE,1,2,0.5,1,1,152,10,141,0,1693,846.5,1197.13178054883,0.00784126984126984
597361,Baseline,2,30,FALSE,1,2,0.5,1,1,30,2,7,0,1044,522,738.219479558756,0.008
597362,Baseline,2,97,FALSE,1,1,0.5,1,1,97,6,77,0,1792,896,1267.13535188629,0.00792156862745098
597363,Baseline,2,81,FALSE,1,1,0.5,1,2,81,4,28,0,2255,1127.5,1594.52579157566,0.0121777777777778
597364,Baseline,2,33,FALSE,1,1,0.5,1,1,33,0,8,0,3451,1725.5,2440.22550187478,0.00733333333333333
597365,Baseline,2,50,FALSE,1,2,0.5,1,1,50,0,23,0,1968,984,1391.58614537513,0.00773333333333333
597366,Baseline,2,166,FALSE,1,2,0.5,1,1,166,16,155,0,2265,1132.5,1601.59685938753,0.0104081632653061
597367,Baseline,2,82,FALSE,1,2,0.5,1,1,82,4,35,0,3838,1919,2713.87582619397,0.0209333333333333
597368,Baseline,2,41,FALSE,1,1,0.5,1,1,41,4,10,0,2988,1494,2112.8350621854,0.0171333333333333
597369,Baseline,2,116,FALSE,1,2,0.5,1,1,116,2,61,0,4026,2013,2846.81190105704,0.0122424242424242
597370,Baseline,2,68,FALSE,1,2,0.5,1,1,68,2,48,0,1423,711.5,1006.21294962846,0.00628571428571429
597371,Baseline,2,41,FALSE,1,1,0.5,1,1,41,2,19,0,1400,700,989.949493661167,0.00422222222222222
597372,Baseline,2,119,FALSE,1,1,0.5,1,1,119,2,82,0,1932,966,1366.13030125241,0.0085
597373,Baseline,2,36,FALSE,1,2,0.5,1,1,36,2,4,0,3669,1834.5,2594.37478017344,0.00466666666666667
597374,Baseline,2,159,FALSE,1,1,0.5,1,1,159,2,114,0,2857,1428.5,2020.20407384997,0.0139710144927536
597375,Baseline,2,53,FALSE,1,1,0.5,1,1,53,6,17,0,3678,1839,2600.73874120412,0.0146
597376,Baseline,2,59,FALSE,1,1,0.5,1,1,59,0,13,0,1691,845.5,1195.71756698645,0.0104444444444444
597377,Baseline,2,58,FALSE,1,2,0.5,1,1,58,6,36,0,1650,825,1166.7261889578,0.0101025641025641
597378,Baseline,2,70,FALSE,1,2,0.5,1,1,70,4,40,0,3634,1817,2569.62604283191,0.0156923076923077
597379,Baseline,2,60,FALSE,1,2,0.5,1,1,60,2,41,0,1446,723,1022.47640559575,0.00846666666666667
597380,Baseline,2,69,FALSE,1,1,0.407260201377848,1,1,69,2,32,175,1712,943.5,1086.82312268372,0.00586666666666667
597381,Baseline,2,128,FALSE,1,2,0.5,1,2,128,0,93,0,3826,1913,2705.39054481973,0.00863492063492064
597382,Baseline,2,48,FALSE,1,2,0.5,1,1,48,4,7,0,3704,1852,2619.12351751497,0.011
597383,Baseline,2,55,FALSE,1,1,0.5,1,2,55,2,16,0,3709,1854.5,2622.65905142091,0.0105333333333333
597384,Baseline,2,117,FALSE,1,1,0.391774891774892,0.834710743801653,1,117,8,90,200,1648,924,1023.89061915812,0.00701234567901235
597385,Baseline,2,90,FALSE,1,2,0.5,1,1,90,4,54,0,1306,653,923.481456229631,0.00588505747126437
597386,Baseline,2,80,FALSE,1,2,0.5,1,1,80,12,45,0,3416,1708,2415.47676453325,0.01488
597387,Baseline,2,64,FALSE,1,2,0.5,1,1,64,1,36,0,1957,978.5,1383.80797078207,0.00741176470588235
597388,Baseline,2,50,FALSE,1,2,0.5,1,1,50,2,21,0,3483,1741.5,2462.85291887275,0.004
597389,Baseline,2,74,FALSE,1,2,0.5,1,1,74,0,26,0,3991,1995.5,2822.06316371551,0.00895833333333333
597390,Baseline,2,34,FALSE,1,2,0.5,1,1,34,0,15,0,3416,1708,2415.47676453325,0.004
597391,Baseline,2,50,FALSE,1,2,0.5,1,1,50,0,12,0,3493,1746.5,2469.92398668461,0.0152592592592593
597392,Baseline,2,42,FALSE,1,2,0.5,1,1,42,4,8,0,2790,1395,1972.82791951047,0.00914285714285714
597393,Baseline,2,25,FALSE,1,1,0.5,1,1,25,2,2,0,1630,815,1152.58405333407,0.00766666666666667
597394,Baseline,2,62,FALSE,1,2,0.5,1,1,62,3,34,0,1871,935.5,1322.99678760003,0.025047619047619
597395,Baseline,2,93,FALSE,1,1,0.5,1,1,93,1,60,0,1925,962.5,1361.1805537841,0.00866666666666667
597396,Baseline,2,45,FALSE,1,1,0.5,1,1,45,0,12,0,3561,1780.5,2518.0072478053,0.00533333333333333
597397,Baseline,2,63,FALSE,1,1,0.5,1,1,63,2,25,-25,3701,1838,2634.67986670108,0.00671111111111111
597398,Baseline,2,31,FALSE,1,1,0.5,1,1,31,2,15,0,1316,658,930.552524041497,0.00433333333333333
597399,Baseline,2,86,FALSE,1,2,0.5,1,1,86,2,74,0,1840,920,1301.07647738325,0.00736842105263158
597400,Baseline,2,44,FALSE,1,2,0.5,1,1,44,2,25,0,1512,756,1069.14545315406,0.00916666666666667
597401,Baseline,2,78,FALSE,1,2,0.5,1,1,78,8,50,0,2139,1069.5,1512.50140495803,0.00837037037037037
597402,Baseline,2,42,FALSE,1,2,0.5,1,1,42,2,11,0,3740,1870,2644.57936163769,0.00444444444444444
597403,Baseline,2,56,FALSE,1,2,0.5,1,1,56,0,13,0,3739,1869.5,2643.8722548565,0.0277777777777778
597404,Baseline,2,31,FALSE,1,1,0.5,1,1,31,0,9,0,1794,897,1268.54956544867,0.00723809523809524
597405,Baseline,2,70,FALSE,1,2,0.42289899768697,1,1,70,2,11,200,2394,1297,1551.39227792329,0.00986666666666667
597406,Baseline,2,77,FALSE,1,1,0.5,1,1,77,4,20,0,3812,1906,2695.49104988312,0.0170909090909091
597407,Baseline,2,57,FALSE,1,1,0.5,1,1,57,2,22,0,3524,1762,2491.84429690139,0.0161111111111111
597408,Baseline,2,98,FALSE,1,2,0.417830731306491,0.86734693877551,1,98,2,69,200,2234,1217,1438.25519293344,0.00728205128205128
597409,Baseline,2,77,FALSE,1,1,0.5,1,1,77,4,34,0,1994,997,1409.97092168598,0.00895238095238095
597410,Baseline,2,39,FALSE,1,1,0.5,1,1,39,0,2,0,3545,1772.5,2506.69353930631,0.01
597411,Baseline,2,60,FALSE,1,2,0.5,1,1,60,4,36,0,1785,892.5,1262.18560441799,0.00622222222222222
597412,Baseline,2,109,FALSE,1,1,0.5,1,1,109,4,76,0,4268,2134,3017.93174210418,0.0126444444444444
597413,Baseline,2,57,FALSE,1,1,0.5,1,1,57,2,16,0,3649,1824.5,2580.23264454971,0.0123333333333333
597414,Baseline,2,83,FALSE,1,1,0.5,1,1,83,2,32,0,2055,1027.5,1453.10443533836,0.008375
597415,Baseline,2,70,FALSE,1,2,0.5,1,1,70,4,22,0,1866,933,1319.4612536941,0.0127407407407407
597416,Baseline,2,89,FALSE,1,1,0.415743861338469,1,1,89,2,36,175,1902,1038.5,1221.17341110917,0.0076140350877193
597417,Baseline,2,103,FALSE,1,1,0.5,1,1,103,4,103,0,1396,698,987.12106653642,0.00849382716049383
597418,Baseline,2,48,FALSE,1,2,0.5,1,1,48,2,9,0,1614,807,1141.27034483509,0.00706666666666667
597419,Baseline,2,54,FALSE,1,2,0.41412623443538,1,1,54,4,7,400,4258,2329,2728.0179618177,0.0127619047619048
597420,Baseline,2,24,FALSE,1,2,0.5,1,1,24,2,7,0,1532,766,1083.28758877779,0.006
597421,Baseline,2,65,FALSE,1,1,0.5,1,1,65,2,27,0,3348,1674,2367.39350341256,0.016375
597422,Baseline,2,45,FALSE,1,1,0.5,1,1,45,2,6,0,1651,825.5,1167.43329573899,0.0138888888888889
597423,Baseline,2,47,FALSE,1,1,0.5,1,1,47,0,16,0,3762,1881,2660.13571082379,0.00703703703703704
597424,Baseline,2,109,FALSE,1,1,0.5,1,1,109,2,102,0,1668,834,1179.45411101916,0.0103571428571429
597425,Baseline,2,50,FALSE,1,2,0.5,1,1,50,4,26,0,1586,793,1121.47135496186,0.00666666666666667
597426,Baseline,2,73,FALSE,1,1,0.5,1,1,73,2,43,0,3758,1879,2657.30728369905,0.00821052631578947
597427,Baseline,2,73,FALSE,1,1,0.5,1,1,73,2,22,0,2143,1071.5,1515.32983208277,0.0096078431372549
597428,Baseline,2,42,FALSE,1,2,0.5,1,1,42,2,8,0,2615,1307.5,1849.08423280282,0.00657142857142857
597429,Baseline,2,31,FALSE,1,1,0.5,1,1,31,0,9,0,3258,1629,2303.75389310577,0.0102564102564103
597430,Baseline,2,36,FALSE,1,2,0.5,1,1,36,2,3,0,4351,2175.5,3076.62160494267,0.00933333333333333
597431,Baseline,2,45,FALSE,1,1,0.5,1,3,45,2,13,0,3037,1518.5,2147.48329446355,0.009
597432,Baseline,2,38,FALSE,1,2,0.5,1,1,38,4,5,0,1961,980.5,1386.63639790682,0.0085
597433,Baseline,2,96,FALSE,1,2,0.5,1,1,96,4,66,0,1968,984,1391.58614537513,0.0187719298245614
597434,Baseline,2,49,FALSE,1,1,0.5,1,1,49,1,40,0,2882,1441,2037.88174337963,0.00355555555555556
597435,Baseline,2,59,FALSE,1,1,0.5,1,1,59,2,30,0,1128,564,797.616449178426,0.00585714285714286
597436,Baseline,2,99,FALSE,1,1,0.5,1,1,99,2,37,0,1875,937.5,1325.82521472478,0.00979166666666667
597437,Baseline,2,68,FALSE,1,2,0.5,1,1,68,4,25,0,2065,1032.5,1460.17550315022,0.0125128205128205
597438,Baseline,2,39,FALSE,1,1,0.5,1,1,39,1,13,0,2038,1019,1441.08362005818,0.0152380952380952
597439,Baseline,2,159,FALSE,1,1,0.5,1,1,159,2,125,0,3835,1917.5,2711.75450585041,0.0111707317073171
597440,Baseline,2,36,FALSE,1,2,0.359154929577465,0.78125,1,36,2,13,200,1220,710,721.248916810279,0.00933333333333333
597441,Baseline,2,97,FALSE,1,1,0.5,1,1,97,2,102,0,1335,667.5,943.987552884041,0.00571014492753623
597442,Baseline,2,37,FALSE,1,1,0.5,1,1,37,4,22,0,3445,1722.5,2435.98286118766,0.00577777777777778
597443,Baseline,2,62,FALSE,1,2,0.5,1,1,62,2,18,0,2345,1172.5,1658.16540188245,0.0078974358974359
597444,Baseline,2,92,FALSE,1,2,0.5,1,1,92,0,67,0,1535,767.5,1085.40890912135,0.00838888888888889
597445,Baseline,2,34,FALSE,1,2,0.5,1,1,34,4,8,0,1190,595,841.457069611992,0.024
597446,Baseline,2,62,FALSE,1,2,0.5,1,1,62,0,34,0,2070,1035,1463.71103705615,0.00973333333333333
597447,Baseline,2,55,FALSE,1,1,0.5,1,1,55,4,36,0,1436,718,1015.40533778388,0.00605555555555556
597448,Baseline,2,83,FALSE,1,1,0.5,1,1,83,2,34,0,3754,1877,2654.4788565743,0.00869333333333333
597449,Baseline,2,53,FALSE,1,1,0.37220447284345,0.802469135802469,1,53,4,17,200,1365,782.5,823.779400082328,0.00811111111111111
597450,Baseline,2,97,FALSE,1,1,0.5,1,2,97,0,88,0,2308,1154,1632.00245097855,0.00868965517241379
597451,Baseline,2,72,FALSE,1,2,0.5,1,1,72,0,39,0,2379,1189.5,1682.2070324428,0.00895833333333333
597452,Baseline,2,34,FALSE,1,2,0.5,1,1,34,4,5,0,3180,1590,2248.59956417322,0.00488888888888889
597453,Baseline,2,50,FALSE,1,2,0.5,1,1,50,2,23,0,2069,1034.5,1463.00393027497,0.0107142857142857
597454,Baseline,2,40,FALSE,1,2,0.5,1,1,40,4,9,0,851,425.5,601.747870789752,0.0235555555555556
597455,Baseline,2,33,FALSE,1,1,0.5,1,1,33,2,6,0,1792,896,1267.13535188629,0.00583333333333333
597456,Baseline,2,42,FALSE,1,2,0.5,1,1,42,2,7,0,1870,935,1322.28968081884,0.00961111111111111
597457,Baseline,2,200,TRUE,2,"1,2",0.132627646326277,0.52,0,,0,216,1475,2540,2007.5,753.068721963673,0.00993518518518519
597458,Baseline,2,49,FALSE,1,1,0.477628635346756,1,1,49,2,8,100,4370,2235,3019.34595566656,0.0048
597459,Baseline,2,64,FALSE,1,2,0.5,1,1,64,0,27,0,2275,1137.5,1608.6679271994,0.00750877192982456
597460,Baseline,2,67,FALSE,1,1,0.5,1,1,67,4,29,0,3470,1735,2453.66053071732,0.00922222222222222
597461,Baseline,2,98,FALSE,1,2,0.5,1,1,98,2,62,0,1881,940.5,1330.0678554119,0.01328
597462,Baseline,2,104,FALSE,1,2,0.5,1,1,104,8,53,0,1815,907.5,1283.39880785358,0.0124545454545455
597463,Baseline,2,117,FALSE,1,1,0.5,1,1,117,0,72,0,2256,1128,1595.23289835685,0.00968518518518519
597464,Baseline,2,31,FALSE,1,1,0.5,1,1,31,0,3,0,2007,1003.5,1419.1633098414,0.00733333333333333
597465,Baseline,2,68,FALSE,1,2,0.5,1,1,68,2,30,0,3490,1745,2467.80266634105,0.00666666666666667
597466,Baseline,2,58,FALSE,1,2,0.5,1,1,58,2,17,0,3653,1826.5,2583.06107167446,0.0165555555555556
597467,Baseline,2,34,FALSE,1,2,0.5,1,1,34,2,6,0,2976,1488,2104.34978081117,0.00590476190476191
597468,Baseline,2,53,FALSE,1,1,0.5,1,1,53,2,21,0,3171,1585.5,2242.23560314254,0.0124761904761905
597469,Baseline,2,72,FALSE,1,2,0.5,1,2,72,2,29,0,3484,1742,2463.56002565393,0.00681481481481481
597470,Baseline,2,73,FALSE,1,1,0.5,1,1,73,4,39,0,1865,932.5,1318.75414691291,0.00508333333333333
597471,Baseline,2,59,FALSE,1,1,0.5,1,1,59,0,19,0,3275,1637.5,2315.77470838594,0.0159111111111111
597472,Baseline,2,31,FALSE,1,1,0.5,1,1,31,0,4,0,1870,935,1322.28968081884,0.00633333333333333
597473,Baseline,2,42,FALSE,1,2,0.433377748167888,1,1,42,4,12,200,2802,1501,1839.8918446474,0.00742857142857143
597474,Baseline,2,91,FALSE,1,1,0.5,1,1,91,6,35,0,1558,779,1101.67236508864,0.0118484848484848
597475,Baseline,2,121,FALSE,1,1,0.5,1,1,121,2,102,0,3597,1798.5,2543.46309192801,0.0113541666666667
597476,Baseline,2,36,FALSE,1,2,0.5,1,1,36,4,5,0,1566,783,1107.32921933813,0.00622222222222222
597477,Baseline,2,157,FALSE,1,1,0.5,1,1,157,2,129,0,2005,1002.5,1417.74909627903,0.0114509803921569
597478,Baseline,2,72,FALSE,1,2,0.5,1,1,72,4,21,0,3773,1886.5,2667.91388541684,0.0111111111111111
597479,Baseline,2,44,FALSE,1,2,0.5,1,1,44,2,19,0,3558,1779,2515.88592746174,0.0109333333333333
597480,Baseline,2,20,FALSE,1,2,0.5,1,1,20,0,0,0,1542,771,1090.35865658966,0.0186666666666667
597481,Baseline,2,57,FALSE,1,1,0.5,1,1,57,2,17,0,3844,1922,2718.11846688109,0.00593939393939394
597482,Baseline,2,92,FALSE,1,2,0.5,1,1,92,0,73,0,4223,2111.5,2986.11193695079,0.0101720430107527
597483,Baseline,2,58,FALSE,1,2,0.5,1,1,58,4,31,0,2083,1041.5,1472.90342521158,0.0128
597484,Baseline,2,68,FALSE,1,2,0.5,1,1,68,4,17,0,3753,1876.5,2653.77174979311,0.0189444444444444
597485,Baseline,2,93,FALSE,1,1,0.5,1,1,93,0,47,0,3447,1723.5,2437.39707475003,0.00819047619047619
597486,Baseline,2,81,FALSE,1,1,0.5,1,1,81,4,36,0,1997,998.5,1412.09224202954,0.0107555555555556
597487,Baseline,2,84,FALSE,1,2,0.5,1,1,84,6,43,0,1598,799,1129.9566363361,0.00935632183908046
597488,Baseline,2,28,FALSE,1,2,0.5,1,1,28,0,2,0,1882,941,1330.77496219308,0.00933333333333333
597489,Baseline,2,48,FALSE,1,2,0.5,1,1,48,0,14,0,2432,1216,1719.68369184568,0.00419047619047619
597490,Baseline,2,78,FALSE,1,2,0.5,1,1,78,8,35,0,2227,1113.5,1574.72680170244,0.0148
597491,Baseline,2,65,FALSE,1,1,0.5,1,1,65,6,18,0,2156,1078,1524.5222202382,0.0121
597492,Baseline,2,24,FALSE,1,2,0.5,1,1,24,2,3,0,1600,800,1131.37084989848,0.0166666666666667
597493,Baseline,2,102,FALSE,1,2,0.5,1,1,102,4,74,0,2051,1025.5,1450.27600821361,0.0161728395061728
597494,Baseline,2,32,FALSE,1,2,0.5,1,1,32,0,4,0,1594,797,1127.12820921136,0.0133333333333333
597495,Baseline,2,95,FALSE,1,1,0.5,1,1,95,2,71,0,3696,1848,2613.46666326548,0.0142564102564103
597496,Baseline,2,88,FALSE,1,2,0.5,1,1,88,4,45,0,3669,1834.5,2594.37478017344,0.0102898550724638
597497,Baseline,2,97,FALSE,1,1,0.5,1,1,97,2,61,0,3807,1903.5,2691.95551597719,0.00971111111111111
597498,Baseline,2,56,FALSE,1,2,0.5,1,1,56,0,18,0,4001,2000.5,2829.13423152738,0.00908333333333333
597499,Baseline,2,66,FALSE,1,2,0.5,1,1,66,4,28,0,1436,718,1015.40533778388,0.00657142857142857
597500,Baseline,2,35,FALSE,1,1,0.5,1,1,35,2,5,0,1504,752,1063.48859890457,0.00857142857142857
597501,Baseline,2,96,FALSE,1,2,0.5,1,1,96,0,58,0,3441,1720.5,2433.15443406291,0.00851851851851852
597502,Baseline,2,85,FALSE,1,1,0.5,1,2,85,2,85,0,2048,1024,1448.15468787005,0.00790909090909091
597503,Baseline,2,77,FALSE,1,1,0.5,1,1,77,6,29,0,1622,811,1146.92719908458,0.0152380952380952
597504,Baseline,2,59,FALSE,1,1,0.5,1,1,59,4,46,0,3547,1773.5,2508.10775286868,0.0117777777777778
597505,Baseline,2,54,FALSE,1,2,0.5,1,1,54,0,13,0,3150,1575,2227.38636073762,0.03
597506,Baseline,2,27,FALSE,1,1,0.5,1,1,27,0,4,0,3188,1594,2254.25641842271,0.0136
597507,Baseline,2,32,FALSE,1,2,0.5,1,1,32,2,7,0,1596,798,1128.54242277373,0.00790476190476191
597508,Baseline,2,47,FALSE,1,1,0.5,1,1,47,0,13,0,2027,1013.5,1433.30544546513,0.00511111111111111
597509,Baseline,2,134,FALSE,1,2,0.5,1,1,134,4,119,0,2372,1186,1677.25728497449,0.0119145299145299
597510,Baseline,2,40,FALSE,1,2,0.5,1,1,40,6,23,0,1392,696,984.292639411674,0.01
597511,Baseline,2,47,FALSE,1,1,0.5,1,1,47,0,2,0,2127,1063.5,1504.01612358379,0.00488888888888889
597512,Baseline,2,84,FALSE,1,2,0.366725899600178,1,1,84,12,31,300,1951,1125.5,1167.43329573899,0.00890909090909091
597513,Baseline,2,101,FALSE,1,1,0.5,1,1,101,0,74,0,2115,1057.5,1495.53084220955,0.0154444444444444
597514,Baseline,2,52,FALSE,1,2,0.5,1,1,52,4,19,0,2126,1063,1503.3090168026,0.00675
597515,Baseline,2,70,FALSE,1,2,0.5,1,1,70,6,29,0,1757,878.5,1242.38661454476,0.00582456140350877
597516,Baseline,2,51,FALSE,1,1,0.5,1,1,51,0,15,0,2085,1042.5,1474.31763877395,0.00533333333333333
597517,Baseline,2,78,FALSE,1,2,0.5,1,2,78,0,49,0,3414,1707,2414.06255097087,0.0131764705882353
597518,Baseline,2,92,FALSE,1,2,0.5,1,1,92,6,43,0,4017,2008.5,2840.44794002636,0.0107936507936508
597519,Baseline,2,33,FALSE,1,1,0.5,1,1,33,1,10,0,1808,904,1278.44906038528,0.00533333333333333
597520,Baseline,2,55,FALSE,1,1,0.5,1,1,55,6,14,0,3184,1592,2251.42799129797,0.00587878787878788
597521,Baseline,2,63,FALSE,1,1,0.5,1,1,63,0,16,0,1663,831.5,1175.91857711323,0.0106190476190476
597522,Baseline,2,39,FALSE,1,1,0.5,1,1,39,2,13,0,2900,1450,2050.60966544099,0.00866666666666667
597523,Baseline,2,41,FALSE,1,1,0.5,1,1,41,0,4,0,1906,953,1347.74552494156,0.00616666666666667
597524,Baseline,2,64,FALSE,1,2,0.5,1,2,64,2,23,0,4059,2029.5,2870.1464248362,0.0113846153846154
597525,Baseline,2,31,FALSE,1,1,0.5,1,1,31,0,9,0,2288,1144,1617.86031535482,0.0206666666666667
597526,Baseline,2,48,FALSE,1,2,0.5,1,1,48,4,25,0,1783,891.5,1260.77139085561,0.0175238095238095
597527,Baseline,2,55,FALSE,1,1,0.5,1,1,55,0,36,0,3352,1676,2370.22193053731,0.0127407407407407
597528,Baseline,2,74,FALSE,1,2,0.5,1,1,74,2,9,0,3776,1888,2670.0352057604,0.00873684210526316
597529,Baseline,2,158,FALSE,1,2,0.5,1,1,158,8,158,0,3709,1854.5,2622.65905142091,0.012952380952381
597530,Baseline,2,76,FALSE,1,2,0.5,1,1,76,4,47,0,1579,789.5,1116.52160749356,0.00980952380952381
597531,Baseline,2,62,FALSE,1,2,0.5,1,1,62,2,26,0,4031,2015.5,2850.34743496297,0.019030303030303
597532,Baseline,2,39,FALSE,1,1,0.5,1,1,39,2,22,0,2622,1311,1854.03398027113,0.00866666666666667
597533,Baseline,2,64,FALSE,1,2,0.5,1,2,64,1,28,0,2985,1492.5,2110.71374184184,0.00827777777777778
597534,Baseline,2,66,FALSE,1,2,0.5,1,1,66,0,19,0,2456,1228,1736.65425459416,0.0114166666666667
597535,Baseline,2,164,FALSE,1,2,0.5,1,1,164,11,137,0,4049,2024.5,2863.07535702433,0.0183111111111111
597536,Baseline,2,89,FALSE,1,1,0.455878845695206,1,1,89,4,20,185,4008,2096.5,2703.26922447617,0.01784
597537,Baseline,2,31,FALSE,1,1,0.5,1,1,31,1,6,0,1698,849,1200.66731445476,0.00311111111111111
597538,Baseline,2,77,FALSE,1,1,0.5,1,1,77,0,34,0,2186,1093,1545.73542367379,0.00633333333333333
597539,Baseline,2,87,FALSE,1,1,0.5,1,1,87,2,41,0,1587,793.5,1122.17846174305,0.0105866666666667
597540,Baseline,2,41,FALSE,1,1,0.5,1,1,41,2,17,0,3389,1694.5,2396.38488144121,0.00616666666666667
597541,Baseline,2,63,FALSE,1,1,0.5,1,1,63,4,33,0,1789,894.5,1265.01403154273,0.0119259259259259
597542,Baseline,2,67,FALSE,1,1,0.5,1,1,67,2,27,0,3827,1913.5,2706.09765160092,0.0117083333333333
597543,Baseline,2,107,FALSE,1,1,0.5,1,1,107,2,93,0,3606,1803,2549.82705295869,0.0118125
597544,Baseline,2,62,FALSE,1,2,0.5,1,1,62,2,32,0,3677,1838.5,2600.03163442294,0.00843333333333333
597545,Baseline,2,27,FALSE,1,1,0.431756141947225,1,1,27,0,6,150,2048,1099,1342.08867069207,0.00488888888888889
597546,Baseline,2,43,FALSE,1,1,0.5,1,1,43,0,22,0,1925,962.5,1361.1805537841,0.0117333333333333
597547,Baseline,2,103,FALSE,1,1,0.5,1,1,103,0,74,0,2191,1095.5,1549.27095757973,0.00892307692307692
597548,Baseline,2,41,FALSE,1,1,0.5,1,1,41,4,13,0,3582,1791,2532.85649021021,0.00333333333333333
597549,Baseline,2,153,FALSE,1,1,0.5,1,1,153,0,161,0,2091,1045.5,1478.56027946107,0.00565079365079365
597550,Baseline,2,85,FALSE,1,1,0.323008849557522,1,1,85,6,47,400,1860,1130,1032.37590053236,0.0136842105263158
597551,Baseline,2,103,FALSE,1,1,0.5,1,1,103,3,82,0,1772,886,1252.99321626256,0.00773737373737374
597552,Baseline,2,40,FALSE,1,2,0.5,1,1,40,2,7,0,2250,1125,1590.99025766973,0.006
597553,Baseline,2,86,FALSE,1,2,0.5,1,1,86,2,51,0,4014,2007,2838.3266196828,0.00986111111111111
597554,Baseline,2,66,FALSE,1,2,0.5,1,1,66,0,34,0,3340,1670,2361.73664916307,0.00542857142857143
597555,Baseline,2,36,FALSE,1,2,0.390949971894323,0.834710743801653,1,36,2,8,194,1585,889.5,983.585532630488,0.00506666666666667
597556,Baseline,2,30,FALSE,1,2,0.5,1,1,30,3,3,0,1580,790,1117.22871427475,0.00666666666666667
597557,Baseline,2,35,FALSE,1,1,0.5,1,1,35,2,8,0,2898,1449,2049.19545187861,0.00533333333333333
597558,Baseline,2,44,FALSE,1,2,0.5,1,1,44,4,3,0,3600,1800,2545.58441227157,0.013
597559,Baseline,2,97,FALSE,1,1,0.5,1,1,97,0,31,0,3874,1937,2739.33167031669,0.00794444444444445
597560,Baseline,2,66,FALSE,1,2,0.5,1,1,66,2,13,0,3816,1908,2698.31947700787,0.0223137254901961
597561,Baseline,2,62,FALSE,1,2,0.5,1,1,62,4,16,0,1568,784,1108.74343290051,0.0112
597562,Baseline,2,170,FALSE,1,2,0.5,1,1,170,6,122,0,2052,1026,1450.9831149948,0.00958518518518519
597563,Baseline,2,81,FALSE,1,1,0.5,1,1,81,2,51,0,1515,757.5,1071.26677349762,0.0107017543859649
597564,Baseline,2,36,FALSE,1,2,0.5,1,1,36,4,6,0,3087,1543.5,2182.83863352287,0.0128888888888889
597565,Baseline,2,52,FALSE,1,2,0.421476246564586,0.802469135802469,1,52,0,20,200,2347,1273.5,1518.15825920752,0.0111794871794872
597566,Baseline,2,40,FALSE,1,2,0.5,1,1,40,2,13,0,1542,771,1090.35865658966,0.00493333333333333
597567,Baseline,2,72,FALSE,1,2,0.417729329494035,1,1,72,2,30,200,2231,1215.5,1436.13387258988,0.0129166666666667
597568,Baseline,2,26,FALSE,1,2,0.5,1,1,26,0,8,0,1866,933,1319.4612536941,0.00622222222222222
597569,Baseline,2,49,FALSE,1,1,0.5,1,1,49,0,27,0,1886,943,1333.60338931783,0.00977777777777778
597570,Baseline,2,110,FALSE,1,2,0.350187265917603,1,1,110,0,66,400,2270,1335,1322.28968081884,0.0134888888888889
597571,Baseline,2,83,FALSE,1,1,0.5,1,1,83,4,66,0,1817,908.5,1284.81302141596,0.00874666666666667
597572,Baseline,2,95,FALSE,1,1,0.5,1,1,95,2,71,0,1686,843,1192.18203308052,0.0138333333333333
597573,Baseline,2,95,FALSE,1,1,0.5,1,1,95,2,73,0,3775,1887.5,2669.32809897922,0.00898245614035088
597574,Baseline,2,131,FALSE,1,1,0.5,1,1,131,2,84,0,1955,977.5,1382.3937572197,0.00597619047619048
597575,Baseline,2,49,FALSE,1,1,0.5,1,1,49,2,6,0,3794,1897,2682.76312782176,0.0108148148148148
597576,Baseline,2,60,FALSE,1,2,0.5,1,1,60,0,30,0,1741,870.5,1231.07290604578,0.00976190476190476
597577,Baseline,2,200,TRUE,2,"1,2",0.0238857142857143,0.506172839506173,0,,3,214,2083,2292,2187.5,147.785317267988,0.00876344086021505
597578,Baseline,2,58,FALSE,1,2,0.5,1,2,58,0,17,0,2951,1475.5,2086.6721112815,0.0186666666666667
597579,Baseline,2,93,FALSE,1,1,0.5,1,1,93,2,46,0,3914,1957,2767.61594156415,0.0200493827160494
597580,Baseline,2,103,FALSE,1,1,0.5,1,1,103,4,79,0,2229,1114.5,1576.14101526481,0.00947126436781609
597581,Baseline,2,109,FALSE,1,1,0.5,1,1,109,6,43,0,3785,1892.5,2676.39916679108,0.00704761904761905
597582,Baseline,2,42,FALSE,1,2,0.5,1,1,42,2,6,0,1877,938.5,1327.23942828715,0.0107878787878788
597583,Baseline,2,53,FALSE,1,1,0.5,1,2,53,2,23,0,3228,1614,2282.54068967018,0.0133333333333333
597584,Baseline,2,60,FALSE,1,2,0.5,1,1,60,4,48,0,3748,1874,2650.23621588718,0.0129019607843137
597585,Baseline,2,132,FALSE,1,2,0.5,1,1,132,3,112,0,1917,958.5,1355.52369953461,0.012046783625731
597586,Baseline,2,46,FALSE,1,2,0.5,1,1,46,2,5,0,3831,1915.5,2708.92607872566,0.0100833333333333
597587,Baseline,2,40,FALSE,1,2,0.5,1,1,40,4,14,0,1627,813.5,1150.46273299051,0.00866666666666667
597588,Baseline,2,82,FALSE,1,2,0.40632318501171,1,1,82,2,54,200,1935,1067.5,1226.83026535866,0.00611764705882353
597589,Baseline,2,64,FALSE,1,2,0.5,1,1,64,4,6,0,3711,1855.5,2624.07326498328,0.0227555555555556
597590,Baseline,2,49,FALSE,1,1,0.5,1,1,49,2,12,0,1918,959,1356.2308063158,0.011047619047619
597591,Baseline,2,200,TRUE,2,"1,2",0.042,0.5072,0,,8,206,1832,2168,2000,237.58787847868,0.00887179487179487
597592,Baseline,2,38,FALSE,1,2,0.5,1,1,38,4,3,0,3452,1726,2440.93260865596,0.0207619047619048
597593,Baseline,2,84,FALSE,1,2,0.5,1,1,84,0,53,0,2240,1120,1583.91918985787,0.00554385964912281
597594,Baseline,2,61,FALSE,1,1,0.5,1,1,61,4,35,0,1604,802,1134.19927702322,0.0154444444444444
597595,Baseline,2,119,FALSE,1,1,0.379268292682927,1,1,119,4,112,198,1442,820,879.640835796065,0.00834146341463415
597596,Baseline,2,64,FALSE,1,2,0.5,1,1,64,2,24,0,3452,1726,2440.93260865596,0.00685714285714286
597597,Baseline,2,49,FALSE,1,1,0.5,1,1,49,6,12,0,1606,803,1135.6134905856,0.0116363636363636
597598,Baseline,2,59,FALSE,1,1,0.5,1,1,59,2,6,0,3800,1900,2687.00576850888,0.0122424242424242
597599,Baseline,2,86,FALSE,1,2,0.5,1,2,86,2,61,0,1474,737,1042.27539546897,0.0105151515151515
597600,Baseline,2,83,FALSE,1,1,0.5,1,1,83,4,28,0,1585,792.5,1120.76424818068,0.0100333333333333
597601,Baseline,2,53,FALSE,1,1,0.5,1,1,53,2,29,0,1622,811,1146.92719908458,0.00593939393939394
597602,Baseline,2,55,FALSE,1,1,0.5,1,1,55,0,27,0,1974,987,1395.82878606224,0.00952380952380953
597603,Baseline,2,41,FALSE,1,1,0.5,1,1,41,0,9,0,3294,1647,2329.20973722849,0.0229090909090909
597604,Baseline,2,75,FALSE,1,1,0.5,1,1,75,0,40,0,3415,1707.5,2414.76965775206,0.0118666666666667
597605,Baseline,2,135,FALSE,1,1,0.5,1,1,135,6,67,0,4198,2099,2968.43426742113,0.0151754385964912
597606,Baseline,2,85,FALSE,1,1,0.5,1,1,85,0,48,0,2315,1157.5,1636.95219844686,0.00703030303030303
597607,Baseline,2,56,FALSE,1,2,0.5,1,1,56,6,20,0,1783,891.5,1260.77139085561,0.0135384615384615
597608,Baseline,2,57,FALSE,1,1,0.381796690307329,1,1,57,0,15,300,2238,1269,1370.37294193953,0.0191282051282051
597609,Baseline,2,101,FALSE,1,1,0.5,1,1,101,4,77,0,1950,975,1378.85822331377,0.00904444444444445
597610,Baseline,2,35,FALSE,1,1,0.5,1,1,35,4,10,0,3158,1579,2233.04321498712,0.01
597611,Baseline,2,42,FALSE,1,2,0.5,1,2,42,6,24,0,3221,1610.5,2277.59094220187,0.0125714285714286
597612,Baseline,2,30,FALSE,1,2,0.5,1,1,30,2,2,0,1996,998,1411.38513524835,0.00355555555555556
597613,Baseline,2,42,FALSE,1,2,0.5,1,1,42,2,21,0,3815,1907.5,2697.61237022668,0.00888888888888889
597614,Baseline,2,75,FALSE,1,1,0.5,1,1,75,4,45,0,2339,1169.5,1653.92276119533,0.0125238095238095
597615,Baseline,2,81,FALSE,1,1,0.5,1,1,81,2,47,0,3675,1837.5,2598.61742086056,0.0100444444444444
597616,Baseline,2,72,FALSE,1,2,0.5,1,1,72,4,37,0,3403,1701.5,2406.28437637782,0.0121111111111111
597617,Baseline,2,71,FALSE,1,1,0.5,1,1,71,6,58,0,1855,927.5,1311.68307910105,0.0173725490196078
597618,Baseline,2,52,FALSE,1,2,0.5,1,2,52,4,16,0,3055,1527.5,2160.2112165249,0.0082962962962963
597619,Baseline,2,63,FALSE,1,1,0.5,1,1,63,2,18,0,2291,1145.5,1619.98163569838,0.0201333333333333
597620,Baseline,2,80,FALSE,1,2,0.5,1,1,80,6,49,0,3935,1967.5,2782.46518396906,0.0127536231884058
597621,Baseline,2,31,FALSE,1,1,0.5,1,1,31,0,3,0,1866,933,1319.4612536941,0.00866666666666667
597622,Baseline,2,73,FALSE,1,1,0.5,1,1,73,0,35,0,3553,1776.5,2512.3503935558,0.00895833333333333
597623,Baseline,2,67,FALSE,1,1,0.5,1,1,67,2,15,0,1427,713.5,1009.0413767532,0.0220606060606061
597624,Baseline,2,200,TRUE,2,"1,2",0.0526666666666666,0.517146776406036,0,,2,210,2013,2487,2250,335.168614282424,0.0115765765765766
597625,Baseline,2,42,FALSE,1,2,0.5,1,1,42,0,14,0,1895,947.5,1339.96735034851,0.00575757575757576
597626,Baseline,2,50,FALSE,1,2,0.5,1,1,50,6,21,0,1616,808,1142.68455839746,0.00496969696969697
597627,Baseline,2,76,FALSE,1,2,0.5,1,1,76,0,50,0,3133,1566.5,2215.36554545745,0.0113777777777778
597628,Baseline,2,55,FALSE,1,1,0.5,1,1,55,6,13,0,1840,920,1301.07647738325,0.00941666666666667
597629,Baseline,2,40,FALSE,1,2,0.5,1,1,40,2,13,0,1341,670.5,948.23019357116,0.0144
597630,Baseline,2,114,FALSE,1,2,0.5,1,1,114,3,79,0,3967,1983.5,2805.09260096703,0.0111111111111111
597631,Baseline,2,60,FALSE,1,2,0.5,1,1,60,4,34,0,3637,1818.5,2571.74736317547,0.00787878787878788
597632,Baseline,2,70,FALSE,1,2,0.5,1,1,70,4,54,0,1707,853.5,1207.03127548544,0.00874509803921569
597633,Baseline,2,75,FALSE,1,1,0.5,1,1,75,8,54,0,1981,990.5,1400.77853353055,0.010962962962963
597634,Baseline,2,86,FALSE,1,2,0.5,1,1,86,6,45,0,1805,902.5,1276.32774004172,0.00577777777777778
597635,Baseline,2,65,FALSE,1,1,0.5,1,1,65,1,20,0,4068,2034,2876.51038586688,0.00766666666666667
597636,Baseline,2,39,FALSE,1,1,0.4128160418483,1,1,39,2,8,200,2094,1147,1339.26024356732,0.00573333333333333
597637,Baseline,2,200,TRUE,2,"1,2",0.0892145369284878,0.517146776406036,0,,0,206,1752,2513,2132.5,538.108260482963,0.0106584362139918
597638,Baseline,2,46,FALSE,1,2,0.5,1,1,46,2,9,0,3355,1677.5,2372.34325088087,0.0122222222222222
597639,Baseline,2,60,FALSE,1,2,0.5,1,1,60,4,22,0,1550,775,1096.01551083915,0.00902564102564103
597640,Baseline,2,111,FALSE,1,1,0.5,1,1,111,6,88,0,4020,2010,2842.56926036992,0.0114871794871795
597641,Baseline,2,59,FALSE,1,1,0.5,1,1,59,4,17,0,2108,1054,1490.58109474124,0.00818181818181818
597642,Baseline,2,70,FALSE,1,2,0.403162055335968,0.857988165680474,1,70,2,47,196,1828,1012,1153.99826689645,0.0128
597643,Baseline,2,51,FALSE,1,1,0.5,1,1,51,2,6,0,1846,923,1305.31911807037,0.00513333333333333
597644,Baseline,2,122,FALSE,1,2,0.5,1,1,122,2,97,0,3873,1936.5,2738.6245635355,0.0183076923076923
597645,Baseline,2,20,FALSE,1,2,0.5,1,1,20,0,8,0,1434,717,1013.99112422151,0.00533333333333333
597646,Baseline,2,44,FALSE,1,2,0.5,1,1,44,2,10,0,1857,928.5,1313.09729266342,0.0148888888888889
597647,Baseline,2,59,FALSE,1,1,0.5,1,1,59,0,43,0,2090,1045,1477.85317267988,0.00705555555555556
597648,Baseline,2,83,FALSE,1,1,0.5,1,1,83,0,49,0,1995,997.5,1410.67802846716,0.00657142857142857
597649,Baseline,2,41,FALSE,1,1,0.391352549889135,1,1,41,5,18,196,1608,902,998.434775035405,0.0104
597650,Baseline,2,32,FALSE,1,2,0.5,1,1,32,4,3,0,1833,916.5,1296.12672991494,0.0121333333333333
597651,Baseline,2,107,FALSE,1,1,0.5,1,1,107,2,85,0,2318,1159,1639.07351879042,0.00637777777777778
597652,Baseline,2,52,FALSE,1,2,0.5,1,1,52,4,22,0,1561,780.5,1103.7936854322,0.0115151515151515
597653,Baseline,2,44,FALSE,1,2,0.5,1,1,44,2,0,0,1847,923.5,1306.02622485155,0.00851282051282051
597654,Baseline,2,115,FALSE,1,1,0.5,1,1,115,6,94,0,4069,2034.5,2877.21749264806,0.0106274509803922
597655,Baseline,2,94,FALSE,1,2,0.5,1,1,94,4,76,0,3121,1560.5,2206.88026408322,0.009
597656,Baseline,2,67,FALSE,1,1,0.5,1,1,67,2,29,0,1205,602.5,852.06367132979,0.00905555555555556
597657,Baseline,2,60,FALSE,1,2,0.5,1,1,60,4,23,0,1681,840.5,1188.64649917459,0.0195333333333333
597658,Baseline,2,51,FALSE,1,1,0.5,1,1,51,6,27,0,1404,702,992.777920785913,0.00909090909090909
597659,Baseline,2,87,FALSE,1,1,0.5,1,1,87,0,25,0,3840,1920,2715.29003975634,0.0235061728395062
597660,Baseline,2,64,FALSE,1,2,0.5,1,1,64,0,10,0,2273,1136.5,1607.25371363702,0.00922222222222222
597661,Baseline,2,60,FALSE,1,2,0.5,1,1,60,4,18,0,3708,1854,2621.95194463972,0.00933333333333333
597662,Baseline,2,52,FALSE,1,2,0.5,1,1,52,4,6,0,1606,803,1135.6134905856,0.00786666666666667
597663,Baseline,2,100,FALSE,1,2,0.5,1,1,100,4,65,0,1584,792,1120.05714139949,0.00912121212121212
597664,Baseline,2,93,FALSE,1,1,0.5,1,1,93,2,34,0,1822,911,1288.34855532189,0.00836111111111111
597665,Baseline,2,200,TRUE,2,"1,2",0.0481203007518798,0.5008,0,,4,201,1803,2187,1995,271.529003975634,0.00986666666666667
597666,Baseline,2,51,FALSE,1,1,0.5,1,1,51,2,27,0,1642,821,1161.06933470831,0.00533333333333333
597667,Baseline,2,142,FALSE,1,2,0.5,1,1,142,6,127,0,2211,1105.5,1563.41309320346,0.0133475177304965
597668,Baseline,2,43,FALSE,1,1,0.5,1,1,43,8,12,0,1773,886.5,1253.70032304375,0.0065
597669,Baseline,2,100,FALSE,1,2,0.403288201160542,0.847222222222222,1,100,6,63,200,1868,1034,1179.45411101916,0.00930555555555556
597670,Baseline,2,177,FALSE,1,1,0.5,1,2,177,2,193,0,2602,1301,1839.8918446474,0.00906451612903226
597671,Baseline,2,47,FALSE,1,1,0.5,1,1,47,2,29,0,1559,779.5,1102.37947186983,0.00971428571428572
597672,Baseline,2,90,FALSE,1,2,0.5,1,1,90,6,50,0,1402,701,991.36370722354,0.0119298245614035
597673,Baseline,2,77,FALSE,1,1,0.5,1,2,77,4,34,0,1723,861.5,1218.34498398442,0.0100740740740741
597674,Baseline,2,62,FALSE,1,2,0.5,1,1,62,4,39,0,997,498.5,704.985460842988,0.0102666666666667
597675,Baseline,2,47,FALSE,1,1,0.452718676122931,1,1,47,0,17,100,2015,1057.5,1354.10948597224,0.00725925925925926
46275,Extreme_Capitalism,2,32,FALSE,1,2,0.5,1,1,32,0,9,0,1463,731.5,1034.49722087592,0.00766666666666667
46276,Extreme_Capitalism,2,40,FALSE,1,2,0.5,1,1,40,2,20,0,1866,933,1319.4612536941,0.012
46277,Extreme_Capitalism,2,38,FALSE,1,2,0.5,1,1,38,2,5,0,2305,1152.5,1629.88113063499,0.0119393939393939
46278,Extreme_Capitalism,2,48,FALSE,1,2,0.5,1,1,48,0,25,0,3495,1747.5,2471.33820024698,0.008
46279,Extreme_Capitalism,2,48,FALSE,1,2,0.5,1,1,48,6,8,0,1603,801.5,1133.49217024204,0.00816666666666667
46280,Extreme_Capitalism,2,77,FALSE,1,1,0.5,1,1,77,5,50,0,1805,902.5,1276.32774004172,0.00928888888888889
46281,Extreme_Capitalism,2,98,FALSE,1,2,0.5,1,1,98,4,72,0,1325,662.5,936.916485072175,0.00924444444444444
46282,Extreme_Capitalism,2,35,FALSE,1,1,0.5,1,1,35,1,7,0,1791,895.5,1266.42824510511,0.00733333333333333
46283,Extreme_Capitalism,2,200,TRUE,2,"1,2",0.0132882882882883,0.500685871056241,0,,8,163,2161,2279,2220,83.4386001800126,0.00905128205128205
46284,Extreme_Capitalism,2,31,FALSE,1,1,0.5,1,1,31,0,6,0,1886,943,1333.60338931783,0.006
46285,Extreme_Capitalism,2,34,FALSE,1,2,0.5,1,1,34,0,4,0,2072,1036,1465.12525061853,0.0186666666666667
46286,Extreme_Capitalism,2,38,FALSE,1,2,0.5,1,1,38,4,18,0,3351,1675.5,2369.51482375612,0.00577777777777778
46287,Extreme_Capitalism,2,152,FALSE,1,2,0.5,1,1,152,2,104,0,4057,2028.5,2868.73221127382,0.0106133333333333
46288,Extreme_Capitalism,2,57,FALSE,1,1,0.5,1,1,57,4,14,0,3438,1719,2431.03311371935,0.00884848484848485
46289,Extreme_Capitalism,2,74,FALSE,1,2,0.5,1,1,74,10,42,0,1927,963.5,1362.59476734648,0.0141481481481481
46290,Extreme_Capitalism,2,56,FALSE,1,2,0.5,1,1,56,0,21,0,1679,839.5,1187.23228561221,0.00483333333333333
46291,Extreme_Capitalism,2,31,FALSE,1,1,0.5,1,1,31,2,12,0,1569,784.5,1109.45053968169,0.00533333333333333
46292,Extreme_Capitalism,2,29,FALSE,1,1,0.5,1,1,29,0,5,0,2824,1412,1996.86955007081,0.00566666666666667
46293,Extreme_Capitalism,2,55,FALSE,1,1,0.5,1,1,55,0,22,0,2017,1008.5,1426.23437765327,0.0128
46294,Extreme_Capitalism,2,37,FALSE,1,1,0.5,1,1,37,0,13,0,1830,915,1294.00540957138,0.0060952380952381
46295,Extreme_Capitalism,2,63,FALSE,1,1,0.5,1,1,63,0,23,0,2074,1037,1466.5394641809,0.00914285714285714
46296,Extreme_Capitalism,2,61,FALSE,1,1,0.5,1,2,61,2,17,0,3720,1860,2630.43722601396,0.0376410256410256
46297,Extreme_Capitalism,2,76,FALSE,1,2,0.5,1,1,76,4,35,0,2216,1108,1566.94862710939,0.0138
46298,Extreme_Capitalism,2,33,FALSE,1,1,0.5,1,1,33,1,3,0,1890,945,1336.43181644258,0.00933333333333333
46299,Extreme_Capitalism,2,91,FALSE,1,1,0.415718499789296,1,1,91,4,40,200,2173,1186.5,1395.12167928106,0.009
46300,Extreme_Capitalism,2,192,FALSE,1,2,0.5,1,1,192,14,179,0,2135,1067.5,1509.67297783328,0.00995833333333333
46301,Extreme_Capitalism,2,51,FALSE,1,1,0.5,1,2,51,0,10,0,3222,1611,2278.29804898306,0.00616666666666667
46302,Extreme_Capitalism,2,111,FALSE,1,1,0.5,1,1,111,2,81,0,2448,1224,1730.99740034467,0.00877083333333333
46303,Extreme_Capitalism,2,64,FALSE,1,2,0.5,1,1,64,4,33,0,3876,1938,2740.74588387906,0.0167142857142857
46304,Extreme_Capitalism,2,76,FALSE,1,2,0.5,1,1,76,6,36,0,1675,837.5,1184.40385848747,0.00875
46305,Extreme_Capitalism,2,132,FALSE,1,2,0.5,1,1,132,0,141,0,2376,1188,1680.08571209924,0.0105
46306,Extreme_Capitalism,2,58,FALSE,1,2,0.5,1,1,58,0,8,0,2160,1080,1527.35064736294,0.00558333333333333
46307,Extreme_Capitalism,2,52,FALSE,1,2,0.5,1,1,52,2,9,0,3507,1753.5,2479.82348162122,0.0141538461538462
46308,Extreme_Capitalism,2,34,FALSE,1,2,0.371216999356085,1,1,34,0,14,200,1353,776.5,815.294118708089,0.005
46309,Extreme_Capitalism,2,60,FALSE,1,2,0.5,1,1,60,0,13,0,3579,1789.5,2530.73516986665,0.0282962962962963
46310,Extreme_Capitalism,2,60,FALSE,1,2,0.5,1,1,60,2,17,0,1241,620.5,877.519515452506,0.00687179487179487
46311,Extreme_Capitalism,2,78,FALSE,1,2,0.5,1,1,78,2,36,0,2063,1031.5,1458.76128958785,0.0122051282051282
46312,Extreme_Capitalism,2,111,FALSE,1,1,0.5,1,1,111,2,74,0,2586,1293,1828.57813614841,0.00957575757575758
46313,Extreme_Capitalism,2,32,FALSE,1,2,0.5,1,1,32,4,10,0,1365,682.5,965.200756319637,0.00373333333333333
46314,Extreme_Capitalism,2,43,FALSE,1,1,0.5,1,1,43,4,24,0,1600,800,1131.37084989848,0.004
46315,Extreme_Capitalism,2,62,FALSE,1,2,0.5,1,1,62,6,42,0,1871,935.5,1322.99678760003,0.0105333333333333
46316,Extreme_Capitalism,2,75,FALSE,1,1,0.369024230517354,1,1,75,4,38,200,1327,763.5,796.909342397239,0.00666666666666667
46317,Extreme_Capitalism,2,30,FALSE,1,2,0.5,1,1,30,0,4,0,2082,1041,1472.19631843039,0.0106666666666667
46318,Extreme_Capitalism,2,103,FALSE,1,1,0.5,1,1,103,0,84,0,2435,1217.5,1721.80501218924,0.0113118279569893
46319,Extreme_Capitalism,2,41,FALSE,1,1,0.5,1,1,41,0,2,0,2367,1183.5,1673.72175106856,0.0109333333333333
46320,Extreme_Capitalism,2,51,FALSE,1,1,0.5,1,1,51,4,20,0,3874,1937,2739.33167031669,0.00511111111111111
46321,Extreme_Capitalism,2,40,FALSE,1,2,0.5,1,1,40,0,14,0,2013,1006.5,1423.40595052852,0.00691666666666667
46322,Extreme_Capitalism,2,51,FALSE,1,1,0.377300613496933,1,1,51,2,12,200,1430,815,869.741340859454,0.00833333333333333
46323,Extreme_Capitalism,2,73,FALSE,1,1,0.5,1,1,73,4,29,0,3310,1655,2340.52344572747,0.0137333333333333
46324,Extreme_Capitalism,2,97,FALSE,1,1,0.5,1,1,97,6,87,0,1614,807,1141.27034483509,0.00834666666666667
46325,Extreme_Capitalism,2,89,FALSE,1,1,0.5,1,1,89,2,59,0,2102,1051,1486.33845405412,0.0129275362318841
46326,Extreme_Capitalism,2,53,FALSE,1,1,0.5,1,1,53,0,26,0,2133,1066.5,1508.25876427091,0.0098
46327,Extreme_Capitalism,2,100,FALSE,1,2,0.5,1,1,100,6,66,0,1867,933.5,1320.16836047528,0.0125614035087719
46328,Extreme_Capitalism,2,32,FALSE,1,2,0.5,1,1,32,2,1,0,1899,949.5,1342.79577747325,0.0134666666666667
46329,Extreme_Capitalism,2,30,FALSE,1,2,0.5,1,1,30,0,8,0,1770,885,1251.57900270019,0.00946666666666667
46330,Extreme_Capitalism,2,83,FALSE,1,1,0.5,1,1,83,4,31,0,3594,1797,2541.34177158445,0.00986666666666667
46331,Extreme_Capitalism,2,41,FALSE,1,1,0.5,1,1,41,6,6,0,3418,1709,2416.89097809562,0.00733333333333333
46332,Extreme_Capitalism,2,34,FALSE,1,2,0.5,1,1,34,2,8,0,1532,766,1083.28758877779,0.004
46333,Extreme_Capitalism,2,38,FALSE,1,2,0.5,1,1,38,0,16,0,1809,904.5,1279.15616716646,0.00586666666666667
46334,Extreme_Capitalism,2,97,FALSE,1,1,0.5,1,1,97,2,39,0,2117,1058.5,1496.94505577192,0.00948717948717949
46335,Extreme_Capitalism,2,39,FALSE,1,1,0.5,1,1,39,2,9,0,1597,798.5,1129.24952955492,0.0104
46336,Extreme_Capitalism,2,45,FALSE,1,1,0.5,1,1,45,0,19,0,1742,871,1231.78001282697,0.00955555555555556
46337,Extreme_Capitalism,2,90,FALSE,1,2,0.5,1,1,90,2,59,0,1672,836,1182.28253814391,0.0118095238095238
46338,Extreme_Capitalism,2,50,FALSE,1,2,0.415540540540541,0.847222222222222,1,50,2,5,200,2168,1184,1391.58614537513,0.0137777777777778
46339,Extreme_Capitalism,2,32,FALSE,1,2,0.5,1,1,32,0,4,0,3378,1689,2388.60670684816,0.0166666666666667
46340,Extreme_Capitalism,2,58,FALSE,1,2,0.5,1,1,58,0,17,0,1901,950.5,1344.20999103563,0.0143333333333333
46341,Extreme_Capitalism,2,173,FALSE,1,1,0.5,1,1,173,2,166,0,1678,839,1186.52517883103,0.0129333333333333
46342,Extreme_Capitalism,2,35,FALSE,1,1,0.5,1,1,35,4,13,0,1349,674.5,953.887047820653,0.00573333333333333
46343,Extreme_Capitalism,2,93,FALSE,1,1,0.5,1,1,93,6,55,0,1870,935,1322.28968081884,0.009
46344,Extreme_Capitalism,2,48,FALSE,1,2,0.5,1,2,48,2,19,0,3197,1598.5,2260.62037945339,0.00892307692307692
46345,Extreme_Capitalism,2,80,FALSE,1,2,0.5,1,1,80,3,43,0,2081,1040.5,1471.48921164921,0.00884848484848485
46346,Extreme_Capitalism,2,49,FALSE,1,1,0.5,1,1,49,2,19,0,1746,873,1234.60843995171,0.0185833333333333
46347,Extreme_Capitalism,2,43,FALSE,1,1,0.5,1,1,43,0,21,0,3378,1689,2388.60670684816,0.0106666666666667
46348,Extreme_Capitalism,2,49,FALSE,1,1,0.5,1,1,49,4,6,0,3237,1618.5,2288.90465070085,0.00844444444444444
46349,Extreme_Capitalism,2,80,FALSE,1,2,0.5,1,1,80,12,31,0,1615,807.5,1141.97745161627,0.0282105263157895
46350,Extreme_Capitalism,2,58,FALSE,1,2,0.5,1,1,58,8,25,0,3213,1606.5,2271.93408795238,0.00982222222222222
46351,Extreme_Capitalism,2,28,FALSE,1,2,0.5,1,1,28,2,4,0,3310,1655,2340.52344572747,
46352,Extreme_Capitalism,2,57,FALSE,1,1,0.5,1,1,57,2,9,0,2645,1322.5,1870.29743623842,0.0102857142857143
46353,Extreme_Capitalism,2,64,FALSE,1,2,0.5,1,1,64,4,30,0,3557,1778.5,2515.17882068055,0.00992982456140351
46354,Extreme_Capitalism,2,47,FALSE,1,1,0.5,1,1,47,2,14,0,1824,912,1289.76276888426,0.006
46355,Extreme_Capitalism,2,52,FALSE,1,2,0.5,1,1,52,0,17,0,3669,1834.5,2594.37478017344,0.0709333333333333
46356,Extreme_Capitalism,2,63,FALSE,1,1,0.5,1,1,63,6,22,0,3914,1957,2767.61594156415,0.00824242424242424
46357,Extreme_Capitalism,2,29,FALSE,1,1,0.5,1,1,29,3,0,0,1398,699,988.535280098793,0.00333333333333333
46358,Extreme_Capitalism,2,54,FALSE,1,2,0.377450980392157,0.802469135802469,1,54,2,4,200,1432,816,871.155554421827,0.00688888888888889
46359,Extreme_Capitalism,2,53,FALSE,1,1,0.5,1,1,53,6,23,0,3487,1743.5,2465.68134599749,0.0125555555555556
46360,Extreme_Capitalism,2,114,FALSE,1,2,0.5,1,1,114,2,105,0,2116,1058,1496.23794899073,0.00786324786324786
46361,Extreme_Capitalism,2,57,FALSE,1,1,0.5,1,2,57,4,24,0,3281,1640.5,2320.01734907306,0.0088
46362,Extreme_Capitalism,2,33,FALSE,1,1,0.5,1,1,33,0,7,0,1960,980,1385.92929112563,0.0244444444444444
46363,Extreme_Capitalism,2,49,FALSE,1,1,0.5,1,1,49,0,20,0,2340,1170,1654.62986797652,0.0138666666666667
46364,Extreme_Capitalism,2,37,FALSE,1,1,0.333761782347901,1,1,37,2,18,194,973,583.5,550.836182544321,0.00681481481481481
46365,Extreme_Capitalism,2,67,FALSE,1,1,0.5,1,1,67,4,28,0,3541,1770.5,2503.86511218156,0.00518518518518519
46366,Extreme_Capitalism,2,47,FALSE,1,1,0.407321594068582,0.834710743801653,1,47,1,12,200,1958,1079,1243.09372132595,0.0132592592592593
46367,Extreme_Capitalism,2,59,FALSE,1,1,0.5,1,1,59,4,24,0,1626,813,1149.75562620933,0.0116666666666667
46368,Extreme_Capitalism,2,68,FALSE,1,2,0.400049975012494,0.834710743801653,1,68,2,5,200,1801,1000.5,1132.07795667966,0.012969696969697
46369,Extreme_Capitalism,2,94,FALSE,1,2,0.5,1,1,94,4,44,0,2363,1181.5,1670.89332394381,0.0117692307692308
46370,Extreme_Capitalism,2,116,FALSE,1,2,0.5,1,1,116,2,72,0,1163,581.5,822.365186519955,0.0195121951219512
46371,Extreme_Capitalism,2,42,FALSE,1,2,0.5,1,1,42,6,20,0,3391,1695.5,2397.79909500358,0.00628571428571429
46372,Extreme_Capitalism,2,91,FALSE,1,1,0.5,1,1,91,4,46,0,2037,1018.5,1440.376513277,0.0125384615384615
46373,Extreme_Capitalism,2,36,FALSE,1,2,0.5,1,1,36,2,12,0,3278,1639,2317.8960287295,0.0114666666666667
46374,Extreme_Capitalism,2,60,FALSE,1,2,0.5,1,1,60,0,26,0,2396,1198,1694.22784772297,0.0105714285714286
46375,Extreme_Capitalism,2,88,FALSE,1,2,0.5,1,1,88,0,45,0,3977,1988.5,2812.1636687789,0.0137333333333333
46376,Extreme_Capitalism,2,92,FALSE,1,2,0.5,1,2,92,6,39,0,1649,824.5,1166.01908217662,0.00879487179487179
46377,Extreme_Capitalism,2,71,FALSE,1,1,0.5,1,1,71,2,32,0,3674,1837,2597.91031407938,0.00502564102564103
46378,Extreme_Capitalism,2,41,FALSE,1,1,0.5,1,1,41,3,12,0,3402,1701,2405.57726959664,0.006
46379,Extreme_Capitalism,2,78,FALSE,1,2,0.5,1,1,78,2,19,0,2208,1104,1561.2917728599,0.0187936507936508
46380,Extreme_Capitalism,2,67,FALSE,1,1,0.5,1,1,67,2,29,0,2152,1076,1521.69379311345,0.00923809523809524
46381,Extreme_Capitalism,2,42,FALSE,1,2,0.5,1,1,42,0,13,0,1616,808,1142.68455839746,0.00755555555555556
46382,Extreme_Capitalism,2,125,FALSE,1,1,0.5,1,1,125,8,111,0,2009,1004.5,1420.57752340377,0.0103655913978495
46383,Extreme_Capitalism,2,55,FALSE,1,1,0.5,1,1,55,2,25,0,1921,960.5,1358.35212665936,0.00586666666666667
46384,Extreme_Capitalism,2,42,FALSE,1,2,0.5,1,1,42,2,1,0,1514,757,1070.55966671643,0.0072
46385,Extreme_Capitalism,2,41,FALSE,1,1,0.5,1,1,41,4,10,0,1444,722,1021.06219203337,0.012
46386,Extreme_Capitalism,2,56,FALSE,1,2,0.5,1,1,56,0,24,0,1891,945.5,1337.13892322376,0.00488888888888889
46387,Extreme_Capitalism,2,147,FALSE,1,1,0.410193084867535,0.857988165680474,1,147,6,138,200,2027,1113.5,1291.88408922782,0.00731666666666667
46388,Extreme_Capitalism,2,40,FALSE,1,2,0.5,1,1,40,2,12,0,2112,1056,1493.40952186599,0.00933333333333333
46389,Extreme_Capitalism,2,72,FALSE,1,2,0.5,1,1,72,6,29,0,3618,1809,2558.31233433293,0.0081
46390,Extreme_Capitalism,2,69,FALSE,1,1,0.5,1,1,69,6,21,0,1534,767,1084.70180234016,0.0152962962962963
46391,Extreme_Capitalism,2,30,FALSE,1,2,0.5,1,1,30,4,7,0,1794,897,1268.54956544867,0.004
46392,Extreme_Capitalism,2,46,FALSE,1,2,0.5,1,1,46,1,8,0,2211,1105.5,1563.41309320346,0.0134814814814815
46393,Extreme_Capitalism,2,97,FALSE,1,1,0.5,1,1,97,4,46,0,1888,944,1335.0176028802,0.0154
46394,Extreme_Capitalism,2,67,FALSE,1,1,0.5,1,1,67,2,9,0,1347,673.5,952.47283425828,0.0108717948717949
46395,Extreme_Capitalism,2,52,FALSE,1,2,0.5,1,1,52,0,29,0,1811,905.5,1280.57038072884,0.00925925925925926
46396,Extreme_Capitalism,2,131,FALSE,1,1,0.418467183041174,1,1,131,2,112,200,2253,1226.5,1451.69022177598,0.00738095238095238
46397,Extreme_Capitalism,2,200,TRUE,2,"1,2",0.0606741573033709,0.517146776406036,0,,2,158,1955,2495,2225,381.837661840736,0.012174358974359
46398,Extreme_Capitalism,2,47,FALSE,1,1,0.5,1,1,47,2,9,0,3381,1690.5,2390.72802719172,0.00476190476190476
46399,Extreme_Capitalism,2,44,FALSE,1,2,0.5,1,1,44,0,5,0,3740,1870,2644.57936163769,0.00918518518518519
46400,Extreme_Capitalism,2,52,FALSE,1,2,0.5,1,1,52,4,29,0,1780,890,1258.65007051205,0.00727272727272727
46401,Extreme_Capitalism,2,54,FALSE,1,2,0.383109292811221,0.82,1,54,2,11,200,1511,855.5,927.016990135564,0.0153846153846154
46402,Extreme_Capitalism,2,66,FALSE,1,2,0.399077277970012,1,1,66,8,38,175,1559,867,978.635785162182,0.00743589743589744
46403,Extreme_Capitalism,2,71,FALSE,1,1,0.5,1,1,71,0,39,0,1819,909.5,1286.22723497833,0.0136060606060606
46404,Extreme_Capitalism,2,43,FALSE,1,1,0.5,1,1,43,4,5,0,1397,698.5,987.828173317607,0.0076
46405,Extreme_Capitalism,2,80,FALSE,1,2,0.5,1,2,80,2,39,0,3681,1840.5,2602.86006154768,0.0066
46406,Extreme_Capitalism,2,120,FALSE,1,2,0.5,1,1,120,8,89,0,2048,1024,1448.15468787005,0.008125
46407,Extreme_Capitalism,2,75,FALSE,1,1,0.5,1,1,75,0,27,0,3638,1819,2572.45446995666,0.0056
46408,Extreme_Capitalism,2,42,FALSE,1,2,0.5,1,1,42,0,13,0,2190,1095,1548.56385079854,0.0189333333333333
46409,Extreme_Capitalism,2,37,FALSE,1,1,0.5,1,1,37,2,3,0,2161,1080.5,1528.05775414413,0.0166666666666667
46410,Extreme_Capitalism,2,57,FALSE,1,1,0.5,1,1,57,2,11,0,3646,1823,2578.11132420615,0.0150666666666667
46411,Extreme_Capitalism,2,53,FALSE,1,1,0.5,1,1,53,2,21,0,3596,1798,2542.75598514683,0.0137777777777778
46412,Extreme_Capitalism,2,37,FALSE,1,1,0.5,1,1,37,2,9,0,1237,618.5,874.691088327759,0.00658333333333333
46413,Extreme_Capitalism,2,124,FALSE,1,2,0.5,1,1,124,2,101,0,1463,731.5,1034.49722087592,0.0142037037037037
46414,Extreme_Capitalism,2,31,FALSE,1,1,0.5,1,1,31,0,1,0,3136,1568,2217.48686580101,0.0113333333333333
46415,Extreme_Capitalism,2,169,FALSE,1,1,0.5,1,1,169,0,165,0,2430,1215,1718.26947828331,0.0135028248587571
46416,Extreme_Capitalism,2,75,FALSE,1,1,0.5,1,1,75,2,27,0,3881,1940.5,2744.28141778499,0.012047619047619
46417,Extreme_Capitalism,2,118,FALSE,1,2,0.5,1,1,118,2,58,0,2122,1061,1500.48058967785,0.0127916666666667
46418,Extreme_Capitalism,2,53,FALSE,1,1,0.5,1,1,53,2,24,0,3576,1788,2528.61384952309,0.008
46419,Extreme_Capitalism,2,86,FALSE,1,2,0.5,1,1,86,6,57,0,1621,810.5,1146.22009230339,0.0107407407407407
46420,Extreme_Capitalism,2,69,FALSE,1,1,0.5,1,1,69,8,34,0,1521,760.5,1075.50941418474,0.00742222222222222
46421,Extreme_Capitalism,2,56,FALSE,1,2,0.5,1,1,56,4,12,0,3575,1787.5,2527.90674274191,0.0106
46422,Extreme_Capitalism,2,73,FALSE,1,1,0.39556135770235,1,1,73,4,24,200,1715,957.5,1071.26677349762,0.00593333333333333
46423,Extreme_Capitalism,2,195,FALSE,1,1,0.5,1,1,195,6,199,0,1725,862.5,1219.75919754679,0.00868571428571429
46424,Extreme_Capitalism,2,108,FALSE,1,2,0.5,1,1,108,2,91,0,1673,836.5,1182.98964492509,0.0071025641025641
46425,Extreme_Capitalism,2,200,TRUE,2,"1,2",0.0176296296296297,0.504132231404959,0,,2,206,1628,1747,1687.5,84.1457069611992,0.00844444444444445
46426,Extreme_Capitalism,2,74,FALSE,1,2,0.5,1,1,74,5,25,0,2050,1025,1449.56890143242,0.0195555555555556
46427,Extreme_Capitalism,2,47,FALSE,1,1,0.5,1,1,47,0,19,0,3628,1814,2565.38340214479,0.015047619047619
46428,Extreme_Capitalism,2,43,FALSE,1,1,0.5,1,1,43,6,17,0,1373,686.5,970.85761056913,0.0131428571428571
46429,Extreme_Capitalism,2,190,FALSE,1,2,0.5,1,1,190,3,193,0,2170,1085,1534.42171517481,0.00929353233830846
46430,Extreme_Capitalism,2,51,FALSE,1,1,0.5,1,1,51,4,5,0,4066,2033,2875.0961723045,0.0101333333333333
46431,Extreme_Capitalism,2,52,FALSE,1,2,0.5,1,1,52,2,11,0,3810,1905,2694.07683632075,0.0155333333333333
46432,Extreme_Capitalism,2,51,FALSE,1,1,0.5,1,1,51,8,20,0,1564,782,1105.91500577576,0.0083030303030303
46433,Extreme_Capitalism,2,138,FALSE,1,2,0.5,1,1,138,4,123,0,1540,770,1088.94444302728,0.0121212121212121
46434,Extreme_Capitalism,2,72,FALSE,1,2,0.5,1,1,72,0,35,0,1975,987.5,1396.53589284343,0.0102777777777778
46435,Extreme_Capitalism,2,101,FALSE,1,1,0.5,1,1,101,0,78,0,2167,1083.5,1532.30039483125,0.0109677419354839
46436,Extreme_Capitalism,2,61,FALSE,1,1,0.5,1,1,61,8,17,0,1905,952.5,1347.03841816037,0.0106666666666667
46437,Extreme_Capitalism,2,41,FALSE,1,1,0.5,1,1,41,0,18,0,1954,977,1381.68665043851,0.0198518518518519
46438,Extreme_Capitalism,2,71,FALSE,1,1,0.5,1,1,71,2,21,0,1794,897,1268.54956544867,0.0142745098039216
46439,Extreme_Capitalism,2,66,FALSE,1,2,0.5,1,1,66,0,30,0,2079,1039.5,1470.07499808683,0.00814814814814815
46440,Extreme_Capitalism,2,29,FALSE,1,1,0.5,1,1,29,0,2,0,1826,913,1291.17698244664,0.00666666666666667
46441,Extreme_Capitalism,2,28,FALSE,1,2,0.5,1,1,28,0,3,0,3342,1671,2363.15086272544,0.008
46442,Extreme_Capitalism,2,115,FALSE,1,1,0.5,1,1,115,4,69,0,3168,1584,2240.11428279898,0.00561904761904762
46443,Extreme_Capitalism,2,93,FALSE,1,1,0.5,1,1,93,4,46,0,2179,1089.5,1540.78567620549,0.0147936507936508
46444,Extreme_Capitalism,2,68,FALSE,1,2,0.5,1,1,68,4,37,0,3341,1670.5,2362.44375594426,0.0104615384615385
46445,Extreme_Capitalism,2,110,FALSE,1,2,0.5,1,1,110,6,59,0,1833,916.5,1296.12672991494,0.00895652173913043
46446,Extreme_Capitalism,2,59,FALSE,1,1,0.5,1,1,59,0,22,0,3695,1847.5,2612.75955648429,0.00860606060606061
46447,Extreme_Capitalism,2,49,FALSE,1,1,0.5,1,1,49,2,15,0,1324,662,936.209378290989,0.0164444444444444
46448,Extreme_Capitalism,2,66,FALSE,1,2,0.5,1,1,66,4,17,0,1735,867.5,1226.83026535866,0.015
46449,Extreme_Capitalism,2,42,FALSE,1,2,0.5,1,1,42,4,26,0,3518,1759,2487.60165621427,0.00962962962962963
46450,Extreme_Capitalism,2,90,FALSE,1,2,0.5,1,1,90,6,30,0,3561,1780.5,2518.0072478053,0.0135555555555556
46451,Extreme_Capitalism,2,59,FALSE,1,1,0.5,1,1,59,2,23,0,3246,1623,2295.26861173153,0.0045
46452,Extreme_Capitalism,2,32,FALSE,1,2,0.5,1,1,32,0,1,0,3970,1985,2807.21392131059,0.0381333333333333
46453,Extreme_Capitalism,2,102,FALSE,1,2,0.5,1,1,102,2,93,0,1549,774.5,1095.30840405796,0.00657971014492754
46454,Extreme_Capitalism,2,200,TRUE,2,"1,2",0.0145098039215685,0.513888888888889,0,,10,176,1857,1968,1912.5,78.4888527117068,0.0115890410958904
46455,Extreme_Capitalism,2,49,FALSE,1,1,0.5,1,1,49,2,23,0,1447,723.5,1023.18351237693,0.0194166666666667
46456,Extreme_Capitalism,2,47,FALSE,1,1,0.5,1,1,47,2,13,0,1586,793,1121.47135496186,0.00788888888888889
46457,Extreme_Capitalism,2,57,FALSE,1,1,0.5,1,1,57,0,9,0,4041,2020.5,2857.41850277484,0.0103030303030303
46458,Extreme_Capitalism,2,32,FALSE,1,2,0.5,1,1,32,4,20,0,2914,1457,2060.5091603776,0.0112
46459,Extreme_Capitalism,2,58,FALSE,1,2,0.5,1,1,58,0,36,0,3283,1641.5,2321.43156263544,0.00631111111111111
46460,Extreme_Capitalism,2,80,FALSE,1,2,0.382283696291937,0.82,1,80,4,52,200,1499,849.5,918.531708761325,0.008
46461,Extreme_Capitalism,2,68,FALSE,1,2,0.297673242286292,1,1,68,8,29,400,1577,988.5,832.264681456567,0.0056
46462,Extreme_Capitalism,2,42,FALSE,1,2,0.5,1,1,42,6,20,0,1370,685,968.73629022557,0.00787878787878788
46463,Extreme_Capitalism,2,57,FALSE,1,1,0.5,1,1,57,2,17,0,3334,1667,2357.49400847595,0.0118888888888889
46464,Extreme_Capitalism,2,81,FALSE,1,1,0.5,1,1,81,0,18,0,2143,1071.5,1515.32983208277,0.0112
46465,Extreme_Capitalism,2,65,FALSE,1,1,0.396103896103896,0.834710743801653,1,65,4,22,200,1725,962.5,1078.33784130948,0.00774358974358974
46466,Extreme_Capitalism,2,173,FALSE,1,1,0.382766705744432,0.82,1,173,4,141,200,1506,853,923.481456229631,0.0107286821705426
46467,Extreme_Capitalism,2,52,FALSE,1,2,0.5,1,1,52,2,23,0,1633,816.5,1154.70537367763,0.00871794871794872
46468,Extreme_Capitalism,2,69,FALSE,1,1,0.5,1,1,69,2,30,0,1803,901.5,1274.91352647935,0.015047619047619
46469,Extreme_Capitalism,2,83,FALSE,1,1,0.389502762430939,1,1,83,4,31,200,1610,905,997.020561473032,0.00933333333333333
46470,Extreme_Capitalism,2,28,FALSE,1,2,0.5,1,1,28,4,8,0,1447,723.5,1023.18351237693,0.0144
46471,Extreme_Capitalism,2,85,FALSE,1,1,0.5,1,1,85,0,77,0,1755,877.5,1240.97240098239,0.0110833333333333
46472,Extreme_Capitalism,2,69,FALSE,1,1,0.5,1,1,69,0,17,0,3371,1685.5,2383.65695937985,0.00852631578947368
46473,Extreme_Capitalism,2,44,FALSE,1,2,0.5,1,1,44,4,9,0,1446,723,1022.47640559575,0.0111428571428571
46474,Extreme_Capitalism,2,63,FALSE,1,1,0.5,1,1,63,2,26,0,3566,1783,2521.54278171123,0.00616666666666667
46475,Extreme_Capitalism,2,41,FALSE,1,1,0.5,1,1,41,2,15,0,1412,706,998.434775035405,0.00895238095238095
46476,Extreme_Capitalism,2,81,FALSE,1,1,0.5,1,1,81,0,36,0,1911,955.5,1351.28105884749,0.00776666666666667
46477,Extreme_Capitalism,2,99,FALSE,1,1,0.5,1,3,99,2,55,0,2808,1404,1985.55584157183,0.0100909090909091
46478,Extreme_Capitalism,2,66,FALSE,1,2,0.5,1,1,66,4,45,0,1911,955.5,1351.28105884749,0.0112549019607843
46479,Extreme_Capitalism,2,95,FALSE,1,1,0.5,1,1,95,2,72,0,1909,954.5,1349.86684528512,0.00838888888888889
46480,Extreme_Capitalism,2,74,FALSE,1,2,0.5,1,1,74,2,24,0,3507,1753.5,2479.82348162122,0.00704166666666667
46481,Extreme_Capitalism,2,198,FALSE,1,2,0.5,1,1,198,2,193,0,1932,966,1366.13030125241,0.00816161616161616
46482,Extreme_Capitalism,2,200,TRUE,2,"1,2",0.0614906832298137,0.52,0,,4,154,1765,2260,2012.5,350.017856687341,0.0135343915343915
46483,Extreme_Capitalism,2,36,FALSE,1,2,0.5,1,1,36,2,14,0,2463,1231.5,1741.60400206247,0.00706666666666667
46484,Extreme_Capitalism,2,55,FALSE,1,1,0.5,1,1,55,4,3,0,3449,1724.5,2438.8112883124,0.00466666666666667
46485,Extreme_Capitalism,2,22,FALSE,1,2,0.5,1,1,22,4,7,0,1330,665,940.452018978108,0.01
46486,Extreme_Capitalism,2,81,FALSE,1,1,0.402267002518892,0.847222222222222,1,81,6,67,194,1791,992.5,1129.24952955492,0.00481481481481482
46487,Extreme_Capitalism,2,54,FALSE,1,2,0.5,1,1,54,6,38,0,3636,1818,2571.04025639429,0.0168888888888889
46488,Extreme_Capitalism,2,66,FALSE,1,2,0.5,1,1,66,2,32,0,1930,965,1364.71608769004,0.00633333333333333
46489,Extreme_Capitalism,2,56,FALSE,1,2,0.5,1,1,56,8,21,0,1695,847.5,1198.5459941112,0.0155555555555556
46490,Extreme_Capitalism,2,139,FALSE,1,1,0.5,1,1,139,2,86,0,3736,1868,2641.75093451294,0.00686178861788618
46491,Extreme_Capitalism,2,66,FALSE,1,2,0.5,1,1,66,0,27,0,3845,1922.5,2718.82557366228,0.0246666666666667
46492,Extreme_Capitalism,2,30,FALSE,1,2,0.5,1,3,30,2,13,0,1795,897.5,1269.25667222985,0.00333333333333333
46493,Extreme_Capitalism,2,83,FALSE,1,1,0.5,1,1,83,4,15,0,2025,1012.5,1431.89123190276,0.0150588235294118
46494,Extreme_Capitalism,2,64,FALSE,1,2,0.5,1,1,64,6,23,0,3466,1733,2450.83210359257,0.0194920634920635
46495,Extreme_Capitalism,2,54,FALSE,1,2,0.5,1,1,54,0,12,0,3350,1675,2368.80771697493,0.00972222222222222
46496,Extreme_Capitalism,2,200,TRUE,2,"1,2",0.0237837837837838,0.508506616257089,0,,8,204,1762,1938,1850,124.450793488832,0.00742222222222222
46497,Extreme_Capitalism,2,82,FALSE,1,2,0.5,1,1,82,4,63,0,1243,621.5,878.933729014879,0.0137066666666667
46498,Extreme_Capitalism,2,70,FALSE,1,2,0.5,1,1,70,6,42,0,1840,920,1301.07647738325,0.0163137254901961
46499,Extreme_Capitalism,2,32,FALSE,1,2,0.5,1,1,32,2,8,0,3723,1861.5,2632.55854635752,0.0176666666666667
46500,Extreme_Capitalism,2,73,FALSE,1,1,0.5,1,1,73,3,50,0,2011,1005.5,1421.99173696615,0.0177777777777778
46501,Extreme_Capitalism,2,33,FALSE,1,1,0.5,1,1,33,2,3,0,3429,1714.5,2424.66915268867,0.00533333333333333
46502,Extreme_Capitalism,2,112,FALSE,1,2,0.5,1,1,112,4,82,0,1908,954,1349.15973850393,0.00878571428571429
46503,Extreme_Capitalism,2,62,FALSE,1,2,0.5,1,1,62,0,6,0,3566,1783,2521.54278171123,0.0184666666666667
46504,Extreme_Capitalism,2,58,FALSE,1,2,0.5,1,1,58,2,17,0,1746,873,1234.60843995171,0.00514285714285714
46505,Extreme_Capitalism,2,29,FALSE,1,1,0.5,1,1,29,2,8,0,1475,737.5,1042.98250225016,0.00847619047619048
46506,Extreme_Capitalism,2,59,FALSE,1,1,0.5,1,2,59,0,26,0,2019,1009.5,1427.64859121564,0.008
46507,Extreme_Capitalism,2,131,FALSE,1,1,0.5,1,1,131,0,131,0,2398,1199,1695.64206128534,0.00825225225225225
46508,Extreme_Capitalism,2,145,FALSE,1,1,0.5,1,1,145,2,122,0,1290,645,912.167747730646,0.0110133333333333
46509,Extreme_Capitalism,2,100,FALSE,1,2,0.5,1,1,100,4,70,0,4161,2080.5,2942.27131651722,0.00814814814814815
46510,Extreme_Capitalism,2,114,FALSE,1,2,0.5,1,1,114,2,70,0,1630,815,1152.58405333407,0.0101904761904762
46511,Extreme_Capitalism,2,54,FALSE,1,2,0.5,1,1,54,2,19,0,3699,1849.5,2615.58798360904,0.0173333333333333
46512,Extreme_Capitalism,2,130,FALSE,1,2,0.5,1,1,130,4,120,0,1354,677,957.422581726585,0.00851612903225807
46513,Extreme_Capitalism,2,91,FALSE,1,1,0.5,1,1,91,0,58,-25,3077,1526,2193.44523524067,0.0123174603174603
46514,Extreme_Capitalism,2,39,FALSE,1,1,0.5,1,1,39,2,6,0,1538,769,1087.53022946491,0.00986666666666667
46515,Extreme_Capitalism,2,74,FALSE,1,2,0.5,1,1,74,2,36,0,1675,837.5,1184.40385848747,0.00657142857142857
46516,Extreme_Capitalism,2,36,FALSE,1,2,0.5,1,1,36,2,10,0,1608,804,1137.02770414797,0.0106666666666667
46517,Extreme_Capitalism,2,85,FALSE,1,1,0.5,1,1,85,4,66,0,1755,877.5,1240.97240098239,0.00754761904761905
46518,Extreme_Capitalism,2,147,FALSE,1,1,0.5,1,1,147,6,105,0,1502,751,1062.07438534219,0.0120333333333333
46519,Extreme_Capitalism,2,53,FALSE,1,1,0.5,1,1,53,0,19,0,2122,1061,1500.48058967785,0.004
46520,Extreme_Capitalism,2,28,FALSE,1,2,0.381642512077295,1,1,28,2,5,196,1460,828,893.782971419796,0.0130666666666667
46521,Extreme_Capitalism,2,29,FALSE,1,1,0.5,1,1,29,2,3,0,1590,795,1124.29978208661,0.0075
46522,Extreme_Capitalism,2,42,FALSE,1,2,0.5,1,1,42,2,13,0,1350,675,954.594154601839,0.0113333333333333
46523,Extreme_Capitalism,2,152,FALSE,1,2,0.5,1,1,152,1,138,0,3845,1922.5,2718.82557366228,0.0135294117647059
46524,Extreme_Capitalism,2,70,FALSE,1,2,0.5,1,1,70,0,35,0,1957,978.5,1383.80797078207,0.00776470588235294
46525,Extreme_Capitalism,2,57,FALSE,1,1,0.5,1,1,57,2,23,0,2224,1112,1572.60548135888,0.006
46526,Extreme_Capitalism,2,87,FALSE,1,1,0.5,1,1,87,0,47,0,1831,915.5,1294.71251635257,0.00625396825396825
46527,Extreme_Capitalism,2,54,FALSE,1,2,0.5,1,1,54,0,11,0,3228,1614,2282.54068967018,0.00903703703703704
46528,Extreme_Capitalism,2,64,FALSE,1,2,0.5,1,1,64,8,29,0,1815,907.5,1283.39880785358,0.0113333333333333
46529,Extreme_Capitalism,2,81,FALSE,1,1,0.5,1,1,81,0,43,0,2174,1087,1537.25014229955,0.0096
46530,Extreme_Capitalism,2,31,FALSE,1,1,0.5,1,1,31,2,9,0,1258,629,889.540330732677,0.00466666666666667
46531,Extreme_Capitalism,2,112,FALSE,1,2,0.5,1,1,112,0,64,0,3756,1878,2655.89307013667,0.0118703703703704
46532,Extreme_Capitalism,2,15,FALSE,1,1,0.5,1,1,15,0,4,0,1594,797,1127.12820921136,0.004
46533,Extreme_Capitalism,2,43,FALSE,1,1,0.5,1,1,43,4,7,0,1430,715,1011.16269709676,0.00855555555555556
46534,Extreme_Capitalism,2,200,TRUE,2,"1,2",0.0112033195020746,0.508506616257089,0,,6,194,1767,1848,1807.5,57.2756492761104,0.0107011494252874
46535,Extreme_Capitalism,2,125,FALSE,1,1,0.5,1,2,125,2,86,0,1515,757.5,1071.26677349762,0.00907317073170732
46536,Extreme_Capitalism,2,35,FALSE,1,1,0.5,1,1,35,6,15,0,1769,884.5,1250.871895919,0.00373333333333333
46537,Extreme_Capitalism,2,31,FALSE,1,1,0.5,1,1,31,2,12,0,1173,586.5,829.43625433182,0.004
46538,Extreme_Capitalism,2,55,FALSE,1,1,0.5,1,1,55,0,16,0,3113,1556.5,2201.22340983372,0.00625925925925926
46539,Extreme_Capitalism,2,44,FALSE,1,2,0.5,1,1,44,0,20,0,1830,915,1294.00540957138,0.0184
46540,Extreme_Capitalism,2,81,FALSE,1,1,0.5,1,1,81,6,28,0,1870,935,1322.28968081884,0.00881481481481482
46541,Extreme_Capitalism,2,88,FALSE,1,2,0.5,1,1,88,6,53,0,3781,1890.5,2673.57073966634,0.0072
46542,Extreme_Capitalism,2,50,FALSE,1,2,0.5,1,1,50,2,4,0,4063,2031.5,2872.97485196094,0.0157037037037037
46543,Extreme_Capitalism,2,48,FALSE,1,2,0.5,1,1,48,4,11,0,1815,907.5,1283.39880785358,0.00783333333333333
46544,Extreme_Capitalism,2,82,FALSE,1,2,0.5,1,1,82,1,40,0,1890,945,1336.43181644258,0.0099
46545,Extreme_Capitalism,2,66,FALSE,1,2,0.5,1,1,66,4,10,0,4076,2038,2882.16724011637,0.0142592592592593
46546,Extreme_Capitalism,2,73,FALSE,1,1,0.5,1,1,73,2,39,0,1564,782,1105.91500577576,0.0131515151515152
46547,Extreme_Capitalism,2,68,FALSE,1,2,0.5,1,1,68,8,21,0,1705,852.5,1205.61706192306,0.00992592592592593
46548,Extreme_Capitalism,2,60,FALSE,1,2,0.5,1,1,60,4,24,0,4164,2082,2944.39263686078,0.0131851851851852
46549,Extreme_Capitalism,2,76,FALSE,1,2,0.5,1,1,76,4,29,0,1763,881.5,1246.62925523188,0.0125757575757576
46550,Extreme_Capitalism,2,45,FALSE,1,1,0.470751681778298,1,1,45,2,22,100,3319,1709.5,2276.1767286395,0.008
46551,Extreme_Capitalism,2,61,FALSE,1,1,0.5,1,1,61,4,27,0,3207,1603.5,2267.69144726526,0.00786666666666667
46552,Extreme_Capitalism,2,83,FALSE,1,1,0.5,1,1,83,6,44,0,3350,1675,2368.80771697493,0.0113611111111111
46553,Extreme_Capitalism,2,43,FALSE,1,1,0.5,1,1,43,2,27,0,1357,678.5,959.543902070145,0.00572222222222222
46554,Extreme_Capitalism,2,34,FALSE,1,2,0.5,1,1,34,0,2,0,3742,1871,2645.99357520006,0.00683333333333333
46555,Extreme_Capitalism,2,62,FALSE,1,2,0.5,1,1,62,2,10,0,1325,662.5,936.916485072175,0.0312380952380952
46556,Extreme_Capitalism,2,167,FALSE,1,1,0.5,1,2,167,0,135,0,2535,1267.5,1792.5156903079,0.00715873015873016
46557,Extreme_Capitalism,2,98,FALSE,1,2,0.5,1,1,98,2,66,0,2788,1394,1971.41370594809,0.00912
46558,Extreme_Capitalism,2,74,FALSE,1,2,0.5,1,1,74,2,36,0,3436,1718,2429.61890015698,0.00841666666666667
46559,Extreme_Capitalism,2,56,FALSE,1,2,0.5,1,1,56,2,13,0,1708,854,1207.73838226662,0.00866666666666667
46560,Extreme_Capitalism,2,46,FALSE,1,2,0.5,1,1,46,2,15,0,1688,844,1193.59624664289,0.00775757575757576
46561,Extreme_Capitalism,2,68,FALSE,1,2,0.5,1,1,68,4,30,0,1875,937.5,1325.82521472478,0.0133939393939394
46562,Extreme_Capitalism,2,44,FALSE,1,2,0.5,1,1,44,2,17,0,1438,719,1016.81955134626,0.016
46563,Extreme_Capitalism,2,46,FALSE,1,2,0.5,1,1,46,2,2,0,3798,1899,2685.59155494651,0.012
46564,Extreme_Capitalism,2,55,FALSE,1,1,0.5,1,1,55,4,19,0,1406,703,994.192134348286,0.00666666666666667
46565,Extreme_Capitalism,2,115,FALSE,1,1,0.5,1,1,115,6,93,0,1934,967,1367.54451481478,0.00472463768115942
46566,Extreme_Capitalism,2,38,FALSE,1,2,0.5,1,1,38,1,6,0,2003,1001.5,1416.33488271665,0.0146666666666667
46567,Extreme_Capitalism,2,83,FALSE,1,1,0.5,1,1,83,0,41,0,2245,1122.5,1587.4547237638,0.0188888888888889
46568,Extreme_Capitalism,2,106,FALSE,1,2,0.5,1,1,106,4,45,0,1597,798.5,1129.24952955492,0.0110505050505051
46569,Extreme_Capitalism,2,61,FALSE,1,1,0.5,1,1,61,2,38,0,1198,599,847.113923861484,0.0165333333333333
46570,Extreme_Capitalism,2,56,FALSE,1,2,0.5,1,1,56,0,33,0,1965,982.5,1389.46482503157,0.00687179487179487
46571,Extreme_Capitalism,2,65,FALSE,1,1,0.5,1,1,65,3,15,0,1354,677,957.422581726585,0.0152916666666667
46572,Extreme_Capitalism,2,67,FALSE,1,1,0.5,1,1,67,2,44,0,1778,889,1257.23585694968,0.00683333333333333
46573,Extreme_Capitalism,2,147,FALSE,1,1,0.5,1,1,147,8,74,0,3786,1893,2677.10627357227,0.0100162601626016
46574,Extreme_Capitalism,2,60,FALSE,1,2,0.5,1,1,60,0,38,0,2009,1004.5,1420.57752340377,0.0111515151515152
46575,Extreme_Capitalism,2,73,FALSE,1,1,0.5,1,1,73,0,34,0,1989,994.5,1406.43538778004,0.00904166666666667
46576,Extreme_Capitalism,2,60,FALSE,1,2,0.5,1,1,60,3,26,0,1747,873.5,1235.3155467329,0.0144848484848485
46577,Extreme_Capitalism,2,39,FALSE,1,1,0.5,1,1,39,2,17,0,1604,802,1134.19927702322,0.0107619047619048
46578,Extreme_Capitalism,2,111,FALSE,1,1,0.5,1,1,111,2,67,0,2344,1172,1657.45829510127,0.0103125
46579,Extreme_Capitalism,2,42,FALSE,1,2,0.5,1,1,42,4,17,0,1428,714,1009.74848353439,0.0104
46580,Extreme_Capitalism,2,62,FALSE,1,2,0.5,1,1,62,2,18,0,1929,964.5,1364.00898090885,0.00813333333333333
46581,Extreme_Capitalism,2,80,FALSE,1,2,0.5,1,1,80,4,51,0,1520,760,1074.80230740355,0.008625
46582,Extreme_Capitalism,2,61,FALSE,1,1,0.5,1,1,61,0,14,0,3819,1909.5,2700.44079735143,0.0166222222222222
46583,Extreme_Capitalism,2,39,FALSE,1,1,0.5,1,1,39,2,13,0,1353,676.5,956.715474945399,0.00588888888888889
46584,Extreme_Capitalism,2,84,FALSE,1,2,0.5,1,1,84,8,45,0,3928,1964,2777.51543650076,0.0147380952380952
46585,Extreme_Capitalism,2,51,FALSE,1,1,0.5,1,2,51,4,12,0,3682,1841,2603.56716832887,0.014
46586,Extreme_Capitalism,2,76,FALSE,1,2,0.5,1,1,76,0,18,0,2461,1230.5,1740.18978850009,0.0128484848484849
46587,Extreme_Capitalism,2,53,FALSE,1,1,0.5,1,1,53,0,12,0,2199,1099.5,1554.92781182922,0.0175111111111111
46588,Extreme_Capitalism,2,81,FALSE,1,1,0.5,1,1,81,2,61,0,1644,822,1162.48354827068,0.00592982456140351
46589,Extreme_Capitalism,2,92,FALSE,1,2,0.5,1,2,92,4,47,0,2630,1315,1859.69083452062,0.0202666666666667
46590,Extreme_Capitalism,2,53,FALSE,1,1,0.5,1,1,53,2,20,0,2059,1029.5,1455.9328624631,0.0105714285714286
46591,Extreme_Capitalism,2,54,FALSE,1,2,0.5,1,1,54,4,15,0,3816,1908,2698.31947700787,0.0314666666666667
46592,Extreme_Capitalism,2,98,FALSE,1,2,0.5,1,1,98,0,83,0,3634,1817,2569.62604283191,0.00963636363636363
46593,Extreme_Capitalism,2,110,FALSE,1,2,0.450291656099417,1,1,110,0,60,196,3747,1971.5,2510.93617999343,0.00839506172839506
46594,Extreme_Capitalism,2,63,FALSE,1,1,0.5,1,1,63,4,31,0,3911,1955.5,2765.49462122059,0.0157647058823529
46595,Extreme_Capitalism,2,60,FALSE,1,2,0.5,1,1,60,4,16,0,3859,1929.5,2728.72506859889,0.0122222222222222
46596,Extreme_Capitalism,2,17,FALSE,1,1,0.388765294771969,0.625,1,17,2,2,200,1598,899,988.535280098793,0.0173333333333333
46597,Extreme_Capitalism,2,54,FALSE,1,2,0.5,1,1,54,2,27,0,3475,1737.5,2457.19606462325,0.00905555555555556
46598,Extreme_Capitalism,2,108,FALSE,1,2,0.5,1,1,108,0,91,0,2010,1005,1421.28463018496,0.00766666666666667
46599,Extreme_Capitalism,2,200,TRUE,2,"1,2",0.0768181818181819,0.506172839506173,0,,2,176,1862,2538,2200,478.004184082106,0.0104830917874396
46600,Extreme_Capitalism,2,44,FALSE,1,2,0.5,1,1,44,6,10,0,1722,861,1217.63787720324,0.0105555555555556
46601,Extreme_Capitalism,2,38,FALSE,1,2,0.5,1,1,38,0,5,0,3411,1705.5,2411.94123062731,0.004
46602,Extreme_Capitalism,2,85,FALSE,1,1,0.5,1,1,85,2,34,0,1820,910,1286.93434175952,0.0119649122807018
46603,Extreme_Capitalism,2,39,FALSE,1,1,0.5,1,1,39,2,16,0,2793,1396.5,1974.94923985403,0.0115833333333333
46604,Extreme_Capitalism,2,200,TRUE,2,"1,2",0.0354666666666668,0.503472222222222,0,,2,171,1742,2008,1875,188.090403795622,0.00871641791044776
46605,Extreme_Capitalism,2,68,FALSE,1,2,0.5,1,1,68,0,23,0,3436,1718,2429.61890015698,0.00859259259259259
46606,Extreme_Capitalism,2,33,FALSE,1,1,0.5,1,2,33,2,3,0,1992,996,1408.5567081236,0.00733333333333333
46607,Extreme_Capitalism,2,81,FALSE,1,1,0.5,1,1,81,5,42,0,1885,942.5,1332.89628253664,0.00908333333333333
46608,Extreme_Capitalism,2,57,FALSE,1,1,0.5,1,2,57,2,14,0,1961,980.5,1386.63639790682,0.00773333333333333
46609,Extreme_Capitalism,2,57,FALSE,1,1,0.406425452276981,1,1,57,4,27,150,1453,801.5,921.360135886071,0.0106666666666667
46610,Extreme_Capitalism,2,25,FALSE,1,1,0.5,1,1,25,0,0,0,3646,1823,2578.11132420615,0.0106666666666667
46611,Extreme_Capitalism,2,47,FALSE,1,1,0.5,1,1,47,2,15,0,2847,1423.5,2013.1330060381,0.00533333333333333
46612,Extreme_Capitalism,2,79,FALSE,1,1,0.5,1,1,79,0,29,0,2265,1132.5,1601.59685938753,0.00563333333333333
46613,Extreme_Capitalism,2,51,FALSE,1,1,0.5,1,1,51,0,28,0,1556,778,1100.25815152627,0.00980952380952381
46614,Extreme_Capitalism,2,166,FALSE,1,2,0.5,1,1,166,0,91,0,3775,1887.5,2669.32809897922,0.00795918367346939
46615,Extreme_Capitalism,2,64,FALSE,1,2,0.5,1,1,64,0,29,0,3560,1780,2517.30014102411,0.0210769230769231
46616,Extreme_Capitalism,2,51,FALSE,1,1,0.5,1,1,51,0,8,0,3425,1712.5,2421.84072556393,0.0123030303030303
46617,Extreme_Capitalism,2,47,FALSE,1,1,0.5,1,1,47,2,15,0,2069,1034.5,1463.00393027497,0.0188
46618,Extreme_Capitalism,2,114,FALSE,1,2,0.5,1,1,114,6,43,0,4263,2131.5,3014.39620819825,0.0142444444444444
46619,Extreme_Capitalism,2,181,FALSE,1,1,0.5,1,1,181,2,147,0,2209,1104.5,1561.99887964108,0.0152261904761905
46620,Extreme_Capitalism,2,41,FALSE,1,1,0.5,1,1,41,0,8,0,1707,853.5,1207.03127548544,0.00647619047619048
46621,Extreme_Capitalism,2,39,FALSE,1,1,0.5,1,1,39,3,11,0,1266,633,895.197184982169,0.00311111111111111
46622,Extreme_Capitalism,2,108,FALSE,1,2,0.5,1,1,108,4,90,0,1525,762.5,1078.33784130948,0.00814814814814815
46623,Extreme_Capitalism,2,106,FALSE,1,2,0.5,1,1,106,0,50,0,3552,1776,2511.64328677462,0.011625
46624,Extreme_Capitalism,2,31,FALSE,1,1,0.5,1,1,31,0,8,0,1691,845.5,1195.71756698645,0.00566666666666667
46625,Extreme_Capitalism,2,76,FALSE,1,2,0.5,1,1,76,4,34,0,1138,569,804.687516990291,0.00675555555555556
46626,Extreme_Capitalism,2,132,FALSE,1,2,0.5,1,1,132,0,132,0,3547,1773.5,2508.10775286868,0.0125555555555556
46627,Extreme_Capitalism,2,111,FALSE,1,1,0.5,1,1,111,4,87,0,1650,825,1166.7261889578,0.00903448275862069
46628,Extreme_Capitalism,2,88,FALSE,1,2,0.5,1,1,88,6,47,0,1734,867,1226.12315857747,0.00912121212121212
46629,Extreme_Capitalism,2,88,FALSE,1,2,0.5,1,1,88,1,65,0,1865,932.5,1318.75414691291,0.0112063492063492
46630,Extreme_Capitalism,2,50,FALSE,1,2,0.5,1,2,50,4,15,0,3635,1817.5,2570.3331496131,0.0136666666666667
46631,Extreme_Capitalism,2,75,FALSE,1,1,0.383720930232558,0.834710743801653,1,75,4,40,200,1520,860,933.380951166243,0.00808333333333333
46632,Extreme_Capitalism,2,102,FALSE,1,2,0.5,1,1,102,4,49,0,4253,2126.5,3007.32514038639,0.0113571428571429
46633,Extreme_Capitalism,2,69,FALSE,1,1,0.5,1,1,69,2,44,0,1566,783,1107.32921933813,0.00523809523809524
46634,Extreme_Capitalism,2,43,FALSE,1,1,0.5,1,1,43,2,9,0,1479,739.5,1045.8109293749,0.0186666666666667
46635,Extreme_Capitalism,2,42,FALSE,1,2,0.5,1,1,42,6,18,0,3348,1674,2367.39350341256,0.00723809523809524
46636,Extreme_Capitalism,2,30,FALSE,1,2,0.5,1,1,30,4,12,0,1624,812,1148.34141264695,0.00586666666666667
46637,Extreme_Capitalism,2,42,FALSE,1,2,0.5,1,1,42,0,21,0,1621,810.5,1146.22009230339,0.004
46638,Extreme_Capitalism,2,41,FALSE,1,1,0.5,1,1,41,4,18,0,1541,770.5,1089.65154980847,0.0147619047619048
46639,Extreme_Capitalism,2,92,FALSE,1,2,0.5,1,1,92,2,48,0,1746,873,1234.60843995171,0.0139487179487179
46640,Extreme_Capitalism,2,123,FALSE,1,1,0.5,1,1,123,4,88,0,1125,562.5,795.495128834866,0.005
46641,Extreme_Capitalism,2,46,FALSE,1,2,0.5,1,1,46,0,3,0,1946,973,1376.02979618902,0.00933333333333333
46642,Extreme_Capitalism,2,146,FALSE,1,2,0.5,1,1,146,6,69,0,2000,1000,1414.2135623731,0.00696825396825397
46643,Extreme_Capitalism,2,55,FALSE,1,1,0.5,1,1,55,0,13,0,2115,1057.5,1495.53084220955,0.01
46644,Extreme_Capitalism,2,102,FALSE,1,2,0.5,1,1,102,2,44,0,3821,1910.5,2701.8550109138,0.0137460317460317
46645,Extreme_Capitalism,2,49,FALSE,1,1,0.5,1,1,49,2,18,0,1812,906,1281.27748751002,0.00666666666666667
46646,Extreme_Capitalism,2,59,FALSE,1,1,0.5,1,1,59,0,29,0,2339,1169.5,1653.92276119533,0.00835294117647059
46647,Extreme_Capitalism,2,71,FALSE,1,1,0.5,1,1,71,4,38,0,3468,1734,2452.24631715495,0.008
46648,Extreme_Capitalism,2,92,FALSE,1,2,0.5,1,1,92,0,35,0,2035,1017.5,1438.96229971462,0.012367816091954
46649,Extreme_Capitalism,2,75,FALSE,1,1,0.5,1,1,75,3,54,0,965,482.5,682.358043845018,0.0133777777777778
46650,Extreme_Capitalism,2,164,FALSE,1,2,0.5,1,1,164,2,139,0,2156,1078,1524.5222202382,0.00959259259259259
46651,Extreme_Capitalism,2,113,FALSE,1,1,0.5,1,1,113,2,77,0,2189,1094.5,1547.85674401735,0.0108070175438597
46652,Extreme_Capitalism,2,40,FALSE,1,2,0.5,1,1,40,4,21,0,1400,700,989.949493661167,0.00457142857142857
46653,Extreme_Capitalism,2,81,FALSE,1,1,0.5,1,1,81,2,14,0,1665,832.5,1177.3327906756,0.0113333333333333
46654,Extreme_Capitalism,2,58,FALSE,1,2,0.5,1,1,58,1,25,0,1876,938,1326.53232150596,0.0102222222222222
46655,Extreme_Capitalism,2,46,FALSE,1,2,0.5,1,1,46,4,28,0,1386,693,980.049998724555,0.006
46656,Extreme_Capitalism,2,45,FALSE,1,1,0.5,1,1,45,2,5,0,1600,800,1131.37084989848,0.00616666666666667
46657,Extreme_Capitalism,2,82,FALSE,1,2,0.5,1,1,82,0,39,0,2418,1209,1709.78419690907,0.00954385964912281
46658,Extreme_Capitalism,2,66,FALSE,1,2,0.5,1,1,66,0,47,0,2160,1080,1527.35064736294,0.0119
46659,Extreme_Capitalism,2,46,FALSE,1,2,0.5,1,1,46,0,26,0,1756,878,1241.67950776358,0.00583333333333333
46660,Extreme_Capitalism,2,79,FALSE,1,1,0.5,1,1,79,8,35,0,1791,895.5,1266.42824510511,0.00674074074074074
46661,Extreme_Capitalism,2,47,FALSE,1,1,0.5,1,1,47,2,20,0,2940,1470,2078.89393668845,0.00516666666666667
46662,Extreme_Capitalism,2,72,FALSE,1,2,0.5,1,1,72,4,32,0,1956,978,1383.10086400089,0.00573333333333333
46663,Extreme_Capitalism,2,134,FALSE,1,2,0.5,1,1,134,0,96,0,3729,1864.5,2636.80118704464,0.0140380952380952
46664,Extreme_Capitalism,2,81,FALSE,1,1,0.5,1,1,81,2,36,0,2558,1279,1808.77914627519,0.00976
46665,Extreme_Capitalism,2,40,FALSE,1,2,0.5,1,1,40,4,14,0,1499,749.5,1059.95306499863,0.0122222222222222
46666,Extreme_Capitalism,2,53,FALSE,1,1,0.5,1,1,53,2,6,0,3568,1784,2522.9569952736,0.0126666666666667
46667,Extreme_Capitalism,2,104,FALSE,1,2,0.5,1,1,104,2,64,0,2024,1012,1431.18412512157,0.0116767676767677
46668,Extreme_Capitalism,2,91,FALSE,1,1,0.411699779249448,1,1,91,2,53,200,2065,1132.5,1318.75414691291,0.00745679012345679
46669,Extreme_Capitalism,2,56,FALSE,1,2,0.5,1,1,56,6,15,0,1602,801,1132.78506346085,0.0136470588235294
46670,Extreme_Capitalism,2,65,FALSE,1,1,0.5,1,1,65,0,9,0,3859,1929.5,2728.72506859889,0.0138571428571429
46671,Extreme_Capitalism,2,43,FALSE,1,1,0.5,1,1,43,0,18,0,3440,1720,2432.44732728172,0.00677777777777778
46672,Extreme_Capitalism,2,51,FALSE,1,1,0.5,1,1,51,4,24,0,1774,887,1254.40742982494,0.004
46673,Extreme_Capitalism,2,49,FALSE,1,1,0.5,1,2,49,2,16,0,3534,1767,2498.91536471326,0.0174666666666667
46674,Extreme_Capitalism,2,32,FALSE,1,2,0.5,1,1,32,2,12,0,3421,1710.5,2419.01229843918,0.00355555555555556
46675,Extreme_Capitalism,2,55,FALSE,1,1,0.5,1,1,55,2,23,0,3301,1650.5,2334.15948469679,0.00787878787878788
46676,Extreme_Capitalism,2,34,FALSE,1,2,0.5,1,1,34,0,11,0,1490,745,1053.58910396796,0.00733333333333333
46677,Extreme_Capitalism,2,65,FALSE,1,1,0.5,1,1,65,6,16,0,1500,750,1060.66017177982,0.00956862745098039
46678,Extreme_Capitalism,2,119,FALSE,1,1,0.356515373352855,1,1,119,4,124,196,1170,683,688.722004875697,0.00900952380952381
46679,Extreme_Capitalism,2,170,FALSE,1,2,0.5,1,1,170,2,126,0,3994,1997,2824.18448405907,0.0133801169590643
46680,Extreme_Capitalism,2,30,FALSE,1,2,0.5,1,1,30,3,1,0,1852,926,1309.56175875749,0.00333333333333333
46681,Extreme_Capitalism,2,60,FALSE,1,2,0.5,1,1,60,1,45,0,1730,865,1223.29473145273,0.00616666666666667
46682,Extreme_Capitalism,2,147,FALSE,1,1,0.5,1,1,147,8,126,0,2114,1057,1494.82373542836,0.0113055555555556
46683,Extreme_Capitalism,2,64,FALSE,1,2,0.5,1,1,64,2,21,0,1964,982,1388.75771825038,0.00874074074074074
46684,Extreme_Capitalism,2,60,FALSE,1,2,0.5,1,1,60,2,20,0,1643,821.5,1161.7764414895,0.0094
46685,Extreme_Capitalism,2,52,FALSE,1,2,0.5,1,1,52,4,29,0,1465,732.5,1035.91143443829,0.0140952380952381
46686,Extreme_Capitalism,2,61,FALSE,1,1,0.5,1,1,61,0,36,0,3199,1599.5,2262.03459301577,0.0113333333333333
46687,Extreme_Capitalism,2,63,FALSE,1,1,0.5,1,1,63,2,38,0,1130,565,799.030662740799,0.00947619047619048
46688,Extreme_Capitalism,2,105,FALSE,1,1,0.5,1,1,105,10,55,0,4066,2033,2875.0961723045,0.0143589743589744
46689,Extreme_Capitalism,2,79,FALSE,1,1,0.5,1,1,79,2,46,0,1435,717.5,1014.6982310027,0.00973913043478261
46690,Extreme_Capitalism,2,51,FALSE,1,1,0.5,1,1,51,2,18,0,3040,1520,2149.6046148071,0.00448484848484848
46691,Extreme_Capitalism,2,151,FALSE,1,1,0.418773311230833,1,1,151,8,125,196,2217,1206.5,1429.06280477801,0.0129795918367347
46692,Extreme_Capitalism,2,43,FALSE,1,1,0.5,1,1,43,4,4,0,1562,781,1104.50079221339,0.0231666666666667
46693,Extreme_Capitalism,2,104,FALSE,1,2,0.5,1,1,104,0,65,0,2018,1009,1426.94148443445,0.00982456140350877
46694,Extreme_Capitalism,2,62,FALSE,1,2,0.5,1,1,62,2,8,0,3179,1589.5,2247.89245739203,0.00717948717948718
46695,Extreme_Capitalism,2,42,FALSE,1,2,0.398617511520737,1,1,42,4,20,198,1755,976.5,1100.96525830745,0.0297435897435897
46696,Extreme_Capitalism,2,40,FALSE,1,2,0.5,1,1,40,0,21,0,1502,751,1062.07438534219,0.00691666666666667
46697,Extreme_Capitalism,2,60,FALSE,1,2,0.5,1,1,60,4,29,0,1505,752.5,1064.19570568575,0.00633333333333333
46698,Extreme_Capitalism,2,86,FALSE,1,2,0.5,1,1,86,1,38,0,2410,1205,1704.12734265958,0.0157777777777778
46699,Extreme_Capitalism,2,51,FALSE,1,1,0.5,1,1,51,4,18,0,1694,847,1197.83888733001,0.0102051282051282
46700,Extreme_Capitalism,2,52,FALSE,1,2,0.5,1,1,52,0,12,0,3390,1695,2397.0919882224,0.00973333333333333
46701,Extreme_Capitalism,2,104,FALSE,1,2,0.5,1,1,104,6,54,0,1801,900.5,1273.49931291697,0.00964285714285714
46702,Extreme_Capitalism,2,77,FALSE,1,1,0.5,1,1,77,6,40,0,1531,765.5,1082.5804819966,0.0114736842105263
46703,Extreme_Capitalism,2,117,FALSE,1,1,0.5,1,1,117,10,110,0,1865,932.5,1318.75414691291,0.00723456790123457
46704,Extreme_Capitalism,2,44,FALSE,1,2,0.5,1,1,44,2,12,0,3568,1784,2522.9569952736,0.00711111111111111
46705,Extreme_Capitalism,2,63,FALSE,1,1,0.447312961011591,1,1,63,6,33,200,3596,1898,2401.33462890952,0.0139444444444444
46706,Extreme_Capitalism,2,48,FALSE,1,2,0.5,1,1,48,2,2,0,3827,1913.5,2706.09765160092,0.0121111111111111
46707,Extreme_Capitalism,2,60,FALSE,1,2,0.5,1,1,60,2,21,0,3887,1943.5,2748.52405847211,0.0138571428571429
46708,Extreme_Capitalism,2,62,FALSE,1,2,0.5,1,1,62,4,11,0,3144,1572,2223.14372005051,0.00925925925925926
46709,Extreme_Capitalism,2,105,FALSE,1,1,0.5,1,2,105,10,66,0,1829,914.5,1293.2983027902,0.0117066666666667
46710,Extreme_Capitalism,2,55,FALSE,1,1,0.5,1,1,55,4,12,0,2444,1222,1728.16897321992,0.00882051282051282
46711,Extreme_Capitalism,2,97,FALSE,1,1,0.5,1,1,97,4,64,0,1766,883,1248.75057557544,0.0061
46712,Extreme_Capitalism,2,57,FALSE,1,1,0.5,1,1,57,6,42,0,1658,829,1172.3830432073,0.00548717948717949
46713,Extreme_Capitalism,2,59,FALSE,1,1,0.5,1,1,59,2,24,0,3590,1795,2538.51334445971,0.0121176470588235
46714,Extreme_Capitalism,2,63,FALSE,1,1,0.5,1,1,63,2,32,0,1526,763,1079.04494809067,0.0104285714285714
46715,Extreme_Capitalism,2,70,FALSE,1,2,0.5,1,1,70,0,32,0,1806,903,1277.03484682291,0.00980392156862745
46716,Extreme_Capitalism,2,48,FALSE,1,2,0.5,1,1,48,2,13,0,1705,852.5,1205.61706192306,0.00711111111111111
46717,Extreme_Capitalism,2,78,FALSE,1,2,0.438974776240846,1,1,78,4,32,150,2308,1229,1525.93643380057,0.0136825396825397
46718,Extreme_Capitalism,2,41,FALSE,1,1,0.5,1,1,41,2,17,0,3319,1659.5,2346.88740675815,0.00877777777777778
46719,Extreme_Capitalism,2,42,FALSE,1,2,0.5,1,1,42,4,19,0,1410,705,997.020561473032,0.00806666666666667
46720,Extreme_Capitalism,2,64,FALSE,1,2,0.5,1,1,64,2,13,0,1891,945.5,1337.13892322376,0.00820833333333333
46721,Extreme_Capitalism,2,67,FALSE,1,1,0.5,1,1,67,4,54,0,3292,1646,2327.79552366611,0.0072
46722,Extreme_Capitalism,2,46,FALSE,1,2,0.5,1,1,46,2,20,0,1840,920,1301.07647738325,0.0122962962962963
46723,Extreme_Capitalism,2,63,FALSE,1,1,0.441383352872216,0.905,1,63,0,20,200,3212,1706,2129.80562493388,0.0111515151515152
46724,Extreme_Capitalism,2,62,FALSE,1,2,0.5,1,1,62,0,38,0,3437,1718.5,2430.32600693816,0.00955555555555556
46725,Extreme_Capitalism,2,173,FALSE,1,1,0.5,1,1,173,10,122,0,1689,844.5,1194.30335342408,0.0117543859649123
46726,Extreme_Capitalism,2,86,FALSE,1,2,0.5,1,1,86,8,40,0,1355,677.5,958.129688507772,0.00572549019607843
46727,Extreme_Capitalism,2,73,FALSE,1,1,0.5,1,1,73,2,43,0,3369,1684.5,2382.24274581748,0.00776190476190476
46728,Extreme_Capitalism,2,119,FALSE,1,1,0.5,1,2,119,2,84,0,1849,924.5,1307.44043841393,0.0113703703703704
46729,Extreme_Capitalism,2,72,FALSE,1,2,0.5,1,1,72,6,24,0,1801,900.5,1273.49931291697,0.00981818181818182
46730,Extreme_Capitalism,2,43,FALSE,1,1,0.5,1,1,43,2,5,0,1755,877.5,1240.97240098239,0.0211111111111111
46731,Extreme_Capitalism,2,93,FALSE,1,1,0.5,1,1,93,6,60,0,1690,845,1195.01046020527,0.00626086956521739
46732,Extreme_Capitalism,2,170,FALSE,1,2,0.5,1,1,170,8,135,0,2014,1007,1424.11305730971,0.01
46733,Extreme_Capitalism,2,60,FALSE,1,2,0.5,1,1,60,2,26,0,3370,1685,2382.94985259867,0.00901960784313725
46734,Extreme_Capitalism,2,32,FALSE,1,2,0.5,1,1,32,0,6,0,1899,949.5,1342.79577747325,0.00453333333333333
46735,Extreme_Capitalism,2,79,FALSE,1,1,0.398425596749619,1,1,79,0,22,200,1769,984.5,1109.45053968169,0.0190833333333333
46736,Extreme_Capitalism,2,93,FALSE,1,1,0.5,1,1,93,5,69,0,1745,872.5,1233.90133317053,0.0109462365591398
46737,Extreme_Capitalism,2,58,FALSE,1,2,0.5,1,1,58,0,23,0,3469,1734.5,2452.95342393613,0.0333333333333333
46738,Extreme_Capitalism,2,66,FALSE,1,2,0.5,1,1,66,0,25,0,4223,2111.5,2986.11193695079,0.00815686274509804
46739,Extreme_Capitalism,2,74,FALSE,1,2,0.5,1,1,74,2,43,0,3509,1754.5,2481.2376951836,0.00977777777777778
46740,Extreme_Capitalism,2,114,FALSE,1,2,0.5,1,1,114,4,86,0,2225,1112.5,1573.31258814007,0.00696078431372549
46741,Extreme_Capitalism,2,72,FALSE,1,2,0.5,1,1,72,2,64,0,1341,670.5,948.23019357116,0.00495238095238095
46742,Extreme_Capitalism,2,32,FALSE,1,2,0.5,1,1,32,0,14,0,1357,678.5,959.543902070145,0.0105
46743,Extreme_Capitalism,2,37,FALSE,1,1,0.5,1,1,37,2,10,0,1405,702.5,993.485027567099,0.0108333333333333
46744,Extreme_Capitalism,2,100,FALSE,1,2,0.5,1,1,100,2,56,0,2610,1305,1845.54869889689,0.009625
46745,Extreme_Capitalism,2,127,FALSE,1,1,0.5,1,1,127,8,79,0,2157,1078.5,1525.22932701938,0.0100833333333333
46746,Extreme_Capitalism,2,70,FALSE,1,2,0.5,1,1,70,6,28,0,4000,2000,2828.42712474619,0.011719298245614
46747,Extreme_Capitalism,2,75,FALSE,1,1,0.5,1,2,75,4,37,0,3907,1953.5,2762.66619409584,0.0101333333333333
46748,Extreme_Capitalism,2,71,FALSE,1,1,0.5,1,1,71,4,26,0,1814,907,1282.6917010724,0.0064
46749,Extreme_Capitalism,2,135,FALSE,1,1,0.5,1,1,135,4,104,0,1793,896.5,1267.84245866748,0.0168571428571429
46750,Extreme_Capitalism,2,118,FALSE,1,2,0.416949152542373,1,1,118,2,82,196,2164,1180,1391.58614537513,0.012
46751,Extreme_Capitalism,2,52,FALSE,1,2,0.5,1,1,52,4,16,0,1390,695,982.878425849301,0.0114285714285714
46752,Extreme_Capitalism,2,168,FALSE,1,2,0.5,1,1,168,0,172,0,2582,1291,1825.74970902367,0.0125185185185185
46753,Extreme_Capitalism,2,139,FALSE,1,1,0.5,1,1,139,6,116,0,4077,2038.5,2882.87434689755,0.00854385964912281
46754,Extreme_Capitalism,2,109,FALSE,1,1,0.410793933987511,1,1,109,0,94,200,2042,1121,1302.49069094562,0.00648717948717949
46755,Extreme_Capitalism,2,114,FALSE,1,2,0.5,1,1,114,6,76,0,1608,804,1137.02770414797,0.00884848484848485
46756,Extreme_Capitalism,2,58,FALSE,1,2,0.5,1,1,58,2,19,0,1237,618.5,874.691088327759,0.00876190476190476
46757,Extreme_Capitalism,2,110,FALSE,1,2,0.5,1,2,110,0,99,0,2090,1045,1477.85317267988,0.00803508771929825
46758,Extreme_Capitalism,2,82,FALSE,1,2,0.5,1,1,82,3,30,0,3760,1880,2658.72149726142,0.0227037037037037
46759,Extreme_Capitalism,2,112,FALSE,1,2,0.5,1,1,112,6,28,0,2316,1158,1637.65930522804,0.00875
46760,Extreme_Capitalism,2,30,FALSE,1,2,0.5,1,1,30,0,6,0,1735,867.5,1226.83026535866,0.00426666666666667
46761,Extreme_Capitalism,2,116,FALSE,1,2,0.5,1,1,116,0,94,0,4062,2031,2872.26774517976,0.010247619047619
46762,Extreme_Capitalism,2,52,FALSE,1,2,0.5,1,1,52,6,20,0,3010,1505,2128.39141137151,0.00851851851851852
46763,Extreme_Capitalism,2,63,FALSE,1,1,0.5,1,1,63,6,13,0,1809,904.5,1279.15616716646,0.0121904761904762
46764,Extreme_Capitalism,2,50,FALSE,1,2,0.5,1,1,50,0,33,0,1749,874.5,1236.72976029527,0.006
46765,Extreme_Capitalism,2,53,FALSE,1,1,0.399648770697441,0.86734693877551,1,53,4,29,200,1793,996.5,1126.42110243017,0.0177619047619048
46766,Extreme_Capitalism,2,33,FALSE,1,1,0.5,1,1,33,4,2,0,3270,1635,2312.23917448001,0.00444444444444444
46767,Extreme_Capitalism,2,75,FALSE,1,1,0.5,1,1,75,7,44,0,1774,887,1254.40742982494,0.008
46768,Extreme_Capitalism,2,56,FALSE,1,2,0.5,1,1,56,6,18,0,1203,601.5,850.649457767417,0.0135
46769,Extreme_Capitalism,2,67,FALSE,1,1,0.5,1,1,67,2,33,0,1453,726.5,1027.42615306405,0.0132444444444444
46770,Extreme_Capitalism,2,90,FALSE,1,2,0.5,1,1,90,8,26,0,1755,877.5,1240.97240098239,0.0225866666666667
46771,Extreme_Capitalism,2,200,TRUE,2,"1,2",0.0718277066356228,0.53360768175583,0,,0,185,1839,2456,2147.5,436.2848839921,0.0131022222222222
46772,Extreme_Capitalism,2,45,FALSE,1,1,0.5,1,1,45,2,9,0,3522,1761,2490.43008333902,0.0186666666666667
46773,Extreme_Capitalism,2,74,FALSE,1,2,0.5,1,1,74,6,22,0,3790,1895,2679.93470069702,0.00652380952380952
46774,Extreme_Capitalism,2,138,FALSE,1,2,0.5,1,1,138,12,125,0,3475,1737.5,2457.19606462325,0.0065625
72082,Democratic_Socialism,2,200,TRUE,2,"1,2",0.0726382931925658,0.500685871056241,0,,0,480,3886,5207,4546.5,934.088057947429,0.0117333333333333
72083,Democratic_Socialism,2,200,TRUE,2,"1,2",0.0982489055659788,0.591836734693878,0,,0,524,3212,4783,3997.5,1110.86475324407,0.0122415458937198
72084,Democratic_Socialism,2,200,TRUE,2,"1,2",0.0345156583230442,0.522959183673469,0,,2,506,4147,4762,4454.5,434.870670429727,0.0157428571428571
72085,Democratic_Socialism,2,200,TRUE,2,"1,2",0.0282917959140014,0.5,0,,4,624,4410,4939,4674.5,374.059487247684,0.0127602339181287
72086,Democratic_Socialism,2,200,TRUE,2,"1,2",0.0886600127415587,0.510204081632653,0,,4,567,3874,5544,4709,1180.86832458153,0.0149537037037037
72087,Democratic_Socialism,2,200,TRUE,2,"1,2",0.0890930646117367,0.522959183673469,0,,0,581,3466,4969,4217.5,1062.78149212338,0.0130162601626016
72088,Democratic_Socialism,2,200,TRUE,2,"1,2",0.0568610542201142,0.540816326530612,0,,2,554,4111,5166,4638.5,745.997654151808,0.0157238095238095
72089,Democratic_Socialism,2,200,TRUE,2,"1,2",0.00290632684998893,0.510204081632653,0,,8,489,4447,4499,4473,36.7695526217005,0.0127272727272727
72090,Democratic_Socialism,2,200,TRUE,2,"1,2",0.0450387051372274,0.563775510204082,0,,2,485,3879,4647,4263,543.058007951268,0.0139722222222222
72091,Democratic_Socialism,2,200,TRUE,2,"1,2",0.0133509234828495,0.510204081632653,0,,6,590,4611,4864,4737.5,178.898015640197,0.0128410256410256
72092,Democratic_Socialism,2,200,TRUE,2,"1,2",0.0160985965326099,0.510204081632653,0,,2,559,4103,4376,4239.5,193.040151263927,0.0119907407407407
72093,Democratic_Socialism,2,200,TRUE,2,"1,2",0.0461200585651538,0.502551020408163,0,,6,546,4340,5222,4781,623.668181006535,0.013280701754386
72094,Democratic_Socialism,2,200,TRUE,2,"1,2",0.0073868882733148,0.510204081632653,0,,4,490,4268,4396,4332,90.5096679918781,0.0098018018018018
72095,Democratic_Socialism,2,200,TRUE,2,"1,2",0.0890090976149496,0.5,0,,0,546,3343,4791,4067,1023.89061915812,0.0126181818181818
72096,Democratic_Socialism,2,200,TRUE,2,"1,2",0.0382405745062837,0.502551020408163,0,,4,562,3858,4497,4177.5,451.841233178204,0.0105959595959596
72097,Democratic_Socialism,2,200,TRUE,2,"1,2",0.048218262806236,0.522959183673469,0,,6,615,4057,4923,4490,612.35447250755,0.0094703196347032
72098,Democratic_Socialism,2,200,TRUE,2,"1,2",0.0214977557287976,0.5,0,,8,552,4051,4415,4233,257.386868351903,0.0136060606060606
72099,Democratic_Socialism,2,200,TRUE,2,"1,2",0.0198663643956569,0.500685871056241,0,,0,455,4024,4357,4190.5,235.46655813512,0.0130645161290323
72100,Democratic_Socialism,2,200,TRUE,2,"1,2",0.00979917735301239,0.5,0,,4,577,4052,4214,4133,114.551298552221,0.0167076923076923
72101,Democratic_Socialism,2,200,TRUE,2,"1,2",0.0217224635829287,0.506172839506173,0,,6,497,3743,4083,3913,240.416305603426,0.00927027027027027
72102,Democratic_Socialism,2,200,TRUE,2,"1,2",0.0290226935796556,0.563775510204082,0,,0,519,4130,4639,4384.5,359.917351623953,0.00688205128205128
72103,Democratic_Socialism,2,200,TRUE,2,"1,2",0.0381880593355399,0.500685871056241,0,,0,438,3767,4390,4078.5,440.527524679219,0.0103655913978495
72104,Democratic_Socialism,2,200,TRUE,2,"1,2",0.0432128321762031,0.510204081632653,0,,2,559,3816,4538,4177,510.531096016687,0.00895774647887324
72105,Democratic_Socialism,2,200,TRUE,2,"1,2",0.000910525676824037,0.540816326530612,0,,6,568,4111,4126,4118.5,10.6066017177982,0.01225
72106,Democratic_Socialism,2,200,TRUE,2,"1,2",0.0859656793092141,0.563775510204082,0,,0,603,3788,5361,4574.5,1112.27896680644,0.0105934959349594
72107,Democratic_Socialism,2,200,TRUE,2,"1,2",0.0336143776347904,0.563775510204082,0,,6,555,4204,4810,4507,428.506709399048,0.0167359307359307
72108,Democratic_Socialism,2,200,TRUE,2,"1,2",0.0937793427230047,0.625,0,,6,512,3461,5059,4260,1129.9566363361,0.00798222222222222
72109,Democratic_Socialism,2,200,TRUE,2,"1,2",0.0952766844176893,0.625,0,,2,529,3496,5142,4319,1163.89776183306,0.0122461538461538
72110,Democratic_Socialism,2,200,TRUE,2,"1,2",0.0598885793871866,0.563775510204082,0,,0,579,4108,5226,4667,790.54538136656,0.0105045045045045
72111,Democratic_Socialism,2,200,TRUE,2,"1,2",0.113541666666667,0.510204081632653,0,,2,492,3339,5301,4320,1387.34350468801,0.0176111111111111
72112,Democratic_Socialism,2,200,TRUE,2,"1,2",0.0345699831365935,0.522959183673469,0,,6,554,4140,4755,4447.5,434.870670429727,0.0101164021164021
72113,Democratic_Socialism,2,200,TRUE,2,"1,2",0.0607935153583619,0.563775510204082,0,,6,521,4118,5258,4688,806.101730552664,0.0105454545454545
72114,Democratic_Socialism,2,200,TRUE,2,"1,2",0.0432245772803048,0.502551020408163,0,,2,597,3836,4562,4199,513.359523141434,0.0134885844748858
72115,Democratic_Socialism,2,200,TRUE,2,"1,2",0.0318968647863456,0.502551020408163,0,,6,474,3867,4394,4130.5,372.645273685311,0.0105376344086022
72116,Democratic_Socialism,2,200,TRUE,2,"1,2",0.00274269677254746,0.522959183673469,0,,12,588,3898,3941,3919.5,30.4055915910215,0.0110925925925926
72117,Democratic_Socialism,2,200,TRUE,2,"1,2",0.0528806824821784,0.502551020408163,0,,0,570,3826,4731,4278.5,639.931636973826,0.0126060606060606
72118,Democratic_Socialism,2,200,TRUE,2,"1,2",0.018954410307235,0.510204081632653,0,,4,586,3883,4189,4036,216.374675043084,0.012037558685446
72119,Democratic_Socialism,2,200,TRUE,2,"1,2",0.099374190763919,0.522959183673469,0,,0,596,3713,5555,4634,1302.49069094562,0.00923148148148148
72120,Democratic_Socialism,2,200,TRUE,2,"1,2",0.0186339125224686,0.540816326530612,0,,2,634,4017,4328,4172.5,219.910208949016,0.0116969696969697
72121,Democratic_Socialism,2,200,TRUE,2,"1,2",0.0250146455770357,0.540816326530612,0,,6,589,4054,4481,4267.5,301.934595566656,0.0138666666666667
72122,Democratic_Socialism,2,200,TRUE,2,"1,2",0.0986091491904815,0.663265306122449,0,,0,485,3694,5509,4601.5,1283.39880785358,0.0124200913242009
72123,Democratic_Socialism,2,200,TRUE,2,"1,2",0.0410557184750733,0.502551020408163,0,,4,580,4382,5166,4774,554.371716450253,0.0145045045045045
72124,Democratic_Socialism,2,200,TRUE,2,"1,2",0.103468757424567,0.555555555555556,0,,0,494,3338,5080,4209,1231.78001282697,0.0149411764705882
72125,Democratic_Socialism,2,200,TRUE,2,"1,2",0.0116049923363257,0.506172839506173,0,,6,469,4461,4673,4567,149.906637611548,0.0124588744588745
72126,Democratic_Socialism,2,200,TRUE,2,"1,2",0.0592780597856739,0.522959183673469,0,,2,514,3907,4958,4432.5,743.169227027062,0.00863768115942029
72127,Democratic_Socialism,2,200,TRUE,2,"1,2",0.038741223671013,0.510204081632653,0,,0,630,3679,4297,3988,436.991990773286,0.012231884057971
72128,Democratic_Socialism,2,200,TRUE,2,"1,2",0.138450671061926,0.563775510204082,0,,2,524,3071,5423,4247,1663.11514935076,0.0141764705882353
72129,Democratic_Socialism,2,53,FALSE,1,1,0.5,1,2,53,6,30,0,5014,2507,3545.43340086935,0.00571428571428571
72130,Democratic_Socialism,2,200,TRUE,2,"1,2",0.0223546065825173,0.5,0,,4,500,4049,4428,4238.5,267.993470069702,0.0142280701754386
72131,Democratic_Socialism,2,200,TRUE,2,"1,2",0.0805542508219821,0.522959183673469,0,,8,517,3572,4944,4258,970.150503787943,0.00992592592592593
72132,Democratic_Socialism,2,200,TRUE,2,"1,2",0.0531271797256452,0.5,0,,8,586,3844,4758,4301,646.295598004504,0.0143781094527363
72133,Democratic_Socialism,2,200,TRUE,2,"1,2",0.0104934137084172,0.522959183673469,0,,4,523,4385,4573,4479,132.936074863071,0.00971144278606965
72134,Democratic_Socialism,2,200,TRUE,2,"1,2",0.0366358192705498,0.5,0,,0,536,4256,4929,4592.5,475.882863738547,0.0111243781094527
72135,Democratic_Socialism,2,200,TRUE,2,"1,2",0.0524062933826932,0.502551020408163,0,,8,639,3869,4775,4322,640.638743755012,0.0108831168831169
72136,Democratic_Socialism,2,200,TRUE,2,"1,2",0.0602107068479725,0.510204081632653,0,,4,561,3590,4573,4081.5,695.085965906376,0.0141929824561404
72137,Democratic_Socialism,2,200,TRUE,2,"1,2",0.029376924899313,0.540816326530612,0,,4,535,3973,4469,4221,350.724963468528,0.0130925925925926
72138,Democratic_Socialism,2,200,TRUE,2,"1,2",0.0710498409331919,0.5,0,,8,610,4045,5385,4715,947.523086789974,0.0137083333333333
72139,Democratic_Socialism,2,200,TRUE,2,"1,2",0.0248699977390912,0.5,0,,12,618,4203,4643,4423,311.126983722081,0.0124109589041096
72140,Democratic_Socialism,2,200,TRUE,2,"1,2",0.0963035019455254,0.5,0,,0,605,3735,5517,4626,1260.06428407443,0.0142719298245614
72141,Democratic_Socialism,2,200,TRUE,2,"1,2",0.0497567448031844,0.540816326530612,0,,6,601,4072,4972,4522,636.396103067893,0.0125142857142857
72142,Democratic_Socialism,2,200,TRUE,2,"1,2",0.0646842427958307,0.522959183673469,0,,0,480,3550,4605,4077.5,745.997654151808,0.0110215053763441
72143,Democratic_Socialism,2,200,TRUE,2,"1,2",0.0257677186271386,0.591836734693878,0,,0,589,4463,4948,4705.5,342.946788875476,0.0123981481481482
72144,Democratic_Socialism,2,200,TRUE,2,"1,2",0.0110789444382586,0.663265306122449,0,,0,557,4391,4590,4490.5,140.714249456123,0.0151794871794872
72145,Democratic_Socialism,2,200,TRUE,2,"1,2",0.0478281231705888,0.522959183673469,0,,8,602,3862,4679,4270.5,577.706240229409,0.0173235294117647
72146,Democratic_Socialism,2,200,TRUE,2,"1,2",0.0759607326708967,0.502551020408163,0,,2,549,3542,4811,4176.5,897.318505325729,0.015020202020202
72147,Democratic_Socialism,2,200,TRUE,2,"1,2",0.0702091849002164,0.522959183673469,0,,4,521,3575,4743,4159,825.900720425888,0.0130645161290323
72148,Democratic_Socialism,2,76,FALSE,1,2,0.5,1,1,76,6,45,0,2875,1437.5,2032.93199591132,0.0104
72149,Democratic_Socialism,2,79,FALSE,1,1,0.5,1,1,79,0,99,0,3355,1677.5,2372.34325088087,0.0161159420289855
72150,Democratic_Socialism,2,200,TRUE,2,"1,2",0.0346627565982405,0.5,0,,8,574,3967,4558,4262.5,417.90010768125,0.0106567164179104
72151,Democratic_Socialism,2,200,TRUE,2,"1,2",0.0399950470529966,0.510204081632653,0,,6,571,3715,4361,4038,456.79098064651,0.0135589743589744
72152,Democratic_Socialism,2,200,TRUE,2,"1,2",0.0382865807429871,0.591836734693878,0,,0,628,4263,4970,4616.5,499.924494298889,0.00969312169312169
72153,Democratic_Socialism,2,200,TRUE,2,"1,2",0.127800691115818,0.5,0,,0,556,3339,5632,4485.5,1621.39584926075,0.0124786324786325
72154,Democratic_Socialism,2,200,TRUE,2,"1,2",0.0169679300291545,0.522959183673469,0,,12,521,4142,4433,4287.5,205.768073325285,0.00890625
72155,Democratic_Socialism,2,200,TRUE,2,"1,2",0.0126375619784738,0.510204081632653,0,,16,529,4030,4239,4134.5,147.785317267988,0.0106464646464646
72156,Democratic_Socialism,2,200,TRUE,2,"1,2",0.07708791845245,0.522959183673469,0,,2,592,3651,4982,4316.5,941.159125759295,0.0111073446327684
72157,Democratic_Socialism,2,200,TRUE,2,"1,2",0.0612816491149451,0.5,0,,2,588,3916,5010,4463,773.574818618083,0.0146974358974359
72158,Democratic_Socialism,2,200,TRUE,2,"1,2",0.0140668023464623,0.625,0,,2,585,4059,4294,4176.5,166.170093578839,0.0113958333333333
72159,Democratic_Socialism,2,200,TRUE,2,"1,2",0.0294655093650069,0.5,0,,6,591,4120,4636,4378,364.867099092259,0.0114133333333333
72160,Democratic_Socialism,2,200,TRUE,2,"1,2",0.0443563148261135,0.506172839506173,0,,2,460,3734,4461,4097.5,514.06662992262,0.00853731343283582
72161,Democratic_Socialism,2,200,TRUE,2,"1,2",0.0475922592259226,0.591836734693878,0,,6,573,4021,4867,4444,598.212336883819,0.0146078431372549
72162,Democratic_Socialism,2,200,TRUE,2,"1,2",0.0402644230769231,0.502551020408163,0,,8,601,3825,4495,4160,473.761543394987,0.00916923076923077
72163,Democratic_Socialism,2,200,TRUE,2,"1,2",0.00409433344251564,0.502551020408163,0,,12,627,4542,4617,4579.5,53.0330085889911,0.010337899543379
72164,Democratic_Socialism,2,200,TRUE,2,"1,2",0.00334738408132895,0.5,0,,8,598,4006,4060,4033,38.1837661840736,0.0108245614035088
72165,Democratic_Socialism,2,200,TRUE,2,"1,2",0.0880325043092833,0.563775510204082,0,,0,466,3346,4776,4061,1011.16269709676,0.0132338308457711
72166,Democratic_Socialism,2,200,TRUE,2,"1,2",0.0248387461808306,0.510204081632653,0,,18,553,4199,4638,4418.5,310.419876940894,0.0128695652173913
72167,Democratic_Socialism,2,200,TRUE,2,"1,2",0.0459063237669275,0.502551020408163,0,,0,530,3655,4394,4024.5,522.551911296859,0.0123047619047619
72168,Democratic_Socialism,2,200,TRUE,2,"1,2",0.0213017016519688,0.502551020408163,0,,6,545,3854,4197,4025.5,242.537625946986,0.0184242424242424
72169,Democratic_Socialism,2,200,TRUE,2,"1,2",0.0174851660143922,0.510204081632653,0,,4,517,3822,4099,3960.5,195.868578388674,0.0105098039215686
72170,Democratic_Socialism,2,200,TRUE,2,"1,2",0.0603214124038027,0.502551020408163,0,,2,598,3885,4951,4418,753.77582874486,0.0136425120772947
72171,Democratic_Socialism,2,200,TRUE,2,"1,2",0.0487109285877254,0.502551020408163,0,,10,524,3956,4810,4383,603.869191133312,0.0125555555555556
72172,Democratic_Socialism,2,200,TRUE,2,"1,2",0.0330110822919123,0.502551020408163,0,,10,538,3961,4521,4241,395.979797464467,0.00969953051643192
72173,Democratic_Socialism,2,200,TRUE,2,"1,2",0.00192240475358263,0.510204081632653,0,,2,512,4275,4308,4291.5,23.3345237791561,0.0131082251082251
72174,Democratic_Socialism,2,200,TRUE,2,"1,2",0.0222158107328332,0.522959183673469,0,,6,560,4140,4525,4332.5,272.236110756821,0.0108695652173913
72175,Democratic_Socialism,2,200,TRUE,2,"1,2",0.0527787287458632,0.522959183673469,0,,8,567,3919,4844,4381.5,654.073772597557,0.0139259259259259
72176,Democratic_Socialism,2,200,TRUE,2,"1,2",0.0930284191829485,0.5,0,,0,581,3666,5342,4504,1185.11096526865,0.0138028169014085
72177,Democratic_Socialism,2,200,TRUE,2,"1,2",0.0328559879893753,0.5,0,,4,536,4045,4614,4329.5,402.343758495146,0.010452380952381
72178,Democratic_Socialism,2,200,TRUE,2,"1,2",0.0692164396320876,0.563775510204082,0,,6,442,3700,4889,4294.5,840.749962830805,0.0163783783783784
72179,Democratic_Socialism,2,200,TRUE,2,"1,2",0.0329064389896834,0.510204081632653,0,,8,566,3939,4494,4216.5,392.444263558534,0.013793427230047
72180,Democratic_Socialism,2,200,TRUE,2,"1,2",0.0668789808917198,0.502551020408163,0,,6,568,3740,4895,4317.5,816.708332270462,0.0112676056338028
72181,Democratic_Socialism,2,200,TRUE,2,"1,2",0.0419053964023983,0.502551020408163,0,,2,537,3438,4067,3752.5,444.770165366338,0.0122
72182,Democratic_Socialism,2,200,TRUE,2,"1,2",0.04525664527956,0.5,0,,8,553,3969,4759,4364,558.614357137373,0.0126341463414634
72183,Democratic_Socialism,2,200,TRUE,2,"1,2",0.151987484065361,0.510204081632653,0,,0,480,3003,5626,4314.5,1854.74108705231,0.015647619047619
72184,Democratic_Socialism,2,200,TRUE,2,"1,2",0.0315430026623451,0.510204081632653,0,,2,475,4047,4592,4319.5,385.373195746668,0.0109389671361502
72185,Democratic_Socialism,2,200,TRUE,2,"1,2",0.0404320623303034,0.522959183673469,0,,9,519,3893,4578,4235.5,484.368145112785,0.0129369369369369
72186,Democratic_Socialism,2,200,TRUE,2,"1,2",0.045193192272309,0.5,0,,2,581,3955,4741,4348,555.785930012626,0.0109497716894977
72187,Democratic_Socialism,2,200,TRUE,2,"1,2",0.0417822259737128,0.502551020408163,0,,0,578,3800,4493,4146.5,490.024999362277,0.00974891774891775
72188,Democratic_Socialism,2,200,TRUE,2,"1,2",0.110698537943839,0.502551020408163,0,,8,537,3355,5263,4309,1349.15973850393,0.0115616438356164
72189,Democratic_Socialism,2,200,TRUE,2,"1,2",0.136578237410072,0.510204081632653,0,,4,556,3233,5663,4448,1718.26947828331,0.01256
72190,Democratic_Socialism,2,200,TRUE,2,"1,2",0.0494581507954808,0.502551020408163,0,,0,605,3908,4766,4337,606.697618258058,0.0108333333333333
72191,Democratic_Socialism,2,200,TRUE,2,"1,2",0.0895171464617501,0.540816326530612,0,,0,498,3579,5140,4359.5,1103.7936854322,0.0108450704225352
72192,Democratic_Socialism,2,200,TRUE,2,"1,2",0.0526119402985075,0.510204081632653,0,,2,648,3597,4443,4020,598.212336883819,0.0124848484848485
72193,Democratic_Socialism,2,200,TRUE,2,"1,2",0.0846894338757736,0.540816326530612,0,,0,569,3624,5102,4363,1045.10382259372,0.0149191919191919
72194,Democratic_Socialism,2,200,TRUE,2,"1,2",0.0184925912962315,0.591836734693878,0,,4,577,4127,4444,4285.5,224.152849636136,0.0141596244131455
72195,Democratic_Socialism,2,200,TRUE,2,"1,2",0.0145466847090663,0.502551020408163,0,,8,482,4305,4563,4434,182.433549546129,0.0125446009389671
72196,Democratic_Socialism,2,200,TRUE,2,"1,2",0.109904430929626,0.540816326530612,0,,2,558,3592,5616,4604,1431.18412512157,0.0117927927927928
72197,Democratic_Socialism,2,200,TRUE,2,"1,2",0.0112994350282485,0.522959183673469,0,,12,545,4498,4706,4602,147.078210486802,0.00952380952380953
72198,Democratic_Socialism,2,200,TRUE,2,"1,2",0.00887096774193541,0.540816326530612,0,,2,561,4263,4417,4340,108.894444302728,0.0115208333333333
72199,Democratic_Socialism,2,200,TRUE,2,"1,2",0.027951027951028,0.625,0,,4,536,4087,4571,4329,342.239682094289,0.014037558685446
72200,Democratic_Socialism,2,200,TRUE,2,"1,2",0.0340708485347769,0.510204081632653,0,,6,524,3959,4538,4248.5,409.414826307011,0.0112420091324201
72201,Democratic_Socialism,2,76,FALSE,1,2,0.5,1,2,76,2,63,0,2335,1167.5,1651.09433407059,0.00835555555555556
72202,Democratic_Socialism,2,200,TRUE,2,"1,2",0.00492103456168458,0.522959183673469,0,,10,617,4326,4412,4369,60.8111831820431,0.00918333333333333
72203,Democratic_Socialism,2,200,TRUE,2,"1,2",0.0572869955156952,0.522959183673469,0,,10,529,3949,4971,4460,722.663130372652,0.00918974358974359
72204,Democratic_Socialism,2,200,TRUE,2,"1,2",0.052486795774648,0.500685871056241,0,,2,518,4067,5021,4544,674.579869251966,0.0118190476190476
72205,Democratic_Socialism,2,200,TRUE,2,"1,2",0.0759312320916905,0.5,0,,5,594,3700,5025,4362.5,936.916485072175,0.0146440677966102
72206,Democratic_Socialism,2,200,TRUE,2,"1,2",0.0795028941096356,0.563775510204082,0,,0,544,3705,5106,4405.5,990.656600442353,0.0128235294117647
72207,Democratic_Socialism,2,200,TRUE,2,"1,2",0.0388019060585432,0.522959183673469,0,,4,521,4065,4749,4407,483.661038331599,0.0103174603174603
72208,Democratic_Socialism,2,200,TRUE,2,"1,2",0.0056233548695861,0.510204081632653,0,,0,613,4132,4226,4179,66.4680374315355,0.00885964912280702
72209,Democratic_Socialism,2,200,TRUE,2,"1,2",0.0436941410129097,0.555555555555556,0,,7,513,3676,4380,4028,497.80317395533,0.0104037558685446
72210,Democratic_Socialism,2,200,TRUE,2,"1,2",0.0474784189004998,0.510204081632653,0,,0,460,3984,4820,4402,591.141269071954,0.0106974358974359
72211,Democratic_Socialism,2,200,TRUE,2,"1,2",0.0976897689768976,0.540816326530612,0,,0,574,3657,5433,4545,1255.82164338731,0.0180657276995305
72212,Democratic_Socialism,2,200,TRUE,2,"1,2",0.0599909788001805,0.5,0,,0,520,3902,4966,4434,752.361615182487,0.0124894514767933
72213,Democratic_Socialism,2,200,TRUE,2,"1,2",0.128497072218608,0.522959183673469,0,,4,518,3426,5796,4611,1675.84307141212,0.0136995305164319
72214,Democratic_Socialism,2,200,TRUE,2,"1,2",0.0363043984175007,0.625,0,,1,510,3985,4609,4297,441.234631460406,0.0100555555555556
72215,Democratic_Socialism,2,200,TRUE,2,"1,2",0.0218879921741257,0.625,0,,0,578,3910,4268,4089,253.144227664784,0.0124761904761905
72216,Democratic_Socialism,2,200,TRUE,2,"1,2",0.0251782531194296,0.510204081632653,0,,10,516,4262,4714,4488,319.61226509632,0.00946859903381642
72217,Democratic_Socialism,2,200,TRUE,2,"1,2",0.0574881409532415,0.563775510204082,0,,8,532,3918,4936,4427,719.834703247905,0.0106052631578947
72218,Democratic_Socialism,2,200,TRUE,2,"1,2",0.0477924442421485,0.5,0,,2,541,3974,4814,4394,593.9696961967,0.011962962962963
72219,Democratic_Socialism,2,200,TRUE,2,"1,2",0.0871080139372822,0.522959183673469,0,,0,571,3792,5392,4592,1131.37084989848,0.00967149758454106
72220,Democratic_Socialism,2,200,TRUE,2,"1,2",0.0336993970714901,0.755102040816326,0,,2,530,4331,4957,4644,442.648845022779,0.00975757575757576
72221,Democratic_Socialism,2,200,TRUE,2,"1,2",0.0387716386056438,0.522959183673469,0,,0,565,3890,4544,4217,462.447834896002,0.00988127853881279
72222,Democratic_Socialism,2,200,TRUE,2,"1,2",0.00887359652299891,0.502551020408163,0,,16,594,4068,4215,4141.5,103.944696834422,0.00916908212560386
72223,Democratic_Socialism,2,200,TRUE,2,"1,2",0.0398348311877581,0.502551020408163,0,,0,553,3789,4445,4117,463.862048458375,0.00782291666666667
72224,Democratic_Socialism,2,200,TRUE,2,"1,2",0.108676257388201,0.510204081632653,0,,0,584,3509,5458,4483.5,1378.15111653258,0.0151351351351351
72225,Democratic_Socialism,2,200,TRUE,2,"1,2",0.0806183115338883,0.522959183673469,0,,2,522,3527,4883,4205,958.836795288958,0.0138461538461538
72226,Democratic_Socialism,2,200,TRUE,2,"1,2",0.0662650602409638,0.522959183673469,0,,4,613,3996,5217,4606.5,863.377379828775,0.0155525114155251
72227,Democratic_Socialism,2,200,TRUE,2,"1,2",0.037254034932567,0.591836734693878,0,,0,538,4186,4860,4523,476.589970519733,0.0126354166666667
72228,Democratic_Socialism,2,200,TRUE,2,"1,2",0.00127226463104324,0.540816326530612,0,,8,456,4312,4334,4323,15.556349186104,0.0124666666666667
72229,Democratic_Socialism,2,200,TRUE,2,"1,2",0.013797783306944,0.5,0,,4,575,4299,4543,4421,172.534054609518,0.0112888888888889
72230,Democratic_Socialism,2,200,TRUE,2,"1,2",0.00640404692713381,0.522959183673469,0,,0,572,4586,4705,4645.5,84.1457069611992,0.0100109289617486
72231,Democratic_Socialism,2,200,TRUE,2,"1,2",0.0665936206476747,0.522959183673469,0,,0,576,3560,4654,4107,773.574818618083,0.0113661202185792
72232,Democratic_Socialism,2,200,TRUE,2,"1,2",0.0729596042868921,0.522959183673469,0,,4,598,3626,4865,4245.5,876.105301890132,0.0105155555555556
72233,Democratic_Socialism,2,200,TRUE,2,"1,2",0.0998397986039592,0.502551020408163,0,,0,638,3497,5242,4369.5,1233.90133317053,0.0123693693693694
72234,Democratic_Socialism,2,200,TRUE,2,"1,2",0.0882207067575946,0.500685871056241,0,,4,525,3321,4744,4032.5,1006.21294962846,0.0110810810810811
72235,Democratic_Socialism,2,200,TRUE,2,"1,2",0.125449545166067,0.502551020408163,0,,0,539,3541,5913,4727,1677.25728497449,0.0155092592592593
72236,Democratic_Socialism,2,200,TRUE,2,"1,2",0.0133385422480188,0.522959183673469,0,,4,584,4360,4599,4479.5,168.998520703585,0.00951937984496124
72237,Democratic_Socialism,2,200,TRUE,2,"1,2",0.0759092018550158,0.502551020408163,0,,6,606,3475,4719,4097,879.640835796065,0.0131255411255411
72238,Democratic_Socialism,2,200,TRUE,2,"1,2",0.0384874705023037,0.502551020408163,0,,0,498,4107,4792,4449.5,484.368145112785,0.0132896174863388
72239,Democratic_Socialism,2,44,FALSE,1,2,0.5,1,1,44,0,34,0,2597,1298.5,1836.35631074146,0.00506666666666667
72240,Democratic_Socialism,2,200,TRUE,2,"1,2",0.129970121811078,0.591836734693878,0,,0,575,3220,5482,4351,1599.47553904397,0.0115045045045045
72241,Democratic_Socialism,2,200,TRUE,2,"1,2",0.0577151923839747,0.555555555555556,0,,6,533,3345,4218,3781.5,617.304219975856,0.0117777777777778
72242,Democratic_Socialism,2,200,TRUE,2,"1,2",0.0466573816155989,0.540816326530612,0,,0,510,3906,4710,4308,568.513852073984,0.0138357487922705
72243,Democratic_Socialism,2,200,TRUE,2,"1,2",0.0425813124928169,0.500685871056241,0,,4,454,3980,4721,4350.5,523.966124859232,0.0124957264957265
72244,Democratic_Socialism,2,200,TRUE,2,"1,2",0.0880837359098228,0.5,0,,0,581,3837,5478,4657.5,1160.36222792712,0.0145485232067511
72245,Democratic_Socialism,2,200,TRUE,2,"1,2",0.0760427558963635,0.502551020408163,0,,4,505,3649,4958,4303.5,925.602776573191,0.0161238095238095
72246,Democratic_Socialism,2,200,TRUE,2,"1,2",0.0944482058226135,0.502551020408163,0,,4,526,3594,5268,4431,1183.69675170628,0.013103825136612
72247,Democratic_Socialism,2,200,TRUE,2,"1,2",0.0185886019590382,0.555555555555556,0,,0,457,4325,4659,4492,236.173664916307,0.013247619047619
72248,Democratic_Socialism,2,200,TRUE,2,"1,2",0.0499411071849234,0.5,0,,6,483,3821,4669,4245,599.626550446192,0.0151666666666667
72249,Democratic_Socialism,2,200,TRUE,2,"1,2",0.1211855489302,0.510204081632653,0,,0,559,3240,5313,4276.5,1465.83235739971,0.01088
72250,Democratic_Socialism,2,200,TRUE,2,"1,2",0.0081106313455479,0.522959183673469,0,,0,395,4215,4354,4284.5,98.2878425849301,0.0154019607843137
72251,Democratic_Socialism,2,200,TRUE,2,"1,2",0.0197194434862595,0.563775510204082,0,,8,488,4177,4520,4348.5,242.537625946986,0.0122549019607843
72252,Democratic_Socialism,2,200,TRUE,2,"1,2",0.086080586080586,0.5,0,,0,498,3616,5120,4368,1063.48859890457,0.0114561403508772
72253,Democratic_Socialism,2,200,TRUE,2,"1,2",0.0683368619148437,0.510204081632653,0,,0,573,3670,4832,4251,821.658079738768,0.0116083333333333
72254,Democratic_Socialism,2,200,TRUE,2,"1,2",0.0781791192478971,0.540816326530612,0,,0,466,3410,4674,4042,893.782971419796,0.0112622222222222
72255,Democratic_Socialism,2,200,TRUE,2,"1,2",0.0136518771331058,0.510204081632653,0,,6,612,4275,4515,4395,169.705627484771,0.00998067632850242
72256,Democratic_Socialism,2,200,TRUE,2,"1,2",0.0109461499748365,0.502551020408163,0,,8,524,3887,4061,3974,123.036579926459,0.0098989898989899
72257,Democratic_Socialism,2,200,TRUE,2,"1,2",0.0905460115986432,0.522959183673469,0,,2,506,3742,5397,4569.5,1170.26172286374,0.0139178082191781
72258,Democratic_Socialism,2,200,TRUE,2,"1,2",0.0534743202416919,0.540816326530612,0,,4,505,3695,4580,4137.5,625.789501350095,0.0113434343434343
72259,Democratic_Socialism,2,200,TRUE,2,"1,2",0.00804109895018978,0.510204081632653,0,,8,626,4405,4549,4477,101.823376490863,0.00938888888888889
72260,Democratic_Socialism,2,58,FALSE,1,2,0.5,1,1,58,2,53,0,5252,2626,3713.72481479175,0.0162222222222222
72261,Democratic_Socialism,2,200,TRUE,2,"1,2",0.00523690773067331,0.563775510204082,0,,0,509,3968,4052,4010,59.39696961967,0.0157805907172996
72262,Democratic_Socialism,2,200,TRUE,2,"1,2",0.00816655164481261,0.5,0,,10,520,4276,4418,4347,100.40916292849,0.0091981981981982
72263,Democratic_Socialism,2,200,TRUE,2,"1,2",0.0565007472123233,0.510204081632653,0,,6,573,3858,4841,4349.5,695.085965906376,0.00866666666666667
72264,Democratic_Socialism,2,200,TRUE,2,"1,2",0.12942453854506,0.502551020408163,0,,0,557,3413,5797,4605,1685.74256634873,0.0150892018779343
72265,Democratic_Socialism,2,200,TRUE,2,"1,2",0.0049789776499225,0.540816326530612,0,,10,518,4474,4564,4519,63.6396103067893,0.0122065727699531
72266,Democratic_Socialism,2,200,TRUE,2,"1,2",0.0271945979128299,0.5,0,,4,536,3851,4294,4072.5,313.248304065641,0.0127562189054726
72267,Democratic_Socialism,2,200,TRUE,2,"1,2",0.0288904235727441,0.510204081632653,0,,4,591,4093,4595,4344,354.967604155647,0.0103671497584541
72268,Democratic_Socialism,2,200,TRUE,2,"1,2",0.00325512836260899,0.502551020408163,0,,8,568,4044,4097,4070.5,37.476659402887,0.0125074626865672
72269,Democratic_Socialism,2,200,TRUE,2,"1,2",0.0836836723099648,0.502551020408163,0,,6,599,3664,5137,4400.5,1041.56828868778,0.0116431924882629
72270,Democratic_Socialism,2,200,TRUE,2,"1,2",0.0292856336756573,0.5,0,,2,542,4171,4690,4430.5,366.988419435818,0.0110985915492958
72271,Democratic_Socialism,2,200,TRUE,2,"1,2",0.0193745751189667,0.625,0,,14,525,4242,4584,4413,241.830519165799,0.0102083333333333
72272,Democratic_Socialism,2,200,TRUE,2,"1,2",0.0743559017375675,0.5,0,,0,573,3552,4793,4172.5,877.519515452506,0.0161558441558442
72273,Democratic_Socialism,2,200,TRUE,2,"1,2",0.0741876846171325,0.502551020408163,0,,0,572,3748,5054,4401,923.481456229631,0.0110649350649351
72274,Democratic_Socialism,2,200,TRUE,2,"1,2",0.0284723941569696,0.591836734693878,0,,6,569,3809,4269,4039,325.269119345812,0.0138215962441315
72275,Democratic_Socialism,2,200,TRUE,2,"1,2",0.0383613673358654,0.522959183673469,0,,16,607,4254,4961,4607.5,499.924494298889,0.00949462365591398
72276,Democratic_Socialism,2,200,TRUE,2,"1,2",0.019882179675994,0.625,0,,4,584,3912,4236,4074,229.102597104441,0.0123247863247863
72277,Democratic_Socialism,2,200,TRUE,2,"1,2",0.0283848125991943,0.510204081632653,0,,8,556,3863,4328,4095.5,328.804653251745,0.0112285714285714
72278,Democratic_Socialism,2,200,TRUE,2,"1,2",0.027216543855479,0.510204081632653,0,,2,566,3978,4436,4207,323.854905783439,0.0142716049382716
72279,Democratic_Socialism,2,200,TRUE,2,"1,2",0.0161489914614528,0.522959183673469,0,,6,592,3910,4171,4040.5,184.554869889689,0.00997435897435897
72280,Democratic_Socialism,2,200,TRUE,2,"1,2",0.0342183566033418,0.510204081632653,0,,10,585,4070,4668,4369,422.849855149555,0.0103381642512077
72281,Democratic_Socialism,2,200,TRUE,2,"1,2",0.0215122347210948,0.591836734693878,0,,4,492,4126,4497,4311.5,262.336615820209,0.0116717948717949
72282,Democratic_Socialism,2,200,TRUE,2,"1,2",0.0367021913543288,0.540816326530612,0,,2,493,3869,4482,4175.5,433.456456867354,0.00974269005847953
72283,Democratic_Socialism,2,200,TRUE,2,"1,2",0.059878844361603,0.510204081632653,0,,6,555,3778,4806,4292,726.905771059771,0.0160772946859903
72284,Democratic_Socialism,2,200,TRUE,2,"1,2",0.0778338742637337,0.510204081632653,0,,2,568,3512,4807,4159.5,915.703281636579,0.0121558441558442
72285,Democratic_Socialism,2,200,TRUE,2,"1,2",0.00434298440979952,0.522959183673469,0,,6,567,4451,4529,4490,55.1543289325507,0.0120087719298246
72286,Democratic_Socialism,2,200,TRUE,2,"1,2",0.0390781563126252,0.625,0,,4,534,3910,4573,4241.5,468.811795926681,0.0115864978902954
72287,Democratic_Socialism,2,200,TRUE,2,"1,2",0.0774583093732031,0.563775510204082,0,,4,517,3674,5021,4347.5,952.47283425828,0.0133333333333333
72288,Democratic_Socialism,2,200,TRUE,2,"1,2",0.0575976370200197,0.510204081632653,0,,4,592,4044,5097,4570.5,744.583440589435,0.0137883597883598
72289,Democratic_Socialism,2,200,TRUE,2,"1,2",0.0240828269187485,0.502551020408163,0,,4,557,4229,4657,4443,302.641702347842,0.0122159624413146
72290,Democratic_Socialism,2,200,TRUE,2,"1,2",0.0173868430053585,0.502551020408163,0,,8,602,4233,4538,4385.5,215.667568261897,0.01240329218107
72291,Democratic_Socialism,2,200,TRUE,2,"1,2",0.0680092059838895,0.615912208504801,0,,0,511,3754,4936,4345,835.800215362499,0.0129887640449438
72292,Democratic_Socialism,2,200,TRUE,2,"1,2",0.0226860254083485,0.522959183673469,0,,6,569,3945,4320,4132.5,265.165042944955,0.00971171171171171
72293,Democratic_Socialism,2,200,TRUE,2,"1,2",0.00141643059490093,0.563775510204082,0,,8,559,4400,4425,4412.5,17.6776695296637,0.0108888888888889
72294,Democratic_Socialism,2,200,TRUE,2,"1,2",0.067177843900206,0.502551020408163,0,,2,610,3782,4956,4369,830.143361113007,0.0139294117647059
72295,Democratic_Socialism,2,200,TRUE,2,"1,2",0.0085185603068938,0.522959183673469,0,,9,574,4356,4507,4431.5,106.773123959169,0.00955251141552511
72296,Democratic_Socialism,2,200,TRUE,2,"1,2",0.11703511053316,0.510204081632653,0,,0,623,2945,4745,3845,1272.79220613579,0.0125800865800866
72297,Democratic_Socialism,2,200,TRUE,2,"1,2",0.116123050070907,0.540816326530612,0,,2,568,3519,5648,4583.5,1505.43033714616,0.0143203463203463
72298,Democratic_Socialism,2,200,TRUE,2,"1,2",0.0185420370840741,0.53360768175583,0,,6,456,3791,4083,3937,206.475180106472,0.0155483870967742
72299,Democratic_Socialism,2,200,TRUE,2,"1,2",0.074515042397491,0.540816326530612,0,,4,461,3663,4946,4304.5,907.21800026234,0.0143943661971831
72300,Democratic_Socialism,2,200,TRUE,2,"1,2",0.0342250196695515,0.522959183673469,0,,8,561,4144,4753,4448.5,430.628029742608,0.0072636815920398
72301,Democratic_Socialism,2,200,TRUE,2,"1,2",0.0765984506879409,0.563775510204082,0,,2,535,3662,4987,4324.5,936.916485072175,0.0143838383838384
72302,Democratic_Socialism,2,200,TRUE,2,"1,2",0.0317699609156896,0.522959183673469,0,,2,572,4193,4762,4477.5,402.343758495146,0.0121581920903955
72303,Democratic_Socialism,2,71,FALSE,1,1,0.5,1,1,71,6,66,0,2549,1274.5,1802.41518524451,0.00654166666666667
72304,Democratic_Socialism,2,200,TRUE,2,"1,2",0.0116436807596654,0.510204081632653,0,,10,584,4320,4526,4423,145.663996924429,0.0096036036036036
72305,Democratic_Socialism,2,200,TRUE,2,"1,2",0.00444624090541623,0.502551020408163,0,,2,491,4291,4368,4329.5,54.4472221513642,0.0117595628415301
72306,Democratic_Socialism,2,200,TRUE,2,"1,2",0.0551171965653283,0.540816326530612,0,,4,529,3834,4784,4309,671.75144212722,0.012520325203252
72307,Democratic_Socialism,2,200,TRUE,2,"1,2",0.0480132450331126,0.591836734693878,0,,10,473,3822,4634,4228,574.170706323477,0.015849765258216
72308,Democratic_Socialism,2,200,TRUE,2,"1,2",0.0195170554448483,0.502551020408163,0,,14,498,4099,4432,4265.5,235.46655813512,0.0127777777777778
72309,Democratic_Socialism,2,200,TRUE,2,"1,2",0.0820071868583163,0.522959183673469,0,,0,559,3257,4535,3896,903.682466356408,0.0133909465020576
72310,Democratic_Socialism,2,200,TRUE,2,"1,2",0.126680947280733,0.563775510204082,0,,0,601,3137,5266,4201.5,1505.43033714616,0.0125479452054795
72311,Democratic_Socialism,2,200,TRUE,2,"1,2",0.015893470790378,0.522959183673469,0,,4,502,4508,4804,4656,209.303607231218,0.0155748792270531
72312,Democratic_Socialism,2,200,TRUE,2,"1,2",0.0606538237011092,0.540816326530612,0,,0,564,3763,4802,4282.5,734.683945652823,0.0117058823529412
72313,Democratic_Socialism,2,200,TRUE,2,"1,2",0.115270146520146,0.522959183673469,0,,2,538,3361,5375,4368,1424.11305730971,0.0165217391304348
72314,Democratic_Socialism,2,200,TRUE,2,"1,2",0.0659197498697237,0.53360768175583,0,,4,453,3332,4344,3838,715.592062560786,0.0132407407407407
72315,Democratic_Socialism,2,200,TRUE,2,"1,2",0.0425295425295424,0.517146776406036,0,,4,465,3910,4637,4273.5,514.06662992262,0.0122786069651741
72316,Democratic_Socialism,2,200,TRUE,2,"1,2",0.0404255319148936,0.510204081632653,0,,2,565,3780,4445,4112.5,470.226009489054,0.012010582010582
72317,Democratic_Socialism,2,49,FALSE,1,1,0.5,1,1,49,4,26,0,2240,1120,1583.91918985787,0.00412121212121212
72318,Democratic_Socialism,2,200,TRUE,2,"1,2",0.00175015087507546,0.663265306122449,0,,4,571,4128,4157,4142.5,20.5060966544099,0.00886222222222222
72319,Democratic_Socialism,2,200,TRUE,2,"1,2",0.0190060278016977,0.563775510204082,0,,2,507,3910,4219,4064.5,218.495995386643,0.00827053140096618
72320,Democratic_Socialism,2,200,TRUE,2,"1,2",0.00631979383973502,0.502551020408163,0,,4,563,4023,4126,4074.5,72.8319984622144,0.0113535353535354
72321,Democratic_Socialism,2,200,TRUE,2,"1,2",0.00406018629090044,0.502551020408163,0,,6,529,4153,4221,4187,48.0832611206852,0.0167064676616915
72322,Democratic_Socialism,2,200,TRUE,2,"1,2",0.00450549450549453,0.502551020408163,0,,10,517,4509,4591,4550,57.9827560572969,0.00915151515151515
72323,Democratic_Socialism,2,200,TRUE,2,"1,2",0.00624303232998891,0.502551020408163,0,,14,631,4429,4541,4485,79.1959594928933,0.00933333333333333
72324,Democratic_Socialism,2,200,TRUE,2,"1,2",0.159157799411365,0.510204081632653,0,,0,575,3011,5823,4417,1988.38426869657,0.0159351851851852
72325,Democratic_Socialism,2,200,TRUE,2,"1,2",0.0400280898876404,0.502551020408163,0,,2,526,3930,4614,4272,483.661038331599,0.0109885057471264
72326,Democratic_Socialism,2,200,TRUE,2,"1,2",0.0662163722433899,0.591836734693878,0,,4,540,3757,4904,4330.5,811.05147802097,0.0111243781094527
72327,Democratic_Socialism,2,200,TRUE,2,"1,2",0.085955847815876,0.522959183673469,0,,6,622,3526,4990,4258,1035.20432765711,0.0130044444444444
72328,Democratic_Socialism,2,200,TRUE,2,"1,2",0.0891429215001689,0.522959183673469,0,,4,566,3648,5231,4439.5,1119.3500346183,0.0129166666666667
72329,Democratic_Socialism,2,200,TRUE,2,"1,2",0.0380219780219779,0.502551020408163,0,,0,530,4204,4896,4550,489.317892581091,0.0102051282051282
72330,Democratic_Socialism,2,68,FALSE,1,2,0.5,1,1,68,4,31,0,2417,1208.5,1709.07709012789,0.0162352941176471
72331,Democratic_Socialism,2,200,TRUE,2,"1,2",0.0802656104380242,0.502551020408163,0,,4,559,3603,4981,4292,974.393144475063,0.0102295081967213
72332,Democratic_Socialism,2,200,TRUE,2,"1,2",0.0982591228657517,0.510204081632653,0,,2,539,3600,5361,4480.5,1245.21504166951,0.0151840796019901
72333,Democratic_Socialism,2,200,TRUE,2,"1,2",0.0258589941742955,0.502551020408163,0,,6,604,3988,4423,4205.5,307.591449816148,0.0117866666666667
72334,Democratic_Socialism,2,200,TRUE,2,"1,2",0.0236813119569208,0.522959183673469,0,,4,517,3892,4279,4085.5,273.650324319194,0.0137671957671958
72335,Democratic_Socialism,2,200,TRUE,2,"1,2",0.0834333733493398,0.563775510204082,0,,4,584,3817,5346,4581.5,1081.16626843423,0.012721568627451
72336,Democratic_Socialism,2,200,TRUE,2,"1,2",0.024649430324277,0.522959183673469,0,,2,594,4339,4789,4564,318.198051533946,0.0130263157894737
72337,Democratic_Socialism,2,200,TRUE,2,"1,2",0.023546979094877,0.502551020408163,0,,4,596,4148,4558,4353,289.913780286485,0.0110900900900901
72338,Democratic_Socialism,2,200,TRUE,2,"1,2",0.0884641031340299,0.522959183673469,0,,0,593,3703,5295,4499,1125.71399564898,0.0112054794520548
72339,Democratic_Socialism,2,200,TRUE,2,"1,2",0.0308840413318026,0.522959183673469,0,,4,508,4086,4624,4355,380.423448278363,0.00945714285714286
72340,Democratic_Socialism,2,200,TRUE,2,"1,2",0.0747559110692859,0.522959183673469,0,,4,591,3615,4886,4250.5,898.732718888102,0.0117519379844961
72341,Democratic_Socialism,2,200,TRUE,2,"1,2",0.0724564503913154,0.563775510204082,0,,1,549,3387,4535,3961,811.758584802157,0.01242194092827
72342,Democratic_Socialism,2,200,TRUE,2,"1,2",0.014553527380365,0.663265306122449,0,,4,501,3936,4172,4054,166.877200360025,0.0122089552238806
72343,Democratic_Socialism,2,200,TRUE,2,"1,2",0.0299240732469852,0.510204081632653,0,,4,484,4210,4746,4478,379.009234715989,0.0105507246376812
72344,Democratic_Socialism,2,200,TRUE,2,"1,2",0.0636565096952908,0.510204081632653,0,,2,503,3938,5087,4512.5,812.465691583343,0.013431693989071
72345,Democratic_Socialism,2,200,TRUE,2,"1,2",0.00865658557966254,0.540816326530612,0,,12,521,4484,4642,4563,111.722871427475,0.0127927927927928
72346,Democratic_Socialism,2,200,TRUE,2,"1,2",0.0510076354988109,0.591836734693878,0,,4,514,3587,4402,3994.5,576.292026667036,0.0114358974358974
72347,Democratic_Socialism,2,200,TRUE,2,"1,2",0.0738084220268394,0.502551020408163,0,,0,520,3684,4960,4322,902.268252794035,0.0137416666666667
72348,Democratic_Socialism,2,200,TRUE,2,"1,2",0.0753689813694654,0.502551020408163,0,,2,536,3510,4756,4133,881.055049358438,0.0141720430107527
72349,Democratic_Socialism,2,200,TRUE,2,"1,2",0.0410348419956013,0.540816326530612,0,,6,512,3965,4674,4319.5,501.338707861262,0.0172511415525114
72350,Democratic_Socialism,2,200,TRUE,2,"1,2",0.0373751291767137,0.522959183673469,0,,14,612,4029,4680,4354.5,460.326514552443,0.0153246753246753
72351,Democratic_Socialism,2,200,TRUE,2,"1,2",0.0129476584022039,0.502551020408163,0,,6,535,4420,4655,4537.5,166.170093578839,0.0110487804878049
72352,Democratic_Socialism,2,200,TRUE,2,"1,2",0.0131195335276968,0.510204081632653,0,,4,550,4175,4400,4287.5,159.099025766973,0.00975490196078431
72353,Democratic_Socialism,2,200,TRUE,2,"1,2",0.0929345150172329,0.510204081632653,0,,2,497,3307,4817,4062,1067.73123959169,0.0125588235294118
72354,Democratic_Socialism,2,200,TRUE,2,"1,2",0.027538231574106,0.5,0,,2,580,4109,4588,4348.5,338.704148188356,0.0117955555555556
72355,Democratic_Socialism,2,200,TRUE,2,"1,2",0.0412202548776361,0.510204081632653,0,,6,537,4068,4799,4433.5,516.895057047366,0.0158709677419355
72356,Democratic_Socialism,2,200,TRUE,2,"1,2",0.0573826264459061,0.706632653061224,0,,0,489,3903,4915,4409,715.592062560786,0.0118020833333333
72357,Democratic_Socialism,2,200,TRUE,2,"1,2",0.0197448025519744,0.522959183673469,0,,8,543,4366,4725,4545.5,253.851334445971,0.0105833333333333
72358,Democratic_Socialism,2,200,TRUE,2,"1,2",0.0257406508013598,0.510204081632653,0,,6,503,3906,4330,4118,299.813275223096,0.0130900900900901
72359,Democratic_Socialism,2,200,TRUE,2,"1,2",0.0250200389327837,0.502551020408163,0,,0,532,4148,4585,4366.5,309.005663378521,0.0113333333333333
72360,Democratic_Socialism,2,200,TRUE,2,"1,2",0.052848279751833,0.502551020408163,0,,10,603,3964,4901,4432.5,662.559053971795,0.0103571428571429
72361,Democratic_Socialism,2,200,TRUE,2,"1,2",0.0911812111443702,0.563775510204082,0,,6,434,3551,5135,4343,1120.05714139949,0.0139179487179487
72362,Democratic_Socialism,2,200,TRUE,2,"1,2",0.00753370340999204,0.5,0,,2,519,4347,4480,4413.5,94.0452018978108,0.0099375
72363,Democratic_Socialism,2,200,TRUE,2,"1,2",0.0827661783366016,0.522959183673469,0,,0,590,3617,5052,4334.5,1014.6982310027,0.0112051282051282
72364,Democratic_Socialism,2,200,TRUE,2,"1,2",0.111086326120901,0.522959183673469,0,,2,609,3487,5479,4483,1408.5567081236,0.0147272727272727
72365,Democratic_Socialism,2,200,TRUE,2,"1,2",0.0531461073586919,0.706632653061224,0,,0,503,3771,4668,4219.5,634.274782724333,0.00988505747126437
72366,Democratic_Socialism,2,200,TRUE,2,"1,2",0.0163174166952937,0.502551020408163,0,,10,582,4224,4509,4366.5,201.525432638166,0.00940860215053763
72367,Democratic_Socialism,2,200,TRUE,2,"1,2",0.0578086090359302,0.502551020408163,0,,2,450,3729,4704,4216.5,689.429111656884,0.0148703703703704
72368,Democratic_Socialism,2,200,TRUE,2,"1,2",0.0930470347648262,0.540816326530612,0,,0,560,3781,5510,4645.5,1222.58762467154,0.0118119658119658
72369,Democratic_Socialism,2,200,TRUE,2,"1,2",0.0404311193784879,0.502551020408163,0,,2,575,4200,4939,4569.5,522.551911296859,0.0123549783549784
72370,Democratic_Socialism,2,200,TRUE,2,"1,2",0.0501970785995827,0.510204081632653,0,,4,564,3880,4746,4313,612.35447250755,0.0152923076923077
72371,Democratic_Socialism,2,200,TRUE,2,"1,2",0.0309756097560976,0.510204081632653,0,,4,598,3846,4354,4100,359.210244842766,0.00841095890410959
72372,Democratic_Socialism,2,200,TRUE,2,"1,2",0.026786738556843,0.502551020408163,0,,8,590,4125,4592,4358.5,330.218866814118,0.01318407960199
72373,Democratic_Socialism,2,200,TRUE,2,"1,2",0.0238673630511357,0.502551020408163,0,,6,567,3920,4313,4116.5,277.892965006313,0.0130133333333333
72374,Democratic_Socialism,2,200,TRUE,2,"1,2",0.0179757270437371,0.510204081632653,0,,8,494,4210,4524,4367,222.031529292576,0.0129855072463768
72375,Democratic_Socialism,2,200,TRUE,2,"1,2",0.0174005238867407,0.5,0,,12,539,3869,4148,4008.5,197.282791951047,0.0111935483870968
72376,Democratic_Socialism,2,200,TRUE,2,"1,2",0.0352338640009873,0.502551020408163,0,,6,401,3766,4337,4051.5,403.757972057519,0.0135342465753425
72377,Democratic_Socialism,2,200,TRUE,2,"1,2",0.0122642672254407,0.510204081632653,0,,6,561,3957,4156,4056.5,140.714249456123,0.0110222222222222
72378,Democratic_Socialism,2,200,TRUE,2,"1,2",0.00638732754215643,0.563775510204082,0,,6,535,3864,3964,3914,70.7106781186548,0.0139076923076923
72379,Democratic_Socialism,2,200,TRUE,2,"1,2",0.0228154232261009,0.502551020408163,0,,8,504,4183,4583,4383,282.842712474619,0.0111666666666667
72380,Democratic_Socialism,2,200,TRUE,2,"1,2",0.0526441732471883,0.540816326530612,0,,2,481,3739,4619,4179,622.253967444162,0.0115858585858586
72381,Democratic_Socialism,2,200,TRUE,2,"1,2",0.0833799977601075,0.5,0,,6,558,3720,5209,4464.5,1052.88199718677,0.0136018518518519
72382,Democratic_Socialism,2,41,FALSE,1,1,0.5,1,1,41,2,30,0,2345,1172.5,1658.16540188245,0.00711111111111111
72383,Democratic_Socialism,2,200,TRUE,2,"1,2",0.0640371229698376,0.502551020408163,0,,4,592,3758,4862,4310,780.645886429949,0.0124102564102564
72384,Democratic_Socialism,2,200,TRUE,2,"1,2",0.0493588192596177,0.502551020408163,0,,14,564,3725,4541,4133,576.999133448223,0.0124747474747475
72385,Democratic_Socialism,2,200,TRUE,2,"1,2",0.0442992446948807,0.522959183673469,0,,2,533,3801,4540,4170.5,522.551911296859,0.0142105263157895
72386,Democratic_Socialism,2,200,TRUE,2,"1,2",0.0319454414931801,0.502551020408163,0,,0,541,3912,4446,4179,377.595021153616,0.0145350877192982
72387,Democratic_Socialism,2,200,TRUE,2,"1,2",0.06692242114237,0.5,0,,12,570,3556,4655,4105.5,777.110352524016,0.0143229166666667
72388,Democratic_Socialism,2,200,TRUE,2,"1,2",0.0483182060864922,0.510204081632653,0,,4,586,4230,5135,4682.5,639.931636973826,0.0120865800865801
72389,Democratic_Socialism,2,200,TRUE,2,"1,2",0.0669607056936648,0.663265306122449,0,,0,558,3780,4949,4364.5,826.607827207074,0.01209375
72390,Democratic_Socialism,2,200,TRUE,2,"1,2",0.0609345164551274,0.540816326530612,0,,2,540,3909,4994,4451.5,767.210857587404,0.00987570621468927
72391,Democratic_Socialism,2,200,TRUE,2,"1,2",0.0536465638148667,0.522959183673469,0,,4,498,3819,4737,4278,649.124025129251,0.0133802816901408
72392,Democratic_Socialism,2,200,TRUE,2,"1,2",0.0122904323711079,0.510204081632653,0,,4,555,3869,4064,3966.5,137.885822331377,0.0100096618357488
72393,Democratic_Socialism,2,200,TRUE,2,"1,2",0.0657602987513128,0.510204081632653,0,,10,609,3721,4848,4284.5,796.909342397239,0.0099672131147541
72394,Democratic_Socialism,2,200,TRUE,2,"1,2",0.0603305785123967,0.510204081632653,0,,2,547,3724,4746,4235,722.663130372652,0.012955223880597
72395,Democratic_Socialism,2,200,TRUE,2,"1,2",0.142337479464914,0.522959183673469,0,,0,539,3048,5474,4261,1715.44105115856,0.0129401709401709
72396,Democratic_Socialism,2,200,TRUE,2,"1,2",0.103996562097121,0.591836734693878,0,,4,547,3686,5622,4654,1368.95872837716,0.0142280701754386
72397,Democratic_Socialism,2,200,TRUE,2,"1,2",0.0716963448922212,0.540816326530612,0,,0,580,3656,4880,4268,865.498700172334,0.0116338028169014
72398,Democratic_Socialism,2,200,TRUE,2,"1,2",0.053254102999434,0.540816326530612,0,,4,554,3947,4888,4417.5,665.387481096541,0.011965811965812
72399,Democratic_Socialism,2,200,TRUE,2,"1,2",0.115813424345848,0.502551020408163,0,,1,544,3377,5413,4395,1439.66940649581,0.0155196078431373
72400,Democratic_Socialism,2,200,TRUE,2,"1,2",0.062829471619468,0.5,0,,8,592,3566,4591,4078.5,724.784450716211,0.0126839826839827
72401,Democratic_Socialism,2,200,TRUE,2,"1,2",0.022571035747021,0.540816326530612,0,,4,527,4167,4561,4364,278.6000717875,0.0108219178082192
72402,Democratic_Socialism,2,200,TRUE,2,"1,2",0.0319861560790444,0.510204081632653,0,,2,622,4192,4765,4478.5,405.172185619892,0.00871666666666667
72403,Democratic_Socialism,2,200,TRUE,2,"1,2",0.0117825478301448,0.563775510204082,0,,2,538,4185,4387,4286,142.835569799683,0.00907692307692308
72404,Democratic_Socialism,2,200,TRUE,2,"1,2",0.0207059637789826,0.5,0,,2,477,4155,4514,4334.5,253.851334445971,0.0128558558558559
72405,Democratic_Socialism,2,200,TRUE,2,"1,2",0.0545175023651845,0.522959183673469,0,,8,511,3767,4689,4228,651.952452253997,0.0101393034825871
72406,Democratic_Socialism,2,200,TRUE,2,"1,2",0.0598792713161582,0.563775510204082,0,,4,552,4083,5194,4638.5,785.595633898254,0.0112222222222222
72407,Democratic_Socialism,2,45,FALSE,1,1,0.5,1,1,45,2,12,0,2173,1086.5,1536.54303551837,0.016
72408,Democratic_Socialism,2,200,TRUE,2,"1,2",0.0301998682187568,0.502551020408163,0,,0,510,4278,4828,4553,388.908729652601,0.0114703196347032
72409,Democratic_Socialism,2,200,TRUE,2,"1,2",0.0190531177829099,0.522959183673469,0,,10,612,4165,4495,4330,233.345237791561,0.014656862745098
72410,Democratic_Socialism,2,200,TRUE,2,"1,2",0.12546059669559,0.522959183673469,0,,2,523,3151,5262,4206.5,1492.7024150848,0.0147111111111111
72411,Democratic_Socialism,2,200,TRUE,2,"1,2",0.059533721898418,0.540816326530612,0,,4,482,3703,4704,4203.5,707.813887967734,0.0148108108108108
72412,Democratic_Socialism,2,200,TRUE,2,"1,2",0.0578882750153469,0.5,0,,8,608,3601,4544,4072.5,666.801694658914,0.0107878787878788
72413,Democratic_Socialism,2,200,TRUE,2,"1,2",0.0859436398338385,0.502551020408163,0,,0,560,3688,5219,4453.5,1082.5804819966,0.0132300469483568
72414,Democratic_Socialism,2,200,TRUE,2,"1,2",0.043026706231454,0.502551020408163,0,,4,577,3850,4575,4212.5,512.652416360247,0.0125495495495496
72415,Democratic_Socialism,2,200,TRUE,2,"1,2",0.0944163034515255,0.502551020408163,0,,4,526,3443,5046,4244.5,1133.49217024204,0.0120185185185185
72416,Democratic_Socialism,2,200,TRUE,2,"1,2",0.0248419150858175,0.522959183673469,0,,4,549,4208,4648,4428,311.126983722081,0.0112542372881356
72417,Democratic_Socialism,2,200,TRUE,2,"1,2",0.00816372176246927,0.591836734693878,0,,0,532,4398,4544,4471,103.237590053236,0.00974193548387097
72418,Democratic_Socialism,2,200,TRUE,2,"1,2",0.0550017387272517,0.563775510204082,0,,8,515,3839,4788,4313.5,671.044335346034,0.0101138211382114
72419,Democratic_Socialism,2,200,TRUE,2,"1,2",0.0587442895630783,0.502551020408163,0,,0,578,3767,4770,4268.5,709.228101530107,0.00982905982905983
72420,Democratic_Socialism,2,200,TRUE,2,"1,2",0.0383719576103412,0.522959183673469,0,,4,449,3964,4623,4293.5,465.983368801935,0.010547263681592
72421,Democratic_Socialism,2,200,TRUE,2,"1,2",0.0178286322511974,0.522959183673469,0,,0,594,4530,4865,4697.5,236.880771697493,0.0107701149425287
72422,Democratic_Socialism,2,200,TRUE,2,"1,2",0.0382045479038688,0.522959183673469,0,,2,604,4285,4994,4639.5,501.338707861262,0.0088675799086758
72423,Democratic_Socialism,2,200,TRUE,2,"1,2",0.0481252857796068,0.522959183673469,0,,0,551,3953,4795,4374,595.383909759073,0.0100676328502415
72424,Democratic_Socialism,2,54,FALSE,1,2,0.5,1,1,54,2,23,0,2439,1219.5,1724.63343931399,0.00883333333333333
72425,Democratic_Socialism,2,200,TRUE,2,"1,2",0.0569758948137327,0.5,0,,8,576,3639,4575,4107,661.851947190609,0.0128529411764706
72426,Democratic_Socialism,2,200,TRUE,2,"1,2",0.0622995312114483,0.540816326530612,0,,0,586,3548,4558,4053,714.177848998413,0.0107462686567164
72427,Democratic_Socialism,2,200,TRUE,2,"1,2",0.0199598572702944,0.591836734693878,0,,2,524,4305,4663,4484,253.144227664784,0.0121025641025641
72428,Democratic_Socialism,2,200,TRUE,2,"1,2",0.00591427021161151,0.522959183673469,0,,14,610,4553,4662,4607.5,77.0746391493337,0.0134975845410628
72429,Democratic_Socialism,2,200,TRUE,2,"1,2",0.0288127470947646,0.502551020408163,0,,2,505,3933,4414,4173.5,340.118361750729,0.00830392156862745
72430,Democratic_Socialism,2,200,TRUE,2,"1,2",0.0234823741412322,0.591836734693878,0,,8,626,4231,4648,4439.5,294.86352775479,0.0145087719298246
72431,Democratic_Socialism,2,200,TRUE,2,"1,2",0.0483588621444202,0.591836734693878,0,,2,570,4128,5012,4570,625.082394568908,0.0151111111111111
72432,Democratic_Socialism,2,200,TRUE,2,"1,2",0.00887650641440985,0.5,0,,2,596,3790,3927,3858.5,96.873629022557,0.0114497354497355
72433,Democratic_Socialism,2,200,TRUE,2,"1,2",0.0455856255545697,0.5,0,,4,517,4097,4919,4508,581.241774135342,0.0108571428571429
72434,Democratic_Socialism,2,200,TRUE,2,"1,2",0.0390997954080472,0.522959183673469,0,,4,592,4055,4743,4399,486.489465456345,0.0125654008438819
72435,Democratic_Socialism,2,200,TRUE,2,"1,2",0.0027437244600117,0.540816326530612,0,,8,495,4259,4306,4282.5,33.2340187157677,0.0124
72436,Democratic_Socialism,2,200,TRUE,2,"1,2",0.126315218570344,0.502551020408163,0,,0,568,3445,5774,4609.5,1646.85169338347,0.0166140350877193
72437,Democratic_Socialism,2,56,FALSE,1,2,0.5,1,2,56,2,38,0,2409,1204.5,1703.42023587839,0.0060952380952381
72438,Democratic_Socialism,2,200,TRUE,2,"1,2",0.00723327305605781,0.510204081632653,0,,10,620,4360,4488,4424,90.5096679918781,0.00922943722943723
72439,Democratic_Socialism,2,200,TRUE,2,"1,2",0.0958813108945971,0.510204081632653,0,,2,578,3650,5382,4516,1224.7089450151,0.0132777777777778
72440,Democratic_Socialism,2,200,TRUE,2,"1,2",0.0357922555440653,0.502551020408163,0,,10,470,4040,4663,4351.5,440.527524679219,0.0110215053763441
72441,Democratic_Socialism,2,200,TRUE,2,"1,2",0.0399139579349905,0.510204081632653,0,,6,552,3850,4518,4184,472.347329832614,0.00873224043715847
72442,Democratic_Socialism,2,200,TRUE,2,"1,2",0.0536082474226804,0.502551020408163,0,,2,575,3897,4833,4365,661.851947190609,0.0127931034482759
72443,Democratic_Socialism,2,200,TRUE,2,"1,2",0.000442380004423759,0.510204081632653,0,,6,593,4517,4525,4521,5.65685424949238,0.0122910798122066
72444,Democratic_Socialism,2,200,TRUE,2,"1,2",0.0249125346845216,0.5,0,,0,551,3938,4351,4144.5,292.035100630044,0.0110246913580247
72445,Democratic_Socialism,2,200,TRUE,2,"1,2",0.0771756978653531,0.502551020408163,0,,2,503,3605,4921,4263,930.552524041497,0.00960952380952381
72446,Democratic_Socialism,2,200,TRUE,2,"1,2",0.0366911676105555,0.510204081632653,0,,4,505,3845,4454,4149.5,430.628029742608,0.0109866666666667
72447,Democratic_Socialism,2,200,TRUE,2,"1,2",0.0195015001153935,0.510204081632653,0,,2,613,4164,4502,4333,239.002092041053,0.0115274261603376
72448,Democratic_Socialism,2,200,TRUE,2,"1,2",0.00133511348464621,0.502551020408163,0,,4,639,4482,4506,4494,16.9705627484771,0.0118771929824561
72449,Democratic_Socialism,2,200,TRUE,2,"1,2",0.0307874113695734,0.510204081632653,0,,6,584,3772,4267,4019.5,350.017856687341,0.0125833333333333
72450,Democratic_Socialism,2,200,TRUE,2,"1,2",0.00621456607064985,0.522959183673469,0,,8,471,4529,4643,4586,80.6101730552664,0.00988679245283019
72451,Democratic_Socialism,2,200,TRUE,2,"1,2",0.0480439258750858,0.510204081632653,0,,4,616,3951,4791,4371,593.9696961967,0.0150588235294118
72452,Democratic_Socialism,2,200,TRUE,2,"1,2",0.043060409385921,0.663265306122449,0,,0,484,3661,4351,4006,487.903679018718,0.0102380952380952
72453,Democratic_Socialism,2,200,TRUE,2,"1,2",0.0453510436432638,0.502551020408163,0,,6,566,3594,4311,3952.5,506.995562110755,0.0114705882352941
72454,Democratic_Socialism,2,200,TRUE,2,"1,2",0.0528406355320172,0.502551020408163,0,,6,584,3715,4593,4154,620.839753881789,0.0105185185185185
72455,Democratic_Socialism,2,200,TRUE,2,"1,2",0.0720034142177783,0.5,0,,8,563,3510,4691,4100.5,835.093108581313,0.0120833333333333
72456,Democratic_Socialism,2,200,TRUE,2,"1,2",0.0383141762452108,0.522959183673469,0,,0,515,4338,5058,4698,509.116882454314,0.0124819277108434
72457,Democratic_Socialism,2,200,TRUE,2,"1,2",0.052838838603503,0.510204081632653,0,,0,574,3804,4703,4253.5,635.688996286706,0.0136521739130435
72458,Democratic_Socialism,2,200,TRUE,2,"1,2",0.0701023314695644,0.510204081632653,0,,0,566,4075,5404,4739.5,939.744912196922,0.0114022988505747
72459,Democratic_Socialism,2,200,TRUE,2,"1,2",0.0424517052229907,0.510204081632653,0,,2,565,3837,4549,4193,503.460028204822,0.011678431372549
72460,Democratic_Socialism,2,200,TRUE,2,"1,2",0.0235585197934596,0.5,0,,2,646,4429,4867,4648,309.712770159708,0.00910144927536232
72461,Democratic_Socialism,2,200,TRUE,2,"1,2",0.0324488667772249,0.517146776406036,0,,8,507,4229,4816,4522.5,415.071680556503,0.0131916666666667
72462,Democratic_Socialism,2,200,TRUE,2,"1,2",0.0439142461964039,0.502551020408163,0,,6,516,3957,4719,4338,538.815367264149,0.0162522522522523
72463,Democratic_Socialism,2,200,TRUE,2,"1,2",0.0768200089325593,0.510204081632653,0,,2,594,3790,5166,4478,972.978930912689,0.0106952380952381
72464,Democratic_Socialism,2,35,FALSE,1,1,0.5,1,1,35,0,14,0,2141,1070.5,1513.9156185204,0.007
72465,Democratic_Socialism,2,200,TRUE,2,"1,2",0.0327371094181297,0.522959183673469,0,,6,525,4232,4825,4528.5,419.314321243623,0.0140392156862745
72466,Democratic_Socialism,2,200,TRUE,2,"1,2",0.00869894099848723,0.510204081632653,0,,12,547,3897,4035,3966,97.5807358037436,0.0104222222222222
72467,Democratic_Socialism,2,200,TRUE,2,"1,2",0.0833052466015054,0.522959183673469,0,,0,545,3709,5192,4450.5,1048.63935649965,0.0106243386243386
72468,Democratic_Socialism,2,200,TRUE,2,"1,2",0.0434810533076428,0.506172839506173,0,,2,605,3554,4231,3892.5,478.711290863293,0.0139619047619048
72469,Democratic_Socialism,2,200,TRUE,2,"1,2",0.0631237524950099,0.522959183673469,0,,8,615,3502,4514,4008,715.592062560786,0.0126444444444444
72470,Democratic_Socialism,2,200,TRUE,2,"1,2",0.018352833218628,0.5,0,,2,552,4199,4519,4359,226.274169979695,0.0114814814814815
72471,Democratic_Socialism,2,200,TRUE,2,"1,2",0.00280183392766165,0.506172839506173,0,,8,546,3904,3948,3926,31.1126983722081,0.00921461187214612
72472,Democratic_Socialism,2,200,TRUE,2,"1,2",0.00381494489524048,0.502551020408163,0,,10,656,4097,4160,4128.5,44.5477272147525,0.0119678714859438
72473,Democratic_Socialism,2,200,TRUE,2,"1,2",0.0193122939236929,0.510204081632653,0,,0,572,4082,4410,4246,231.931024229188,0.0108235294117647
72474,Democratic_Socialism,2,200,TRUE,2,"1,2",0.0440199335548173,0.563775510204082,0,,10,535,3843,4585,4214,524.673231640418,0.00827027027027027
72475,Democratic_Socialism,2,200,TRUE,2,"1,2",0.0785641142337012,0.522959183673469,0,,6,455,3704,5085,4394.5,976.514464818622,0.0125821596244131
72476,Democratic_Socialism,2,200,TRUE,2,"1,2",0.142275476966031,0.625,0,,6,463,3075,5521,4298,1729.5831867823,0.017374358974359
72477,Democratic_Socialism,2,200,TRUE,2,"1,2",0.00542749115745833,0.540816326530612,0,,4,589,4055,4144,4099.5,62.9325035256027,0.0104
72478,Democratic_Socialism,2,200,TRUE,2,"1,2",0.0258559622195986,0.563775510204082,0,,2,565,4016,4454,4235,309.712770159708,0.00985714285714286
72479,Democratic_Socialism,2,200,TRUE,2,"1,2",0.0429326287978864,0.540816326530612,0,,4,553,3806,4521,4163.5,505.581348548382,0.0116
72480,Democratic_Socialism,2,200,TRUE,2,"1,2",0.0836510428347164,0.563775510204082,0,,0,553,3713,5205,4459,1055.00331753033,0.0160277777777778
72481,Democratic_Socialism,2,200,TRUE,2,"1,2",0.0470242468772961,0.5,0,,10,571,3699,4467,4083,543.058007951268,0.0127777777777778
72482,Democratic_Socialism,2,200,TRUE,2,"1,2",0.0664160401002507,0.563775510204082,0,,5,547,3806,4972,4389,824.486506863515,0.0129152542372881
72483,Democratic_Socialism,2,200,TRUE,2,"1,2",0.0276094661026638,0.502551020408163,0,,4,500,4132,4615,4373.5,341.532575313102,0.00864978902953587
72484,Democratic_Socialism,2,200,TRUE,2,"1,2",0.0454336851766866,0.510204081632653,0,,4,493,3962,4754,4358,560.028570699746,0.00853881278538813
72485,Democratic_Socialism,2,200,TRUE,2,"1,2",0.0278102360364572,0.502551020408163,0,,6,497,4041,4517,4279,336.582827844797,0.0123849765258216
72486,Democratic_Socialism,2,200,TRUE,2,"1,2",0.112830008362203,0.510204081632653,0,,0,512,3241,5130,4185.5,1335.72470966139,0.0162374429223744
72487,Democratic_Socialism,2,200,TRUE,2,"1,2",0.0552110660624852,0.522959183673469,0,,2,608,3730,4656,4193,654.780879378743,0.0129948717948718
72488,Democratic_Socialism,2,200,TRUE,2,"1,2",0.00923666782851162,0.502551020408163,0,,8,523,4224,4383,4303.5,112.429978208661,0.00953439153439153
72489,Democratic_Socialism,2,200,TRUE,2,"1,2",0.0420310981535472,0.522959183673469,0,,2,562,3770,4462,4116,489.317892581091,0.00847179487179487
72490,Democratic_Socialism,2,200,TRUE,2,"1,2",0.06337709370756,0.563775510204082,0,,0,546,3858,4978,4418,791.959594928933,0.0104722222222222
72491,Democratic_Socialism,2,200,TRUE,2,"1,2",0.0462498541933978,0.625,0,,10,545,3890,4683,4286.5,560.735677480932,0.00965128205128205
72492,Democratic_Socialism,2,200,TRUE,2,"1,2",0.0288199786957037,0.502551020408163,0,,12,583,3981,4468,4224.5,344.361002437849,0.00858558558558559
72493,Democratic_Socialism,2,200,TRUE,2,"1,2",0.0253863134657837,0.563775510204082,0,,8,509,4085,4522,4303.5,309.005663378521,0.0123384615384615
72494,Democratic_Socialism,2,200,TRUE,2,"1,2",0.0247115968427445,0.510204081632653,0,,4,601,3914,4321,4117.5,287.792459942925,0.0111313131313131
72495,Democratic_Socialism,2,200,TRUE,2,"1,2",0.0310893512851898,0.510204081632653,0,,2,499,3831,4339,4085,359.210244842766,0.0122347417840376
72496,Democratic_Socialism,2,200,TRUE,2,"1,2",0.0418487762237763,0.522959183673469,0,,14,535,4193,4959,4576,541.643794388896,0.0116410256410256
72497,Democratic_Socialism,2,200,TRUE,2,"1,2",0.0425163983303518,0.502551020408163,0,,2,533,3836,4549,4192.5,504.167134986008,0.0125168539325843
72498,Democratic_Socialism,2,200,TRUE,2,"1,2",0.0200387456108488,0.502551020408163,0,,12,496,3964,4295,4129.5,234.052344572747,0.0106197183098592
72499,Democratic_Socialism,2,200,TRUE,2,"1,2",0.0109859154929577,0.5,0,,8,597,4340,4535,4437.5,137.885822331377,0.0112037037037037
72500,Democratic_Socialism,2,200,TRUE,2,"1,2",0.0486133592316824,0.563775510204082,0,,2,462,4183,5084,4633.5,637.103209849079,0.0127692307692308
72501,Democratic_Socialism,2,200,TRUE,2,"1,2",0.0198329853862214,0.502551020408163,0,,16,572,4140,4482,4311,241.830519165799,0.0108888888888889
72502,Democratic_Socialism,2,200,TRUE,2,"1,2",0.0406922357343311,0.522959183673469,0,,0,564,3928,4624,4276,492.146319705837,0.0121955555555556
72503,Democratic_Socialism,2,200,TRUE,2,"1,2",0.0166177908113392,0.522959183673469,0,,2,443,3956,4228,4092,192.333044482741,0.0108169014084507
72504,Democratic_Socialism,2,200,TRUE,2,"1,2",0.0291733202309299,0.522959183673469,0,,2,518,3833,4308,4070.5,335.87572106361,0.0102478632478632
72505,Democratic_Socialism,2,200,TRUE,2,"1,2",0.113515651486044,0.502551020408163,0,,2,569,3420,5429,4424.5,1420.57752340377,0.0153083333333333
72506,Democratic_Socialism,2,200,TRUE,2,"1,2",0.0148241783498047,0.5,0,,4,603,4222,4480,4351,182.433549546129,0.00898461538461539
72507,Democratic_Socialism,2,200,TRUE,2,"1,2",0.0359140747370776,0.591836734693878,0,,8,544,4148,4790,4469,453.962553521764,0.0122933333333333
72508,Democratic_Socialism,2,200,TRUE,2,"1,2",0,0.522959183673469,0,,7,559,4468,4468,4468,0,0.010009009009009
72509,Democratic_Socialism,2,200,TRUE,2,"1,2",0.00805287126513377,0.706632653061224,0,,8,494,4429,4574,4501.5,102.530483272049,0.0118148148148148
72510,Democratic_Socialism,2,200,TRUE,2,"1,2",0.0314828166306176,0.5,0,,0,521,3899,4423,4161,370.523953341751,0.0160980392156863
72511,Democratic_Socialism,2,200,TRUE,2,"1,2",0.044041450777202,0.502551020408163,0,,4,449,3784,4515,4149.5,516.895057047366,0.0113233830845771
72512,Democratic_Socialism,2,200,TRUE,2,"1,2",0.0505932393104993,0.510204081632653,0,,4,527,4015,4919,4467,639.224530192639,0.0139270833333333
72513,Democratic_Socialism,2,200,TRUE,2,"1,2",0.0377088305489259,0.5,0,,6,548,3874,4506,4190,446.891485709898,0.0140111111111111
72514,Democratic_Socialism,2,200,TRUE,2,"1,2",0.0225525077470445,0.540816326530612,0,,8,474,4160,4553,4356.5,277.892965006313,0.0148
72515,Democratic_Socialism,2,200,TRUE,2,"1,2",0.0738262910798122,0.502551020408163,0,,2,516,3631,4889,4260,889.540330732677,0.0137368421052632
72516,Democratic_Socialism,2,200,TRUE,2,"1,2",0.00516911295469047,0.506172839506173,0,,0,538,3877,3958,3917.5,57.2756492761104,0.00909604519774011
72517,Democratic_Socialism,2,200,TRUE,2,"1,2",0.0563979937011547,0.522959183673469,0,,8,517,3803,4770,4286.5,683.772257407391,0.00986458333333333
72518,Democratic_Socialism,2,200,TRUE,2,"1,2",0.00687165152573965,0.502551020408163,0,,4,537,4234,4352,4293,83.4386001800126,0.0107747747747748
72519,Democratic_Socialism,2,200,TRUE,2,"1,2",0.0496134702954569,0.540816326530612,0,,4,427,4253,5190,4721.5,662.559053971795,0.0144594594594595
72520,Democratic_Socialism,2,71,FALSE,1,1,0.5,1,1,71,0,80,0,3147,1573.5,2225.26504039407,0.00674509803921569
72521,Democratic_Socialism,2,200,TRUE,2,"1,2",0.0400681543365944,0.502551020408163,0,,4,555,4184,4913,4548.5,515.480843484993,0.0118308457711443
72522,Democratic_Socialism,2,200,TRUE,2,"1,2",0.0151881883093308,0.522959183673469,0,,16,579,4006,4257,4131.5,177.483802077823,0.0166172839506173
72523,Democratic_Socialism,2,200,TRUE,2,"1,2",0.0267919276270008,0.591836734693878,0,,12,550,4080,4542,4311,326.683332908185,0.0118614718614719
72524,Democratic_Socialism,2,200,TRUE,2,"1,2",0.0203765490943757,0.522959183673469,0,,16,561,4025,4367,4196,241.830519165799,0.00964444444444445
72525,Democratic_Socialism,2,200,TRUE,2,"1,2",0.152277632625241,0.540816326530612,0,,0,641,3061,5742,4401.5,1895.75328036113,0.01555
72526,Democratic_Socialism,2,42,FALSE,1,2,0.5,1,1,42,2,23,0,2303,1151.5,1628.46691707262,0.00980952380952381
72527,Democratic_Socialism,2,200,TRUE,2,"1,2",0.0273607748184019,0.540816326530612,0,,5,557,3904,4356,4130,319.61226509632,0.0125146198830409
72528,Democratic_Socialism,2,200,TRUE,2,"1,2",0.0433456893459285,0.502551020408163,0,,6,474,3819,4544,4181.5,512.652416360247,0.0117634408602151
72529,Democratic_Socialism,2,200,TRUE,2,"1,2",0.0423501841312353,0.502551020408163,0,,0,466,4101,4860,4480.5,536.69404692059,0.0101385281385281
72530,Democratic_Socialism,2,200,TRUE,2,"1,2",0.0165761170861514,0.563775510204082,0,,9,586,4360,4659,4509.5,211.424927574778,0.0115066666666667
72531,Democratic_Socialism,2,200,TRUE,2,"1,2",0.0147627999557669,0.5,0,,3,496,4388,4655,4521.5,188.797510576808,0.0104307692307692
72532,Democratic_Socialism,2,200,TRUE,2,"1,2",0.0580202875933564,0.5,0,,0,648,3965,5006,4485.5,736.098159215196,0.0105142857142857
72533,Democratic_Socialism,2,200,TRUE,2,"1,2",0.0486266650948957,0.502551020408163,0,,8,573,3829,4654,4241.5,583.363094478902,0.0127536231884058
72534,Democratic_Socialism,2,200,TRUE,2,"1,2",0.0353108956075299,0.563775510204082,0,,2,606,4073,4692,4382.5,437.699097554473,0.0129132420091324
72535,Democratic_Socialism,2,200,TRUE,2,"1,2",0.0491987981972959,0.502551020408163,0,,2,540,3601,4387,3994,555.785930012626,0.0109483568075117
72536,Democratic_Socialism,2,200,TRUE,2,"1,2",0.00179211469534057,0.522959183673469,0,,4,510,4170,4200,4185,21.2132034355964,0.0100099502487562
72537,Democratic_Socialism,2,53,FALSE,1,1,0.5,1,1,53,4,49,0,2304,1152,1629.17402385381,0.00836363636363636
72538,Democratic_Socialism,2,200,TRUE,2,"1,2",0.0472192449684412,0.563775510204082,0,,10,588,3802,4595,4198.5,560.735677480932,0.00853679653679654
72539,Democratic_Socialism,2,200,TRUE,2,"1,2",0.0927169421487604,0.522959183673469,0,,2,524,3154,4590,3872,1015.40533778388,0.00934567901234568
72540,Democratic_Socialism,2,72,FALSE,1,2,0.5,1,1,72,4,77,0,2583,1291.5,1826.45681580485,0.0112280701754386
72541,Democratic_Socialism,2,200,TRUE,2,"1,2",0.0899920209734413,0.591836734693878,0,,2,565,3597,5176,4386.5,1116.52160749356,0.0140909090909091
72542,Democratic_Socialism,2,200,TRUE,2,"1,2",0.0139627659574468,0.502551020408163,0,,0,612,4386,4638,4512,178.19090885901,0.00932432432432432
72543,Democratic_Socialism,2,200,TRUE,2,"1,2",0.00893738348503126,0.522959183673469,0,,4,595,4478,4641,4559.5,115.258405333407,0.00942156862745098
72544,Democratic_Socialism,2,200,TRUE,2,"1,2",0.0431328704248559,0.522959183673469,0,,9,519,3882,4615,4248.5,518.309270609739,0.0133703703703704
72545,Democratic_Socialism,2,200,TRUE,2,"1,2",0.0420717800984276,0.522959183673469,0,,10,564,3815,4516,4165.5,495.68185361177,0.012056338028169
72546,Democratic_Socialism,2,200,TRUE,2,"1,2",0.0558820072864026,0.510204081632653,0,,8,522,3779,4730,4254.5,672.458548908407,0.0106751054852321
72547,Democratic_Socialism,2,200,TRUE,2,"1,2",0.00514448336252182,0.591836734693878,0,,4,547,4521,4615,4568,66.4680374315355,0.0155179487179487
72548,Democratic_Socialism,2,200,TRUE,2,"1,2",0.00536630891273915,0.502551020408163,0,,2,583,4240,4332,4286,65.0538238691624,0.0120386473429952
72549,Democratic_Socialism,2,200,TRUE,2,"1,2",0.0112852297976844,0.591836734693878,0,,6,548,4179,4372,4275.5,136.471608769004,0.0120940170940171
72550,Democratic_Socialism,2,200,TRUE,2,"1,2",0.0634754251106453,0.502551020408163,0,,4,594,3748,4838,4293,770.746391493337,0.0108380952380952
72551,Democratic_Socialism,2,200,TRUE,2,"1,2",0.0083592759137554,0.540816326530612,0,,6,627,4264,4409,4336.5,102.530483272049,0.0128732394366197
72552,Democratic_Socialism,2,200,TRUE,2,"1,2",0.00632606338113018,0.502551020408163,0,,12,543,4097,4202,4149.5,74.2462120245875,0.0122194092827004
72553,Democratic_Socialism,2,200,TRUE,2,"1,2",0.084703196347032,0.502551020408163,0,,0,483,3638,5122,4380,1049.34646328084,0.0111212121212121
72554,Democratic_Socialism,2,200,TRUE,2,"1,2",0.0637330968743073,0.591836734693878,0,,0,522,3936,5086,4511,813.17279836453,0.0147008547008547
72555,Democratic_Socialism,2,200,TRUE,2,"1,2",0.0367174280879865,0.563775510204082,0,,6,602,4107,4758,4432.5,460.326514552443,0.0116319444444444
72556,Democratic_Socialism,2,200,TRUE,2,"1,2",0.0340935536420759,0.502551020408163,0,,0,551,4004,4590,4297,414.364573775317,0.0104975124378109
72557,Democratic_Socialism,2,200,TRUE,2,"1,2",0.00189297042873227,0.540816326530612,0,,8,662,4868,4905,4886.5,26.1629509039023,0.0100657276995305
72558,Democratic_Socialism,2,200,TRUE,2,"1,2",0.0250474833808168,0.563775510204082,0,,4,600,4001,4423,4212,298.399061660723,0.0135765765765766
72559,Democratic_Socialism,2,200,TRUE,2,"1,2",0.040127388535032,0.510204081632653,0,,6,556,3971,4664,4317.5,490.024999362277,0.00982142857142857
72560,Democratic_Socialism,2,200,TRUE,2,"1,2",0.0660399809614469,0.5,0,,0,521,3647,4757,4202,784.888527117068,0.00856862745098039
72561,Democratic_Socialism,2,51,FALSE,1,1,0.5,1,1,51,2,55,0,2359,1179.5,1668.06489681907,0.00768888888888889
72562,Democratic_Socialism,2,200,TRUE,2,"1,2",0.0193975353719762,0.510204081632653,0,,0,619,4212,4552,4382,240.416305603426,0.016463768115942
72563,Democratic_Socialism,2,200,TRUE,2,"1,2",0.0199256419193679,0.522959183673469,0,,4,524,4132,4475,4303.5,242.537625946986,0.00997260273972603
72564,Democratic_Socialism,2,200,TRUE,2,"1,2",0.0370482291792578,0.517146776406036,0,,2,451,3830,4443,4136.5,433.456456867354,0.0123809523809524
72565,Democratic_Socialism,2,200,TRUE,2,"1,2",0.0976199330606173,0.502551020408163,0,,12,618,3246,4821,4033.5,1113.69318036881,0.0118108108108108
72566,Democratic_Socialism,2,200,TRUE,2,"1,2",0.0790556900726391,0.502551020408163,0,,6,475,3477,4783,4130,923.481456229631,0.0111256830601093
72567,Democratic_Socialism,2,200,TRUE,2,"1,2",0.149320979819774,0.522959183673469,0,,0,569,2763,5116,3939.5,1663.82225613195,0.0157077625570776
72568,Democratic_Socialism,2,200,TRUE,2,"1,2",0.030528536270948,0.522959183673469,0,,2,570,4006,4527,4266.5,368.402632998191,0.0113963963963964
72569,Democratic_Socialism,2,200,TRUE,2,"1,2",0.109920239282153,0.510204081632653,0,,2,539,3130,4894,4012,1247.33636201307,0.0131549295774648
72570,Democratic_Socialism,2,200,TRUE,2,"1,2",0.0216651542649728,0.5,0,,4,542,4217,4599,4408,270.114790413261,0.0122933333333333
72571,Democratic_Socialism,2,200,TRUE,2,"1,2",0.0686554068874754,0.510204081632653,0,,8,561,3933,5185,4559,885.297690045558,0.0131079812206573
72572,Democratic_Socialism,2,200,TRUE,2,"1,2",0.0443583118001722,0.5,0,,0,529,4232,5056,4644,582.655987697715,0.0127692307692308
72573,Democratic_Socialism,2,200,TRUE,2,"1,2",0.0461759631972398,0.5,0,,0,554,3946,4749,4347.5,567.806745292798,0.0118730158730159
72574,Democratic_Socialism,2,200,TRUE,2,"1,2",0.0424015462672143,0.502551020408163,0,,2,567,3788,4490,4139,496.388960392956,0.0117333333333333
72575,Democratic_Socialism,2,200,TRUE,2,"1,2",0.0327236013778358,0.510204081632653,0,,6,527,3934,4485,4209.5,389.615836433788,0.00898095238095238
72576,Democratic_Socialism,2,200,TRUE,2,"1,2",0.134775105166649,0.755102040816326,0,,0,568,3386,5885,4635.5,1767.05984618518,0.0131005291005291
72577,Democratic_Socialism,2,200,TRUE,2,"1,2",0.0521268748463242,0.706632653061224,0,,2,488,3643,4491,4067,599.626550446192,0.0132291666666667
72578,Democratic_Socialism,2,200,TRUE,2,"1,2",0.045275590551181,0.563775510204082,0,,6,559,3927,4709,4318,552.95750288788,0.0103714285714286
72579,Democratic_Socialism,2,200,TRUE,2,"1,2",0.0369166473183191,0.540816326530612,0,,12,551,3989,4625,4307,449.719912834644,0.0128378378378378
72580,Democratic_Socialism,2,200,TRUE,2,"1,2",0.0129422403074488,0.5,0,,0,501,4309,4538,4423.5,161.927452891719,0.0168544600938967
72581,Democratic_Socialism,2,200,TRUE,2,"1,2",0.0552154195011338,0.522959183673469,0,,0,518,3923,4897,4410,688.722004875697,0.0118333333333333
535799,Rent_Control_Only,2,77,FALSE,1,1,0.5,1,1,77,4,54,0,1334,667,943.280446102854,0.00745098039215686
535800,Rent_Control_Only,2,34,FALSE,1,2,0.5,1,1,34,2,12,0,1705,852.5,1205.61706192306,0.0085
535801,Rent_Control_Only,2,55,FALSE,1,1,0.422520661157025,1,1,55,2,27,150,1786,968,1156.82669402119,0.00514285714285714
535802,Rent_Control_Only,2,50,FALSE,1,2,0.5,1,1,50,0,15,0,3462,1731,2448.00367646783,0.016
535803,Rent_Control_Only,2,200,TRUE,2,"1,2",0.136787564766839,0.5648,0,,2,215,1402,2458,1930,746.704760932994,0.0123728813559322
535804,Rent_Control_Only,2,49,FALSE,1,1,0.5,1,1,49,2,12,0,1472,736,1040.8611819066,0.0145
535805,Rent_Control_Only,2,79,FALSE,1,1,0.387063655030801,1,1,79,4,53,220,1728,974,1066.31702602931,0.0116923076923077
535806,Rent_Control_Only,2,115,FALSE,1,1,0.5,1,1,115,2,68,0,3860,1930,2729.43217538007,0.00825
535807,Rent_Control_Only,2,64,FALSE,1,2,0.5,1,1,64,4,21,0,1648,824,1165.31197539543,0.00733333333333333
535808,Rent_Control_Only,2,63,FALSE,1,1,0.5,1,1,63,4,17,0,4068,2034,2876.51038586688,0.0077
535809,Rent_Control_Only,2,55,FALSE,1,1,0.5,1,1,55,0,26,0,2206,1103,1559.87755929752,0.0102222222222222
535810,Rent_Control_Only,2,113,FALSE,1,1,0.5,1,1,113,4,93,0,3547,1773.5,2508.10775286868,0.008
535811,Rent_Control_Only,2,53,FALSE,1,1,0.5,1,1,53,2,21,0,1974,987,1395.82878606224,0.0115333333333333
535812,Rent_Control_Only,2,124,FALSE,1,2,0.5,1,1,124,8,70,0,1998,999,1412.79934881072,0.00859770114942529
535813,Rent_Control_Only,2,82,FALSE,1,2,0.5,1,1,82,0,51,0,2055,1027.5,1453.10443533836,0.00557333333333333
535814,Rent_Control_Only,2,82,FALSE,1,2,0.5,1,1,82,4,61,0,1614,807,1141.27034483509,0.0115897435897436
535815,Rent_Control_Only,2,200,TRUE,2,"1,2",0.0487241798298908,0.5072,0,,2,170,1857,2258,2057.5,283.549819255806,0.0109615384615385
535816,Rent_Control_Only,2,102,FALSE,1,2,0.5,1,1,102,9,62,0,1882,941,1330.77496219308,0.0126060606060606
535817,Rent_Control_Only,2,181,FALSE,1,1,0.5,1,1,181,8,156,0,1938,969,1370.37294193953,0.0121960784313726
535818,Rent_Control_Only,2,58,FALSE,1,2,0.5,1,1,58,2,16,0,3567,1783.5,2522.24988849241,0.00774358974358974
535819,Rent_Control_Only,2,106,FALSE,1,2,0.5,1,1,106,4,71,0,1941,970.5,1372.49426228309,0.0113131313131313
535820,Rent_Control_Only,2,83,FALSE,1,1,0.5,1,1,83,0,23,0,2616,1308,1849.79133958401,0.0180444444444444
535821,Rent_Control_Only,2,90,FALSE,1,2,0.5,1,1,90,2,60,0,1950,975,1378.85822331377,0.00814035087719298
535822,Rent_Control_Only,2,43,FALSE,1,1,0.5,1,1,43,0,7,0,1642,821,1161.06933470831,0.00644444444444445
535823,Rent_Control_Only,2,127,FALSE,1,1,0.5,1,1,127,4,115,0,1510,755,1067.73123959169,0.00616666666666667
535824,Rent_Control_Only,2,73,FALSE,1,1,0.5,1,1,73,2,30,0,3282,1641,2320.72445585425,0.00604761904761905
535825,Rent_Control_Only,2,69,FALSE,1,1,0.5,1,1,69,4,35,0,1921,960.5,1358.35212665936,0.0107126436781609
535826,Rent_Control_Only,2,35,FALSE,1,1,0.5,1,1,35,0,10,0,3634,1817,2569.62604283191,0.00333333333333333
535827,Rent_Control_Only,2,130,FALSE,1,2,0.5,1,1,130,4,89,0,4063,2031.5,2872.97485196094,0.0105882352941176
535828,Rent_Control_Only,2,42,FALSE,1,2,0.5,1,1,42,4,7,0,1412,706,998.434775035405,0.018
535829,Rent_Control_Only,2,59,FALSE,1,1,0.5,1,1,59,4,27,0,2169,1084.5,1533.71460839362,0.00690476190476191
535830,Rent_Control_Only,2,33,FALSE,1,1,0.5,1,1,33,0,2,0,2080,1040,1470.78210486802,0.00977777777777778
535831,Rent_Control_Only,2,52,FALSE,1,2,0.5,1,1,52,6,32,0,1277,638.5,902.975359575221,0.00816666666666667
535832,Rent_Control_Only,2,68,FALSE,1,2,0.5,1,1,68,4,35,0,1524,762,1077.6307345283,0.00957575757575758
535833,Rent_Control_Only,2,49,FALSE,1,1,0.5,1,1,49,2,15,0,1291,645.5,912.874854511833,0.00872222222222222
535834,Rent_Control_Only,2,61,FALSE,1,1,0.5,1,1,61,4,30,0,2104,1052,1487.7526676165,0.0134666666666667
535835,Rent_Control_Only,2,30,FALSE,1,2,0.5,1,1,30,2,10,0,1662,831,1175.21147033204,0.00333333333333333
535836,Rent_Control_Only,2,41,FALSE,1,1,0.5,1,1,41,4,9,0,1310,655,926.309883354377,0.00666666666666667
535837,Rent_Control_Only,2,182,FALSE,1,2,0.5,1,2,182,14,182,0,1676,838,1185.11096526865,0.0127738095238095
535838,Rent_Control_Only,2,90,FALSE,1,2,0.5,1,1,90,8,50,0,1995,997.5,1410.67802846716,0.0104444444444444
535839,Rent_Control_Only,2,48,FALSE,1,2,0.5,1,1,48,4,18,0,1710,855,1209.152595829,0.00841666666666667
535840,Rent_Control_Only,2,44,FALSE,1,2,0.5,1,1,44,0,3,0,2447,1223.5,1730.29029356348,0.00651851851851852
535841,Rent_Control_Only,2,46,FALSE,1,2,0.5,1,1,46,4,18,0,1794,897,1268.54956544867,0.005
535842,Rent_Control_Only,2,41,FALSE,1,1,0.5,1,1,41,0,36,0,3069,1534.5,2170.11071146151,0.00566666666666667
535843,Rent_Control_Only,2,200,TRUE,2,"1,2",0.0778045838359469,0.502958579881657,0,,0,233,1750,2395,2072.5,456.083873865323,0.0116774193548387
535844,Rent_Control_Only,2,200,TRUE,2,"1,2",0.0108556832694764,0.5008,0,,0,206,1915,2000,1957.5,60.1040764008566,0.010230303030303
535845,Rent_Control_Only,2,40,FALSE,1,2,0.5,1,1,40,0,13,0,2092,1046,1479.26738624226,0.0116
535846,Rent_Control_Only,2,33,FALSE,1,1,0.5,1,1,33,4,14,0,1161,580.5,820.950972957582,0.00577777777777778
535847,Rent_Control_Only,2,42,FALSE,1,2,0.5,1,1,42,2,12,0,1486,743,1050.76067684321,0.00508333333333333
535848,Rent_Control_Only,2,120,FALSE,1,2,0.5,1,1,120,2,95,0,2312,1156,1634.8308781033,0.0119583333333333
535849,Rent_Control_Only,2,173,FALSE,1,1,0.405268245529241,1,1,173,2,169,196,1873,1034.5,1185.81807204984,0.00683018867924528
535850,Rent_Control_Only,2,135,FALSE,1,1,0.5,1,1,135,2,98,0,2051,1025.5,1450.27600821361,0.0108965517241379
535851,Rent_Control_Only,2,135,FALSE,1,1,0.434123847167325,1,1,135,0,88,300,4254,2277,2795.90021281161,0.0096969696969697
535852,Rent_Control_Only,2,110,FALSE,1,2,0.5,1,1,110,0,67,0,2270,1135,1605.13239329346,0.00873873873873874
535853,Rent_Control_Only,2,37,FALSE,1,1,0.5,1,1,37,0,8,0,1935,967.5,1368.25162159597,0.00933333333333333
535854,Rent_Control_Only,2,164,FALSE,1,2,0.5,1,1,164,2,137,0,1777,888.5,1256.5287501685,0.0100952380952381
535855,Rent_Control_Only,2,39,FALSE,1,1,0.5,1,2,39,2,9,0,3169,1584.5,2240.82138958017,0.0107619047619048
535856,Rent_Control_Only,2,58,FALSE,1,2,0.5,1,1,58,2,36,0,1564,782,1105.91500577576,0.00615384615384615
535857,Rent_Control_Only,2,48,FALSE,1,2,0.5,1,1,48,5,21,0,1560,780,1103.08657865101,0.00466666666666667
535858,Rent_Control_Only,2,90,FALSE,1,2,0.5,1,1,90,0,31,0,2170,1085,1534.42171517481,0.0085679012345679
535859,Rent_Control_Only,2,55,FALSE,1,1,0.5,1,1,55,2,18,0,2058,1029,1455.22575568191,0.0102857142857143
535860,Rent_Control_Only,2,76,FALSE,1,2,0.5,1,1,76,4,30,0,1651,825.5,1167.43329573899,0.0113333333333333
535861,Rent_Control_Only,2,53,FALSE,1,1,0.5,1,1,53,2,10,0,1311,655.5,927.016990135564,0.00923076923076923
535862,Rent_Control_Only,2,56,FALSE,1,2,0.5,1,1,56,2,41,0,1605,802.5,1134.90638380441,0.00729824561403509
535863,Rent_Control_Only,2,68,FALSE,1,2,0.5,1,1,68,2,39,0,3397,1698.5,2402.0417356907,0.00582456140350877
535864,Rent_Control_Only,2,111,FALSE,1,1,0.5,1,1,111,2,75,0,1787,893.5,1263.59981798036,0.00948148148148148
535865,Rent_Control_Only,2,71,FALSE,1,1,0.5,1,1,71,0,25,0,2040,1020,1442.49783362056,0.0128571428571429
535866,Rent_Control_Only,2,200,TRUE,2,"1,2",0.106809583858764,0.5392,0,,2,217,1559,2406,1982.5,598.919443665006,0.00735849056603774
535867,Rent_Control_Only,2,113,FALSE,1,1,0.5,1,1,113,2,99,0,1670,835,1180.86832458153,0.0105376344086022
535868,Rent_Control_Only,2,104,FALSE,1,2,0.5,1,1,104,6,66,0,2093,1046.5,1479.97449302344,0.00866666666666667
535869,Rent_Control_Only,2,55,FALSE,1,1,0.5,1,1,55,2,15,0,3347,1673.5,2366.68639663137,0.00893333333333333
535870,Rent_Control_Only,2,65,FALSE,1,1,0.5,1,1,65,2,35,0,1606,803,1135.6134905856,0.0073
535871,Rent_Control_Only,2,93,FALSE,1,1,0.5,1,1,93,0,67,0,2294,1147,1622.10295604194,0.0130238095238095
535872,Rent_Control_Only,2,65,FALSE,1,1,0.5,1,1,65,2,10,0,1382,691,977.221571599809,0.0118888888888889
535873,Rent_Control_Only,2,62,FALSE,1,2,0.431662870159453,1,1,62,2,18,150,2045,1097.5,1339.96735034851,0.0137435897435897
535874,Rent_Control_Only,2,80,FALSE,1,2,0.5,1,1,80,6,38,0,1736,868,1227.53737213985,0.0127037037037037
535875,Rent_Control_Only,2,157,FALSE,1,1,0.5,1,1,157,6,100,0,1207,603.5,853.477884892163,0.0118666666666667
535876,Rent_Control_Only,2,56,FALSE,1,2,0.38351776354106,1,1,56,4,20,200,1517,858.5,931.259630822683,0.0113333333333333
535877,Rent_Control_Only,2,105,FALSE,1,1,0.5,1,1,105,6,75,0,1651,825.5,1167.43329573899,0.00796078431372549
535878,Rent_Control_Only,2,74,FALSE,1,2,0.5,1,1,74,2,45,0,3603,1801.5,2547.70573261513,0.0114385964912281
535879,Rent_Control_Only,2,58,FALSE,1,2,0.5,1,1,58,0,10,0,3346,1673,2365.97928985019,0.00548148148148148
535880,Rent_Control_Only,2,157,FALSE,1,1,0.5,1,1,157,2,135,0,2255,1127.5,1594.52579157566,0.00885714285714286
535881,Rent_Control_Only,2,71,FALSE,1,1,0.5,1,1,71,7,37,0,3505,1752.5,2478.40926805885,0.00517647058823529
535882,Rent_Control_Only,2,36,FALSE,1,2,0.5,1,1,36,2,14,0,1874,937,1325.11810794359,0.00577777777777778
535883,Rent_Control_Only,2,71,FALSE,1,1,0.5,1,1,71,4,42,0,2061,1030.5,1457.34707602547,0.0132307692307692
535884,Rent_Control_Only,2,88,FALSE,1,2,0.5,1,1,88,1,49,0,1867,933.5,1320.16836047528,0.0141333333333333
535885,Rent_Control_Only,2,54,FALSE,1,2,0.411816578483245,1,1,54,4,18,150,1551,850.5,990.656600442353,0.00973333333333333
535886,Rent_Control_Only,2,68,FALSE,1,2,0.5,1,1,68,8,28,0,3630,1815,2566.79761570717,0.00933333333333333
535887,Rent_Control_Only,2,94,FALSE,1,2,0.5,1,1,94,6,90,0,1704,852,1204.90995514188,0.0125128205128205
535888,Rent_Control_Only,2,83,FALSE,1,1,0.5,1,1,83,0,39,0,2244,1122,1586.74761698261,0.00882539682539682
535889,Rent_Control_Only,2,121,FALSE,1,1,0.5,1,1,121,8,94,0,3895,1947.5,2754.1809127216,0.0103466666666667
535890,Rent_Control_Only,2,81,FALSE,1,1,0.5,1,1,81,0,43,0,2437,1218.5,1723.21922575162,0.00707936507936508
535891,Rent_Control_Only,2,200,TRUE,2,"1,2",0.0353221957040573,0.502958579881657,0,,16,216,1947,2243,2095,209.303607231218,0.00836666666666667
535892,Rent_Control_Only,2,67,FALSE,1,1,0.5,1,2,67,2,37,0,3345,1672.5,2365.272183069,0.0121212121212121
535893,Rent_Control_Only,2,106,FALSE,1,2,0.5,1,1,106,6,90,0,1909,954.5,1349.86684528512,0.0116091954022989
535894,Rent_Control_Only,2,138,FALSE,1,2,0.5,1,2,138,8,119,0,3487,1743.5,2465.68134599749,0.00963120567375887
535895,Rent_Control_Only,2,35,FALSE,1,1,0.5,1,1,35,2,11,0,1565,782.5,1106.62211255695,0.00773333333333333
535896,Rent_Control_Only,2,61,FALSE,1,1,0.5,1,1,61,6,14,0,1751,875.5,1238.14397385764,0.00872222222222222
535897,Rent_Control_Only,2,78,FALSE,1,2,0.5,1,1,78,6,41,0,1815,907.5,1283.39880785358,0.00659259259259259
535898,Rent_Control_Only,2,200,TRUE,2,"1,2",0.104728132387707,0.511834319526627,0,,0,198,1672,2558,2115,626.496608131281,0.00845333333333333
535899,Rent_Control_Only,2,95,FALSE,1,1,0.5,1,1,95,8,49,0,3818,1909,2699.73369057024,0.0161739130434783
535900,Rent_Control_Only,2,43,FALSE,1,1,0.5,1,1,43,2,15,0,1725,862.5,1219.75919754679,0.00971428571428571
535901,Rent_Control_Only,2,69,FALSE,1,1,0.5,1,1,69,0,31,0,3389,1694.5,2396.38488144121,0.0121111111111111
535902,Rent_Control_Only,2,81,FALSE,1,1,0.5,1,1,81,4,19,0,1565,782.5,1106.62211255695,0.00473333333333333
535903,Rent_Control_Only,2,68,FALSE,1,2,0.5,1,1,68,0,56,0,1759,879.5,1243.80082810714,0.00792982456140351
535904,Rent_Control_Only,2,46,FALSE,1,2,0.5,1,1,46,4,11,0,1730,865,1223.29473145273,0.0105333333333333
535905,Rent_Control_Only,2,122,FALSE,1,2,0.5,1,1,122,4,93,0,3688,1844,2607.80980901599,0.0105714285714286
535906,Rent_Control_Only,2,52,FALSE,1,2,0.5,1,1,52,4,14,-15,3067,1526,2179.30309961694,0.0105833333333333
535907,Rent_Control_Only,2,46,FALSE,1,2,0.5,1,2,46,0,16,0,1969,984.5,1392.29325215631,0.00511111111111111
535908,Rent_Control_Only,2,32,FALSE,1,2,0.405526688710439,0.857988165680474,1,32,2,5,200,1917,1058.5,1214.1023432973,0.00488888888888889
535909,Rent_Control_Only,2,46,FALSE,1,2,0.5,1,1,46,2,18,0,3694,1847,2612.05244970311,0.00688888888888889
535910,Rent_Control_Only,2,45,FALSE,1,1,0.372146118721461,1,1,45,4,18,196,1337,766.5,806.808837333851,0.00790476190476191
535911,Rent_Control_Only,2,68,FALSE,1,2,0.5,1,1,68,2,33,0,1978,989,1398.65721318699,0.00566666666666667
535912,Rent_Control_Only,2,62,FALSE,1,2,0.5,1,1,62,4,27,0,1408,704,995.606347910659,0.0081025641025641
535913,Rent_Control_Only,2,83,FALSE,1,1,0.415312232677502,1,1,83,0,78,198,2140,1169,1373.20136906428,0.00823188405797102
535914,Rent_Control_Only,2,40,FALSE,1,2,0.5,1,1,40,6,12,0,3446,1723,2436.68996796884,0.00346666666666667
535915,Rent_Control_Only,2,48,FALSE,1,2,0.5,1,1,48,6,12,0,3258,1629,2303.75389310577,0.00503703703703704
535916,Rent_Control_Only,2,32,FALSE,1,2,0.5,1,1,32,0,6,0,2003,1001.5,1416.33488271665,0.00608333333333333
535917,Rent_Control_Only,2,36,FALSE,1,2,0.5,1,1,36,2,4,0,3617,1808.5,2557.60522755174,0.0127619047619048
535918,Rent_Control_Only,2,153,FALSE,1,1,0.5,1,1,153,2,114,0,1088,544,769.332177930964,0.00972357723577236
535919,Rent_Control_Only,2,35,FALSE,1,1,0.5,1,1,35,4,16,0,1437,718.5,1016.11244456507,0.005
535920,Rent_Control_Only,2,77,FALSE,1,1,0.5,1,1,77,0,50,0,3756,1878,2655.89307013667,0.00703030303030303
535921,Rent_Control_Only,2,143,FALSE,1,1,0.5,1,1,143,6,129,0,2244,1122,1586.74761698261,0.00823809523809524
535922,Rent_Control_Only,2,71,FALSE,1,1,0.5,1,1,71,2,31,0,1647,823.5,1164.60486861424,0.010962962962963
535923,Rent_Control_Only,2,140,FALSE,1,2,0.5,1,1,140,0,138,0,2154,1077,1523.10800667582,0.0114871794871795
535924,Rent_Control_Only,2,87,FALSE,1,1,0.5,1,1,87,0,36,0,2604,1302,1841.30605820977,0.00698412698412698
535925,Rent_Control_Only,2,42,FALSE,1,2,0.5,1,1,42,2,13,0,1543,771.5,1091.06576337084,0.0116296296296296
535926,Rent_Control_Only,2,101,FALSE,1,1,0.5,1,1,101,6,66,0,1514,757,1070.55966671643,0.00822222222222222
535927,Rent_Control_Only,2,43,FALSE,1,1,0.5,1,1,43,0,7,0,3659,1829.5,2587.30371236158,0.0113333333333333
535928,Rent_Control_Only,2,67,FALSE,1,1,0.5,1,1,67,0,36,0,2455,1227.5,1735.94714781297,0.00933333333333333
535929,Rent_Control_Only,2,80,FALSE,1,2,0.5,1,1,80,2,38,0,2435,1217.5,1721.80501218924,0.00911111111111111
535930,Rent_Control_Only,2,41,FALSE,1,1,0.5,1,1,41,4,11,0,3277,1638.5,2317.18892194832,0.016
535931,Rent_Control_Only,2,86,FALSE,1,2,0.5,1,1,86,2,62,0,1685,842.5,1191.47492629933,0.0129824561403509
535932,Rent_Control_Only,2,58,FALSE,1,2,0.5,1,1,58,4,13,0,3604,1802,2548.41283939632,0.0161666666666667
535933,Rent_Control_Only,2,33,FALSE,1,1,0.5,1,1,33,4,5,0,1684,842,1190.76781951815,0.00683333333333333
535934,Rent_Control_Only,2,57,FALSE,1,1,0.5,1,1,57,2,20,0,1910,955,1350.57395206631,0.00911111111111111
535935,Rent_Control_Only,2,47,FALSE,1,1,0.5,1,1,47,4,15,0,1314,657,929.138310479123,0.00516666666666667
535936,Rent_Control_Only,2,23,FALSE,1,1,0.5,1,1,23,2,6,0,1604,802,1134.19927702322,0.00533333333333333
535937,Rent_Control_Only,2,43,FALSE,1,1,0.5,1,1,43,4,8,0,1710,855,1209.152595829,0.00922222222222222
535938,Rent_Control_Only,2,191,FALSE,1,1,0.5,1,1,191,6,148,0,3938,1969,2784.58650431262,0.00983673469387755
535939,Rent_Control_Only,2,82,FALSE,1,2,0.5,1,2,82,2,29,0,4119,2059.5,2912.57283170739,0.0117407407407407
535940,Rent_Control_Only,2,48,FALSE,1,2,0.5,1,1,48,0,8,0,1748,874,1236.02265351409,0.012
535941,Rent_Control_Only,2,81,FALSE,1,1,0.5,1,1,81,0,36,0,1913,956.5,1352.69527240987,0.0154333333333333
535942,Rent_Control_Only,2,35,FALSE,1,1,0.5,1,1,35,2,10,0,2192,1096,1549.97806436091,0.00590476190476191
535943,Rent_Control_Only,2,85,FALSE,1,1,0.5,1,1,85,2,33,0,1360,680,961.665222413705,0.0101754385964912
535944,Rent_Control_Only,2,42,FALSE,1,2,0.5,1,1,42,4,19,0,1587,793.5,1122.17846174305,0.0189333333333333
535945,Rent_Control_Only,2,61,FALSE,1,1,0.5,1,1,61,2,22,0,1927,963.5,1362.59476734648,0.005875
535946,Rent_Control_Only,2,32,FALSE,1,2,0.5,1,1,32,0,15,0,3147,1573.5,2225.26504039407,0.00683333333333333
535947,Rent_Control_Only,2,70,FALSE,1,2,0.5,1,1,70,8,48,0,1750,875,1237.43686707646,0.00922222222222222
535948,Rent_Control_Only,2,159,FALSE,1,1,0.5,1,1,159,2,139,0,2212,1106,1564.12019998464,0.00851851851851852
535949,Rent_Control_Only,2,90,FALSE,1,2,0.5,1,1,90,4,51,0,1987,993.5,1405.02117421767,0.0124285714285714
535950,Rent_Control_Only,2,128,FALSE,1,2,0.5,1,1,128,2,83,0,1660,830,1173.79725676967,0.0121880341880342
535951,Rent_Control_Only,2,83,FALSE,1,1,0.5,1,1,83,4,30,0,1427,713.5,1009.0413767532,0.00802898550724638
535952,Rent_Control_Only,2,97,FALSE,1,1,0.5,1,1,97,4,76,0,3871,1935.5,2737.21034997313,0.0097037037037037
535953,Rent_Control_Only,2,87,FALSE,1,1,0.5,1,1,87,2,44,0,1683,841.5,1190.06071273696,0.0106666666666667
535954,Rent_Control_Only,2,48,FALSE,1,2,0.5,1,1,48,0,13,0,3575,1787.5,2527.90674274191,0.00857142857142857
535955,Rent_Control_Only,2,141,FALSE,1,1,0.5,1,2,141,2,94,0,1629,814.5,1151.87694655289,0.00966666666666667
535956,Rent_Control_Only,2,69,FALSE,1,1,0.5,1,1,69,2,20,0,1885,942.5,1332.89628253664,0.00929166666666667
535957,Rent_Control_Only,2,83,FALSE,1,1,0.5,1,1,83,2,53,0,1530,765,1081.87337521542,0.00845454545454546
535958,Rent_Control_Only,2,200,TRUE,2,"1,2",0.0919143876337694,0.547337278106509,0,,6,214,1716,2489,2102.5,546.593541857201,0.0108544600938967
535959,Rent_Control_Only,2,90,FALSE,1,2,0.5,1,1,90,2,57,0,1169,584.5,826.607827207074,0.0102608695652174
535960,Rent_Control_Only,2,54,FALSE,1,2,0.5,1,1,54,0,10,0,2180,1090,1541.49278298667,0.0128
535961,Rent_Control_Only,2,176,FALSE,1,2,0.5,1,1,176,4,145,0,1602,801,1132.78506346085,0.00796969696969697
535962,Rent_Control_Only,2,43,FALSE,1,1,0.5,1,1,43,4,7,0,1697,848.5,1199.96020767357,0.0151111111111111
535963,Rent_Control_Only,2,59,FALSE,1,1,0.5,1,1,59,2,20,0,3710,1855,2623.36615820209,0.00820833333333333
535964,Rent_Control_Only,2,35,FALSE,1,1,0.5,1,1,35,4,16,0,1504,752,1063.48859890457,0.00755555555555556
535965,Rent_Control_Only,2,45,FALSE,1,1,0.5,1,1,45,2,4,0,1975,987.5,1396.53589284343,0.0108888888888889
535966,Rent_Control_Only,2,60,FALSE,1,2,0.5,1,1,60,2,24,0,3487,1743.5,2465.68134599749,0.00828571428571429
535967,Rent_Control_Only,2,53,FALSE,1,1,0.434284766013939,1,1,53,2,31,198,2815,1506.5,1850.4984463652,0.00562962962962963
535968,Rent_Control_Only,2,30,FALSE,1,2,0.5,1,1,30,4,3,0,1742,871,1231.78001282697,0.00711111111111111
535969,Rent_Control_Only,2,148,FALSE,1,2,0.5,1,1,148,0,126,0,2349,1174.5,1660.9938290072,0.0106016260162602
535970,Rent_Control_Only,2,65,FALSE,1,1,0.5,1,1,65,6,33,0,3197,1598.5,2260.62037945339,0.00447619047619048
535971,Rent_Control_Only,2,58,FALSE,1,2,0.5,1,1,58,0,30,0,3466,1733,2450.83210359257,0.00966666666666667
535972,Rent_Control_Only,2,40,FALSE,1,2,0.5,1,1,40,4,20,0,1332,666,941.866232540481,0.0151666666666667
535973,Rent_Control_Only,2,78,FALSE,1,2,0.5,1,1,78,4,48,0,1481,740.5,1047.22514293728,0.008
535974,Rent_Control_Only,2,37,FALSE,1,1,0.5,1,1,37,4,25,0,1871,935.5,1322.99678760003,0.0075
535975,Rent_Control_Only,2,46,FALSE,1,2,0.5,1,1,46,4,17,0,1736,868,1227.53737213985,0.0108888888888889
535976,Rent_Control_Only,2,111,FALSE,1,1,0.5,1,1,111,6,77,0,1419,709.5,1003.38452250371,0.005875
535977,Rent_Control_Only,2,61,FALSE,1,1,0.5,1,1,61,4,18,0,1487,743.5,1051.4677836244,0.0077948717948718
535978,Rent_Control_Only,2,199,FALSE,1,1,0.5,1,1,199,4,179,0,2126,1063,1503.3090168026,0.00903954802259887
535979,Rent_Control_Only,2,123,FALSE,1,1,0.5,1,1,123,1,88,0,2042,1021,1443.91204718293,0.00723529411764706
535980,Rent_Control_Only,2,70,FALSE,1,2,0.5,1,1,70,0,32,0,2320,1160,1640.48773235279,0.0176888888888889
535981,Rent_Control_Only,2,96,FALSE,1,2,0.5,1,1,96,2,50,0,1487,743.5,1051.4677836244,0.0110967741935484
535982,Rent_Control_Only,2,104,FALSE,1,2,0.5,1,1,104,10,55,0,1810,905,1279.86327394765,0.0142828282828283
535983,Rent_Control_Only,2,90,FALSE,1,2,0.5,1,1,90,6,47,0,2028,1014,1434.01255224632,0.0091358024691358
535984,Rent_Control_Only,2,99,FALSE,1,1,0.5,1,1,99,4,31,0,3172,1586,2242.94270992373,0.0108148148148148
535985,Rent_Control_Only,2,152,FALSE,1,2,0.5,1,1,152,4,145,0,1942,971,1373.20136906428,0.00874242424242424
535986,Rent_Control_Only,2,56,FALSE,1,2,0.5,1,1,56,0,12,0,3490,1745,2467.80266634105,0.016037037037037
535987,Rent_Control_Only,2,45,FALSE,1,1,0.5,1,1,45,2,18,0,2037,1018.5,1440.376513277,0.0104242424242424
535988,Rent_Control_Only,2,47,FALSE,1,1,0.5,1,1,47,0,23,0,1811,905.5,1280.57038072884,0.011
535989,Rent_Control_Only,2,45,FALSE,1,1,0.5,1,1,45,2,12,0,3734,1867,2640.33672095057,0.0123333333333333
535990,Rent_Control_Only,2,46,FALSE,1,2,0.5,1,1,46,4,10,0,1860,930,1315.21861300698,0.0103809523809524
535991,Rent_Control_Only,2,139,FALSE,1,1,0.5,1,1,139,2,142,0,2564,1282,1813.02178696231,0.0112740740740741
535992,Rent_Control_Only,2,177,FALSE,1,1,0.5,1,1,177,6,183,0,1926,963,1361.88766056529,0.0108994708994709
535993,Rent_Control_Only,2,92,FALSE,1,2,0.5,1,1,92,6,56,0,1888,944,1335.0176028802,0.00980952380952381
535994,Rent_Control_Only,2,37,FALSE,1,1,0.5,1,1,37,4,8,0,3679,1839.5,2601.44584798531,0.0128571428571429
535995,Rent_Control_Only,2,26,FALSE,1,2,0.5,1,1,26,0,10,0,1834,917,1296.83383669613,0.0048
535996,Rent_Control_Only,2,133,FALSE,1,1,0.5,1,1,133,2,63,0,4031,2015.5,2850.34743496297,0.0104761904761905
535997,Rent_Control_Only,2,45,FALSE,1,1,0.5,1,1,45,2,20,0,1643,821.5,1161.7764414895,0.0126666666666667
535998,Rent_Control_Only,2,86,FALSE,1,2,0.5,1,1,86,6,30,0,1623,811.5,1147.63430586577,0.0109666666666667
535999,Rent_Control_Only,2,115,FALSE,1,1,0.5,1,1,115,0,85,0,2814,1407,1989.79848225894,0.00671428571428571
536000,Rent_Control_Only,2,34,FALSE,1,2,0.5,1,1,34,4,3,0,1377,688.5,973.686037693876,0.0202222222222222
536001,Rent_Control_Only,2,54,FALSE,1,2,0.5,1,1,54,0,27,0,2121,1060.5,1499.77348289667,0.00696969696969697
536002,Rent_Control_Only,2,62,FALSE,1,2,0.5,1,1,62,2,13,0,2028,1014,1434.01255224632,0.010952380952381
536003,Rent_Control_Only,2,43,FALSE,1,1,0.5,1,1,43,3,14,0,1782,891,1260.06428407443,0.00703030303030303
536004,Rent_Control_Only,2,56,FALSE,1,2,0.5,1,1,56,2,33,0,1248,624,882.469262920811,0.0135555555555556
536005,Rent_Control_Only,2,76,FALSE,1,2,0.374450721908349,0.78125,1,76,6,37,200,1393,796.5,843.578389955551,0.00862222222222222
536006,Rent_Control_Only,2,102,FALSE,1,2,0.5,1,1,102,4,36,0,3765,1882.5,2662.25703116735,0.0168888888888889
536007,Rent_Control_Only,2,68,FALSE,1,2,0.385714285714286,0.802469135802469,1,68,2,31,200,1550,875,954.594154601839,0.00992156862745098
536008,Rent_Control_Only,2,103,FALSE,1,1,0.5,1,1,103,0,77,0,2285,1142.5,1615.73899501126,0.0108602150537634
536009,Rent_Control_Only,2,89,FALSE,1,1,0.5,1,1,89,0,55,0,2272,1136,1606.54660685584,0.0122539682539683
536010,Rent_Control_Only,2,41,FALSE,1,1,0.382978723404255,1,1,41,0,19,220,1660,940,1018.23376490863,0.00911111111111111
536011,Rent_Control_Only,2,58,FALSE,1,2,0.5,1,2,58,4,38,0,2087,1043.5,1475.73185233632,0.0113846153846154
536012,Rent_Control_Only,2,45,FALSE,1,1,0.5,1,1,45,4,8,0,1676,838,1185.11096526865,0.0072
536013,Rent_Control_Only,2,147,FALSE,1,1,0.5,1,1,147,4,105,0,1428,714,1009.74848353439,0.00601709401709402
536014,Rent_Control_Only,2,53,FALSE,1,1,0.5,1,2,53,2,11,0,1488,744,1052.17489040558,0.0074
536015,Rent_Control_Only,2,66,FALSE,1,2,0.5,1,1,66,2,37,0,1457,728.5,1030.2545801888,0.0121428571428571
536016,Rent_Control_Only,2,103,FALSE,1,1,0.5,1,1,103,2,73,0,2328,1164,1646.14458660228,0.0109369369369369
536017,Rent_Control_Only,2,47,FALSE,1,1,0.5,1,1,47,0,7,0,2065,1032.5,1460.17550315022,0.0122666666666667
536018,Rent_Control_Only,2,79,FALSE,1,1,0.5,1,1,79,0,24,0,2257,1128.5,1595.94000513804,0.00619607843137255
536019,Rent_Control_Only,2,120,FALSE,1,2,0.5,1,1,120,0,96,0,2051,1025.5,1450.27600821361,0.00901234567901235
536020,Rent_Control_Only,2,144,FALSE,1,2,0.5,1,1,144,2,122,0,1520,760,1074.80230740355,0.00865277777777778
536021,Rent_Control_Only,2,33,FALSE,1,1,0.5,1,1,33,0,3,0,2121,1060.5,1499.77348289667,0.00711111111111111
536022,Rent_Control_Only,2,83,FALSE,1,1,0.5,1,1,83,6,33,0,2466,1233,1743.72532240603,0.00917460317460318
536023,Rent_Control_Only,2,82,FALSE,1,2,0.5,1,3,82,6,52,0,1463,731.5,1034.49722087592,0.00756666666666667
536024,Rent_Control_Only,2,56,FALSE,1,2,0.5,1,1,56,0,31,0,1695,847.5,1198.5459941112,0.00686666666666667
536025,Rent_Control_Only,2,85,FALSE,1,1,0.419061108862809,0.86734693877551,1,85,2,47,200,2271,1235.5,1464.41814383734,0.00757142857142857
536026,Rent_Control_Only,2,49,FALSE,1,1,0.5,1,1,49,2,5,0,3855,1927.5,2725.89664147414,0.01425
536027,Rent_Control_Only,2,43,FALSE,1,1,0.5,1,1,43,2,19,0,1900,950,1343.50288425444,0.0048
536028,Rent_Control_Only,2,67,FALSE,1,1,0.5,1,1,67,6,51,0,1540,770,1088.94444302728,0.00644444444444445
536029,Rent_Control_Only,2,40,FALSE,1,2,0.5,1,1,40,0,21,0,1438,719,1016.81955134626,0.0100740740740741
536030,Rent_Control_Only,2,102,FALSE,1,2,0.5,1,1,102,2,66,0,1977,988.5,1397.9501064058,0.00984761904761905
536031,Rent_Control_Only,2,200,TRUE,2,"1,2",0.065043695380774,0.503472222222222,0,,4,186,1742,2263,2002.5,368.402632998191,0.00861728395061729
536032,Rent_Control_Only,2,42,FALSE,1,2,0.5,1,1,42,2,23,0,3067,1533.5,2168.69649789914,0.0075
536033,Rent_Control_Only,2,101,FALSE,1,1,0.5,1,2,101,2,50,0,3772,1886,2667.20677863566,0.0123636363636364
536034,Rent_Control_Only,2,27,FALSE,1,1,0.5,1,1,27,0,19,0,2754,1377,1947.37207538775,0.00653333333333333
536035,Rent_Control_Only,2,114,FALSE,1,2,0.5,1,1,114,4,92,0,2215,1107.5,1566.2415203282,0.0103603603603604
536036,Rent_Control_Only,2,90,FALSE,1,2,0.5,1,1,90,4,57,0,2327,1163.5,1645.4374798211,0.0125797101449275
536037,Rent_Control_Only,2,33,FALSE,1,1,0.5,1,1,33,0,11,0,1482,741,1047.93224971846,0.00533333333333333
536038,Rent_Control_Only,2,85,FALSE,1,1,0.5,1,1,85,1,73,0,2360,1180,1668.77200360025,0.0119649122807018
536039,Rent_Control_Only,2,66,FALSE,1,2,0.5,1,2,66,2,37,0,1475,737.5,1042.98250225016,0.00627777777777778
536040,Rent_Control_Only,2,114,FALSE,1,2,0.5,1,1,114,4,89,0,1324,662,936.209378290989,0.0107333333333333
536041,Rent_Control_Only,2,75,FALSE,1,1,0.5,1,1,75,0,23,0,2123,1061.5,1501.18769645904,0.00909090909090909
536042,Rent_Control_Only,2,47,FALSE,1,1,0.5,1,1,47,0,23,0,3028,1514,2141.11933343287,0.00533333333333333
536043,Rent_Control_Only,2,200,TRUE,2,"1,2",0.067185628742515,0.511834319526627,0,,6,174,1807,2368,2087.5,396.686904245653,0.00968949771689498
536044,Rent_Control_Only,2,69,FALSE,1,1,0.5,1,2,69,2,43,0,3078,1539,2176.47467249219,0.00586666666666667
536045,Rent_Control_Only,2,38,FALSE,1,2,0.5,1,2,38,4,5,0,1663,831.5,1175.91857711323,0.00986666666666667
536046,Rent_Control_Only,2,93,FALSE,1,1,0.5,1,1,93,0,60,0,2669,1334.5,1887.2679989869,0.010547619047619
536047,Rent_Control_Only,2,51,FALSE,1,1,0.5,1,1,51,0,29,0,2139,1069.5,1512.50140495803,0.00620512820512821
536048,Rent_Control_Only,2,200,TRUE,2,"1,2",0.020673076923077,0.502958579881657,0,,6,201,1994,2166,2080,121.622366364086,0.00838235294117647
536049,Rent_Control_Only,2,73,FALSE,1,1,0.5,1,1,73,8,32,0,1643,821.5,1161.7764414895,0.00714285714285714
536050,Rent_Control_Only,2,35,FALSE,1,1,0.5,1,1,35,4,14,0,1289,644.5,911.46064094946,0.008
536051,Rent_Control_Only,2,25,FALSE,1,1,0.5,1,1,25,1,7,0,1573,786.5,1112.27896680644,0.008
536052,Rent_Control_Only,2,111,FALSE,1,1,0.5,1,1,111,2,75,0,2230,1115,1576.848122046,0.00982456140350877
536053,Rent_Control_Only,2,55,FALSE,1,1,0.5,1,1,55,6,31,0,1895,947.5,1339.96735034851,0.0123030303030303
536054,Rent_Control_Only,2,70,FALSE,1,2,0.5,1,1,70,6,12,0,3920,1960,2771.85858225127,0.0123589743589744
536055,Rent_Control_Only,2,86,FALSE,1,2,0.5,1,1,86,4,63,0,1545,772.5,1092.47997693322,0.0072
536056,Rent_Control_Only,2,102,FALSE,1,2,0.5,1,1,102,10,75,0,2008,1004,1419.87041662259,0.011536231884058
536057,Rent_Control_Only,2,63,FALSE,1,1,0.5,1,1,63,0,30,0,2049,1024.5,1448.86179465124,0.0154444444444444
536058,Rent_Control_Only,2,74,FALSE,1,2,0.5,1,1,74,4,45,0,1868,934,1320.87546725647,0.00635294117647059
536059,Rent_Control_Only,2,141,FALSE,1,1,0.5,1,2,141,4,96,0,2720,1360,1923.33044482741,0.012015873015873
536060,Rent_Control_Only,2,51,FALSE,1,1,0.5,1,1,51,2,14,0,3211,1605.5,2270.51987439,0.0108333333333333
536061,Rent_Control_Only,2,40,FALSE,1,2,0.5,1,1,40,4,10,0,3305,1652.5,2336.98791182154,0.0179047619047619
536062,Rent_Control_Only,2,66,FALSE,1,2,0.5,1,1,66,0,17,0,2119,1059.5,1498.35926933429,0.00870833333333333
536063,Rent_Control_Only,2,20,FALSE,1,2,0.5,1,1,20,0,3,0,1671,835.5,1181.57543136272,0.00866666666666667
536064,Rent_Control_Only,2,129,FALSE,1,1,0.5,1,1,129,6,84,0,1463,731.5,1034.49722087592,0.00780952380952381
536065,Rent_Control_Only,2,71,FALSE,1,1,0.5,1,1,71,0,37,0,2277,1138.5,1610.08214076177,0.008
536066,Rent_Control_Only,2,62,FALSE,1,2,0.5,1,2,62,0,26,0,2130,1065,1506.13744392735,0.00769230769230769
536067,Rent_Control_Only,2,29,FALSE,1,1,0.5,1,1,29,0,7,0,1892,946,1337.84603000495,0.0075
536068,Rent_Control_Only,2,124,FALSE,1,2,0.5,1,1,124,4,89,0,2177,1088.5,1539.37146264311,0.0146041666666667
536069,Rent_Control_Only,2,35,FALSE,1,1,0.5,1,1,35,0,2,0,1846,923,1305.31911807037,0.0085
536070,Rent_Control_Only,2,82,FALSE,1,2,0.5,1,1,82,4,34,0,2330,1165,1647.55880016466,0.0145396825396825
536071,Rent_Control_Only,2,32,FALSE,1,2,0.5,1,1,32,4,5,0,1677,838.5,1185.81807204984,0.00266666666666667
536072,Rent_Control_Only,2,169,FALSE,1,1,0.5,1,1,169,2,130,0,1423,711.5,1006.21294962846,0.00985185185185185
536073,Rent_Control_Only,2,52,FALSE,1,2,0.5,1,1,52,0,11,0,1732,866,1224.7089450151,0.0060952380952381
536074,Rent_Control_Only,2,175,FALSE,1,1,0.5,1,1,175,4,173,0,1581,790.5,1117.93582105593,0.0103606557377049
536075,Rent_Control_Only,2,74,FALSE,1,2,0.5,1,1,74,2,52,0,3079,1539.5,2177.18177927338,0.00755555555555556
536076,Rent_Control_Only,2,87,FALSE,1,1,0.5,1,1,87,3,53,0,1730,865,1223.29473145273,0.00729824561403509
536077,Rent_Control_Only,2,200,TRUE,2,"1,2",0.0622932745314222,0.502551020408163,0,,0,180,1985,2550,2267.5,399.515331370399,0.0112314814814815
536078,Rent_Control_Only,2,76,FALSE,1,2,0.5,1,1,76,2,49,0,1799,899.5,1272.0850993546,0.00964102564102564
536079,Rent_Control_Only,2,46,FALSE,1,2,0.5,1,1,46,2,7,0,3898,1949,2756.30223306516,0.0104761904761905
536080,Rent_Control_Only,2,73,FALSE,1,1,0.420634920634921,1,1,73,0,47,180,2088,1134,1349.15973850393,0.00813333333333333
536081,Rent_Control_Only,2,27,FALSE,1,1,0.5,1,1,27,2,6,0,3026,1513,2139.70511987049,0.00755555555555556
536082,Rent_Control_Only,2,88,FALSE,1,2,0.378197320341048,0.78125,1,88,2,50,200,1442,821,878.226622233692,0.0105098039215686
536083,Rent_Control_Only,2,117,FALSE,1,1,0.5,1,1,117,2,76,0,2250,1125,1590.99025766973,0.0107428571428571
536084,Rent_Control_Only,2,32,FALSE,1,2,0.5,1,1,32,2,6,0,2023,1011.5,1430.47701834039,0.00488888888888889
536085,Rent_Control_Only,2,121,FALSE,1,1,0.5,1,2,121,0,99,0,2349,1174.5,1660.9938290072,0.0083921568627451
536086,Rent_Control_Only,2,30,FALSE,1,2,0.5,1,1,30,4,8,0,1508,754,1066.31702602931,0.00822222222222222
536087,Rent_Control_Only,2,44,FALSE,1,2,0.5,1,1,44,0,7,0,1900,950,1343.50288425444,0.009
536088,Rent_Control_Only,2,56,FALSE,1,2,0.5,1,1,56,4,22,0,1498,749,1059.24595821745,0.0097037037037037
536089,Rent_Control_Only,2,52,FALSE,1,2,0.5,1,1,52,4,18,0,1733,866.5,1225.41605179629,0.00733333333333333
536090,Rent_Control_Only,2,68,FALSE,1,2,0.5,1,1,68,0,30,0,3703,1851.5,2618.41641073379,0.00775757575757576
536091,Rent_Control_Only,2,34,FALSE,1,2,0.5,1,2,34,4,21,0,2926,1463,2068.99444175184,0.00933333333333333
536092,Rent_Control_Only,2,32,FALSE,1,2,0.5,1,1,32,2,2,0,1959,979.5,1385.22218434445,0.00813333333333333
536093,Rent_Control_Only,2,33,FALSE,1,1,0.5,1,1,33,0,7,0,3189,1594.5,2254.9635252039,0.00506666666666667
536094,Rent_Control_Only,2,84,FALSE,1,2,0.5,1,1,84,4,88,0,1293,646.5,914.289068074206,0.00781333333333333
536095,Rent_Control_Only,2,82,FALSE,1,2,0.5,1,1,82,6,38,0,972,486,687.307791313324,0.00866666666666667
536096,Rent_Control_Only,2,107,FALSE,1,1,0.5,1,1,107,0,83,0,2578,1289,1822.92128189892,0.0125585585585586
536097,Rent_Control_Only,2,36,FALSE,1,2,0.5,1,1,36,2,18,0,3521,1760.5,2489.72297655783,0.00742857142857143
536098,Rent_Control_Only,2,50,FALSE,1,2,0.5,1,1,50,2,10,0,1598,799,1129.9566363361,0.00741666666666667
536099,Rent_Control_Only,2,124,FALSE,1,2,0.5,1,1,124,2,77,0,1164,582,823.072293301141,0.0119824561403509
536100,Rent_Control_Only,2,85,FALSE,1,1,0.5,1,1,85,8,20,0,1531,765.5,1082.5804819966,0.0125333333333333
536101,Rent_Control_Only,2,100,FALSE,1,2,0.5,1,1,100,6,85,0,1553,776.5,1098.13683118271,0.00807142857142857
536102,Rent_Control_Only,2,32,FALSE,1,2,0.5,1,2,32,2,6,0,3088,1544,2183.54574030406,0.0146666666666667
536103,Rent_Control_Only,2,54,FALSE,1,2,0.5,1,1,54,0,12,0,1983,991.5,1402.19274709292,0.012
536104,Rent_Control_Only,2,113,FALSE,1,1,0.5,1,1,113,0,100,0,2619,1309.5,1851.91265992757,0.00808333333333333
536105,Rent_Control_Only,2,48,FALSE,1,2,0.5,1,1,48,4,18,0,1751,875.5,1238.14397385764,0.00807407407407407
536106,Rent_Control_Only,2,44,FALSE,1,2,0.5,1,1,44,2,13,0,1503,751.5,1062.78149212338,0.00709090909090909
536107,Rent_Control_Only,2,93,FALSE,1,1,0.5,1,1,93,2,71,0,3541,1770.5,2503.86511218156,0.00725
536108,Rent_Control_Only,2,51,FALSE,1,1,0.5,1,1,51,4,12,0,1568,784,1108.74343290051,0.00746666666666667
536109,Rent_Control_Only,2,48,FALSE,1,2,0.5,1,1,48,4,15,0,1305,652.5,922.774349448444,0.00714285714285714
536110,Rent_Control_Only,2,61,FALSE,1,1,0.5,1,1,61,2,38,0,2001,1000.5,1414.92066915428,0.00466666666666667
536111,Rent_Control_Only,2,97,FALSE,1,1,0.5,1,1,97,0,72,0,2147,1073.5,1518.15825920752,0.00953333333333333
536112,Rent_Control_Only,2,151,FALSE,1,1,0.5,1,1,151,4,121,0,1726,863,1220.46630432798,0.0132424242424242
536113,Rent_Control_Only,2,57,FALSE,1,1,0.5,1,2,57,0,27,0,3602,1801,2546.99862583394,0.0055
536114,Rent_Control_Only,2,51,FALSE,1,1,0.5,1,1,51,0,17,0,3538,1769,2501.74379183801,0.00922222222222222
536115,Rent_Control_Only,2,181,FALSE,1,1,0.5,1,1,181,10,178,0,1881,940.5,1330.0678554119,0.00931147540983607
536116,Rent_Control_Only,2,105,FALSE,1,1,0.5,1,1,105,6,39,0,1658,829,1172.3830432073,0.00917777777777778
536117,Rent_Control_Only,2,74,FALSE,1,2,0.5,1,1,74,4,33,0,1792,896,1267.13535188629,0.0101904761904762
536118,Rent_Control_Only,2,50,FALSE,1,2,0.5,1,1,50,4,11,0,1307,653.5,924.188563010818,0.0119444444444444
536119,Rent_Control_Only,2,139,FALSE,1,1,0.5,1,1,139,2,119,0,2273,1136.5,1607.25371363702,0.010030303030303
536120,Rent_Control_Only,2,76,FALSE,1,2,0.5,1,1,76,10,39,0,1845,922.5,1304.61201128918,0.0119111111111111
536121,Rent_Control_Only,2,49,FALSE,1,1,0.395506792058516,0.834710743801653,1,49,6,19,200,1714,957,1070.55966671643,0.0118333333333333
536122,Rent_Control_Only,2,104,FALSE,1,2,0.5,1,1,104,4,65,0,3565,1782.5,2520.83567493004,0.00730864197530864
536123,Rent_Control_Only,2,116,FALSE,1,2,0.5,1,1,116,2,101,0,1345,672.5,951.058620695906,0.0111919191919192
536124,Rent_Control_Only,2,53,FALSE,1,1,0.5,1,1,53,2,37,0,1134,567,801.859089865545,0.0116923076923077
536125,Rent_Control_Only,2,96,FALSE,1,2,0.5,1,1,96,2,41,0,2148,1074,1518.8653659887,0.0115438596491228
536126,Rent_Control_Only,2,72,FALSE,1,2,0.5,1,1,72,4,41,0,3978,1989,2812.87077556009,0.00838888888888889
536127,Rent_Control_Only,2,127,FALSE,1,1,0.5,1,1,127,0,96,0,2378,1189,1681.49992566161,0.0107843137254902
536128,Rent_Control_Only,2,113,FALSE,1,1,0.5,1,1,113,4,76,0,1609,804.5,1137.73481092916,0.00989247311827957
536129,Rent_Control_Only,2,104,FALSE,1,2,0.5,1,1,104,2,32,0,4125,2062.5,2916.81547239451,0.0114666666666667
536130,Rent_Control_Only,2,45,FALSE,1,1,0.5,1,1,45,0,13,0,1946,973,1376.02979618902,0.008
536131,Rent_Control_Only,2,73,FALSE,1,1,0.473089343379979,1,1,73,3,24,100,3616,1858,2486.1874426519,0.00742857142857143
536132,Rent_Control_Only,2,80,FALSE,1,2,0.5,1,1,80,6,27,0,1875,937.5,1325.82521472478,0.0112666666666667
536133,Rent_Control_Only,2,181,FALSE,1,1,0.5,1,1,181,6,196,0,1789,894.5,1265.01403154273,0.0103125
536134,Rent_Control_Only,2,31,FALSE,1,1,0.5,1,1,31,0,2,0,1857,928.5,1313.09729266342,0.00933333333333333
536135,Rent_Control_Only,2,49,FALSE,1,1,0.5,1,1,49,4,20,0,1755,877.5,1240.97240098239,0.0106060606060606
536136,Rent_Control_Only,2,180,FALSE,1,2,0.5,1,1,180,16,170,0,2168,1084,1533.00750161244,0.0116065573770492
536137,Rent_Control_Only,2,71,FALSE,1,1,0.5,1,1,71,8,59,0,1557,778.5,1100.96525830745,0.00655555555555556
536138,Rent_Control_Only,2,50,FALSE,1,2,0.422014260249554,1,1,50,2,11,175,2069,1122,1339.26024356732,0.00966666666666667
536139,Rent_Control_Only,2,70,FALSE,1,2,0.5,1,1,70,4,19,0,2262,1131,1599.47553904397,0.00991111111111111
536140,Rent_Control_Only,2,147,FALSE,1,1,0.5,1,1,147,4,148,0,3690,1845,2609.22402257836,0.0110074074074074
536141,Rent_Control_Only,2,57,FALSE,1,1,0.5,1,1,57,2,21,0,3524,1762,2491.84429690139,0.0116666666666667
536142,Rent_Control_Only,2,200,TRUE,2,"1,2",0.0379494007989347,0.513888888888889,0,,0,223,1735,2020,1877.5,201.525432638166,0.00793220338983051
536143,Rent_Control_Only,2,56,FALSE,1,2,0.5,1,1,56,2,16,0,1735,867.5,1226.83026535866,0.00855555555555556
536144,Rent_Control_Only,2,74,FALSE,1,2,0.5,1,1,74,6,51,0,1708,854,1207.73838226662,0.00756521739130435
536145,Rent_Control_Only,2,52,FALSE,1,2,0.5,1,1,52,2,18,0,1348,674,953.179941039466,0.00716666666666667
536146,Rent_Control_Only,2,160,FALSE,1,2,0.418533604887984,0.875555555555556,1,160,0,161,200,2255,1227.5,1453.10443533836,0.00998717948717949
536147,Rent_Control_Only,2,58,FALSE,1,2,0.5,1,1,58,4,15,0,1641,820.5,1160.36222792712,0.00433333333333333
536148,Rent_Control_Only,2,63,FALSE,1,1,0.5,1,1,63,2,33,0,2648,1324,1872.41875658198,0.0127272727272727
536149,Rent_Control_Only,2,114,FALSE,1,2,0.5,1,1,114,2,58,0,1295,647.5,915.703281636579,0.0101666666666667
536150,Rent_Control_Only,2,28,FALSE,1,2,0.5,1,1,28,0,5,0,2941,1470.5,2079.60104346964,0.00533333333333333
536151,Rent_Control_Only,2,117,FALSE,1,1,0.5,1,1,117,9,47,0,3713,1856.5,2625.48747854565,0.00662068965517241
536152,Rent_Control_Only,2,177,FALSE,1,1,0.5,1,1,177,10,166,0,1928,964,1363.30187412766,0.00748936170212766
536153,Rent_Control_Only,2,127,FALSE,1,1,0.5,1,1,127,2,90,0,3810,1905,2694.07683632075,0.00964102564102564
536154,Rent_Control_Only,2,55,FALSE,1,1,0.5,1,1,55,4,6,0,1630,815,1152.58405333407,0.00975
536155,Rent_Control_Only,2,57,FALSE,1,1,0.5,1,1,57,0,28,0,3945,1972.5,2789.53625178093,0.0145641025641026
536156,Rent_Control_Only,2,92,FALSE,1,2,0.5,1,1,92,6,55,0,1279,639.5,904.389573137594,0.00536666666666667
536157,Rent_Control_Only,2,42,FALSE,1,2,0.5,1,1,42,2,11,0,1732,866,1224.7089450151,0.00761904761904762
536158,Rent_Control_Only,2,92,FALSE,1,2,0.5,1,1,92,2,48,0,1950,975,1378.85822331377,0.0113968253968254
536159,Rent_Control_Only,2,34,FALSE,1,2,0.5,1,1,34,4,13,0,3273,1636.5,2314.36049482357,0.009
536160,Rent_Control_Only,2,101,FALSE,1,1,0.5,1,1,101,4,40,0,1757,878.5,1242.38661454476,0.0101269841269841
536161,Rent_Control_Only,2,63,FALSE,1,1,0.5,1,1,63,4,26,0,1947,973.5,1376.73690297021,0.0111111111111111
536162,Rent_Control_Only,2,49,FALSE,1,1,0.5,1,1,49,4,14,0,3844,1922,2718.11846688109,0.0112592592592593
536163,Rent_Control_Only,2,111,FALSE,1,1,0.5,1,1,111,4,96,0,1815,907.5,1283.39880785358,0.0105625
536164,Rent_Control_Only,2,87,FALSE,1,1,0.5,1,1,87,2,56,0,3743,1871.5,2646.70068198125,0.00766666666666667
536165,Rent_Control_Only,2,46,FALSE,1,2,0.5,1,1,46,2,14,0,1345,672.5,951.058620695906,0.0082
536166,Rent_Control_Only,2,28,FALSE,1,2,0.5,1,1,28,0,8,0,1787,893.5,1263.59981798036,0.00733333333333333
536167,Rent_Control_Only,2,79,FALSE,1,1,0.5,1,1,79,4,25,0,1758,879,1243.09372132595,0.00551851851851852
536168,Rent_Control_Only,2,82,FALSE,1,2,0.5,1,1,82,6,33,0,1918,959,1356.2308063158,0.00896969696969697
536169,Rent_Control_Only,2,37,FALSE,1,1,0.5,1,1,37,2,1,0,2180,1090,1541.49278298667,0.00677777777777778
536170,Rent_Control_Only,2,56,FALSE,1,2,0.5,1,1,56,4,31,0,1312,656,927.72409691675,0.0070952380952381
536171,Rent_Control_Only,2,117,FALSE,1,1,0.5,1,1,117,6,70,0,1577,788.5,1115.10739393119,0.0084
536172,Rent_Control_Only,2,34,FALSE,1,2,0.5,1,1,34,0,13,0,1907,953.5,1348.45263172275,0.00714285714285714
536173,Rent_Control_Only,2,100,FALSE,1,2,0.5,1,1,100,2,58,0,2348,1174,1660.28672222601,0.00754022988505747
536174,Rent_Control_Only,2,46,FALSE,1,2,0.5,1,1,46,0,6,0,3403,1701.5,2406.28437637782,0.00466666666666667
536175,Rent_Control_Only,2,52,FALSE,1,2,0.5,1,1,52,2,22,0,1803,901.5,1274.91352647935,0.016952380952381
536176,Rent_Control_Only,2,40,FALSE,1,2,0.5,1,1,40,2,18,0,1558,779,1101.67236508864,0.0095
536177,Rent_Control_Only,2,139,FALSE,1,1,0.5,1,1,139,2,91,0,3539,1769.5,2502.45089861919,0.00763963963963964
536178,Rent_Control_Only,2,32,FALSE,1,2,0.5,1,1,32,2,6,0,2038,1019,1441.08362005818,0.00783333333333333
536179,Rent_Control_Only,2,53,FALSE,1,1,0.5,1,1,53,2,13,0,2343,1171.5,1656.75118832008,0.00646666666666667
536180,Rent_Control_Only,2,48,FALSE,1,2,0.446931117662825,0.916824196597354,1,48,2,9,198,3533,1865.5,2358.20111525714,0.0111333333333333
536181,Rent_Control_Only,2,148,FALSE,1,2,0.423195084485407,0.889273356401384,1,148,2,102,200,2404,1302,1558.46334573515,0.0124969696969697
536182,Rent_Control_Only,2,154,FALSE,1,2,0.5,1,1,154,4,166,0,1552,776,1097.42972440152,0.0105769230769231
536183,Rent_Control_Only,2,74,FALSE,1,2,0.5,1,1,74,4,36,0,1775,887.5,1255.11453660612,0.0120392156862745
536184,Rent_Control_Only,2,78,FALSE,1,2,0.5,1,1,78,2,46,0,2350,1175,1661.70093578839,0.0100634920634921
536185,Rent_Control_Only,2,75,FALSE,1,1,0.5,1,1,75,0,46,0,2045,1022.5,1446.03336752649,0.0102222222222222
536186,Rent_Control_Only,2,45,FALSE,1,1,0.5,1,3,45,0,23,0,3521,1760.5,2489.72297655783,0.00666666666666667
536187,Rent_Control_Only,2,76,FALSE,1,2,0.5,1,1,76,4,29,0,1646,823,1163.89776183306,0.0124444444444444
536188,Rent_Control_Only,2,54,FALSE,1,2,0.5,1,1,54,2,13,0,4221,2110.5,2984.69772338842,0.0123333333333333
536189,Rent_Control_Only,2,65,FALSE,1,1,0.5,1,1,65,2,20,0,2061,1030.5,1457.34707602547,0.00955555555555556
536190,Rent_Control_Only,2,70,FALSE,1,2,0.5,1,1,70,0,26,0,3705,1852.5,2619.83062429616,0.0128888888888889
536191,Rent_Control_Only,2,77,FALSE,1,1,0.5,1,1,77,2,38,0,3819,1909.5,2700.44079735143,0.0132333333333333
536192,Rent_Control_Only,2,72,FALSE,1,2,0.5,1,1,72,2,33,0,1993,996.5,1409.26381490479,0.00996296296296296
536193,Rent_Control_Only,2,34,FALSE,1,2,0.5,1,1,34,2,10,0,1457,728.5,1030.2545801888,0.0126666666666667
536194,Rent_Control_Only,2,101,FALSE,1,1,0.5,1,1,101,4,56,0,1400,700,989.949493661167,0.0103636363636364
536195,Rent_Control_Only,2,37,FALSE,1,1,0.5,1,1,37,2,11,0,1478,739,1045.10382259372,0.00733333333333333
536196,Rent_Control_Only,2,96,FALSE,1,2,0.341395717684377,1,1,96,4,65,400,2122,1261,1217.63787720324,0.0100430107526882
536197,Rent_Control_Only,2,56,FALSE,1,2,0.5,1,1,56,4,20,0,2522,1261,1783.32330215247,0.0116190476190476
536198,Rent_Control_Only,2,59,FALSE,1,1,0.5,1,1,59,4,11,0,2048,1024,1448.15468787005,0.0151282051282051
536199,Rent_Control_Only,2,110,FALSE,1,2,0.412549191080017,0.875555555555556,1,110,4,72,200,2087,1143.5,1334.31049609902,0.00938271604938272
536200,Rent_Control_Only,2,38,FALSE,1,2,0.5,1,1,38,0,13,0,1994,997,1409.97092168598,0.0109090909090909
536201,Rent_Control_Only,2,49,FALSE,1,1,0.5,1,1,49,6,19,0,3325,1662.5,2351.13004744527,0.00691666666666667
536202,Rent_Control_Only,2,49,FALSE,1,1,0.442907078357122,1,1,49,0,11,196,3237,1716.5,2150.31172158829,0.007
536203,Rent_Control_Only,2,119,FALSE,1,1,0.5,1,1,119,0,83,0,1750,875,1237.43686707646,0.00921951219512195
536204,Rent_Control_Only,2,55,FALSE,1,1,0.5,1,1,55,2,19,0,1427,713.5,1009.0413767532,0.00844444444444445
536205,Rent_Control_Only,2,113,FALSE,1,1,0.5,1,1,113,6,66,0,3949,1974.5,2792.36467890568,0.0114736842105263
536206,Rent_Control_Only,2,94,FALSE,1,2,0.5,1,1,94,2,43,0,1433,716.5,1013.28401744032,0.00969230769230769
536207,Rent_Control_Only,2,50,FALSE,1,2,0.5,1,1,50,2,27,0,1419,709.5,1003.38452250371,0.00633333333333333
536208,Rent_Control_Only,2,57,FALSE,1,1,0.5,1,1,57,0,24,0,1887,943.5,1334.31049609902,0.00805555555555556
536209,Rent_Control_Only,2,66,FALSE,1,2,0.5,1,1,66,0,45,0,3492,1746,2469.21687990342,0.00533333333333333
536210,Rent_Control_Only,2,51,FALSE,1,1,0.5,1,1,51,2,18,0,2133,1066.5,1508.25876427091,0.00814814814814815
536211,Rent_Control_Only,2,81,FALSE,1,1,0.5,1,1,81,6,67,0,1686,843,1192.18203308052,0.00692063492063492
536212,Rent_Control_Only,2,58,FALSE,1,2,0.5,1,1,58,2,25,0,1585,792.5,1120.76424818068,0.00992592592592593
536213,Rent_Control_Only,2,117,FALSE,1,1,0.5,1,1,117,2,87,0,1429,714.5,1010.45559031558,0.00692307692307692
536214,Rent_Control_Only,2,20,FALSE,1,2,0.5,1,1,20,0,6,0,1798,899,1271.37799257341,0.00566666666666667
536215,Rent_Control_Only,2,84,FALSE,1,2,0.5,1,1,84,6,47,0,2201,1100.5,1556.34202539159,0.00933333333333333
536216,Rent_Control_Only,2,116,FALSE,1,2,0.5,1,1,116,10,88,0,1903,951.5,1345.624204598,0.00789189189189189
536217,Rent_Control_Only,2,56,FALSE,1,2,0.5,1,1,56,6,26,0,1560,780,1103.08657865101,0.00484848484848485
536218,Rent_Control_Only,2,57,FALSE,1,1,0.5,1,1,57,2,28,0,1564,782,1105.91500577576,0.0118333333333333
536219,Rent_Control_Only,2,143,FALSE,1,1,0.5,1,1,143,2,80,0,2344,1172,1657.45829510127,0.00873015873015873
536220,Rent_Control_Only,2,67,FALSE,1,1,0.5,1,1,67,6,28,0,1545,772.5,1092.47997693322,0.00813333333333333
536221,Rent_Control_Only,2,73,FALSE,1,1,0.5,1,1,73,0,36,0,1895,947.5,1339.96735034851,0.00663333333333333
536222,Rent_Control_Only,2,49,FALSE,1,1,0.5,1,1,49,0,18,0,1639,819.5,1158.94801436475,0.00466666666666667
536223,Rent_Control_Only,2,58,FALSE,1,2,0.5,1,1,58,6,21,0,3687,1843.5,2607.1027022348,0.0158333333333333
536224,Rent_Control_Only,2,102,FALSE,1,2,0.5,1,1,102,2,65,0,1904,952,1346.33131137919,0.00985507246376812
536225,Rent_Control_Only,2,71,FALSE,1,1,0.5,1,1,71,6,13,0,4355,2177.5,3079.45003206741,0.012140350877193
536226,Rent_Control_Only,2,60,FALSE,1,2,0.296954314720812,1,1,60,4,24,400,1570,985,827.314933988261,0.0116666666666667
536227,Rent_Control_Only,2,54,FALSE,1,2,0.5,1,1,54,2,10,0,1600,800,1131.37084989848,0.00685714285714286
536228,Rent_Control_Only,2,68,FALSE,1,2,0.5,1,1,68,2,55,0,1762,881,1245.9221484507,0.0108205128205128
536229,Rent_Control_Only,2,66,FALSE,1,2,0.5,1,1,66,0,36,0,2153,1076.5,1522.40089989464,0.0148148148148148
536230,Rent_Control_Only,2,110,FALSE,1,2,0.5,1,1,110,0,77,0,1895,947.5,1339.96735034851,0.00502380952380952
536231,Rent_Control_Only,2,114,FALSE,1,2,0.5,1,1,114,6,105,0,1691,845.5,1195.71756698645,0.00793939393939394
536232,Rent_Control_Only,2,38,FALSE,1,2,0.5,1,1,38,2,5,0,1403,701.5,992.070814004726,0.0106666666666667
536233,Rent_Control_Only,2,84,FALSE,1,2,0.5,1,1,84,4,68,0,1870,935,1322.28968081884,0.0103466666666667
536234,Rent_Control_Only,2,58,FALSE,1,2,0.5,1,1,58,4,23,0,1515,757.5,1071.26677349762,0.0072
536235,Rent_Control_Only,2,60,FALSE,1,2,0.5,1,1,60,2,12,0,3288,1644,2324.96709654137,0.0135
536236,Rent_Control_Only,2,93,FALSE,1,1,0.5,1,1,93,0,48,0,1989,994.5,1406.43538778004,0.00802469135802469
536237,Rent_Control_Only,2,97,FALSE,1,1,0.5,1,1,97,2,50,0,1594,797,1127.12820921136,0.00855072463768116
536238,Rent_Control_Only,2,30,FALSE,1,2,0.5,1,1,30,4,5,0,3174,1587,2244.3569234861,0.00971428571428572
536239,Rent_Control_Only,2,42,FALSE,1,2,0.419614147909968,1,1,42,0,7,200,2288,1244,1476.43895911751,0.00822222222222222
536240,Rent_Control_Only,2,116,FALSE,1,2,0.5,1,1,116,8,84,0,1785,892.5,1262.18560441799,0.0068952380952381
536241,Rent_Control_Only,2,43,FALSE,1,1,0.5,1,1,43,4,20,0,1764,882,1247.33636201307,0.004
536242,Rent_Control_Only,2,64,FALSE,1,2,0.5,1,1,64,2,24,0,1394,697,985.706852974047,0.00752941176470588
536243,Rent_Control_Only,2,86,FALSE,1,2,0.5,1,1,86,4,41,0,1593,796.5,1126.42110243017,0.0118888888888889
536244,Rent_Control_Only,2,87,FALSE,1,1,0.5,1,1,87,2,31,0,2067,1033.5,1461.58971671259,0.0113333333333333
536245,Rent_Control_Only,2,119,FALSE,1,1,0.5,1,1,119,0,91,0,2070,1035,1463.71103705615,0.00775
536246,Rent_Control_Only,2,71,FALSE,1,1,0.5,1,1,71,2,38,0,1823,911.5,1289.05566210308,0.0122564102564103
536247,Rent_Control_Only,2,122,FALSE,1,2,0.5,1,2,122,2,63,0,4034,2017,2852.46875530653,0.0122162162162162
536248,Rent_Control_Only,2,52,FALSE,1,2,0.5,1,1,52,2,11,0,1870,935,1322.28968081884,0.0135555555555556
536249,Rent_Control_Only,2,155,FALSE,1,1,0.5,1,1,155,1,133,0,2473,1236.5,1748.67506987433,0.0136848484848485
536250,Rent_Control_Only,2,83,FALSE,1,1,0.5,1,1,83,6,52,0,1825,912.5,1290.46987566545,0.00796296296296296
536251,Rent_Control_Only,2,52,FALSE,1,2,0.5,1,1,52,0,4,0,2490,1245,1760.6958851545,0.0130769230769231
536252,Rent_Control_Only,2,47,FALSE,1,1,0.5,1,1,47,4,14,0,3012,1506,2129.80562493388,0.00622222222222222
536253,Rent_Control_Only,2,53,FALSE,1,1,0.5,1,1,53,4,20,0,1303,651.5,921.360135886071,0.008
536254,Rent_Control_Only,2,166,FALSE,1,2,0.5,1,1,166,2,176,0,2171,1085.5,1535.12882195599,0.00590070921985816
536255,Rent_Control_Only,2,56,FALSE,1,2,0.5,1,1,56,2,17,0,1432,716,1012.57691065914,0.00748717948717949
536256,Rent_Control_Only,2,67,FALSE,1,1,0.5,1,1,67,2,10,0,3706,1853,2620.53773107735,0.010280701754386
536257,Rent_Control_Only,2,125,FALSE,1,1,0.371244635193133,1,1,125,0,121,300,2030,1165,1223.29473145273,0.00973333333333333
536258,Rent_Control_Only,2,32,FALSE,1,2,0.5,1,2,32,4,10,0,3704,1852,2619.12351751497,0.00488888888888889
536259,Rent_Control_Only,2,42,FALSE,1,2,0.5,1,1,42,0,21,0,1723,861.5,1218.34498398442,0.00952380952380953
536260,Rent_Control_Only,2,101,FALSE,1,1,0.5,1,1,101,6,56,0,1774,887,1254.40742982494,0.00757575757575758
536261,Rent_Control_Only,2,78,FALSE,1,2,0.5,1,1,78,4,36,0,2341,1170.5,1655.33697475771,0.00912
536262,Rent_Control_Only,2,102,FALSE,1,2,0.5,1,1,102,6,63,0,1965,982.5,1389.46482503157,0.0106666666666667
536263,Rent_Control_Only,2,80,FALSE,1,2,0.5,1,1,80,4,47,0,3140,1570,2220.31529292576,0.00989333333333333
536264,Rent_Control_Only,2,75,FALSE,1,1,0.5,1,1,75,4,52,0,1831,915.5,1294.71251635257,0.0134166666666667
536265,Rent_Control_Only,2,200,TRUE,1,2,0.5,1,1,200,8,198,0,1747,873.5,1235.3155467329,0.0122962962962963
536266,Rent_Control_Only,2,55,FALSE,1,1,0.5,1,1,55,6,15,0,1597,798.5,1129.24952955492,0.00748717948717949
536267,Rent_Control_Only,2,75,FALSE,1,1,0.5,1,1,75,2,36,0,1528,764,1080.45916165304,0.00866666666666667
536268,Rent_Control_Only,2,30,FALSE,1,2,0.5,1,1,30,2,4,0,1034,517,731.14841174689,0.00533333333333333
536269,Rent_Control_Only,2,65,FALSE,1,1,0.5,1,1,65,8,27,0,1787,893.5,1263.59981798036,0.00766666666666667
536270,Rent_Control_Only,2,98,FALSE,1,2,0.5,1,1,98,4,36,0,2142,1071,1514.62272530158,0.0132
536271,Rent_Control_Only,2,58,FALSE,1,2,0.5,1,1,58,0,12,0,2385,1192.5,1686.44967312992,0.0121025641025641
536272,Rent_Control_Only,2,31,FALSE,1,1,0.5,1,1,31,4,8,0,2151,1075.5,1520.98668633226,0.0231111111111111
536273,Rent_Control_Only,2,28,FALSE,1,2,0.5,1,1,28,4,4,0,1841,920.5,1301.78358416443,0.0186666666666667
536274,Rent_Control_Only,2,53,FALSE,1,1,0.5,1,1,53,2,17,0,1733,866.5,1225.41605179629,0.00641666666666667
536275,Rent_Control_Only,2,63,FALSE,1,1,0.5,1,1,63,4,34,0,1355,677.5,958.129688507772,0.0150175438596491
536276,Rent_Control_Only,2,21,FALSE,1,1,0.406488549618321,1,1,21,0,1,196,1900,1048,1204.90995514188,0.0333333333333333
536277,Rent_Control_Only,2,101,FALSE,1,1,0.5,1,1,101,4,30,0,2369,1184.5,1675.13596463093,0.00483333333333333
536278,Rent_Control_Only,2,87,FALSE,1,1,0.5,1,1,87,7,62,0,1650,825,1166.7261889578,0.00979710144927536
536279,Rent_Control_Only,2,180,FALSE,1,2,0.5,1,1,180,6,142,0,2187,1093.5,1546.44253045498,0.00878888888888889
536280,Rent_Control_Only,2,33,FALSE,1,1,0.5,1,1,33,4,3,0,3379,1689.5,2389.31381362934,0.00266666666666667
536281,Rent_Control_Only,2,71,FALSE,1,1,0.5,1,1,71,2,38,0,2386,1193,1687.1567799111,0.012952380952381
536282,Rent_Control_Only,2,54,FALSE,1,2,0.5,1,1,54,2,20,0,1429,714.5,1010.45559031558,0.00413333333333333
536283,Rent_Control_Only,2,50,FALSE,1,2,0.382560187903699,0.78125,1,50,4,15,200,1503,851.5,921.360135886071,0.0127407407407407
536284,Rent_Control_Only,2,69,FALSE,1,1,0.5,1,1,69,6,39,0,1740,870,1230.36579926459,0.0045
536285,Rent_Control_Only,2,151,FALSE,1,1,0.5,1,1,151,2,136,0,2135,1067.5,1509.67297783328,0.011952380952381
536286,Rent_Control_Only,2,147,FALSE,1,1,0.5,1,1,147,4,94,0,4263,2131.5,3014.39620819825,0.00817054263565892
536287,Rent_Control_Only,2,87,FALSE,1,1,0.5,1,1,87,2,35,0,1645,822.5,1163.19065505187,0.0114545454545455
536288,Rent_Control_Only,2,49,FALSE,1,1,0.5,1,1,49,0,33,0,1753,876.5,1239.55818742002,0.0131111111111111
536289,Rent_Control_Only,2,67,FALSE,1,1,0.5,1,1,67,2,25,0,1996,998,1411.38513524835,0.0120888888888889
536290,Rent_Control_Only,2,26,FALSE,1,2,0.5,1,1,26,2,13,0,1294,647,914.996174855393,0.00866666666666667
536291,Rent_Control_Only,2,45,FALSE,1,1,0.5,1,1,45,4,31,0,1880,940,1329.36074863071,0.0111111111111111
536292,Rent_Control_Only,2,27,FALSE,1,1,0.5,1,2,27,0,10,0,1780,890,1258.65007051205,0.00333333333333333
536293,Rent_Control_Only,2,58,FALSE,1,2,0.5,1,1,58,2,12,0,1814,907,1282.6917010724,0.0138245614035088
536294,Rent_Control_Only,2,95,FALSE,1,1,0.5,1,1,95,7,52,0,1992,996,1408.5567081236,0.0112463768115942
536295,Rent_Control_Only,2,80,FALSE,1,2,0.5,1,1,80,4,29,0,1585,792.5,1120.76424818068,0.00973333333333333
536296,Rent_Control_Only,2,88,FALSE,1,2,0.5,1,1,88,6,35,0,2231,1115.5,1577.55522882719,0.00859259259259259
536297,Rent_Control_Only,2,44,FALSE,1,2,0.5,1,1,44,2,8,0,2060,1030,1456.63996924429,0.0147878787878788
536298,Rent_Control_Only,2,84,FALSE,1,2,0.5,1,1,84,0,47,0,3984,1992,2817.11341624721,0.0122666666666667
130458,UBI_Only,2,40,FALSE,1,2,0.5,1,1,40,0,18,0,3598,1799,2544.1701987092,0.014
130459,UBI_Only,2,160,FALSE,1,2,0.5,1,1,160,6,157,0,2032,1016,1436.84097937106,0.0174358974358974
130460,UBI_Only,2,200,TRUE,2,"1,2",0.213091309130913,0.625,0,,4,210,1304,3241,2272.5,1369.66583515834,0.0130704225352113
130461,UBI_Only,2,72,FALSE,1,2,0.5,1,1,72,0,40,0,3388,1694,2395.67777466002,0.0222777777777778
130462,UBI_Only,2,200,TRUE,2,"1,2",0.131292517006803,0.555555555555556,0,,2,254,1626,2784,2205,818.829652614022,0.00908433734939759
130463,UBI_Only,2,51,FALSE,1,1,0.5,1,1,51,2,26,0,3679,1839.5,2601.44584798531,0.00558974358974359
130464,UBI_Only,2,66,FALSE,1,2,0.5,1,1,66,0,44,0,3520,1760,2489.01586977665,0.0170833333333333
130465,UBI_Only,2,79,FALSE,1,1,0.5,1,1,79,8,35,0,3933,1966.5,2781.05097040669,0.006375
130466,UBI_Only,2,76,FALSE,1,2,0.5,1,1,76,4,57,0,1583,791.5,1119.3500346183,0.0071604938271605
130467,UBI_Only,2,41,FALSE,1,1,0.5,1,1,41,2,27,0,1622,811,1146.92719908458,0.00466666666666667
130468,UBI_Only,2,95,FALSE,1,1,0.5,1,1,95,0,73,0,2301,1150.5,1627.05270351025,0.0108974358974359
130469,UBI_Only,2,177,FALSE,1,1,0.5,1,1,177,2,177,0,1959,979.5,1385.22218434445,0.0119285714285714
130470,UBI_Only,2,185,FALSE,1,1,0.5,1,1,185,8,202,0,2236,1118,1581.09076273312,0.0112316384180791
130471,UBI_Only,2,119,FALSE,1,1,0.5,1,1,119,3,87,0,2251,1125.5,1591.69736445092,0.011719298245614
130472,UBI_Only,2,46,FALSE,1,2,0.5,1,1,46,2,13,0,4373,2186.5,3092.17795412877,0.00459259259259259
130473,UBI_Only,2,132,FALSE,1,2,0.394792214623882,1,1,132,8,92,200,1701,950.5,1061.36727856101,0.0128510638297872
130474,UBI_Only,2,82,FALSE,1,2,0.5,1,2,82,2,61,0,2708,1354,1914.84516345317,0.0142222222222222
130475,UBI_Only,2,80,FALSE,1,2,0.5,1,1,80,6,70,0,1438,719,1016.81955134626,0.00850980392156863
130476,UBI_Only,2,137,FALSE,1,1,0.5,1,1,137,2,151,0,1913,956.5,1352.69527240987,0.0105802469135802
130477,UBI_Only,2,81,FALSE,1,1,0.5,1,2,81,0,50,0,3755,1877.5,2655.18596335549,0.0105217391304348
130478,UBI_Only,2,120,FALSE,1,2,0.5,1,1,120,4,127,0,1575,787.5,1113.69318036881,0.00839316239316239
130479,UBI_Only,2,200,TRUE,2,"1,2",0.126397146254459,0.547337278106509,0,,2,260,1571,2634,2102.5,751.6545084013,0.0130945273631841
130480,UBI_Only,2,200,TRUE,2,"1,2",0.224186046511628,0.689349112426036,0,,0,166,1186,3114,2150,1363.30187412766,0.0139047619047619
130481,UBI_Only,2,33,FALSE,1,1,0.5,1,1,33,2,4,0,3421,1710.5,2419.01229843918,0.0084
130482,UBI_Only,2,71,FALSE,1,1,0.44899260392757,0.920138888888889,1,71,4,46,200,3721,1960.5,2489.72297655783,0.0117222222222222
130483,UBI_Only,2,113,FALSE,1,1,0.5,1,2,113,4,74,0,2369,1184.5,1675.13596463093,0.0171428571428571
130484,UBI_Only,2,37,FALSE,1,1,0.5,1,1,37,0,24,0,3081,1540.5,2178.59599283575,0.0113333333333333
130485,UBI_Only,2,156,FALSE,1,2,0.5,1,1,156,8,143,0,2107,1053.5,1489.87398796006,0.0117530864197531
130486,UBI_Only,2,102,FALSE,1,2,0.5,1,1,102,9,72,0,2452,1226,1733.82582746941,0.0100909090909091
130487,UBI_Only,2,94,FALSE,1,2,0.5,1,1,94,4,84,0,1537,768.5,1086.82312268372,0.0118222222222222
130488,UBI_Only,2,179,FALSE,1,1,0.5,1,1,179,0,195,0,4233,2116.5,2993.18300476266,0.00900606060606061
130489,UBI_Only,2,135,FALSE,1,1,0.5,1,1,135,10,125,0,3982,1991,2815.69920268483,0.0104761904761905
130490,UBI_Only,2,89,FALSE,1,1,0.5,1,1,89,6,54,0,4263,2131.5,3014.39620819825,0.0122352941176471
130491,UBI_Only,2,59,FALSE,1,1,0.5,1,1,59,0,36,0,3735,1867.5,2641.04382773176,0.00715151515151515
130492,UBI_Only,2,47,FALSE,1,1,0.411910112359551,1,1,47,4,10,196,2029,1112.5,1296.12672991494,0.0209333333333333
130493,UBI_Only,2,43,FALSE,1,1,0.5,1,3,43,6,15,0,1199,599.5,847.821030642671,0.00761904761904762
130494,UBI_Only,2,63,FALSE,1,1,0.5,1,1,63,2,41,0,2324,1162,1643.31615947754,0.0099047619047619
130495,UBI_Only,2,147,FALSE,1,1,0.5,1,1,147,4,145,0,4120,2060,2913.27993848858,0.0171333333333333
130496,UBI_Only,2,200,TRUE,2,"1,2",0.0124848484848485,0.5008,0,,8,251,2011,2114,2062.5,72.8319984622144,0.00835748792270531
130497,UBI_Only,2,200,TRUE,2,"1,2",0.0279161205766711,0.5,0,,4,240,1801,2014,1907.5,150.613744392735,0.00992307692307692
130498,UBI_Only,2,73,FALSE,1,1,0.5,1,1,73,0,52,0,2155,1077.5,1523.81511345701,0.0106333333333333
130499,UBI_Only,2,104,FALSE,1,2,0.5,1,1,104,10,102,0,4035,2017.5,2853.17586208772,0.0110952380952381
130500,UBI_Only,2,55,FALSE,1,1,0.5,1,1,55,2,27,0,2238,1119,1582.50497629549,0.00933333333333333
130501,UBI_Only,2,62,FALSE,1,2,0.5,1,1,62,4,39,0,1404,702,992.777920785913,0.0244
130502,UBI_Only,2,190,FALSE,1,2,0.5,1,1,190,2,191,0,2721,1360.5,1924.0375516086,0.0162995169082126
130503,UBI_Only,2,56,FALSE,1,2,0.5,1,1,56,6,23,0,3453,1726.5,2441.63971543715,0.0076969696969697
130504,UBI_Only,2,200,TRUE,2,"1,2",0.0535796766743648,0.517146776406036,0,,0,198,1933,2397,2165,328.097546470558,0.0145333333333333
130505,UBI_Only,2,89,FALSE,1,1,0.5,1,1,89,2,54,0,2370,1185,1675.84307141212,0.0125490196078431
130506,UBI_Only,2,59,FALSE,1,1,0.5,1,1,59,4,32,0,2070,1035,1463.71103705615,0.0125238095238095
130507,UBI_Only,2,200,TRUE,2,"1,2",0.0673469387755101,0.526627218934911,0,,2,242,1802,2363,2082.5,396.686904245653,0.00921739130434783
130508,UBI_Only,2,71,FALSE,1,1,0.5,1,1,71,6,29,0,1568,784,1108.74343290051,0.0277777777777778
130509,UBI_Only,2,200,TRUE,2,"1,2",0.21175836030205,0.663265306122449,0,,0,188,1336,3299,2317.5,1388.05061146919,0.0168709677419355
130510,UBI_Only,2,200,TRUE,2,"1,2",0.0807474518686298,0.517146776406036,0,,4,261,1851,2564,2207.5,504.167134986008,0.0100701754385965
130511,UBI_Only,2,133,FALSE,1,1,0.5,1,1,133,8,137,0,4271,2135.5,3020.05306244774,0.0116666666666667
130512,UBI_Only,2,200,TRUE,2,"1,2",0.09126213592233,0.511834319526627,0,,0,236,1684,2436,2060,531.744299452284,0.011374358974359
130513,UBI_Only,2,179,FALSE,1,1,0.5,1,1,179,4,202,0,4411,2205.5,3119.04801181386,0.0125066666666667
130514,UBI_Only,2,51,FALSE,1,1,0.5,1,1,51,2,18,0,4261,2130.5,3012.98199463588,0.0100740740740741
130515,UBI_Only,2,97,FALSE,1,1,0.5,1,1,97,6,57,0,3989,1994.5,2820.64895015314,0.00794444444444445
130516,UBI_Only,2,87,FALSE,1,1,0.5,1,1,87,2,44,0,4103,2051.5,2901.25912320841,0.0105964912280702
130517,UBI_Only,2,138,FALSE,1,2,0.5,1,1,138,0,154,0,2408,1204,1702.71312909721,0.0147030303030303
130518,UBI_Only,2,142,FALSE,1,2,0.5,1,1,142,4,174,0,2217,1108.5,1567.65573389058,0.00842276422764228
130519,UBI_Only,2,66,FALSE,1,2,0.5,1,1,66,4,43,0,1878,939,1327.94653506834,0.0279111111111111
130520,UBI_Only,2,120,FALSE,1,2,0.5,1,1,120,2,111,0,2654,1327,1876.6613972691,0.00984615384615385
130521,UBI_Only,2,200,TRUE,2,"1,2",0.0208839779005525,0.510204081632653,0,,2,209,2168,2357,2262.5,133.643181644257,0.0163763440860215
130522,UBI_Only,2,49,FALSE,1,1,0.5,1,1,49,2,13,0,1886,943,1333.60338931783,0.00586666666666667
130523,UBI_Only,2,51,FALSE,1,1,0.5,1,1,51,4,30,0,2046,1023,1446.74047430768,0.0133333333333333
130524,UBI_Only,2,81,FALSE,1,1,0.5,1,1,81,4,75,0,1665,832.5,1177.3327906756,0.00706666666666667
130525,UBI_Only,2,90,FALSE,1,2,0.5,1,1,90,4,51,0,2591,1295.5,1832.11367005434,0.0142777777777778
130526,UBI_Only,2,82,FALSE,1,2,0.5,1,1,82,8,63,0,1721,860.5,1216.93077042205,0.0112222222222222
130527,UBI_Only,2,64,FALSE,1,2,0.5,1,1,64,2,36,0,1000,500,707.106781186548,0.00655555555555556
130528,UBI_Only,2,197,FALSE,1,1,0.5,1,1,197,2,188,0,2657,1328.5,1878.78271761266,0.0129411764705882
130529,UBI_Only,2,107,FALSE,1,1,0.5,1,1,107,4,97,0,2493,1246.5,1762.81720549806,0.0171851851851852
130530,UBI_Only,2,69,FALSE,1,1,0.5,1,1,69,6,40,0,4285,2142.5,3029.95255738436,0.0229090909090909
130531,UBI_Only,2,73,FALSE,1,1,0.5,1,1,73,2,65,0,2155,1077.5,1523.81511345701,0.0105396825396825
130532,UBI_Only,2,200,TRUE,2,"1,2",0.0161882893226177,0.500685871056241,0,,7,255,2107,2248,2177.5,99.7020561473032,0.0113532338308458
130533,UBI_Only,2,45,FALSE,1,1,0.5,1,1,45,6,13,0,2405,1202.5,1700.59180875365,0.00416666666666667
130534,UBI_Only,2,200,TRUE,2,"1,2",0.061453744493392,0.502551020408163,0,,2,248,1991,2549,2270,394.565583902094,0.0140730593607306
130535,UBI_Only,2,82,FALSE,1,2,0.5,1,1,82,2,61,0,4293,2146.5,3035.60941163385,0.0248
130536,UBI_Only,2,137,FALSE,1,1,0.5,1,1,137,0,116,0,2989,1494.5,2113.54216896659,0.0137606837606838
130537,UBI_Only,2,200,TRUE,2,"1,2",0.107004830917874,0.5,0,,0,219,1627,2513,2070,626.496608131281,0.0151598173515982
130538,UBI_Only,2,75,FALSE,1,1,0.5,1,1,75,2,27,0,2145,1072.5,1516.74404564514,0.00649122807017544
130539,UBI_Only,2,76,FALSE,1,2,0.5,1,2,76,2,36,0,4105,2052.5,2902.67333677078,0.0153725490196078
130540,UBI_Only,2,128,FALSE,1,2,0.5,1,1,128,2,104,0,2069,1034.5,1463.00393027497,0.0127222222222222
130541,UBI_Only,2,56,FALSE,1,2,0.5,1,1,56,0,30,0,1963,981.5,1388.05061146919,0.00648484848484848
130542,UBI_Only,2,101,FALSE,1,1,0.5,1,1,101,3,82,0,3960,1980,2800.14285349873,0.0088
130543,UBI_Only,2,152,FALSE,1,2,0.5,1,1,152,4,158,0,2642,1321,1868.17611589486,0.0115454545454545
130544,UBI_Only,2,73,FALSE,1,1,0.5,1,1,73,2,50,0,1964,982,1388.75771825038,0.0067
130545,UBI_Only,2,130,FALSE,1,2,0.5,1,1,130,0,122,0,2269,1134.5,1604.42528651228,0.00933333333333333
130546,UBI_Only,2,105,FALSE,1,1,0.5,1,1,105,4,76,0,4375,2187.5,3093.59216769115,0.017679012345679
130547,UBI_Only,2,72,FALSE,1,2,0.5,1,1,72,6,35,0,2710,1355,1916.25937701554,0.00928
130548,UBI_Only,2,187,FALSE,1,1,0.5,1,1,187,2,209,0,2411,1205.5,1704.83444944077,0.00882352941176471
130549,UBI_Only,2,26,FALSE,1,2,0.5,1,1,26,0,14,0,1465,732.5,1035.91143443829,0.0133333333333333
130550,UBI_Only,2,200,TRUE,2,"1,2",0.00427927927927918,0.500685871056241,0,,14,206,2201,2239,2220,26.8700576850888,0.0170967741935484
130551,UBI_Only,2,114,FALSE,1,2,0.5,1,1,114,0,109,0,2413,1206.5,1706.24866300314,0.0135428571428571
130552,UBI_Only,2,69,FALSE,1,1,0.5,1,1,69,2,43,0,1752,876,1238.85108063883,0.0137916666666667
130553,UBI_Only,2,149,FALSE,1,1,0.5,1,1,149,2,147,0,2534,1267,1791.80858352671,0.0128472222222222
130554,UBI_Only,2,141,FALSE,1,1,0.5,1,1,141,0,135,0,4003,2001.5,2830.54844508975,0.0144964539007092
130555,UBI_Only,2,58,FALSE,1,2,0.5,1,1,58,0,19,0,3818,1909,2699.73369057024,0.00438095238095238
130556,UBI_Only,2,64,FALSE,1,2,0.426308032424466,0.8828125,1,64,0,41,200,2514,1357,1636.24509166567,0.0101111111111111
130557,UBI_Only,2,53,FALSE,1,1,0.390770070999454,1,1,53,6,35,200,1631,915.5,1011.86980387795,0.00491666666666667
130558,UBI_Only,2,200,TRUE,2,"1,2",0.065296803652968,0.506172839506173,0,,5,263,1904,2476,2190,404.465078838705,0.0106842105263158
130559,UBI_Only,2,24,FALSE,1,2,0.5,1,1,24,0,2,0,2262,1131,1599.47553904397,0.00533333333333333
130560,UBI_Only,2,73,FALSE,1,1,0.5,1,2,73,4,26,0,3860,1930,2729.43217538007,0.0125333333333333
130561,UBI_Only,2,58,FALSE,1,2,0.5,1,1,58,2,44,0,2117,1058.5,1496.94505577192,0.0111282051282051
130562,UBI_Only,2,77,FALSE,1,1,0.5,1,1,77,0,51,0,2755,1377.5,1948.07918216894,0.00605128205128205
130563,UBI_Only,2,72,FALSE,1,2,0.5,1,1,72,4,63,0,2081,1040.5,1471.48921164921,0.0127037037037037
130564,UBI_Only,2,149,FALSE,1,1,0.5,1,1,149,0,142,0,2417,1208.5,1709.07709012789,0.0140992907801418
130565,UBI_Only,2,48,FALSE,1,2,0.5,1,1,48,4,26,0,1931,965.5,1365.42319447122,0.00922222222222222
130566,UBI_Only,2,90,FALSE,1,2,0.5,1,1,90,2,73,0,3582,1791,2532.85649021021,0.0126376811594203
130567,UBI_Only,2,96,FALSE,1,2,0.5,1,1,96,8,71,0,2066,1033,1460.88260993141,0.0193103448275862
130568,UBI_Only,2,194,FALSE,1,2,0.5,1,1,194,6,206,0,2010,1005,1421.28463018496,0.012120218579235
130569,UBI_Only,2,108,FALSE,1,2,0.5,1,1,108,0,77,0,2329,1164.5,1646.85169338347,0.0129876543209877
130570,UBI_Only,2,61,FALSE,1,1,0.5,1,1,61,8,36,0,3425,1712.5,2421.84072556393,0.0103809523809524
130571,UBI_Only,2,51,FALSE,1,1,0.5,1,1,51,2,16,0,3667,1833.5,2592.96056661107,0.00755555555555556
130572,UBI_Only,2,120,FALSE,1,2,0.5,1,1,120,6,101,0,1939,969.5,1371.08004872072,0.0113763440860215
130573,UBI_Only,2,200,TRUE,2,"1,2",0.0993392070484582,0.502551020408163,0,,1,200,1819,2721,2270,637.810316630266,0.0130882352941176
130574,UBI_Only,2,131,FALSE,1,1,0.5,1,1,131,2,129,0,1650,825,1166.7261889578,0.00935087719298246
130575,UBI_Only,2,99,FALSE,1,1,0.5,1,1,99,4,81,0,1718,859,1214.80945007849,0.00832
130576,UBI_Only,2,89,FALSE,1,1,0.5,1,1,89,4,79,0,3657,1828.5,2585.8894987992,0.0199444444444444
130577,UBI_Only,2,69,FALSE,1,1,0.5,1,1,69,2,62,0,1362,681,963.079435976078,0.00844444444444445
130578,UBI_Only,2,145,FALSE,1,1,0.5,1,1,145,2,160,0,3275,1637.5,2315.77470838594,0.00808888888888889
130579,UBI_Only,2,128,FALSE,1,2,0.5,1,1,128,2,116,0,2088,1044,1476.43895911751,0.0112380952380952
130580,UBI_Only,2,173,FALSE,1,1,0.5,1,1,173,8,203,0,2159,1079.5,1526.64354058176,0.0161176470588235
130581,UBI_Only,2,54,FALSE,1,2,0.5,1,1,54,6,20,0,1683,841.5,1190.06071273696,0.00654166666666667
130582,UBI_Only,2,59,FALSE,1,1,0.5,1,1,59,4,30,0,3868,1934,2735.08902962957,0.0110666666666667
130583,UBI_Only,2,200,TRUE,2,"1,2",0.0273670557717249,0.5072,0,,4,227,1822,2033,1927.5,149.199530830362,0.00835294117647059
130584,UBI_Only,2,96,FALSE,1,2,0.5,1,1,96,0,99,0,3901,1950.5,2758.42355340872,0.0133846153846154
130585,UBI_Only,2,200,TRUE,2,"1,2",0.024561403508772,0.5,0,,2,195,2168,2392,2280,158.391918985787,0.0123760683760684
130586,UBI_Only,2,157,FALSE,1,1,0.5,1,2,157,10,109,0,2194,1097,1551.39227792329,0.00982113821138211
130587,UBI_Only,2,116,FALSE,1,2,0.5,1,1,116,0,107,0,2146,1073,1517.45115242633,0.0116
130588,UBI_Only,2,73,FALSE,1,1,0.5,1,1,73,6,37,0,1946,973,1376.02979618902,0.0130980392156863
130589,UBI_Only,2,93,FALSE,1,1,0.5,1,1,93,6,68,0,1675,837.5,1184.40385848747,0.0149166666666667
130590,UBI_Only,2,109,FALSE,1,1,0.5,1,1,109,0,105,0,4242,2121,2999.54696579333,0.0158666666666667
130591,UBI_Only,2,103,FALSE,1,1,0.5,1,1,103,2,47,0,4180,2090,2955.70634535977,0.0163333333333333
130592,UBI_Only,2,200,TRUE,2,"1,2",0.0688113413304252,0.522959183673469,0,,4,227,1977,2608,2292.5,446.184378928712,0.00713333333333333
130593,UBI_Only,2,141,FALSE,1,1,0.5,1,1,141,4,98,0,1676,838,1185.11096526865,0.00805882352941177
130594,UBI_Only,2,97,FALSE,1,1,0.5,1,1,97,7,51,0,1758,879,1243.09372132595,0.00628888888888889
130595,UBI_Only,2,73,FALSE,1,1,0.42283950617284,1,1,73,4,54,200,2392,1296,1549.97806436091,0.0104444444444444
130596,UBI_Only,2,95,FALSE,1,1,0.5,1,1,95,6,102,0,1679,839.5,1187.23228561221,0.00939130434782609
130597,UBI_Only,2,94,FALSE,1,2,0.5,1,1,94,0,66,0,4573,2286.5,3233.59931036608,0.00927777777777778
130598,UBI_Only,2,64,FALSE,1,2,0.5,1,1,64,4,44,0,1908,954,1349.15973850393,0.0118039215686275
130599,UBI_Only,2,83,FALSE,1,1,0.5,1,1,83,8,66,0,1711,855.5,1209.85970261018,0.00808333333333333
130600,UBI_Only,2,63,FALSE,1,1,0.5,1,1,63,4,20,0,1811,905.5,1280.57038072884,0.00777777777777778
130601,UBI_Only,2,71,FALSE,1,1,0.5,1,2,71,2,34,0,3754,1877,2654.4788565743,0.0197894736842105
130602,UBI_Only,2,47,FALSE,1,1,0.5,1,1,47,2,26,0,1217,608.5,860.548952704028,0.00811111111111111
130603,UBI_Only,2,200,TRUE,2,"1,2",0.162351387054161,0.53125,0,,0,246,1278,2507,1892.5,869.034234078267,0.00797619047619048
130604,UBI_Only,2,28,FALSE,1,2,0.5,1,1,28,0,7,0,2605,1302.5,1842.01316499096,0.0134444444444444
130605,UBI_Only,2,200,TRUE,2,"1,2",0.080637544273908,0.547337278106509,0,,0,210,1776,2459,2117.5,482.953931550412,0.0131179487179487
130606,UBI_Only,2,78,FALSE,1,2,0.5,1,1,78,2,43,0,2330,1165,1647.55880016466,0.0193333333333333
130607,UBI_Only,2,200,TRUE,2,"1,2",0.085510428100988,0.540816326530612,0,,6,233,1888,2667,2277.5,550.836182544321,0.0106849315068493
130608,UBI_Only,2,87,FALSE,1,1,0.5,1,1,87,4,68,0,2661,1330.5,1881.6111447374,0.0107272727272727
130609,UBI_Only,2,200,TRUE,2,"1,2",0.156651376146789,0.555555555555556,0,,4,219,1497,2863,2180,965.907863100824,0.0104561403508772
130610,UBI_Only,2,74,FALSE,1,2,0.5,1,1,74,2,45,0,3918,1959,2770.44436868889,0.0147272727272727
130611,UBI_Only,2,101,FALSE,1,1,0.5,1,1,101,2,71,0,2194,1097,1551.39227792329,0.0146666666666667
130612,UBI_Only,2,82,FALSE,1,2,0.5,1,1,82,2,51,0,2321,1160.5,1641.19483913398,0.0143939393939394
130613,UBI_Only,2,77,FALSE,1,1,0.5,1,1,77,8,59,0,3641,1820.5,2574.57579030022,0.0132
130614,UBI_Only,2,122,FALSE,1,2,0.5,1,2,122,4,67,0,1935,967.5,1368.25162159597,0.0143777777777778
130615,UBI_Only,2,200,TRUE,2,"1,2",0.115267175572519,0.510204081632653,0,,0,251,1764,2821,2292.5,747.411867714181,0.0121866666666667
130616,UBI_Only,2,60,FALSE,1,2,0.5,1,1,60,0,38,0,1860,930,1315.21861300698,0.0136078431372549
130617,UBI_Only,2,57,FALSE,1,1,0.5,1,1,57,3,23,0,3722,1861,2631.85143957633,0.00551111111111111
130618,UBI_Only,2,200,TRUE,2,"1,2",0.0550173010380624,0.506172839506173,0,,2,245,1929,2406,2167.5,337.289934625983,0.0139122807017544
130619,UBI_Only,2,167,FALSE,1,1,0.5,1,1,167,2,186,0,1942,971,1373.20136906428,0.0120816326530612
130620,UBI_Only,2,200,TRUE,2,"1,2",0.0721488595438176,0.526627218934911,0,,4,232,1782,2383,2082.5,424.971175493115,0.0148309178743961
130621,UBI_Only,2,57,FALSE,1,1,0.5,1,1,57,0,22,0,2617,1308.5,1850.4984463652,0.00981818181818182
130622,UBI_Only,2,73,FALSE,1,1,0.5,1,1,73,2,48,0,4078,2039,2883.58145367874,0.0196444444444444
130623,UBI_Only,2,55,FALSE,1,1,0.5,1,1,55,2,27,0,1749,874.5,1236.72976029527,0.0107017543859649
130624,UBI_Only,2,114,FALSE,1,2,0.5,1,1,114,4,113,0,2425,1212.5,1714.73394437738,0.00868627450980392
130625,UBI_Only,2,53,FALSE,1,1,0.5,1,1,53,0,19,0,3603,1801.5,2547.70573261513,0.00933333333333333
130626,UBI_Only,2,200,TRUE,2,"1,2",0.0852017937219731,0.555555555555556,0,,2,208,1850,2610,2230,537.401153701776,0.0132270531400966
130627,UBI_Only,2,200,TRUE,2,"1,2",0.173164861612515,0.606508875739645,0,,0,160,1358,2797,2077.5,1017.52665812744,0.00963841807909604
130628,UBI_Only,2,148,FALSE,1,2,0.5,1,1,148,8,173,0,1847,923.5,1306.02622485155,0.00898181818181818
130629,UBI_Only,2,70,FALSE,1,2,0.5,1,1,70,4,45,0,3676,1838,2599.32452764175,0.00688888888888889
130630,UBI_Only,2,68,FALSE,1,2,0.5,1,1,68,6,33,0,3645,1822.5,2577.40421742497,0.0078974358974359
130631,UBI_Only,2,112,FALSE,1,2,0.5,1,1,112,2,135,0,1977,988.5,1397.9501064058,0.0113737373737374
130632,UBI_Only,2,136,FALSE,1,2,0.5,1,1,136,2,110,0,3907,1953.5,2762.66619409584,0.0190810810810811
130633,UBI_Only,2,122,FALSE,1,2,0.4074502545118,0.847222222222222,1,122,4,102,200,1961,1080.5,1245.21504166951,0.0131666666666667
130634,UBI_Only,2,93,FALSE,1,1,0.5,1,1,93,6,37,0,1931,965.5,1365.42319447122,0.0102727272727273
130635,UBI_Only,2,107,FALSE,1,1,0.430795847750865,0.8828125,1,107,2,90,200,2690,1445,1760.6958851545,0.00733333333333333
130636,UBI_Only,2,42,FALSE,1,2,0.5,1,1,42,2,12,0,3103,1551.5,2194.15234202186,0.0174285714285714
130637,UBI_Only,2,38,FALSE,1,2,0.5,1,1,38,0,10,0,2734,1367,1933.22993976402,0.00426666666666667
130638,UBI_Only,2,69,FALSE,1,1,0.402922238732045,1,1,69,4,42,196,1823,1009.5,1150.46273299051,0.0105333333333333
130639,UBI_Only,2,117,FALSE,1,1,0.5,1,1,117,5,79,0,2001,1000.5,1414.92066915428,0.0116666666666667
130640,UBI_Only,2,200,TRUE,2,"1,2",0.0530834340991535,0.511834319526627,0,,2,246,1848,2287,2067.5,310.419876940894,0.00996135265700483
130641,UBI_Only,2,200,TRUE,2,"1,2",0.265891472868217,0.625,0,,2,206,1057,3458,2257.5,1697.7633816289,0.0174333333333333
130642,UBI_Only,2,122,FALSE,1,2,0.5,1,2,122,2,59,0,2472,1236,1747.96796309315,0.0125333333333333
130643,UBI_Only,2,50,FALSE,1,2,0.5,1,1,50,2,20,0,1734,867,1226.12315857747,0.0120833333333333
130644,UBI_Only,2,64,FALSE,1,2,0.5,1,1,64,4,47,0,1499,749.5,1059.95306499863,0.0186666666666667
130645,UBI_Only,2,200,TRUE,2,"1,2",0.0327543424317618,0.5392,0,,0,214,1883,2147,2015,186.676190233249,0.00988541666666667
130646,UBI_Only,2,117,FALSE,1,1,0.5,1,1,117,4,96,0,2234,1117,1579.67654917075,0.00874509803921569
130647,UBI_Only,2,113,FALSE,1,1,0.5,1,1,113,8,89,0,2220,1110,1569.77705423414,0.0137708333333333
130648,UBI_Only,2,84,FALSE,1,2,0.5,1,1,84,2,52,0,4003,2001.5,2830.54844508975,0.0150222222222222
130649,UBI_Only,2,143,FALSE,1,1,0.5,1,1,143,4,145,0,4067,2033.5,2875.80327908569,0.00884057971014493
130650,UBI_Only,2,49,FALSE,1,1,0.5,1,1,49,4,33,0,1770,885,1251.57900270019,0.008
130651,UBI_Only,2,152,FALSE,1,2,0.5,1,1,152,6,114,0,2393,1196.5,1692.10652737941,0.0191631205673759
130652,UBI_Only,2,57,FALSE,1,1,0.5,1,1,57,2,38,0,2140,1070,1513.20851173921,0.0194074074074074
130653,UBI_Only,2,144,FALSE,1,2,0.5,1,1,144,4,136,0,2305,1152.5,1629.88113063499,0.0140454545454545
130654,UBI_Only,2,200,TRUE,2,"1,2",0.0601382488479263,0.500685871056241,0,,2,224,1909,2431,2170,369.109739779378,0.0112619047619048
130655,UBI_Only,2,155,FALSE,1,1,0.5,1,1,155,6,165,0,2176,1088,1538.66435586193,0.00925641025641026
130656,UBI_Only,2,77,FALSE,1,1,0.5,1,1,77,2,46,0,1703,851.5,1204.20284836069,0.00775
130657,UBI_Only,2,84,FALSE,1,2,0.412010558732952,0.847222222222222,1,84,6,39,200,2073,1136.5,1324.4110011624,0.0097037037037037
130658,UBI_Only,2,65,FALSE,1,1,0.427763589930682,1,1,65,3,46,198,2543,1370.5,1658.16540188245,0.0104102564102564
130659,UBI_Only,2,200,TRUE,2,"1,2",0.0408551068883611,0.502958579881657,0,,6,251,1933,2277,2105,243.244732728172,0.00870707070707071
130660,UBI_Only,2,114,FALSE,1,2,0.5,1,1,114,6,112,0,1991,995.5,1407.84960134242,0.0121166666666667
130661,UBI_Only,2,121,FALSE,1,1,0.420289855072464,1,1,121,10,98,198,2286,1242,1476.43895911751,0.00848888888888889
130662,UBI_Only,2,200,TRUE,2,"1,2",0.0598214285714285,0.500685871056241,0,,2,180,1972,2508,2240,379.009234715989,0.0137
130663,UBI_Only,2,121,FALSE,1,1,0.5,1,1,121,0,113,0,4404,2202,3114.09826434556,0.0168888888888889
130664,UBI_Only,2,200,TRUE,2,"1,2",0.0323243243243243,0.5,0,,4,238,2163,2462,2312.5,211.424927574778,0.00876923076923077
130665,UBI_Only,2,65,FALSE,1,1,0.5,1,1,65,6,37,0,1863,931.5,1317.33993335054,0.0111111111111111
130666,UBI_Only,2,144,FALSE,1,2,0.5,1,1,144,4,148,0,1878,939,1327.94653506834,0.0197925925925926
130667,UBI_Only,2,59,FALSE,1,1,0.5,1,1,59,4,38,0,1888,944,1335.0176028802,0.0150666666666667
130668,UBI_Only,2,182,FALSE,1,2,0.5,1,1,182,12,212,0,2033,1016.5,1437.54808615225,0.0111770833333333
130669,UBI_Only,2,114,FALSE,1,2,0.5,1,1,114,6,90,0,1913,956.5,1352.69527240987,0.00702222222222222
130670,UBI_Only,2,82,FALSE,1,2,0.5,1,1,82,0,38,0,3957,1978.5,2798.02153315517,0.0085
130671,UBI_Only,2,75,FALSE,1,1,0.5,1,1,75,0,55,0,2192,1096,1549.97806436091,0.0160740740740741
130672,UBI_Only,2,65,FALSE,1,1,0.5,1,1,65,8,51,0,1910,955,1350.57395206631,0.00666666666666667
130673,UBI_Only,2,53,FALSE,1,1,0.5,1,1,53,4,28,0,3703,1851.5,2618.41641073379,0.00783333333333333
130674,UBI_Only,2,76,FALSE,1,2,0.5,1,1,76,2,59,0,1759,879.5,1243.80082810714,0.01296
130675,UBI_Only,2,54,FALSE,1,2,0.5,1,1,54,0,35,0,3210,1605,2269.81276760882,0.0114761904761905
130676,UBI_Only,2,101,FALSE,1,1,0.5,1,1,101,0,83,0,2391,1195.5,1690.69231381704,0.0138571428571429
130677,UBI_Only,2,73,FALSE,1,1,0.5,1,1,73,0,60,0,2242,1121,1585.33340342024,0.00974358974358974
130678,UBI_Only,2,63,FALSE,1,1,0.5,1,1,63,4,29,0,4211,2105.5,2977.62665557655,0.0148
130679,UBI_Only,2,200,TRUE,2,"1,2",0.0473684210526315,0.502551020408163,0,,6,237,2064,2496,2280,305.470129472589,0.00981220657276995
130680,UBI_Only,2,90,FALSE,1,2,0.5,1,1,90,10,56,0,2195,1097.5,1552.09938470447,0.00752777777777778
130681,UBI_Only,2,200,TRUE,2,"1,2",0.0448529411764707,0.502958579881657,0,,2,192,1857,2223,2040,258.801081914276,0.0103939393939394
130682,UBI_Only,2,30,FALSE,1,2,0.5,1,1,30,2,15,0,2258,1129,1596.64711191922,0.005
130683,UBI_Only,2,87,FALSE,1,1,0.5,1,3,87,0,53,0,2318,1159,1639.07351879042,0.00928205128205128
130684,UBI_Only,2,83,FALSE,1,1,0.5,1,1,83,0,45,0,3836,1918,2712.4616126316,0.0216842105263158
130685,UBI_Only,2,110,FALSE,1,2,0.5,1,1,110,8,109,0,3686,1843,2606.39559545361,0.0201904761904762
130686,UBI_Only,2,65,FALSE,1,1,0.5,1,1,65,0,52,0,1895,947.5,1339.96735034851,0.0109019607843137
130687,UBI_Only,2,176,FALSE,1,2,0.5,1,2,176,0,206,0,2815,1407.5,1990.50558904013,0.014021164021164
130688,UBI_Only,2,183,FALSE,1,1,0.5,1,1,183,12,238,0,4169,2084.5,2947.92817076672,0.011559748427673
130689,UBI_Only,2,147,FALSE,1,1,0.5,1,1,147,0,151,0,3520,1760,2489.01586977665,0.0141437908496732
130690,UBI_Only,2,83,FALSE,1,1,0.5,1,1,83,4,77,0,3788,1894,2678.52048713464,0.0190144927536232
130691,UBI_Only,2,44,FALSE,1,2,0.5,1,1,44,2,17,0,1839,919.5,1300.36937060206,0.00666666666666667
130692,UBI_Only,2,82,FALSE,1,2,0.5,1,1,82,2,52,0,1722,861,1217.63787720324,0.00548148148148148
130693,UBI_Only,2,62,FALSE,1,2,0.5,1,1,62,4,47,0,1902,951,1344.91709781681,0.00723809523809524
130694,UBI_Only,2,194,FALSE,1,2,0.5,1,1,194,4,246,0,1612,806,1139.85613127271,0.00957657657657658
130695,UBI_Only,2,78,FALSE,1,2,0.5,1,1,78,4,48,0,2556,1278,1807.36493271282,0.0255438596491228
130696,UBI_Only,2,52,FALSE,1,2,0.5,1,2,52,6,37,0,2180,1090,1541.49278298667,0.0177037037037037
130697,UBI_Only,2,69,FALSE,1,1,0.5,1,1,69,2,21,0,5036,2518,3560.98975005545,0.0191851851851852
130698,UBI_Only,2,200,TRUE,2,"1,2",0.138052095130238,0.555555555555556,0,,0,235,1598,2817,2207.5,861.963166266401,0.0100689655172414
130699,UBI_Only,2,81,FALSE,1,1,0.39622641509434,1,1,81,6,83,198,1710,954,1069.14545315406,0.0117460317460317
130700,UBI_Only,2,136,FALSE,1,2,0.5,1,1,136,6,104,0,1591,795.5,1125.0068888678,0.00924074074074074
130701,UBI_Only,2,64,FALSE,1,2,0.5,1,1,64,0,33,0,2110,1055,1491.99530830362,0.0125333333333333
130702,UBI_Only,2,108,FALSE,1,2,0.5,1,2,108,4,69,0,2400,1200,1697.05627484771,0.0123428571428571
130703,UBI_Only,2,84,FALSE,1,2,0.5,1,1,84,4,51,0,3566,1783,2521.54278171123,0.028
130704,UBI_Only,2,54,FALSE,1,2,0.5,1,1,54,2,17,0,1865,932.5,1318.75414691291,0.0164848484848485
130705,UBI_Only,2,48,FALSE,1,2,0.5,1,1,48,0,14,0,2532,1266,1790.39436996434,0.00895238095238095
130706,UBI_Only,2,73,FALSE,1,1,0.5,1,1,73,4,47,0,2164,1082,1530.17907448769,0.00766666666666667
130707,UBI_Only,2,35,FALSE,1,1,0.5,1,1,35,2,9,0,2455,1227.5,1735.94714781297,0.0137142857142857
130708,UBI_Only,2,200,TRUE,2,"1,2",0.0302173913043478,0.5,0,,10,260,2161,2439,2300,196.57568516986,0.0131711711711712
130709,UBI_Only,2,143,FALSE,1,1,0.5,1,1,143,0,135,0,2129,1064.5,1505.43033714616,0.0075632183908046
130710,UBI_Only,2,119,FALSE,1,1,0.5,1,1,119,2,123,0,4467,2233.5,3158.64599156031,0.0158119658119658
130711,UBI_Only,2,41,FALSE,1,1,0.5,1,1,41,0,16,0,3674,1837,2597.91031407938,0.00355555555555556
130712,UBI_Only,2,151,FALSE,1,1,0.5,1,2,151,0,171,0,2470,1235,1746.55374953077,0.0108695652173913
130713,UBI_Only,2,163,FALSE,1,1,0.5,1,1,163,6,167,0,1662,831,1175.21147033204,0.0108055555555556
130714,UBI_Only,2,157,FALSE,1,1,0.5,1,2,157,4,151,0,2822,1411,1995.45533650844,0.0138947368421053
130715,UBI_Only,2,95,FALSE,1,1,0.5,1,1,95,2,95,0,1650,825,1166.7261889578,0.0162028985507246
130716,UBI_Only,2,78,FALSE,1,2,0.5,1,1,78,2,41,0,3500,1750,2474.87373415292,0.0064
130717,UBI_Only,2,84,FALSE,1,2,0.5,1,2,84,2,67,0,3835,1917.5,2711.75450585041,0.0181025641025641
130718,UBI_Only,2,90,FALSE,1,2,0.5,1,1,90,0,62,0,2380,1190,1682.91413922398,0.00926984126984127
130719,UBI_Only,2,87,FALSE,1,1,0.5,1,1,87,4,73,0,3560,1780,2517.30014102411,0.00765591397849462
130720,UBI_Only,2,44,FALSE,1,2,0.5,1,1,44,4,11,0,3759,1879.5,2658.01439048023,0.00933333333333333
130721,UBI_Only,2,154,FALSE,1,2,0.5,1,1,154,4,177,0,2172,1086,1535.83592873718,0.00947826086956522
130722,UBI_Only,2,98,FALSE,1,2,0.410793933987511,1,1,98,12,78,200,2042,1121,1302.49069094562,0.0112952380952381
130723,UBI_Only,2,63,FALSE,1,1,0.5,1,1,63,2,23,0,4196,2098,2967.02005385875,0.00755555555555556
130724,UBI_Only,2,102,FALSE,1,2,0.5,1,1,102,2,62,0,1480,740,1046.51803615609,0.0112266666666667
130725,UBI_Only,2,64,FALSE,1,2,0.5,1,1,64,0,24,0,4662,2331,3296.53181389168,0.0219555555555556
130726,UBI_Only,2,83,FALSE,1,1,0.5,1,2,83,2,72,0,2170,1085,1534.42171517481,0.00842424242424242
130727,UBI_Only,2,93,FALSE,1,1,0.5,1,2,93,6,67,0,3640,1820,2573.86868351903,0.00918181818181818
130728,UBI_Only,2,193,FALSE,1,1,0.5,1,1,193,0,204,0,2214,1107,1565.53441354702,0.010037037037037
130729,UBI_Only,2,76,FALSE,1,2,0.5,1,1,76,0,47,0,3519,1759.5,2488.30876299546,0.0120666666666667
130730,UBI_Only,2,147,FALSE,1,1,0.5,1,2,147,2,134,0,2568,1284,1815.85021408705,0.0139727891156463
130731,UBI_Only,2,200,TRUE,2,"1,2",0.048694665153235,0.500685871056241,0,,2,231,1988,2417,2202.5,303.348809129029,0.019774358974359
130732,UBI_Only,2,200,TRUE,2,"1,2",0.0587719298245615,0.522959183673469,0,,2,189,2012,2548,2280,379.009234715989,0.0159540229885057
130733,UBI_Only,2,130,FALSE,1,2,0.5,1,1,130,10,116,0,1506,753,1064.90281246694,0.00649462365591398
130734,UBI_Only,2,48,FALSE,1,2,0.5,1,1,48,4,25,0,1529,764.5,1081.16626843423,0.00653333333333333
130735,UBI_Only,2,25,FALSE,1,1,0.5,1,1,25,0,14,0,1886,943,1333.60338931783,0.022
130736,UBI_Only,2,200,TRUE,2,"1,2",0.0461629279811098,0.502958579881657,0,,4,220,1922,2313,2117.5,276.47875144394,0.019018018018018
130737,UBI_Only,2,68,FALSE,1,2,0.5,1,1,68,2,35,0,2482,1241,1755.03903090501,0.0181960784313726
130738,UBI_Only,2,122,FALSE,1,2,0.5,1,1,122,4,95,0,2770,1385,1958.68578388674,0.0107479674796748
130739,UBI_Only,2,47,FALSE,1,1,0.5,1,1,47,0,17,0,2198,1099,1554.22070504803,0.009
130740,UBI_Only,2,38,FALSE,1,2,0.5,1,1,38,0,7,0,3853,1926.5,2724.48242791177,0.00366666666666667
130741,UBI_Only,2,159,FALSE,1,1,0.5,1,1,159,2,138,0,2401,1200.5,1697.7633816289,0.0072156862745098
130742,UBI_Only,2,97,FALSE,1,1,0.5,1,1,97,2,73,0,1606,803,1135.6134905856,0.0101142857142857
130743,UBI_Only,2,200,TRUE,2,"1,2",0.138312428734322,0.555555555555556,0,,2,222,1586,2799,2192.5,857.720525579282,0.0127945205479452
130744,UBI_Only,2,31,FALSE,1,1,0.5,1,1,31,0,6,0,2289,1144.5,1618.56742213601,0.004
130745,UBI_Only,2,172,FALSE,1,2,0.5,1,1,172,4,160,0,2089,1044.5,1477.1460658987,0.0159319727891156
130746,UBI_Only,2,120,FALSE,1,2,0.5,1,1,120,8,129,0,2236,1118,1581.09076273312,0.01075
130747,UBI_Only,2,37,FALSE,1,1,0.5,1,1,37,4,16,0,1951,975.5,1379.56533009495,0.00633333333333333
130748,UBI_Only,2,169,FALSE,1,1,0.5,1,1,169,2,183,0,1751,875.5,1238.14397385764,0.0102555555555556
130749,UBI_Only,2,74,FALSE,1,2,0.5,1,1,74,4,43,0,2208,1104,1561.2917728599,0.0125238095238095
130750,UBI_Only,2,98,FALSE,1,2,0.5,1,1,98,0,79,0,2830,1415,2001.11219075793,0.0115402298850575
130751,UBI_Only,2,121,FALSE,1,1,0.5,1,1,121,12,111,0,2243,1121.5,1586.04051020143,0.0150285714285714
130752,UBI_Only,2,172,FALSE,1,2,0.5,1,1,172,2,171,0,4209,2104.5,2976.21244201418,0.0133571428571429
130753,UBI_Only,2,98,FALSE,1,2,0.5,1,1,98,0,62,0,2195,1097.5,1552.09938470447,0.0103333333333333
130754,UBI_Only,2,60,FALSE,1,2,0.5,1,1,60,4,29,0,2989,1494.5,2113.54216896659,0.0165128205128205
130755,UBI_Only,2,200,TRUE,2,"1,2",0.000881057268722563,0.5,0,,12,223,2266,2274,2270,5.65685424949238,0.0106118721461187
130756,UBI_Only,2,56,FALSE,1,2,0.5,1,1,56,2,22,0,2145,1072.5,1516.74404564514,0.0164
130757,UBI_Only,2,200,TRUE,2,"1,2",0.0308390022675737,0.500685871056241,0,,0,254,2069,2341,2205,192.333044482741,0.00884848484848485
130758,UBI_Only,2,42,FALSE,1,2,0.5,1,1,42,0,9,0,3857,1928.5,2727.31085503651,0.00622222222222222
130759,UBI_Only,2,95,FALSE,1,1,0.5,1,1,95,2,67,0,2226,1113,1574.01969492125,0.0144
130760,UBI_Only,2,65,FALSE,1,1,0.5,1,1,65,6,21,0,3736,1868,2641.75093451294,0.0178039215686275
130761,UBI_Only,2,141,FALSE,1,1,0.5,1,1,141,2,135,0,4266,2133,3016.51752854181,0.00639316239316239
130762,UBI_Only,2,101,FALSE,1,1,0.455674949630625,1,1,101,2,81,198,4269,2233.5,2878.63170621044,0.0218571428571429
130763,UBI_Only,2,86,FALSE,1,2,0.5,1,1,86,0,81,0,1855,927.5,1311.68307910105,0.0141176470588235
130764,UBI_Only,2,85,FALSE,1,1,0.5,1,1,85,4,61,0,2185,1092.5,1545.02831689261,0.0160952380952381
130765,UBI_Only,2,135,FALSE,1,1,0.439564867042708,1,1,135,4,107,150,2332,1241,1542.90699654905,0.00845
130766,UBI_Only,2,95,FALSE,1,1,0.5,1,2,95,6,78,0,1595,797.5,1127.83531599254,0.00915384615384615
130767,UBI_Only,2,162,FALSE,1,2,0.5,1,1,162,4,114,0,1763,881.5,1246.62925523188,0.0121111111111111
130768,UBI_Only,2,112,FALSE,1,2,0.5,1,1,112,0,90,0,2427,1213.5,1716.14815793975,0.0100555555555556
130769,UBI_Only,2,61,FALSE,1,1,0.5,1,1,61,5,40,0,1659,829.5,1173.09014998848,0.0104
130770,UBI_Only,2,76,FALSE,1,2,0.5,1,1,76,2,32,0,2488,1244,1759.28167159213,0.0132121212121212
130771,UBI_Only,2,54,FALSE,1,2,0.422720247295209,0.847222222222222,1,54,4,28,200,2388,1294,1547.14963723617,0.00693333333333333
130772,UBI_Only,2,66,FALSE,1,2,0.5,1,1,66,2,54,0,1470,735,1039.44696834422,0.010156862745098
130773,UBI_Only,2,200,TRUE,2,"1,2",0.090137614678899,0.53360768175583,0,,0,207,1787,2573,2180,555.785930012626,0.0102513661202186
130774,UBI_Only,2,89,FALSE,1,1,0.5,1,1,89,2,92,0,4244,2122,3000.96117935571,0.0068974358974359
130775,UBI_Only,2,63,FALSE,1,1,0.5,1,1,63,2,40,0,1995,997.5,1410.67802846716,0.00833333333333333
130776,UBI_Only,2,81,FALSE,1,1,0.5,1,1,81,4,58,0,3606,1803,2549.82705295869,0.0141388888888889
130777,UBI_Only,2,69,FALSE,1,1,0.5,1,1,69,6,75,0,1927,963.5,1362.59476734648,0.0155873015873016
130778,UBI_Only,2,60,FALSE,1,2,0.5,1,1,60,2,34,0,2050,1025,1449.56890143242,0.0125333333333333
130779,UBI_Only,2,195,FALSE,1,1,0.5,1,1,195,2,190,0,1234,617,872.5697679842,0.00974285714285714
130780,UBI_Only,2,56,FALSE,1,2,0.5,1,1,56,0,14,0,3621,1810.5,2560.43365467649,0.0128484848484849
130781,UBI_Only,2,53,FALSE,1,1,0.5,1,2,53,0,27,0,3752,1876,2653.06464301193,0.0218518518518519
130782,UBI_Only,2,56,FALSE,1,2,0.5,1,1,56,0,30,0,1681,840.5,1188.64649917459,0.00973333333333333
130783,UBI_Only,2,46,FALSE,1,2,0.5,1,1,46,4,21,0,1703,851.5,1204.20284836069,0.00592592592592593
130784,UBI_Only,2,171,FALSE,1,1,0.5,1,1,171,4,157,0,2380,1190,1682.91413922398,0.0135179487179487
130785,UBI_Only,2,200,TRUE,2,"1,2",0.0193236714975846,0.511834319526627,0,,2,205,1990,2150,2070,113.137084989848,0.0176820512820513
130786,UBI_Only,2,92,FALSE,1,2,0.5,1,1,92,4,78,0,4063,2031.5,2872.97485196094,0.00785964912280702
130787,UBI_Only,2,200,TRUE,2,"1,2",0.164310148232611,0.644970414201184,0,,2,190,1472,2913,2192.5,1018.94087168982,0.0118857142857143
130788,UBI_Only,2,200,TRUE,2,"1,2",0.0533116178067319,0.510204081632653,0,,4,247,2057,2548,2302.5,347.189429562595,0.0119004975124378
130789,UBI_Only,2,179,FALSE,1,1,0.5,1,1,179,8,203,0,2001,1000.5,1414.92066915428,0.0189677419354839
130790,UBI_Only,2,200,TRUE,2,"1,2",0.00812807881773403,0.5008,0,,6,215,1997,2063,2030,46.6690475583121,0.00789285714285714
130791,UBI_Only,2,200,TRUE,2,"1,2",0.0490710382513662,0.540816326530612,0,,0,205,2063,2512,2287.5,317.49094475276,0.0117670682730924
130792,UBI_Only,2,200,TRUE,2,"1,2",0.0269406392694065,0.506172839506173,0,,8,212,2072,2308,2190,166.877200360025,0.0116041666666667
130793,UBI_Only,2,97,FALSE,1,1,0.5,1,1,97,4,62,0,1725,862.5,1219.75919754679,0.0152098765432099
130794,UBI_Only,2,64,FALSE,1,2,0.5,1,1,64,0,26,0,3262,1631,2306.58232023052,0.0247017543859649
130795,UBI_Only,2,90,FALSE,1,2,0.5,1,1,90,0,72,0,2397,1198.5,1694.93495450415,0.0105287356321839
130796,UBI_Only,2,119,FALSE,1,1,0.5,1,1,119,4,123,0,1750,875,1237.43686707646,0.0114222222222222
130797,UBI_Only,2,147,FALSE,1,1,0.5,1,1,147,2,149,0,1788,894,1264.30692476155,0.0126881720430108
130798,UBI_Only,2,200,TRUE,2,"1,2",0.0669191919191918,0.5072,0,,0,248,1715,2245,1980,374.76659402887,0.00973333333333333
130799,UBI_Only,2,37,FALSE,1,1,0.5,1,1,37,4,18,0,1248,624,882.469262920811,0.0131666666666667
130800,UBI_Only,2,131,FALSE,1,1,0.5,1,1,131,4,100,0,2395,1197.5,1693.52074094178,0.00808771929824562
130801,UBI_Only,2,121,FALSE,1,1,0.5,1,2,121,6,114,0,4355,2177.5,3079.45003206741,0.0109247311827957
130802,UBI_Only,2,125,FALSE,1,1,0.5,1,1,125,2,96,0,1751,875.5,1238.14397385764,0.00585365853658537
130803,UBI_Only,2,61,FALSE,1,1,0.5,1,1,61,4,36,0,3780,1890,2672.86363288515,0.0220444444444444
130804,UBI_Only,2,101,FALSE,1,1,0.5,1,1,101,4,68,0,1923,961.5,1359.76634022173,0.0106111111111111
130805,UBI_Only,2,200,TRUE,2,"1,2",0.0476702508960574,0.526627218934911,0,,0,255,1893,2292,2092.5,282.135605693432,0.0105915492957746
130806,UBI_Only,2,56,FALSE,1,2,0.5,1,1,56,2,20,0,4556,2278,3221.57849508591,0.00358974358974359
130807,UBI_Only,2,51,FALSE,1,1,0.419901920719248,1,1,51,4,17,196,2251,1223.5,1453.10443533836,0.0135238095238095
130808,UBI_Only,2,30,FALSE,1,2,0.5,1,1,30,0,19,0,1666,833,1178.03989745679,0.00986666666666667
130809,UBI_Only,2,83,FALSE,1,1,0.5,1,1,83,0,54,0,3643,1821.5,2575.99000386259,0.0182666666666667
130810,UBI_Only,2,200,TRUE,2,"1,2",0.076151121605667,0.502958579881657,0,,2,271,1795,2440,2117.5,456.083873865323,0.0156111111111111
130811,UBI_Only,2,41,FALSE,1,1,0.365274503199731,1,1,41,0,16,400,2569,1484.5,1533.71460839362,0.008
130812,UBI_Only,2,110,FALSE,1,2,0.5,1,1,110,2,91,0,2370,1185,1675.84307141212,0.0083859649122807
130813,UBI_Only,2,74,FALSE,1,2,0.5,1,1,74,4,25,0,3978,1989,2812.87077556009,0.0132121212121212
130814,UBI_Only,2,77,FALSE,1,1,0.5,1,1,77,4,71,0,1865,932.5,1318.75414691291,0.0172307692307692
130815,UBI_Only,2,114,FALSE,1,2,0.5,1,2,114,8,117,0,1922,961,1359.05923344054,0.0112708333333333
130816,UBI_Only,2,53,FALSE,1,1,0.5,1,1,53,0,30,0,2565,1282.5,1813.72889374349,0.00697777777777778
130817,UBI_Only,2,161,FALSE,1,1,0.5,1,1,161,8,160,0,4240,2120,2998.13275223096,0.0116904761904762
130818,UBI_Only,2,200,TRUE,2,"1,2",0.000433839479392573,0.5,0,,12,207,2303,2307,2305,2.82842712474619,0.0154705882352941
130819,UBI_Only,2,32,FALSE,1,2,0.5,1,1,32,0,6,0,3741,1870.5,2645.28646841887,0.01575
130820,UBI_Only,2,200,TRUE,2,"1,2",0.0896932515337423,0.511834319526627,0,,4,237,1672,2403,2037.5,516.895057047366,0.0109508196721311
130821,UBI_Only,2,71,FALSE,1,1,0.5,1,1,71,2,53,0,1482,741,1047.93224971846,0.00624242424242424
130822,UBI_Only,2,57,FALSE,1,1,0.436285441223319,1,1,57,0,28,200,2939,1569.5,1936.76547366995,0.0134222222222222
130823,UBI_Only,2,145,FALSE,1,1,0.5,1,1,145,4,97,0,2844,1422,2011.01168569454,0.0149848484848485
130824,UBI_Only,2,125,FALSE,1,1,0.5,1,1,125,4,131,0,2412,1206,1705.54155622195,0.0101538461538462
130825,UBI_Only,2,78,FALSE,1,2,0.5,1,1,78,3,56,0,1798,899,1271.37799257341,0.0143137254901961
130826,UBI_Only,2,66,FALSE,1,2,0.5,1,1,66,8,50,0,1721,860.5,1216.93077042205,0.00706666666666667
130827,UBI_Only,2,69,FALSE,1,1,0.5,1,1,69,3,52,0,3859,1929.5,2728.72506859889,0.0138666666666667
130828,UBI_Only,2,46,FALSE,1,2,0.5,1,1,46,3,13,0,4136,2068,2924.59364698756,0.0111333333333333
130829,UBI_Only,2,54,FALSE,1,2,0.5,1,1,54,2,37,0,3969,1984.5,2806.50681452941,0.00583333333333333
130830,UBI_Only,2,129,FALSE,1,1,0.5,1,2,129,2,116,0,1627,813.5,1150.46273299051,0.00831481481481482
130831,UBI_Only,2,54,FALSE,1,2,0.5,1,1,54,2,39,0,1557,778.5,1100.96525830745,0.0121904761904762
130832,UBI_Only,2,91,FALSE,1,1,0.5,1,2,91,4,77,0,2397,1198.5,1694.93495450415,0.00917333333333333
130833,UBI_Only,2,58,FALSE,1,2,0.5,1,1,58,2,21,0,1492,746,1055.00331753033,0.0156296296296296
130834,UBI_Only,2,55,FALSE,1,1,0.5,1,1,55,3,42,0,3709,1854.5,2622.65905142091,0.0154444444444444
130835,UBI_Only,2,78,FALSE,1,2,0.5,1,1,78,4,55,0,2010,1005,1421.28463018496,0.0131777777777778
130836,UBI_Only,2,82,FALSE,1,2,0.5,1,1,82,0,67,0,1631,815.5,1153.29116011526,0.00666666666666667
130837,UBI_Only,2,60,FALSE,1,2,0.5,1,1,60,4,36,0,1595,797.5,1127.83531599254,0.00551515151515152
130838,UBI_Only,2,124,FALSE,1,2,0.5,1,1,124,2,137,0,4034,2017,2852.46875530653,0.00817543859649123
130839,UBI_Only,2,49,FALSE,1,1,0.5,1,1,49,2,7,0,4415,2207.5,3121.87643893861,0.0072
130840,UBI_Only,2,101,FALSE,1,1,0.5,1,1,101,2,97,0,1926,963,1361.88766056529,0.0082156862745098
130841,UBI_Only,2,50,FALSE,1,2,0.5,1,1,50,0,15,0,2381,1190.5,1683.62124600517,0.00533333333333333
130842,UBI_Only,2,52,FALSE,1,2,0.5,1,2,52,0,23,0,4494,2247,3177.73787465235,0.0160444444444444
130843,UBI_Only,2,83,FALSE,1,1,0.5,1,1,83,6,76,0,1503,751.5,1062.78149212338,0.00649382716049383
130844,UBI_Only,2,52,FALSE,1,2,0.5,1,1,52,2,24,0,2123,1061.5,1501.18769645904,0.0156363636363636
130845,UBI_Only,2,130,FALSE,1,2,0.5,1,1,130,4,117,0,2528,1264,1787.56594283959,0.0126962962962963
130846,UBI_Only,2,200,TRUE,2,"1,2",0.091926182237601,0.506172839506173,0,,2,240,1769,2566,2167.5,563.564104605678,0.0124954954954955
130847,UBI_Only,2,86,FALSE,1,2,0.5,1,2,86,0,69,0,2132,1066,1507.55165748972,0.00850793650793651
130848,UBI_Only,2,91,FALSE,1,1,0.5,1,1,91,0,63,0,4220,2110,2983.99061660723,0.0176296296296296
130849,UBI_Only,2,36,FALSE,1,2,0.5,1,1,36,2,10,0,3956,1978,2797.31442637398,0.00613333333333333
130850,UBI_Only,2,61,FALSE,1,1,0.5,1,1,61,6,31,0,2072,1036,1465.12525061853,0.014
130851,UBI_Only,2,84,FALSE,1,2,0.5,1,1,84,6,76,0,4299,2149.5,3039.85205232097,0.012
130852,UBI_Only,2,55,FALSE,1,1,0.5,1,1,55,0,27,0,2261,1130.5,1598.76843226278,0.00728205128205128
130853,UBI_Only,2,148,FALSE,1,2,0.5,1,2,148,6,158,0,1994,997,1409.97092168598,0.00713725490196079
130854,UBI_Only,2,61,FALSE,1,1,0.5,1,1,61,2,33,0,3543,1771.5,2505.27932574394,0.0115
130855,UBI_Only,2,72,FALSE,1,2,0.5,1,1,72,0,64,0,4086,2043,2889.23830792823,0.0104242424242424
130856,UBI_Only,2,70,FALSE,1,2,0.5,1,1,70,0,40,0,3884,1942,2746.40273812855,0.00635897435897436
130857,UBI_Only,2,136,FALSE,1,2,0.5,1,3,136,2,128,0,4217,2108.5,2981.86929626367,0.0127906976744186
130858,UBI_Only,2,74,FALSE,1,2,0.5,1,1,74,0,38,0,3552,1776,2511.64328677462,0.0167843137254902
130859,UBI_Only,2,125,FALSE,1,1,0.5,1,1,125,4,131,0,2280,1140,1612.20346110533,0.00990740740740741
130860,UBI_Only,2,197,FALSE,1,1,0.5,1,1,197,2,232,0,2177,1088.5,1539.37146264311,0.0106285714285714
130861,UBI_Only,2,200,TRUE,2,"1,2",0.0655021834061136,0.5,0,,2,237,1990,2590,2290,424.264068711929,0.0115774647887324
130862,UBI_Only,2,88,FALSE,1,2,0.5,1,1,88,6,62,0,2012,1006,1422.69884374733,0.0125714285714286
130863,UBI_Only,2,131,FALSE,1,1,0.5,1,1,131,2,131,0,2995,1497.5,2117.78480965371,0.0192612612612613
130864,UBI_Only,2,152,FALSE,1,2,0.5,1,2,152,8,146,0,1863,931.5,1317.33993335054,0.0118367346938776
130865,UBI_Only,2,110,FALSE,1,2,0.5,1,1,110,6,114,0,1773,886.5,1253.70032304375,0.00797530864197531
130866,UBI_Only,2,137,FALSE,1,1,0.5,1,1,137,2,138,0,1751,875.5,1238.14397385764,0.00894814814814815
130867,UBI_Only,2,61,FALSE,1,1,0.5,1,1,61,2,29,0,2728,1364,1928.9872990769,0.00728205128205128
130868,UBI_Only,2,144,FALSE,1,2,0.5,1,1,144,4,149,0,4168,2084,2947.22106398553,0.00695495495495496
130869,UBI_Only,2,154,FALSE,1,2,0.5,1,2,154,4,192,0,1889,944.5,1335.72470966139,0.0122666666666667
130870,UBI_Only,2,51,FALSE,1,1,0.5,1,1,51,0,10,0,2832,1416,2002.5264043203,0.0045
130871,UBI_Only,2,200,TRUE,2,"1,2",0.116475972540046,0.517146776406036,0,,4,262,1676,2694,2185,719.834703247905,0.0148926553672316
130872,UBI_Only,2,57,FALSE,1,1,0.5,1,1,57,2,36,0,3886,1943,2747.81695169092,0.0121904761904762
130873,UBI_Only,2,60,FALSE,1,2,0.5,1,1,60,0,29,0,2292,1146,1620.68874247957,0.0202051282051282
130874,UBI_Only,2,98,FALSE,1,2,0.5,1,1,98,2,76,0,1930,965,1364.71608769004,0.0109382716049383
130875,UBI_Only,2,196,FALSE,1,2,0.5,1,1,196,6,233,0,4248,2124,3003.78960648045,0.0118208955223881
130876,UBI_Only,2,200,TRUE,2,"1,2",0.0801742919389978,0.510204081632653,0,,1,198,1927,2663,2295,520.430590953299,0.0103908045977011
130877,UBI_Only,2,59,FALSE,1,1,0.5,1,1,59,0,35,0,2179,1089.5,1540.78567620549,0.00523076923076923
130878,UBI_Only,2,112,FALSE,1,2,0.5,1,1,112,5,103,0,2418,1209,1709.78419690907,0.00706666666666667
130879,UBI_Only,2,105,FALSE,1,1,0.5,1,1,105,4,81,0,1943,971.5,1373.90847584546,0.012
130880,UBI_Only,2,103,FALSE,1,1,0.5,1,1,103,2,103,0,2108,1054,1490.58109474124,0.00677083333333333
130881,UBI_Only,2,200,TRUE,2,"1,2",0.0307966706302021,0.511834319526627,0,,2,243,1973,2232,2102.5,183.140656327316,0.012656862745098
130882,UBI_Only,2,70,FALSE,1,2,0.5,1,1,70,2,49,0,3707,1853.5,2621.24483785853,0.0174545454545455
130883,UBI_Only,2,200,TRUE,2,"1,2",0.0559566787003609,0.511834319526627,0,,2,210,1845,2310,2077.5,328.804653251745,0.00908212560386473
130884,UBI_Only,2,200,TRUE,2,"1,2",0.00127758420441348,0.506172839506173,0,,10,242,2147,2158,2152.5,7.77817459305202,0.0108
130885,UBI_Only,2,200,TRUE,2,"1,2",0.0394678492239469,0.5,0,,10,230,2077,2433,2255,251.730014102411,0.0103760683760684
130886,UBI_Only,2,200,TRUE,2,"1,2",0.0058682634730538,0.5072,0,,6,271,2063,2112,2087.5,34.6482322781408,0.0118684210526316
130887,UBI_Only,2,82,FALSE,1,2,0.5,1,1,82,2,53,0,2302,1151,1627.75981029143,0.00989473684210526
130888,UBI_Only,2,200,TRUE,2,"1,2",0.165868263473054,0.606508875739645,0,,0,188,1395,2780,2087.5,979.342891943368,0.0111666666666667
130889,UBI_Only,2,90,FALSE,1,2,0.5,1,1,90,6,65,0,4256,2128,3009.44646072995,0.00675555555555556
130890,UBI_Only,2,200,TRUE,2,"1,2",0.0917189460476788,0.5392,0,,4,256,1627,2358,1992.5,516.895057047366,0.00786497890295359
130891,UBI_Only,2,107,FALSE,1,1,0.5,1,2,107,1,121,0,2493,1246.5,1762.81720549806,0.00823529411764706
130892,UBI_Only,2,46,FALSE,1,2,0.5,1,1,46,2,34,0,1600,800,1131.37084989848,0.00516666666666667
130893,UBI_Only,2,84,FALSE,1,2,0.5,1,1,84,4,90,0,1600,800,1131.37084989848,0.00794871794871795
130894,UBI_Only,2,200,TRUE,2,"1,2",0.0650574712643679,0.53360768175583,0,,2,260,1892,2458,2175,400.222438151586,0.00990476190476191
130895,UBI_Only,2,96,FALSE,1,2,0.5,1,1,96,6,73,0,3879,1939.5,2742.86720422262,0.01656
130896,UBI_Only,2,91,FALSE,1,1,0.5,1,1,91,5,69,0,3920,1960,2771.85858225127,0.0189333333333333
130897,UBI_Only,2,89,FALSE,1,1,0.5,1,1,89,2,59,0,2236,1118,1581.09076273312,0.0109206349206349
130898,UBI_Only,2,107,FALSE,1,1,0.5,1,1,107,6,92,0,1860,930,1315.21861300698,0.00864102564102564
130899,UBI_Only,2,60,FALSE,1,2,0.5,1,1,60,0,25,0,3979,1989.5,2813.57788234127,0.0152380952380952
130900,UBI_Only,2,53,FALSE,1,1,0.5,1,1,53,4,42,0,3964,1982,2802.97128062347,0.0109333333333333
130901,UBI_Only,2,200,TRUE,2,"1,2",0.0557235421166307,0.502551020408163,0,,6,242,2057,2573,2315,364.867099092259,0.0131010101010101
130902,UBI_Only,2,200,TRUE,2,"1,2",0.0589928057553957,0.511834319526627,0,,2,212,1839,2331,2085,347.896536343781,0.0154025974025974
130903,UBI_Only,2,137,FALSE,1,1,0.5,1,1,137,4,119,0,4043,2021.5,2858.83271633721,0.0123472222222222
130904,UBI_Only,2,93,FALSE,1,1,0.5,1,1,93,10,75,0,2150,1075,1520.27957955108,0.0134871794871795
130905,UBI_Only,2,75,FALSE,1,1,0.5,1,1,75,2,54,0,3951,1975.5,2793.77889246805,0.0123733333333333
130906,UBI_Only,2,107,FALSE,1,1,0.5,1,1,107,8,118,0,4093,2046.5,2894.18805539654,0.0219298245614035
130907,UBI_Only,2,40,FALSE,1,2,0.5,1,1,40,4,18,0,1271,635.5,898.732718888102,0.008
130908,UBI_Only,2,47,FALSE,1,1,0.5,1,1,47,0,21,0,2126,1063,1503.3090168026,0.0057037037037037
130909,UBI_Only,2,87,FALSE,1,1,0.5,1,1,87,4,81,0,1999,999.5,1413.50645559191,0.0134814814814815
130910,UBI_Only,2,68,FALSE,1,2,0.5,1,1,68,2,35,0,2220,1110,1569.77705423414,0.00964705882352941
130911,UBI_Only,2,173,FALSE,1,1,0.5,1,1,173,4,194,0,2227,1113.5,1574.72680170244,0.00983030303030303
130912,UBI_Only,2,43,FALSE,1,1,0.5,1,1,43,2,17,0,2044,1022,1445.3262607453,0.00903703703703704
130913,UBI_Only,2,71,FALSE,1,1,0.5,1,1,71,4,28,0,4380,2190,3097.12770159708,0.0216
130914,UBI_Only,2,185,FALSE,1,1,0.5,1,1,185,16,199,0,2132,1066,1507.55165748972,0.0113111111111111
130915,UBI_Only,2,35,FALSE,1,1,0.5,1,1,35,2,5,0,2693,1346.5,1904.23856173537,0.00293333333333333
130916,UBI_Only,2,200,TRUE,2,"1,2",0.0922374429223744,0.53360768175583,0,,6,243,1786,2594,2190,571.34227919873,0.00889473684210526
130917,UBI_Only,2,200,TRUE,2,"1,2",0.0587765957446809,0.503472222222222,0,,8,262,1659,2101,1880,312.541197284454,0.008337899543379
130918,UBI_Only,2,44,FALSE,1,2,0.5,1,1,44,0,16,0,3368,1684,2381.53563903629,0.0291851851851852
130919,UBI_Only,2,86,FALSE,1,2,0.5,1,1,86,2,58,0,3893,1946.5,2752.76669915923,0.0133333333333333
130920,UBI_Only,2,64,FALSE,1,2,0.450775289195176,1,1,64,0,33,200,3863,2031.5,2590.13213948632,0.026974358974359
130921,UBI_Only,2,70,FALSE,1,2,0.5,1,1,70,2,48,0,1485,742.5,1050.05357006202,0.0139393939393939
130922,UBI_Only,2,200,TRUE,2,"1,2",0.0675925925925927,0.500685871056241,0,,4,236,1868,2452,2160,412.950360212944,0.0118333333333333
130923,UBI_Only,2,168,FALSE,1,2,0.5,1,1,168,4,194,0,2311,1155.5,1634.12377132211,0.0107575757575758
130924,UBI_Only,2,200,TRUE,2,"1,2",0.0555312157721797,0.522959183673469,0,,4,249,2029,2536,2282.5,358.50313806158,0.01176
130925,UBI_Only,2,59,FALSE,1,1,0.408256880733945,1,1,59,4,27,200,1980,1090,1258.65007051205,0.018
130926,UBI_Only,2,166,FALSE,1,2,0.5,1,1,166,0,183,0,2294,1147,1622.10295604194,0.0120133333333333
130927,UBI_Only,2,200,TRUE,2,"1,2",0.012808988764045,0.506172839506173,0,,10,272,2168,2282,2225,80.6101730552664,0.0107692307692308
130928,UBI_Only,2,113,FALSE,1,1,0.5,1,1,113,2,90,0,3655,1827.5,2584.47528523683,0.00744086021505376
130929,UBI_Only,2,126,FALSE,1,2,0.5,1,1,126,2,109,0,1617,808.5,1143.39166517865,0.0127906976744186
130930,UBI_Only,2,200,TRUE,2,"1,2",0.0441964285714285,0.506172839506173,0,,4,259,2042,2438,2240,280.014285349873,0.0102844444444444
130931,UBI_Only,2,45,FALSE,1,1,0.5,1,2,45,2,12,0,2381,1190.5,1683.62124600517,0.0052
130932,UBI_Only,2,200,TRUE,2,"1,2",0.0450171821305843,0.500685871056241,0,,0,249,1986,2379,2182.5,277.892965006313,0.0130687830687831
130933,UBI_Only,2,66,FALSE,1,2,0.5,1,1,66,2,42,0,2445,1222.5,1728.87608000111,0.013
130934,UBI_Only,2,66,FALSE,1,2,0.5,1,1,66,0,41,0,1894,947,1339.26024356732,0.00929824561403509
130935,UBI_Only,2,51,FALSE,1,1,0.5,1,1,51,0,33,0,2410,1205,1704.12734265958,0.0105333333333333
130936,UBI_Only,2,98,FALSE,1,2,0.5,1,1,98,2,95,0,2310,1155,1633.41666454092,0.00733333333333333
130937,UBI_Only,2,65,FALSE,1,1,0.5,1,1,65,2,47,0,2157,1078.5,1525.22932701938,0.0130793650793651
130938,UBI_Only,2,71,FALSE,1,1,0.5,1,1,71,0,54,0,2474,1237,1749.38217665552,0.008
130939,UBI_Only,2,69,FALSE,1,1,0.408883826879271,0.847222222222222,1,69,4,55,200,1995,1097.5,1269.25667222985,0.0105333333333333
130940,UBI_Only,2,33,FALSE,1,1,0.5,1,1,33,2,8,0,1809,904.5,1279.15616716646,0.0101666666666667
130941,UBI_Only,2,61,FALSE,1,1,0.5,1,1,61,0,24,0,3678,1839,2600.73874120412,0.0171481481481481
130942,UBI_Only,2,200,TRUE,2,"1,2",0.0951807228915662,0.522959183673469,0,,4,212,1848,2717,2282.5,614.47579285111,0.0169080459770115
130943,UBI_Only,2,200,TRUE,2,"1,2",0.0279821627647714,0.502551020408163,0,,2,237,2117,2368,2242.5,177.483802077823,0.0120218579234973
130944,UBI_Only,2,200,TRUE,2,"1,2",0.0488425925925926,0.500685871056241,0,,2,262,1949,2371,2160,298.399061660723,0.0101220657276995
130945,UBI_Only,2,180,FALSE,1,2,0.5,1,1,180,0,172,0,2529,1264.5,1788.27304962078,0.00848756218905473
130946,UBI_Only,2,200,TRUE,2,"1,2",0.0443499392466586,0.526627218934911,0,,10,264,1875,2240,2057.5,258.09397513309,0.0140650406504065
130947,UBI_Only,2,196,FALSE,1,2,0.5,1,1,196,2,214,0,1572,786,1111.57186002525,0.0163157894736842
130948,UBI_Only,2,112,FALSE,1,2,0.5,1,1,112,4,104,0,2301,1150.5,1627.05270351025,0.0113148148148148
130949,UBI_Only,2,155,FALSE,1,1,0.5,1,1,155,4,121,0,2566,1283,1814.43600052468,0.0127074829931973
130950,UBI_Only,2,143,FALSE,1,1,0.5,1,1,143,6,120,0,4114,2057,2909.03729780146,0.0110634920634921
130951,UBI_Only,2,159,FALSE,1,1,0.5,1,1,159,8,197,0,4055,2027.5,2867.31799771145,0.0116231884057971
130952,UBI_Only,2,200,TRUE,2,"1,2",0.0107456140350877,0.510204081632653,0,,2,257,2231,2329,2280,69.2964645562817,0.00994029850746269
130953,UBI_Only,2,72,FALSE,1,2,0.450544015825915,1,1,72,6,33,200,3844,2022,2576.69711064378,0.0168333333333333
130954,UBI_Only,2,200,TRUE,2,"1,2",0.00927835051546388,0.500685871056241,0,,12,221,2142,2223,2182.5,57.2756492761104,0.0116666666666667
130955,UBI_Only,2,90,FALSE,1,2,0.5,1,1,90,10,74,0,1841,920.5,1301.78358416443,0.0104102564102564
130956,UBI_Only,2,38,FALSE,1,2,0.5,1,1,38,0,9,0,3867,1933.5,2734.38192284838,0.0114074074074074
130957,UBI_Only,2,47,FALSE,1,1,0.5,1,1,47,1,13,0,2087,1043.5,1475.73185233632,0.00651851851851852
