seed,scenario,n_players,game_length,terminated_by_cap,n_winners,winner_ids,gini_final,hhi_final,n_bankruptcies,first_bankruptcy_turn,social_mobility,capital_formation,wealth_min,wealth_max,wealth_mean,wealth_sd,rent_burden_mean
248955,Baseline,4,200,TRUE,3,"1,3,4",0.352054912795718,0.347222222222222,1,161,6,84,0,2581,1447.75,1082.36819828867,0.0146456140350877
248956,Baseline,4,200,TRUE,2,"2,4",0.594814140889004,0.625,3,130,9,116,0,2653,961.75,1260.18421272447,0.00893851132686084
248957,Baseline,4,97,FALSE,1,4,0.75,1,3,70,5,44,0,5268,1317,2634,0.00771666666666667
248958,Baseline,4,200,TRUE,4,"1,2,3,4",0.258597603946441,0.283163265306122,0,,12,100,758,3116,1773.75,986.880058568416,0.00926666666666667
248959,Baseline,4,187,FALSE,1,3,0.75,1,3,105,15,105,0,6576,1644,3288,0.0112
248960,Baseline,4,197,FALSE,1,3,0.75,1,3,87,8,125,0,4321,1080.25,2160.5,0.010168776371308
248961,Baseline,4,137,FALSE,1,3,0.75,1,3,108,14,60,0,3005,751.25,1502.5,0.00976666666666667
248962,Baseline,4,200,TRUE,2,"1,4",0.505007704160247,0.505,3,97,8,118,0,1655,811.25,937.126592302235,0.0110087719298246
248963,Baseline,4,200,TRUE,2,"2,3",0.500387396694215,0.5008,2,96,6,140,0,1939,968,1117.75280511092,0.00778600823045268
248964,Baseline,4,200,TRUE,3,"1,3,4",0.34692513368984,0.377551020408163,1,149,2,117,0,2415,1309,992.898450665189,0.00881786941580756
248965,Baseline,4,113,FALSE,1,3,0.75,1,3,69,13,60,0,3199,799.75,1599.5,0.0115833333333333
248966,Baseline,4,156,FALSE,1,3,0.75,1,3,116,10,48,0,1008,252,504,0.0082716049382716
248967,Baseline,4,137,FALSE,1,2,0.75,1,3,110,16,48,0,4987,1246.75,2493.5,0.0116393442622951
248968,Baseline,4,102,FALSE,1,4,0.75,1,3,78,7,62,0,4078,1019.5,2039,0.00744186046511628
248969,Baseline,4,200,TRUE,2,"1,2",0.504161882893226,0.500945179584121,3,107,10,82,0,1771,871,1006.02286256327,0.0132156862745098
248970,Baseline,4,179,FALSE,1,2,0.75,1,3,103,14,102,0,4203,1050.75,2101.5,0.00991228070175439
248971,Baseline,4,183,FALSE,1,2,0.75,1,3,116,10,129,0,3653,913.25,1826.5,0.00810810810810811
248972,Baseline,4,200,TRUE,3,"1,3,4",0.290328035170781,0.366255144032922,1,105,20,99,0,2264,1478.5,1007.63501990221,0.00975925925925926
248973,Baseline,4,189,FALSE,1,4,0.75,1,3,137,14,101,0,3940,985,1970,0.0146666666666667
248974,Baseline,4,200,TRUE,3,"1,3,4",0.459035222052068,0.420918367346939,1,129,4,145,0,2555,1142.75,1095.69380607297,0.0102904290429043
248975,Baseline,4,200,TRUE,3,"1,3,4",0.324482150727193,0.358024691358025,1,117,4,128,0,1773,1134.5,812.568150987965,0.00850825082508251
248976,Baseline,4,200,TRUE,3,"2,3,4",0.338700772911299,0.395408163265306,1,88,18,81,0,2147,1358.5,1008.93095237814,0.00904444444444445
248977,Baseline,4,130,FALSE,1,4,0.75,1,3,96,10,57,0,1718,429.5,859,0.00802614379084967
248978,Baseline,4,193,FALSE,1,2,0.721647292316416,1,4,63,8,122,0,3327,881.75,1632.89076487069,0.00785833333333333
248979,Baseline,4,180,FALSE,1,2,0.720682302771855,0.916824196597354,4,82,2,95,0,3532,938,1732.44028276109,0.0127671232876712
248980,Baseline,4,200,TRUE,3,"1,3,4",0.39047619047619,0.336805555555556,1,185,12,82,0,2572,1312.5,1068.88243818797,0.00841025641025641
248981,Baseline,4,156,FALSE,1,2,0.75,1,3,79,12,78,0,3693,923.25,1846.5,0.00985388127853881
248982,Baseline,4,200,TRUE,3,"1,2,3",0.341439688715953,0.351473922902494,1,195,10,104,0,1449,835.25,611.607376781325,0.00975375375375375
248983,Baseline,4,200,TRUE,2,"1,3",0.589325564096206,0.5648,2,101,18,119,0,2757,1008.25,1305.46450864561,0.00908235294117647
248984,Baseline,4,200,TRUE,2,"1,3",0.51401179941003,0.516528925619835,2,73,12,75,0,1790,847.5,981.677985220544,0.0111666666666667
248985,Baseline,4,200,TRUE,3,"1,3,4",0.32162346521146,0.340236686390533,1,141,4,99,0,1715,1099.5,782.400792433137,0.00849462365591398
248986,Baseline,4,200,TRUE,3,"2,3,4",0.364514285714286,0.375739644970414,1,60,2,137,0,1924,1093.75,837.564873109341,0.00751815181518152
248987,Baseline,4,79,FALSE,1,4,0.75,1,3,54,10,22,0,2262,565.5,1131,0.00946666666666667
248988,Baseline,4,110,FALSE,1,4,0.75,1,3,97,8,49,0,4300,1075,2150,0.0265438596491228
248989,Baseline,4,135,FALSE,1,1,0.693438914027149,1,3,82,6,86,0,1568,442,756.56416339484,0.0171805555555556
248990,Baseline,4,126,FALSE,1,1,0.75,1,3,87,10,46,0,1226,306.5,613,0.0165116279069767
248991,Baseline,4,191,FALSE,1,4,0.75,1,3,132,10,77,0,3267,816.75,1633.5,0.0125205479452055
248992,Baseline,4,186,FALSE,1,2,0.75,1,3,74,12,110,0,3553,888.25,1776.5,0.00943859649122807
248993,Baseline,4,127,FALSE,1,2,0.75,1,3,103,18,38,0,3205,801.25,1602.5,0.012843537414966
248994,Baseline,4,158,FALSE,1,3,0.75,1,3,109,11,78,0,4032,1008,2016,0.00737254901960784
248995,Baseline,4,163,FALSE,1,3,0.75,1,3,81,6,72,0,1676,419,838,0.010989898989899
248996,Baseline,4,143,FALSE,1,4,0.75,1,3,82,10,43,0,4146,1036.5,2073,0.0107322404371585
248997,Baseline,4,122,FALSE,1,4,0.75,1,4,85,12,70,0,3386,846.5,1693,0.010562962962963
248998,Baseline,4,200,TRUE,2,"1,3",0.646823556689079,0.7312,2,141,14,105,0,3423,1078.25,1618.49073213287,0.00985840707964602
248999,Baseline,4,200,TRUE,2,"2,3",0.509080962800875,0.52,2,107,12,98,0,1184,571.25,660.492429933909,0.00912941176470588
249000,Baseline,4,180,FALSE,1,1,0.610421545667447,0.847222222222222,3,145,8,89,0,1737,533.75,807.633735055687,0.00835341365461848
249001,Baseline,4,184,FALSE,1,3,0.75,1,3,95,17,121,0,1397,349.25,698.5,0.012289156626506
249002,Baseline,4,120,FALSE,1,4,0.75,1,3,80,8,25,0,2479,619.75,1239.5,0.00769333333333333
249003,Baseline,4,200,TRUE,2,"2,4",0.626693766937669,0.582990397805213,2,120,18,151,0,3336,1107,1572.63727540714,0.00833716475095785
249004,Baseline,4,200,TRUE,2,"1,4",0.545248558088437,0.508506616257089,2,61,4,196,0,2150,910.25,1084.95172703674,0.00810833333333333
249005,Baseline,4,155,FALSE,1,1,0.75,1,3,65,13,43,0,3162,790.5,1581,0.00894666666666667
249006,Baseline,4,200,TRUE,4,"1,2,3,4",0.214896551724138,0.283163265306122,0,,10,106,1219,3185,1812.5,930.089063835645,0.00803030303030303
249007,Baseline,4,200,TRUE,4,"1,2,3,4",0.295338737695426,0.272959183673469,0,,0,56,1053,4399,2158.75,1516.38086134937,0.0143055555555556
249008,Baseline,4,200,TRUE,2,"1,3",0.563113413304253,0.502222222222222,2,175,6,96,0,2297,917,1124.32112850377,0.00933950617283951
249009,Baseline,4,137,FALSE,1,3,0.75,1,3,48,11,92,0,1835,458.75,917.5,0.0144477611940299
249010,Baseline,4,189,FALSE,1,4,0.75,1,3,98,14,73,0,5262,1315.5,2631,0.0132235294117647
249011,Baseline,4,187,FALSE,1,4,0.75,1,3,54,19,102,0,1683,420.75,841.5,0.00918681318681319
249012,Baseline,4,151,FALSE,1,4,0.75,1,3,65,10,85,0,2644,661,1322,0.0126354166666667
249013,Baseline,4,200,TRUE,2,"2,3",0.509201141226819,0.5,2,103,6,87,0,1817,876.25,1013.1759883324,0.0103868312757202
249014,Baseline,4,200,TRUE,4,"1,2,3,4",0.214949201741655,0.281207133058985,0,,6,100,740,2687,1722.5,795.649210812571,0.0076
249015,Baseline,4,135,FALSE,1,2,0.75,1,3,84,8,63,0,3337,834.25,1668.5,0.00858024691358025
249016,Baseline,4,163,FALSE,1,3,0.75,1,3,61,11,75,0,3160,790,1580,0.00826190476190476
249017,Baseline,4,200,TRUE,2,"1,4",0.626302797586396,0.691609977324263,4,97,4,118,0,2744,911.5,1293.54950942487,0.00983157894736842
249018,Baseline,4,149,FALSE,1,3,0.75,1,3,85,10,90,0,2847,711.75,1423.5,0.0106464646464646
249019,Baseline,4,200,TRUE,2,"2,4",0.590316205533597,0.931122448979592,2,132,15,128,0,4305,1581.25,2050.36734513599,0.0185942028985507
249020,Baseline,4,140,FALSE,1,4,0.700347567030785,1,3,80,4,80,0,1814,503.5,878.739058727523,0.00805633802816901
249021,Baseline,4,150,FALSE,1,4,0.75,1,3,113,12,64,0,1566,391.5,783,0.00919791666666667
249022,Baseline,4,200,TRUE,3,"1,3,4",0.413809360534888,0.336805555555556,1,149,11,63,0,2992,1458.25,1253.29602116446,0.0102698412698413
249023,Baseline,4,200,TRUE,2,"3,4",0.611815596112823,0.689349112426036,2,116,12,113,0,3053,1054.75,1441.10776256786,0.00769122807017544
249024,Baseline,4,123,FALSE,1,1,0.75,1,3,97,12,74,0,3963,990.75,1981.5,0.00934848484848485
249025,Baseline,4,200,TRUE,4,"1,2,3,4",0.194075403949731,0.267857142857143,0,,6,73,802,2181,1392.5,579.513876739232,0.00975077881619938
249026,Baseline,4,200,TRUE,3,"1,2,3",0.29237668161435,0.344307270233196,1,83,11,104,0,1689,1115,759.416881561109,0.011766323024055
249027,Baseline,4,200,TRUE,2,"2,4",0.484155396446566,0.504132231404959,2,86,10,114,0,1966,942.75,987.601598149105,0.0128792270531401
249028,Baseline,4,98,FALSE,1,4,0.75,1,3,44,8,56,0,901,225.25,450.5,0.00745454545454546
249029,Baseline,4,149,FALSE,1,2,0.75,1,5,56,8,66,0,3380,845,1690,0.010169696969697
249030,Baseline,4,173,FALSE,1,4,0.75,1,3,94,15,35,0,1253,313.25,626.5,0.0133650793650794
249031,Baseline,4,200,TRUE,3,"1,3,4",0.355961070559611,0.3648393194707,1,165,12,89,0,1869,1027.5,777.000429000311,0.0104853801169591
249032,Baseline,4,188,FALSE,1,1,0.75,1,3,155,14,87,0,4793,1198.25,2396.5,0.0125808580858086
249033,Baseline,4,162,FALSE,1,3,0.75,1,3,81,10,95,0,773,193.25,386.5,0.0144155844155844
249034,Baseline,4,189,FALSE,1,1,0.75,1,3,125,12,78,0,1324,331,662,0.0105882352941176
249035,Baseline,4,200,TRUE,4,"1,2,3,4",0.218865979381443,0.280612244897959,0,,5,95,1026,3106,1818.75,897.413087713791,0.00866101694915254
249036,Baseline,4,200,TRUE,2,"1,3",0.515374491505145,0.5,2,103,6,113,0,2218,1044.75,1210.92729619357,0.00726086956521739
249037,Baseline,4,200,TRUE,2,"3,4",0.586935166994106,0.603305785123967,2,92,8,95,0,2401,890.75,1146.19700895323,0.00955805243445693
249038,Baseline,4,120,FALSE,1,1,0.75,1,4,105,8,62,0,1447,361.75,723.5,0.00981560283687943
249039,Baseline,4,200,TRUE,3,"1,3,4",0.321988356471115,0.36094674556213,1,145,6,69,0,1910,1116.5,801.794030076719,0.0082970297029703
249040,Baseline,4,98,FALSE,1,2,0.75,1,3,50,5,45,0,3660,915,1830,0.00905185185185185
249041,Baseline,4,172,FALSE,1,1,0.75,1,3,113,10,51,0,1821,455.25,910.5,0.0108555555555556
249042,Baseline,4,80,FALSE,1,3,0.75,1,4,59,8,19,0,3767,941.75,1883.5,0.0192820512820513
249043,Baseline,4,200,TRUE,2,"2,3",0.560151036178433,0.5078125,2,167,12,96,0,1766,711.75,868.133006322572,0.00884782608695652
249044,Baseline,4,168,FALSE,1,1,0.75,1,3,77,8,88,0,1512,378,756,0.00891954022988506
249045,Baseline,4,132,FALSE,1,4,0.75,1,3,69,7,60,0,1781,445.25,890.5,0.0111578947368421
249046,Baseline,4,157,FALSE,1,2,0.690213523131673,1,5,76,16,67,0,1237,351.25,595.787084452156,0.0131717171717172
249047,Baseline,4,200,TRUE,4,"1,2,3,4",0.0775412087912089,0.283163265306122,0,,14,99,1547,2212,1820,299.921100735955,0.00947663551401869
249048,Baseline,4,200,TRUE,3,"1,2,3",0.455781378742104,0.512755102040816,1,135,6,109,0,3736,1820.5,1744.15070067545,0.0101263157894737
249049,Baseline,4,200,TRUE,3,"2,3,4",0.28536533559898,0.339285714285714,1,72,9,124,0,1700,1177,797.967000153097,0.0105035460992908
249050,Baseline,4,125,FALSE,1,3,0.686655405405405,1,3,67,9,60,0,1034,296,497.055328912185,0.00813953488372093
249051,Baseline,4,186,FALSE,1,1,0.745709995709996,1,6,79,4,134,0,2311,582.75,1152.20524068703,0.0109111111111111
249052,Baseline,4,200,TRUE,3,"1,2,3",0.375434116445352,0.377551020408163,1,115,8,65,0,2262,1223.75,957.835189372368,0.0105017921146953
249053,Baseline,4,128,FALSE,1,4,0.75,1,3,64,10,65,0,3816,954,1908,0.0113181818181818
249054,Baseline,4,200,TRUE,4,"1,2,3,4",0.15172131147541,0.298469387755102,0,,7,93,877,2016,1525,487.825788576209,0.0102064896755162
249055,Baseline,4,200,TRUE,3,"1,2,3",0.288835978835979,0.334183673469388,1,155,10,86,0,1761,1181.25,801.633904389446,0.00880833333333333
249056,Baseline,4,200,TRUE,4,"1,2,3,4",0.135862785862786,0.272959183673469,0,,6,72,800,1507,1202.5,356.395379693209,0.00815902140672783
249057,Baseline,4,200,TRUE,4,"1,2,3,4",0.140386624869383,0.278061224489796,0,,18,123,599,1492,1196.25,404.004434794141,0.0113956386292835
249058,Baseline,4,142,FALSE,1,1,0.75,1,3,115,14,89,0,2438,609.5,1219,0.00967123287671233
249059,Baseline,4,122,FALSE,1,3,0.75,1,3,92,13,57,0,1504,376,752,0.0121830065359477
249060,Baseline,4,200,TRUE,3,"1,3,4",0.355889857537742,0.35969387755102,1,65,2,137,0,2115,1175.75,885.775507676748,0.0104791666666667
249061,Baseline,4,189,FALSE,1,1,0.75,1,3,137,8,114,0,756,189,378,0.0142526315789474
249062,Baseline,4,146,FALSE,1,2,0.75,1,3,124,9,51,0,4218,1054.5,2109,0.0122873563218391
249063,Baseline,4,184,FALSE,1,2,0.75,1,3,71,14,98,0,2475,618.75,1237.5,0.00839153439153439
249064,Baseline,4,200,TRUE,4,"1,2,3,4",0.140340909090909,0.262755102040816,0,,8,86,1100,2179,1540,464.091226664184,0.00967878787878788
249065,Baseline,4,133,FALSE,1,1,0.75,1,3,93,9,42,0,2031,507.75,1015.5,0.0113188405797101
249066,Baseline,4,200,TRUE,4,"1,2,3,4",0.163765182186235,0.262755102040816,0,,16,118,630,1697,1235,443.586143456563,0.00986111111111111
249067,Baseline,4,200,TRUE,4,"1,2,3,4",0.0809203722854188,0.25765306122449,0,,12,109,855,1355,1208.75,238.165733611422,0.00958823529411765
249068,Baseline,4,200,TRUE,2,"3,4",0.521553610503282,0.515570934256055,2,129,14,60,0,2482,1142.5,1329.01504882375,0.0165185185185185
249069,Baseline,4,200,TRUE,2,"1,4",0.589819700967458,0.591836734693878,3,86,7,148,0,3091,1137,1472.64546536723,0.0108571428571429
249070,Baseline,4,114,FALSE,1,4,0.75,1,4,74,11,77,0,3430,857.5,1715,0.0142814814814815
249071,Baseline,4,134,FALSE,1,3,0.75,1,3,76,4,66,0,1966,491.5,983,0.0122631578947368
249072,Baseline,4,200,TRUE,3,"1,3,4",0.352104061327679,0.410150891632373,1,113,4,69,0,2488,1532.75,1171.06771082347,0.0120286738351254
249073,Baseline,4,200,TRUE,4,"1,2,3,4",0.120913461538462,0.267857142857143,0,,6,79,1228,2129,1560,412.989911095497,0.00904575163398693
249074,Baseline,4,142,FALSE,1,2,0.75,1,3,106,10,57,0,3929,982.25,1964.5,0.00910382513661202
249075,Baseline,4,147,FALSE,1,4,0.75,1,3,68,12,51,0,3303,825.75,1651.5,0.0111111111111111
249076,Baseline,4,136,FALSE,1,3,0.687655860349127,0.82,3,88,16,73,0,1404,401,675.280682383259,0.00790666666666667
249077,Baseline,4,200,TRUE,4,"1,2,3,4",0.168905742145179,0.288265306122449,0,,21,74,1395,3230,2307.5,806.410358729764,0.0112538226299694
249078,Baseline,4,200,TRUE,4,"1,2,3,4",0.152402826855124,0.283163265306122,0,,3,78,1341,2656,1768.75,617.377450727403,0.00879761904761905
249079,Baseline,4,200,TRUE,3,"1,3,4",0.311656829679595,0.336734693877551,1,85,5,91,0,1825,1186,828.830903542253,0.0098015873015873
249080,Baseline,4,143,FALSE,1,4,0.75,1,3,89,14,96,0,3589,897.25,1794.5,0.00762962962962963
249081,Baseline,4,164,FALSE,1,4,0.75,1,3,113,4,46,0,5146,1286.5,2573,0.0121181434599156
249082,Baseline,4,111,FALSE,1,1,0.75,1,3,82,6,35,0,3643,910.75,1821.5,0.010162962962963
249083,Baseline,4,200,TRUE,2,"3,4",0.55952380952381,0.547337278106509,2,76,7,134,0,2652,1071,1304.90919224289,0.00934108527131783
249084,Baseline,4,200,TRUE,4,"1,2,3,4",0.215234375,0.25765306122449,0,,16,57,1057,2861,1600,846.076040711866,0.00870588235294118
249085,Baseline,4,142,FALSE,1,3,0.75,1,3,76,14,106,0,4437,1109.25,2218.5,0.0108444444444444
249086,Baseline,4,130,FALSE,1,4,0.712935507783543,1,3,72,8,55,0,2498,674.5,1219.31715863156,0.00962962962962963
249087,Baseline,4,200,TRUE,2,"1,4",0.492209194692996,0.56786703601108,2,158,10,123,0,1766,810.25,849.900533395918,0.0150544217687075
249088,Baseline,4,200,TRUE,4,"1,2,3,4",0.20660091047041,0.255102040816327,0,,8,67,1096,2819,1647.5,797.314032653801,0.01322
249089,Baseline,4,117,FALSE,1,4,0.75,1,3,74,10,50,0,3044,761,1522,0.0111914893617021
249090,Baseline,4,129,FALSE,1,4,0.75,1,3,106,10,50,0,4118,1029.5,2059,0.00919047619047619
249091,Baseline,4,200,TRUE,3,"1,3,4",0.303897014626327,0.337278106508876,1,149,14,72,0,2018,1247.75,868.764016673496,0.0121391941391941
249092,Baseline,4,115,FALSE,1,4,0.75,1,4,64,11,28,0,1208,302,604,0.0106495726495727
249093,Baseline,4,143,FALSE,1,4,0.75,1,3,85,12,76,0,980,245,490,0.0100438596491228
249094,Baseline,4,161,FALSE,1,4,0.75,1,3,76,17,79,0,2847,711.75,1423.5,0.0102291666666667
249095,Baseline,4,200,TRUE,3,"1,3,4",0.339116976213751,0.346153846153846,1,149,16,55,0,2480,1534.5,1127.62567666166,0.0193080168776371
249096,Baseline,4,182,FALSE,1,4,0.75,1,3,97,14,89,0,2919,729.75,1459.5,0.00734136546184739
249097,Baseline,4,200,TRUE,2,"3,4",0.517539267015707,0.501385041551246,3,61,14,134,0,1533,716.25,831.115064235994,0.0134901960784314
249098,Baseline,4,200,TRUE,2,"2,4",0.512890341321714,0.511834319526627,2,80,6,143,0,2172,1032.75,1195.68317291831,0.00894372294372294
249099,Baseline,4,200,TRUE,2,"1,4",0.517733172351343,0.528344671201814,2,129,15,102,0,1774,828.25,961.180654195662,0.0123106060606061
249100,Baseline,4,200,TRUE,3,"1,2,4",0.30752539242844,0.35969387755102,1,134,12,62,0,2179,1353.75,941.810446250554,0.0110714285714286
249101,Baseline,4,200,TRUE,2,"3,4",0.576833797585887,0.57396449704142,3,149,20,110,0,2816,1077,1355.99950835783,0.00829166666666667
249102,Baseline,4,200,TRUE,3,"1,3,4",0.307627118644068,0.344307270233196,1,117,4,121,0,1783,1106.25,769.983279039227,0.0107590759075908
249103,Baseline,4,200,TRUE,3,"1,2,3",0.329967875172097,0.36094674556213,1,95,10,95,0,1813,1089.5,780.261708232138,0.0130277777777778
249104,Baseline,4,127,FALSE,1,3,0.721461516287115,1,3,107,10,69,0,3271,867.25,1605.21595120407,0.013469387755102
249105,Baseline,4,123,FALSE,1,4,0.75,1,3,57,8,44,0,3453,863.25,1726.5,0.0150574712643678
249106,Baseline,4,151,FALSE,1,2,0.75,1,3,68,10,72,0,2112,528,1056,0.00838418079096045
249107,Baseline,4,146,FALSE,1,4,0.75,1,3,105,20,73,0,994,248.5,497,0.0104615384615385
249108,Baseline,4,200,TRUE,4,"1,2,3,4",0.154737384140062,0.278061224489796,0,,1,89,918,1870,1213.75,445.051588769961,0.0155535168195719
249109,Baseline,4,110,FALSE,1,3,0.75,1,3,49,6,42,0,1393,348.25,696.5,0.0101666666666667
249110,Baseline,4,200,TRUE,4,"1,2,3,4",0.168480043739748,0.278463648834019,0,,6,40,1337,3005,2286.25,839.817986232731,0.00825089605734767
249111,Baseline,4,200,TRUE,3,"1,2,4",0.456116360019891,0.3376,1,122,7,62,0,3545,1508.25,1486.8329596831,0.011562962962963
249112,Baseline,4,200,TRUE,3,"1,3,4",0.348192105989511,0.528061224489796,1,173,10,93,0,3157,1811.5,1340.80833827956,0.0108971962616822
249113,Baseline,4,138,FALSE,1,3,0.75,1,3,64,10,51,0,2903,725.75,1451.5,0.0101768707482993
249114,Baseline,4,157,FALSE,1,3,0.75,1,3,113,14,87,0,3885,971.25,1942.5,0.0129142857142857
249115,Baseline,4,161,FALSE,1,2,0.717914438502674,1,4,92,8,62,0,4375,1168.75,2142.1732539643,0.0120437158469945
249116,Baseline,4,200,TRUE,2,"2,4",0.551458855710052,0.53360768175583,3,78,4,173,0,2645,1096.75,1318.98278356214,0.00904385964912281
249117,Baseline,4,155,FALSE,1,1,0.75,1,3,102,12,96,0,3710,927.5,1855,0.0144607843137255
249118,Baseline,4,83,FALSE,1,1,0.699799196787149,1,3,53,8,32,0,1792,498,867.803357141851,0.010695652173913
249119,Baseline,4,131,FALSE,1,2,0.75,1,3,100,18,63,0,3005,751.25,1502.5,0.0100111111111111
249120,Baseline,4,99,FALSE,1,3,0.75,1,3,73,10,50,0,3969,992.25,1984.5,0.01075
249121,Baseline,4,133,FALSE,1,2,0.75,1,3,32,8,46,0,3812,953,1906,0.0107246376811594
249122,Baseline,4,186,FALSE,1,1,0.647645854657114,1,3,101,14,107,0,1554,488.5,734.934690976008,0.00861603375527426
249123,Baseline,4,176,FALSE,1,3,0.75,1,3,101,18,92,0,1399,349.75,699.5,0.010017094017094
249124,Baseline,4,143,FALSE,1,2,0.75,1,4,95,12,60,0,866,216.5,433,0.0112163742690058
249125,Baseline,4,200,TRUE,3,"1,3,4",0.291946672447431,0.344387755102041,1,69,10,114,0,1760,1153.25,785.957324965336,0.0141739130434783
249126,Baseline,4,194,FALSE,1,2,0.75,1,3,71,15,139,0,707,176.75,353.5,0.0122666666666667
249127,Baseline,4,107,FALSE,1,1,0.75,1,3,47,6,64,0,4048,1012,2024,0.0174705882352941
249128,Baseline,4,200,TRUE,2,"2,4",0.525533290239173,0.505,2,110,6,75,0,1705,773.5,902.429498631334,0.0118333333333333
249129,Baseline,4,200,TRUE,2,"1,4",0.53439906260462,0.506172839506173,2,133,10,75,0,1699,746.75,878.446118628419,0.00831501831501832
249130,Baseline,4,200,TRUE,2,"3,4",0.502481143310838,0.510204081632653,2,112,18,102,0,1272,629.75,727.2442849552,0.00896219931271478
249131,Baseline,4,200,TRUE,2,"2,4",0.557971599160884,0.755102040816326,2,128,12,59,0,3817,1549.25,1882.65652293065,0.0118297872340426
249132,Baseline,4,185,FALSE,1,3,0.75,1,3,63,10,119,0,1639,409.75,819.5,0.00837209302325582
249133,Baseline,4,153,FALSE,1,4,0.75,1,3,102,4,64,0,1942,485.5,971,0.0109389671361502
249134,Baseline,4,200,TRUE,4,"1,2,3,4",0.23,0.255102040816327,0,,4,89,1338,3740,1968.75,1181.2849994815,0.00837931034482759
249135,Baseline,4,200,TRUE,3,"1,2,3",0.396457916944259,0.410150891632373,1,127,5,111,0,2110,1125.75,926.450709248294,0.00834814814814815
249136,Baseline,4,186,FALSE,1,2,0.75,1,4,123,9,101,0,3550,887.5,1775,0.00865853658536586
249137,Baseline,4,200,TRUE,3,"1,2,4",0.440182106096595,0.3408,1,154,7,95,0,3479,1578.75,1459.1829620259,0.00878260869565217
249138,Baseline,4,200,TRUE,2,"1,2",0.56525899464149,0.5392,2,158,14,118,0,2471,979.75,1205.94427040943,0.00989308176100629
249139,Baseline,4,130,FALSE,1,4,0.75,1,3,72,6,75,0,1152,288,576,0.00909722222222222
249140,Baseline,4,189,FALSE,1,3,0.75,1,4,149,15,84,0,3959,989.75,1979.5,0.0108550724637681
249141,Baseline,4,87,FALSE,1,2,0.727450529222273,1,3,67,3,28,0,4150,1086.5,2044.42224927566,0.0153725490196078
249142,Baseline,4,199,FALSE,1,2,0.75,1,3,83,10,97,0,1639,409.75,819.5,0.00757264957264957
249143,Baseline,4,182,FALSE,1,3,0.75,1,3,84,9,102,0,2139,534.75,1069.5,0.0123055555555556
249144,Baseline,4,121,FALSE,1,3,0.728070175438597,1,3,57,10,46,0,4360,1140,2148.73606258811,0.00899319727891157
249145,Baseline,4,144,FALSE,1,2,0.75,1,3,96,7,67,0,2150,537.5,1075,0.0138905472636816
249146,Baseline,4,200,TRUE,2,"1,2",0.480932733183296,0.500945179584121,2,82,11,105,0,2043,999.75,1050.69258904147,0.0102139917695473
249147,Baseline,4,175,FALSE,1,4,0.75,1,3,161,6,95,0,4486,1121.5,2243,0.0111037037037037
249148,Baseline,4,174,FALSE,1,4,0.734539270253556,1,3,94,6,109,0,3134,808.5,1551.04985950377,0.013431693989071
249149,Baseline,4,200,TRUE,3,"1,2,4",0.313140676117775,0.366255144032922,2,94,10,127,0,1855,1146.25,801.615192387636,0.0101699346405229
249150,Baseline,4,200,TRUE,4,"1,2,3,4",0.242698191933241,0.25765306122449,0,,14,87,1129,3433,1797.5,1094.16772023305,0.00905014749262537
249151,Baseline,4,104,FALSE,1,4,0.75,1,3,65,5,33,0,5433,1358.25,2716.5,0.0126991869918699
249152,Baseline,4,200,TRUE,2,"2,3",0.524756931940944,0.506172839506173,2,131,8,147,0,1526,694.25,809.474057644839,0.00903157894736842
249153,Baseline,4,168,FALSE,1,3,0.658172635445363,1,3,59,10,47,0,1778,544.5,843.675095440577,0.00899099099099099
249154,Baseline,4,200,TRUE,3,"1,2,3",0.35863697705803,0.334593572778828,2,143,12,59,0,2875,1667.25,1263.28074868574,0.0106944444444444
249155,Baseline,4,173,FALSE,1,3,0.75,1,3,111,6,74,0,3572,893,1786,0.0103781094527363
249156,Baseline,4,200,TRUE,2,"1,3",0.588173243981137,0.5648,3,155,1,147,0,2725,1007.25,1299.72186127135,0.00790196078431373
249157,Baseline,4,200,TRUE,3,"1,2,4",0.309247578283397,0.34156378600823,1,114,11,140,0,1674,1109.75,776.463939922518,0.00857936507936508
249158,Baseline,4,114,FALSE,1,1,0.75,1,3,78,10,60,0,3780,945,1890,0.0106666666666667
249159,Baseline,4,90,FALSE,1,4,0.75,1,3,53,5,39,0,1431,357.75,715.5,0.00603174603174603
249160,Baseline,4,115,FALSE,1,2,0.75,1,3,94,10,54,0,1800,450,900,0.007625
249161,Baseline,4,185,FALSE,1,4,0.652959728287239,1,3,66,10,78,0,1661,515.25,786.763571008894,0.00981735159817352
249162,Baseline,4,191,FALSE,1,2,0.75,1,4,46,8,138,0,2733,683.25,1366.5,0.00996428571428571
249163,Baseline,4,200,TRUE,3,"1,3,4",0.464453860640301,0.433884297520661,1,181,6,88,0,2564,1062,1080.2234336778,0.0120666666666667
249164,Baseline,4,183,FALSE,1,3,0.75,1,4,123,17,51,0,2060,515,1030,0.0105632183908046
249165,Baseline,4,123,FALSE,1,3,0.75,1,4,65,8,36,0,4208,1052,2104,0.00627536231884058
249166,Baseline,4,200,TRUE,4,"1,2,3,4",0.250470311581423,0.25765306122449,0,,6,56,1206,3718,2126.25,1167.77519954256,0.0118611111111111
249167,Baseline,4,200,TRUE,4,"1,2,3,4",0.236975964225824,0.293367346938775,0,,8,62,991,3559,2236.25,1095.99737682168,0.00930973451327434
249168,Baseline,4,147,FALSE,1,4,0.75,1,3,114,8,76,0,581,145.25,290.5,0.0113586497890295
249169,Baseline,4,200,TRUE,4,"1,2,3,4",0.176097763048882,0.267857142857143,0,,10,81,829,2164,1508.75,554.367732947484,0.0103174603174603
249170,Baseline,4,131,FALSE,1,3,0.75,1,3,73,8,64,0,4459,1114.75,2229.5,0.0132121212121212
249171,Baseline,4,200,TRUE,4,"1,2,3,4",0.157256894049347,0.260204081632653,0,,12,89,1274,2696,1722.5,655.484299328875,0.00875757575757576
249172,Baseline,4,163,FALSE,1,2,0.75,1,3,124,21,99,0,2734,683.5,1367,0.0102539682539683
249173,Baseline,4,149,FALSE,1,2,0.75,1,4,63,8,82,0,1830,457.5,915,0.0086078431372549
249174,Baseline,4,200,TRUE,3,"1,3,4",0.280872056015277,0.339285714285714,1,81,8,128,0,1763,1178.25,797.150079972398,0.015479674796748
249175,Baseline,4,177,FALSE,1,4,0.75,1,3,81,10,89,0,1990,497.5,995,0.0103821138211382
249176,Baseline,4,200,TRUE,2,"1,3",0.530211480362538,0.86734693877551,2,63,14,103,0,4081,1820.5,2132.61037229026,0.014258064516129
249177,Baseline,4,197,FALSE,1,4,0.75,1,4,92,18,95,0,4258,1064.5,2129,0.011018315018315
249178,Baseline,4,200,TRUE,4,"1,2,3,4",0.259840810419682,0.318877551020408,0,,12,100,617,2999,1727.5,976.99044689973,0.00925233644859813
249179,Baseline,4,107,FALSE,1,3,0.75,1,3,47,8,47,0,2787,696.75,1393.5,0.00791869918699187
249180,Baseline,4,149,FALSE,1,3,0.75,1,3,72,8,43,0,4165,1041.25,2082.5,0.0126266666666667
249181,Baseline,4,200,TRUE,3,"2,3,4",0.437043997346894,0.467764060356653,1,108,5,109,0,2495,1130.75,1041.8056040676,0.011993769470405
249182,Baseline,4,200,TRUE,2,"2,4",0.613213961922031,0.698216735253772,3,108,12,138,0,3205,1103,1512.44151402074,0.0114117647058824
249183,Baseline,4,200,TRUE,4,"1,2,3,4",0.250786163522013,0.252551020408163,0,,4,105,779,2741,1590,848.987632418753,0.0112142857142857
249184,Baseline,4,200,TRUE,3,"1,2,4",0.354763437399421,0.375739644970414,1,138,10,75,0,2720,1553.5,1164.10924458718,0.0130614886731392
249185,Baseline,4,170,FALSE,1,4,0.75,1,3,66,8,80,0,3322,830.5,1661,0.00951111111111111
249186,Baseline,4,200,TRUE,3,"1,2,4",0.331822606156467,0.594387755102041,1,110,14,65,0,3467,2054.75,1477.82303293279,0.0132857142857143
249187,Baseline,4,187,FALSE,1,3,0.722625698324022,1,3,95,7,108,0,3384,895,1661.90372765693,0.00988652482269504
249188,Baseline,4,149,FALSE,1,2,0.686050156739812,0.82,4,59,14,86,0,1391,398.75,668.453625915815,0.0128262910798122
249189,Baseline,4,152,FALSE,1,4,0.75,1,3,121,10,57,0,3373,843.25,1686.5,0.0117435897435897
249190,Baseline,4,200,TRUE,4,"1,2,3,4",0.245640756302521,0.262755102040816,0,,4,51,1117,3679,2380,1248.24276484985,0.00875389408099689
249191,Baseline,4,200,TRUE,2,"2,3",0.55040260142459,0.512465373961219,2,116,16,116,0,1940,807.25,969.279930326288,0.0107079037800687
249192,Baseline,4,200,TRUE,3,"1,2,3",0.337788518445453,0.377551020408163,1,67,12,91,0,2128,1267.25,919.700449421803,0.00828368794326241
249193,Baseline,4,154,FALSE,1,1,0.75,1,3,129,12,71,0,998,249.5,499,0.0119722222222222
249194,Baseline,4,155,FALSE,1,4,0.730252764612954,1,3,82,6,91,0,4256,1107.75,2100.45397870714,0.00947474747474747
249195,Baseline,4,197,FALSE,1,3,0.688461538461539,0.834710743801653,3,131,11,87,0,1425,406.25,685.679407595124,0.0090077519379845
249196,Baseline,4,115,FALSE,1,4,0.75,1,4,100,10,50,0,3421,855.25,1710.5,0.0128933333333333
249197,Baseline,4,200,TRUE,3,"1,3,4",0.360142462258133,0.395408163265306,1,165,15,116,0,2218,1175.75,910.110753333534,0.0140384615384615
249198,Baseline,4,159,FALSE,1,4,0.75,1,3,57,12,71,0,1368,342,684,0.010225988700565
249199,Baseline,4,113,FALSE,1,3,0.75,1,5,101,12,54,0,1485,371.25,742.5,0.00891304347826087
249200,Baseline,4,118,FALSE,1,2,0.75,1,3,83,18,47,0,2926,731.5,1463,0.0121904761904762
249201,Baseline,4,200,TRUE,2,"3,4",0.661655135710484,0.78125,2,133,10,101,0,3094,939.5,1470.04433039733,0.00889430894308943
249202,Baseline,4,191,FALSE,1,1,0.71352140077821,1,3,77,9,99,-50,1906,464,961.622240452733,0.0276571428571429
249203,Baseline,4,200,TRUE,2,"2,3",0.53497809842824,0.52,2,68,10,143,0,2212,970.25,1142.06899237013,0.00866666666666667
249204,Baseline,4,180,FALSE,1,2,0.727532183628856,1,3,136,18,87,0,3932,1029.25,1937.13076051498,0.0107228915662651
249205,Baseline,4,200,TRUE,2,"1,4",0.552339751401414,0.5072,2,69,10,129,0,2481,1025.75,1235.25877855614,0.0110877192982456
249206,Baseline,4,200,TRUE,3,"1,2,3",0.319907506990751,0.34156378600823,2,71,20,143,0,1935,1162.25,823.446162984159,0.00966013071895425
249207,Baseline,4,200,TRUE,4,"1,2,3,4",0.132712215320911,0.252551020408163,0,,10,131,757,1498,1207.5,345.58211759291,0.0104561403508772
249208,Baseline,4,200,TRUE,3,"2,3,4",0.399938328707987,0.35207100591716,1,148,12,79,0,3336,1621.5,1371.22925386919,0.009003367003367
249209,Baseline,4,183,FALSE,1,2,0.75,1,3,48,7,84,0,2174,543.5,1087,0.0100087719298246
249210,Baseline,4,200,TRUE,4,"1,2,3,4",0.230452674897119,0.255102040816327,0,,3,73,1135,3240,1822.5,971.326412695547,0.00819753086419753
249211,Baseline,4,159,FALSE,1,1,0.75,1,4,95,10,83,0,2678,669.5,1339,0.0138039215686275
249212,Baseline,4,200,TRUE,3,"1,3,4",0.437992436180271,0.429362880886427,1,197,4,116,0,1843,793.25,766.934753852416,0.0084954128440367
249213,Baseline,4,134,FALSE,1,4,0.75,1,3,81,8,48,0,3237,809.25,1618.5,0.00857657657657658
249214,Baseline,4,200,TRUE,2,"3,4",0.621583896561857,0.566115702479339,2,45,4,127,0,2529,850.75,1192.28278944217,0.00834509803921569
249215,Baseline,4,200,TRUE,3,"2,3,4",0.305967555040556,0.369822485207101,1,104,10,103,0,1684,1078.75,745.732469902355,0.00855797101449275
249216,Baseline,4,200,TRUE,2,"2,3",0.540719443701525,0.513888888888889,2,56,16,122,0,2174,934.75,1107.62068567418,0.00803508771929825
249217,Baseline,4,184,FALSE,1,1,0.75,1,3,107,8,100,0,4157,1039.25,2078.5,0.0115348837209302
249218,Baseline,4,160,FALSE,1,4,0.75,1,3,60,14,88,0,1135,283.75,567.5,0.00511111111111111
249219,Baseline,4,197,FALSE,1,1,0.75,1,3,62,14,138,0,800,200,400,0.0128100358422939
249220,Baseline,4,149,FALSE,1,4,0.711750788643533,1,3,46,10,81,0,2342,634,1142.33328469993,0.0104561403508772
249221,Baseline,4,200,TRUE,3,"1,3,4",0.323739742086753,0.36094674556213,1,89,4,111,0,1755,1066.25,756.262906225959,0.0099546925566343
249222,Baseline,4,103,FALSE,1,3,0.75,1,3,81,5,59,0,1023,255.75,511.5,0.0128828828828829
249223,Baseline,4,200,TRUE,3,"1,2,3",0.31769394261424,0.358024691358025,1,87,8,100,202,2003,1176.25,776.626197085831,0.00674829931972789
249224,Baseline,4,181,FALSE,1,4,0.75,1,3,116,8,64,0,4324,1081,2162,0.00894871794871795
249225,Baseline,4,200,TRUE,3,"1,2,4",0.356277533039648,0.344307270233196,1,86,14,128,0,2095,1135,864.532629035288,0.00902405498281787
249226,Baseline,4,193,FALSE,1,2,0.713183339531424,1,3,160,8,95,0,2491,672.25,1216.08727071703,0.0154751773049645
249227,Baseline,4,200,TRUE,2,"2,3",0.500186428038777,0.5,2,95,8,90,0,1342,670.5,774.227141520282,0.00908225108225108
249228,Baseline,4,200,TRUE,3,"1,3,4",0.265735323784547,0.339285714285714,1,133,12,89,196,1871,1239.25,730.733136423049,0.00731111111111111
249229,Baseline,4,125,FALSE,1,3,0.69921279837481,0.82,3,81,9,55,0,1769,492.25,856.372339192091,0.00773983739837398
249230,Baseline,4,198,FALSE,1,2,0.75,1,3,100,18,94,0,3054,763.5,1527,0.00976811594202898
249231,Baseline,4,200,TRUE,4,"1,2,3,4",0.0667450611476952,0.260204081632653,0,,11,111,1036,1505,1328.75,202.998152700954,0.00828205128205128
249232,Baseline,4,104,FALSE,1,3,0.706541421457673,1,3,75,10,45,0,2017,552.25,980.685602015243,0.00712121212121212
249233,Baseline,4,200,TRUE,4,"1,2,3,4",0.088125,0.25765306122449,0,,20,100,932,1418,1200,222.093073582526,0.00861666666666667
249234,Baseline,4,200,TRUE,2,"2,4",0.567197452229299,0.540816326530612,2,130,8,89,0,1494,588.75,727.289660314238,0.0105917602996255
249235,Baseline,4,87,FALSE,1,1,0.726033259965762,1,3,51,5,27,0,3893,1022.25,1916.06234675875,0.0109135802469136
249236,Baseline,4,123,FALSE,1,1,0.75,1,4,82,8,60,0,4195,1048.75,2097.5,0.0101282051282051
249237,Baseline,4,200,TRUE,2,"1,3",0.560229799851742,0.524691358024692,3,149,20,142,0,1674,674.5,822.810427741409,0.010714859437751
249238,Baseline,4,200,TRUE,3,"1,2,3",0.306369652564406,0.357638888888889,1,167,12,106,0,1635,1057.75,731.822553628952,0.00735294117647059
249239,Baseline,4,200,TRUE,3,"1,2,4",0.360799319727891,0.346153846153846,1,146,8,65,0,2760,1470,1134.66852722135,0.0113962264150943
249240,Baseline,4,137,FALSE,1,1,0.75,1,3,57,9,95,0,3178,794.5,1589,0.0105157232704403
249241,Baseline,4,200,TRUE,2,"2,3",0.626818181818182,0.698216735253772,3,75,6,145,0,3316,1100,1563.2137836308,0.0146572769953052
249242,Baseline,4,180,FALSE,1,4,0.75,1,3,70,10,88,0,1615,403.75,807.5,0.0111041666666667
249243,Baseline,4,200,TRUE,4,"1,2,3,4",0.23109756097561,0.275510204081633,0,,9,57,705,2547,1640,783.578968579428,0.0144
249244,Baseline,4,200,TRUE,4,"1,2,3,4",0.0999233128834356,0.280612244897959,0,,14,86,1321,2174,1630,374.225422261325,0.010404984423676
249245,Baseline,4,164,FALSE,1,2,0.75,1,3,87,10,73,0,2683,670.75,1341.5,0.00770238095238095
249246,Baseline,4,112,FALSE,1,1,0.75,1,3,78,10,43,0,1433,358.25,716.5,0.00841269841269841
249247,Baseline,4,146,FALSE,1,4,0.717334494773519,1,3,88,9,77,0,2146,574,1050.38278736849,0.0116491228070175
249248,Baseline,4,159,FALSE,1,1,0.696450428396573,1,3,90,9,43,0,1459,408.5,705.175391894338,0.0105757575757576
249249,Baseline,4,159,FALSE,1,1,0.75,1,3,83,11,106,0,1961,490.25,980.5,0.00947222222222222
249250,Baseline,4,112,FALSE,1,4,0.75,1,3,72,10,55,0,1119,279.75,559.5,0.00845045045045045
249251,Baseline,4,200,TRUE,2,"1,2",0.545604106343775,0.53125,2,70,8,121,0,2246,949.75,1132.58182191546,0.0088675799086758
249252,Baseline,4,178,FALSE,1,3,0.75,1,3,89,15,63,0,2016,504,1008,0.00881385281385281
249253,Baseline,4,200,TRUE,4,"1,2,3,4",0.116910229645094,0.25765306122449,0,,8,115,849,1590,1197.5,303.656055431141,0.00972079772079772
249254,Baseline,4,200,TRUE,2,"2,3",0.517643710870803,0.504132231404959,2,132,8,108,0,1881,878.5,1019.44445655465,0.00711551155115512
249255,Baseline,4,200,TRUE,3,"1,3,4",0.314997754827122,0.346153846153846,1,85,6,116,0,1823,1113.5,782.11358936325,0.00841860465116279
249256,Baseline,4,144,FALSE,1,1,0.75,1,3,107,6,83,0,4431,1107.75,2215.5,0.0117204301075269
249257,Baseline,4,200,TRUE,2,"1,2",0.593647136273865,0.563775510204082,2,54,2,148,0,3132,1139.25,1488.67802092998,0.0122941176470588
249258,Baseline,4,159,FALSE,1,1,0.75,1,3,107,10,80,0,1774,443.5,887,0.00664888888888889
249259,Baseline,4,115,FALSE,1,2,0.75,1,3,87,16,72,0,3222,805.5,1611,0.0193214285714286
249260,Baseline,4,128,FALSE,1,2,0.75,1,3,75,8,73,0,1766,441.5,883,0.00942028985507246
249261,Baseline,4,137,FALSE,1,4,0.75,1,3,88,12,71,0,716,179,358,0.00988700564971752
249262,Baseline,4,176,FALSE,1,1,0.692678478374153,1,3,81,6,120,0,1699,479.75,819.422713459502,0.00722388059701493
249263,Baseline,4,188,FALSE,1,2,0.75,1,3,142,14,100,0,1012,253,506,0.00830769230769231
249264,Baseline,4,200,TRUE,2,"2,3",0.547891842346471,0.53360768175583,3,75,6,130,0,2600,1091,1305.19117373663,0.00935294117647059
249265,Baseline,4,143,FALSE,1,4,0.75,1,3,73,8,41,0,3889,972.25,1944.5,0.00770833333333333
249266,Baseline,4,193,FALSE,1,3,0.75,1,4,109,18,88,0,2838,709.5,1419,0.0093089430894309
249267,Baseline,4,200,TRUE,3,"1,2,4",0.333225435189181,0.517857142857143,1,126,6,133,0,2756,1737.75,1266.55079513878,0.0073202614379085
249268,Baseline,4,189,FALSE,1,1,0.75,1,3,122,10,78,0,2730,682.5,1365,0.00934074074074074
249269,Baseline,4,200,TRUE,2,"1,4",0.546249267435046,0.5008,2,86,4,95,0,3033,1279.75,1527.46464770875,0.00910548523206751
249270,Baseline,4,175,FALSE,1,2,0.75,1,3,68,6,80,0,4125,1031.25,2062.5,0.0116977777777778
249271,Baseline,4,200,TRUE,4,"1,2,3,4",0.22752808988764,0.25765306122449,0,,10,73,954,2869,1668.75,841.382344716122,0.0121650165016502
249272,Baseline,4,144,FALSE,1,1,0.592406876790831,1,3,131,8,86,0,1370,436.25,628.826618923425,0.00813675213675214
249273,Baseline,4,200,TRUE,3,"1,3,4",0.310886829913964,0.344307270233196,1,97,6,129,0,1782,1133.25,788.425170831069,0.00842539682539683
249274,Baseline,4,200,TRUE,2,"1,4",0.531661029688087,0.524691358024692,2,66,8,115,0,1499,665.25,780.387670755162,0.00887058823529412
249275,Baseline,4,109,FALSE,1,1,0.75,1,3,49,10,70,0,1516,379,758,0.0247816091954023
249276,Baseline,4,200,TRUE,4,"1,2,3,4",0.179978118161926,0.272959183673469,0,,10,58,1056,2549,1713.75,645.49690161921,0.0094320987654321
249277,Baseline,4,200,TRUE,2,"1,2",0.557722431077694,0.808673469387755,2,154,4,66,0,3929,1596,1938.65950250854,0.00899305555555556
249278,Baseline,4,200,TRUE,2,"1,2",0.625191591854609,0.706632653061224,2,127,10,100,0,3427,1141.75,1615.50371401616,0.00998717948717949
249279,Baseline,4,200,TRUE,4,"1,2,3,4",0.184233576642336,0.272959183673469,0,,10,82,1274,2934,1712.5,815.107559364611,0.00950778816199377
249280,Baseline,4,158,FALSE,1,4,0.75,1,3,92,10,101,0,1008,252,504,0.00994666666666667
249281,Baseline,4,160,FALSE,1,1,0.75,1,4,117,10,65,0,2861,715.25,1430.5,0.0100860215053763
249282,Baseline,4,200,TRUE,4,"1,2,3,4",0.195501285347044,0.267857142857143,0,,8,85,1189,3146,1945,843.72862935899,0.00846060606060606
249283,Baseline,4,106,FALSE,1,1,0.68448275862069,1,3,39,5,88,0,1260,362.5,605,0.0082020202020202
249284,Baseline,4,200,TRUE,3,"2,3,4",0.341893252769386,0.387755102040816,1,192,6,92,0,1789,993,739.635495813084,0.00935238095238095
249285,Baseline,4,146,FALSE,1,3,0.75,1,3,109,8,69,0,2089,522.25,1044.5,0.00863768115942029
249286,Baseline,4,153,FALSE,1,2,0.75,1,3,102,14,91,0,3898,974.5,1949,0.0110461538461538
249287,Baseline,4,194,FALSE,1,1,0.75,1,3,71,14,119,0,4377,1094.25,2188.5,0.00775833333333333
249288,Baseline,4,181,FALSE,1,1,0.75,1,3,130,8,57,0,1991,497.75,995.5,0.00837373737373737
249289,Baseline,4,200,TRUE,3,"1,2,4",0.302372987664646,0.352537722908093,1,98,11,103,0,1794,1195.75,826.121207813962,0.0092967032967033
249290,Baseline,4,200,TRUE,2,"2,4",0.523930088206469,0.501730103806228,2,84,6,117,0,1677,765.25,891.694033847934,0.0135938697318008
249291,Baseline,4,196,FALSE,1,3,0.75,1,3,71,11,110,0,934,233.5,467,0.00941391941391941
249292,Baseline,4,200,TRUE,2,"2,4",0.56980056980057,0.528344671201814,2,64,8,100,0,2245,877.5,1089.37673312159,0.0137164750957854
249293,Baseline,4,200,TRUE,3,"1,2,3",0.373127511874315,0.347222222222222,1,179,4,99,0,2520,1368.5,1065.88601642014,0.00981308411214953
249294,Baseline,4,193,FALSE,1,4,0.688775510204082,1,3,104,17,103,0,1419,404.25,682.908668856971,0.0124275362318841
249295,Baseline,4,200,TRUE,3,"2,3,4",0.279920870425322,0.3536,1,140,14,152,0,1508,1011,683.431537658796,0.00867361111111111
249296,Baseline,4,200,TRUE,2,"2,3",0.559301290609702,0.563775510204082,3,68,8,136,0,2780,1123.5,1368.35509523905,0.0116666666666667
249297,Baseline,4,193,FALSE,1,1,0.673490488006617,1,4,150,8,73,0,1024,302.25,489.006049723995,0.0135708812260536
249298,Baseline,4,200,TRUE,3,"2,3,4",0.340010405827263,0.369897959183673,1,128,10,146,0,1961,1201.25,881.331331944273,0.00956756756756757
249299,Baseline,4,200,TRUE,2,"1,3",0.549943486860695,0.537190082644628,2,125,12,70,0,2123,884.75,1061.61115762788,0.0100805860805861
249300,Baseline,4,200,TRUE,3,"1,3,4",0.300419418168838,0.363905325443787,1,117,13,64,0,2170,1400.75,962.307426622768,0.0104658634538153
249301,Baseline,4,160,FALSE,1,4,0.75,1,3,134,12,78,0,3550,887.5,1775,0.0107809523809524
249302,Baseline,4,200,TRUE,4,"1,2,3,4",0.216377171215881,0.26530612244898,0,,13,46,1140,3448,2015,996.016733460504,0.00916339869281046
249303,Baseline,4,200,TRUE,2,"2,3",0.53936122357175,0.555555555555556,2,88,10,110,0,2573,1111.5,1314.88009592764,0.0106360153256705
249304,Baseline,4,200,TRUE,2,"3,4",0.519630785231409,0.513888888888889,2,161,2,127,0,2074,961.5,1117.06923091931,0.00901618122977346
249305,Baseline,4,200,TRUE,3,"2,3,4",0.32457071194289,0.3472,1,176,10,123,0,2155,1295.75,921.482998577113,0.00861754385964912
249306,Baseline,4,190,FALSE,1,1,0.75,1,3,110,4,71,0,1366,341.5,683,0.0102798353909465
249307,Baseline,4,200,TRUE,4,"1,2,3,4",0.220381231671554,0.283163265306122,0,,16,95,955,2936,1705,855.554790764449,0.00987387387387387
249308,Baseline,4,200,TRUE,3,"1,2,4",0.283819360064804,0.342155009451796,1,190,5,65,0,1819,1234.5,834.262348824797,0.0093921568627451
249309,Baseline,4,200,TRUE,3,"2,3,4",0.288967136150235,0.434842249657064,1,112,6,85,0,2368,1597.5,1084.34358023645,0.0110352941176471
249310,Baseline,4,157,FALSE,1,4,0.75,1,3,74,12,65,0,5488,1372,2744,0.0138666666666667
249311,Baseline,4,200,TRUE,3,"1,2,4",0.527152747728256,0.594387755102041,2,114,20,120,0,3228,1155.5,1420.42282437308,0.0130261437908497
249312,Baseline,4,93,FALSE,1,4,0.717263203841118,1,4,69,10,22,0,2141,572.75,1047.88847211905,0.008
249313,Baseline,4,200,TRUE,2,"2,4",0.536545270612038,0.53125,3,156,6,86,0,2266,988.5,1165.55723440193,0.0113946360153257
249314,Baseline,4,194,FALSE,1,4,0.75,1,3,85,14,134,0,1046,261.5,523,0.00912962962962963
249315,Baseline,4,200,TRUE,3,"1,2,3",0.346985583224115,0.336076817558299,1,83,0,99,0,1901,1144.5,850.361687754099,0.00968027210884354
249316,Baseline,4,163,FALSE,1,4,0.75,1,5,66,12,119,0,4420,1105,2210,0.0115680751173709
249317,Baseline,4,200,TRUE,3,"1,3,4",0.307724484104852,0.334710743801653,1,141,8,136,0,1430,896.5,622.336189959521,0.00984848484848485
249318,Baseline,4,159,FALSE,1,2,0.75,1,3,110,8,58,0,1732,433,866,0.0102189054726368
249319,Baseline,4,200,TRUE,3,"1,2,3",0.317418426103647,0.3344,1,175,12,144,0,1608,1042,736.867242678987,0.00895686274509804
249320,Baseline,4,162,FALSE,1,3,0.75,1,3,116,7,45,0,3026,756.5,1513,0.0102057613168724
249321,Baseline,4,200,TRUE,2,"2,4",0.512311135982093,0.516528925619835,2,80,8,150,0,2025,893.5,980.978593038605,0.00747619047619048
249322,Baseline,4,161,FALSE,1,1,0.75,1,3,81,6,93,0,2307,576.75,1153.5,0.00871641791044776
249323,Baseline,4,160,FALSE,1,3,0.727906717250614,1,3,103,12,80,0,4283,1120.25,2110.56491252934,0.0106280193236715
249324,Baseline,4,111,FALSE,1,3,0.75,1,4,65,14,53,0,2551,637.75,1275.5,0.00788571428571429
249325,Baseline,4,200,TRUE,2,"1,2",0.521458387685886,0.523629489603025,2,67,10,76,0,2081,958.25,1114.61394662008,0.0224184397163121
249326,Baseline,4,200,TRUE,3,"1,2,3",0.413640632336829,0.445,1,195,12,57,0,3237,1597.25,1367.56361826425,0.00861224489795919
249327,Baseline,4,129,FALSE,1,3,0.75,1,3,85,12,80,0,3932,983,1966,0.0107131782945736
249328,Baseline,4,130,FALSE,1,1,0.75,1,3,79,8,53,0,3972,993,1986,0.0130780141843972
249329,Baseline,4,139,FALSE,1,3,0.75,1,3,91,12,62,0,3278,819.5,1639,0.0100686274509804
249330,Baseline,4,130,FALSE,1,1,0.75,1,3,107,12,59,0,3358,839.5,1679,0.0100952380952381
249331,Baseline,4,200,TRUE,4,"1,2,3,4",0.199570024570024,0.260204081632653,0,,8,72,1128,2944,2035,856.38425954708,0.00850282485875706
249332,Baseline,4,145,FALSE,1,3,0.75,1,3,84,10,45,0,1382,345.5,691,0.0134920634920635
249333,Baseline,4,146,FALSE,1,1,0.695719602977668,1,3,75,11,72,0,1437,403,694.252115589143,0.0155384615384615
249334,Baseline,4,146,FALSE,1,1,0.75,1,5,86,12,52,0,1595,398.75,797.5,0.00779761904761905
249335,Baseline,4,111,FALSE,1,1,0.75,1,3,93,10,44,0,2689,672.25,1344.5,0.0136595744680851
249336,Baseline,4,200,TRUE,2,"1,2",0.596345029239766,1,2,122,14,105,0,4738,1710,2248.75135723509,0.0215020080321285
249337,Baseline,4,200,TRUE,3,"1,3,4",0.39181622948305,0.479591836734694,1,117,12,83,0,2894,1629.75,1353.9227882958,0.00897826086956522
249338,Baseline,4,200,TRUE,2,"2,4",0.543229777256741,0.534626038781163,2,86,11,99,0,2001,853,1013.9832345754,0.0113680555555556
249339,Baseline,4,200,TRUE,4,"1,2,3,4",0.0462818003913894,0.262002743484225,0,,16,94,1127,1388,1277.5,127.730184373154,0.00833950617283951
249340,Baseline,4,113,FALSE,1,4,0.75,1,3,106,11,60,0,2292,573,1146,0.00944117647058824
249341,Baseline,4,122,FALSE,1,3,0.733818770226537,1,3,107,10,43,0,2990,772.5,1479.08473951517,0.0130243902439024
249342,Baseline,4,198,FALSE,1,1,0.75,1,3,173,20,136,0,4421,1105.25,2210.5,0.0178720538720539
249343,Baseline,4,200,TRUE,3,"1,2,3",0.342830109335576,0.357142857142857,1,139,7,110,0,2078,1189,873.787540919797,0.0107232704402516
249344,Baseline,4,200,TRUE,3,"2,3,4",0.386380988738309,0.3344,1,156,14,72,0,2555,1309.75,1058.53432474657,0.00899616858237548
249345,Baseline,4,200,TRUE,3,"1,3,4",0.388462780558695,0.384297520661157,2,189,10,52,0,2857,1548.25,1250.59142675243,0.012398753894081
249346,Baseline,4,112,FALSE,1,3,0.724956173303281,1,3,97,12,52,0,3793,998.25,1865.55056663353,0.0157424242424242
249347,Baseline,4,129,FALSE,1,3,0.75,1,3,57,5,67,0,3433,858.25,1716.5,0.00886363636363636
249348,Baseline,4,200,TRUE,3,"1,2,3",0.331381902283897,0.400510204081633,1,51,3,114,200,2961,1729.5,1196.34847208774,0.0145652173913043
249349,Baseline,4,200,TRUE,3,"1,2,3",0.241400769404843,0.346153846153846,1,99,10,119,200,1618,1104.75,621.481764280605,0.00826373626373627
249350,Baseline,4,130,FALSE,1,4,0.75,1,3,45,14,59,0,1951,487.75,975.5,0.00635772357723577
249351,Baseline,4,200,TRUE,2,"1,3",0.577028163093737,0.663265306122449,2,129,14,132,0,3297,1189.5,1513.60155479131,0.0109935897435897
249352,Baseline,4,200,TRUE,2,"2,4",0.610825822678684,0.755102040816326,2,74,18,110,0,3643,1192.75,1681.46986790328,0.00943703703703704
249353,Baseline,4,200,TRUE,4,"1,2,3,4",0.351617250673854,0.327846364883402,0,,10,97,664,3788,1855,1413.77744594638,0.00950666666666667
249354,Baseline,4,198,FALSE,1,4,0.75,1,4,72,10,154,0,3948,987,1974,0.0121581920903955
249355,Baseline,4,107,FALSE,1,1,0.75,1,4,78,10,67,0,4059,1014.75,2029.5,0.0117730496453901
249356,Baseline,4,129,FALSE,1,3,0.708350687213661,1,3,65,8,60,0,2201,600.25,1071.32328609684,0.0113675213675214
249357,Baseline,4,200,TRUE,2,"1,3",0.535833931562575,0.586805555555556,2,99,8,84,0,2587,1044.75,1198.47107460575,0.0139759036144578
249358,Baseline,4,200,TRUE,2,"1,3",0.590721425467188,0.625,2,123,5,119,0,3136,1150.5,1493.21253231637,0.0120299625468165
249359,Baseline,4,195,FALSE,1,4,0.75,1,4,130,14,79,0,4358,1089.5,2179,0.00984674329501916
249360,Baseline,4,119,FALSE,1,3,0.75,1,4,55,4,95,0,1471,367.75,735.5,0.0133809523809524
249361,Baseline,4,200,TRUE,3,"1,2,4",0.386293369975953,0.3888,1,182,6,109,0,2784,1455.5,1168.87766682404,0.0100194174757282
249362,Baseline,4,200,TRUE,3,"1,3,4",0.34748427672956,0.364583333333333,1,133,11,106,0,1755,993.75,736.629429677274,0.0143464052287582
249363,Baseline,4,200,TRUE,4,"1,2,3,4",0.162295081967213,0.288265306122449,0,,12,43,1468,3239,2287.5,770.759149583491,0.00917816091954023
249364,Baseline,4,200,TRUE,3,"1,2,4",0.347674418604651,0.34156378600823,1,114,6,113,0,1916,1128.75,835.290518322817,0.0086537216828479
249365,Baseline,4,113,FALSE,1,4,0.75,1,3,90,6,39,0,1932,483,966,0.016463768115942
249366,Baseline,4,136,FALSE,1,4,0.75,1,3,102,14,53,0,3360,840,1680,0.00795061728395062
249367,Baseline,4,130,FALSE,1,1,0.75,1,3,62,6,65,0,1941,485.25,970.5,0.00769369369369369
249368,Baseline,4,200,TRUE,1,2,0.722261534106991,1,3,118,8,168,0,3337,883.25,1638.44059499676,0.0112179487179487
249369,Baseline,4,173,FALSE,1,1,0.75,1,3,67,4,94,0,3412,853,1706,0.0112688172043011
249370,Baseline,4,200,TRUE,4,"1,2,3,4",0.103411513859275,0.262002743484225,0,,16,117,866,1458,1172.5,251.078341027922,0.00833333333333333
249371,Baseline,4,200,TRUE,3,"1,2,3",0.344512195121951,0.375,1,107,13,142,0,2005,1189,874.52882552073,0.0127320261437909
249372,Baseline,4,200,TRUE,2,"1,2",0.525974025974026,0.501385041551246,2,114,10,149,0,1530,693,808.799109791795,0.00787301587301587
249373,Baseline,4,200,TRUE,2,"3,4",0.578058429701765,0.56786703601108,2,40,9,122,0,2156,821.5,1036.94856831635,0.00942753623188406
249374,Baseline,4,169,FALSE,1,4,0.75,1,3,86,6,116,0,4281,1070.25,2140.5,0.00908717948717949
249375,Baseline,4,200,TRUE,4,"1,2,3,4",0.0876160234489496,0.301020408163265,0,,10,49,1935,3078,2558.75,474.912886748717,0.00905810397553517
249376,Baseline,4,200,TRUE,2,"1,4",0.589570063694268,0.52,2,93,6,102,0,2559,942,1219.38591102243,0.0108768115942029
249377,Baseline,4,200,TRUE,4,"1,2,3,4",0.108252427184466,0.288265306122449,0,,12,51,1520,2490,2060,482.711784263308,0.0137469135802469
249378,Baseline,4,118,FALSE,1,4,0.75,1,4,76,10,49,0,3405,851.25,1702.5,0.0102222222222222
249379,Baseline,4,200,TRUE,3,"2,3,4",0.387251356238698,0.346938775510204,1,188,8,67,0,2682,1382.5,1116.3408977548,0.00720261437908497
249380,Baseline,4,195,FALSE,1,4,0.75,1,3,112,12,122,0,4448,1112,2224,0.0143666666666667
249381,Baseline,4,190,FALSE,1,1,0.72858070099524,1,3,94,6,138,0,4424,1155.5,2180.99816597814,0.0210141843971631
249382,Baseline,4,200,TRUE,2,"3,4",0.560186223917433,0.540816326530612,2,96,6,110,0,2765,1114.25,1359.15129768543,0.0105490196078431
249383,Baseline,4,200,TRUE,4,"1,2,3,4",0.190281973816717,0.306122448979592,0,,12,123,759,1871,1241.25,496.035197003869,0.00853703703703704
249384,Baseline,4,189,FALSE,1,1,0.727772788504715,1,3,121,4,128,0,4256,1113.5,2097.07820550403,0.0103895131086142
249385,Baseline,4,200,TRUE,2,"2,4",0.475188781014024,0.504132231404959,2,74,22,134,0,1870,927,963.090165387783,0.0076551724137931
249386,Baseline,4,175,FALSE,1,2,0.682692307692308,1,4,87,10,105,0,1260,364,604.436928057841,0.0108137254901961
249387,Baseline,4,148,FALSE,1,1,0.75,1,3,73,8,53,0,3336,834,1668,0.0103066666666667
249388,Baseline,4,153,FALSE,1,1,0.75,1,4,126,9,78,0,2680,670,1340,0.00867741935483871
249389,Baseline,4,200,TRUE,3,"1,2,4",0.351447402429568,0.390581717451524,1,198,20,110,0,1697,967.25,720.384793009958,0.00965656565656566
249390,Baseline,4,162,FALSE,1,4,0.75,1,3,101,10,100,0,2193,548.25,1096.5,0.0100190476190476
249391,Baseline,4,145,FALSE,1,3,0.75,1,4,79,10,63,0,1823,455.75,911.5,0.01108
249392,Baseline,4,99,FALSE,1,1,0.75,1,3,82,6,54,0,1606,401.5,803,0.00855238095238095
249393,Baseline,4,157,FALSE,1,4,0.75,1,3,121,9,70,0,1606,401.5,803,0.0120416666666667
249394,Baseline,4,200,TRUE,2,"2,4",0.547358150705494,0.5,2,74,5,140,0,1981,832.75,995.484932080843,0.00986274509803922
249395,Baseline,4,167,FALSE,1,1,0.697061937533086,1,3,111,7,88,0,1689,472.25,816.627362999796,0.00942424242424243
249396,Baseline,4,81,FALSE,1,3,0.75,1,4,55,4,26,0,2100,525,1050,0.00716666666666667
249397,Baseline,4,200,TRUE,2,"3,4",0.512798210735586,0.5072,3,84,2,128,0,2115,1006,1164.66905170525,0.0123539094650206
249398,Baseline,4,200,TRUE,2,"3,4",0.606280587275693,0.56786703601108,2,60,6,137,0,2184,766.25,1032.38570795997,0.00676793248945148
249399,Baseline,4,144,FALSE,1,2,0.75,1,3,68,4,73,0,3957,989.25,1978.5,0.0110333333333333
249400,Baseline,4,143,FALSE,1,2,0.75,1,3,80,9,69,0,3344,836,1672,0.0227058823529412
249401,Baseline,4,200,TRUE,3,"1,2,4",0.31124412141941,0.35969387755102,1,122,6,140,0,1935,1169.5,823.712935433213,0.00961904761904762
249402,Baseline,4,200,TRUE,3,"1,2,3",0.417733488507419,0.395408163265306,1,103,8,73,0,3353,1718.5,1488.4583747399,0.0101172161172161
249403,Baseline,4,146,FALSE,1,2,0.75,1,3,124,7,75,0,2932,733,1466,0.0155555555555556
249404,Baseline,4,127,FALSE,1,4,0.75,1,3,64,4,73,0,1292,323,646,0.0126814814814815
249405,Baseline,4,200,TRUE,2,"1,4",0.549678080187299,0.545,3,97,11,112,0,2048,854.25,1024.61256905558,0.00910144927536232
249406,Baseline,4,122,FALSE,1,4,0.652912621359223,0.755102040816326,3,57,11,55,0,830,257.5,393.139076324567,0.0103137254901961
249407,Baseline,4,200,TRUE,4,"1,2,3,4",0.184898929845422,0.289437585733882,0,,10,88,1120,2889,2102.5,820.544737760634,0.0101968253968254
249408,Baseline,4,200,TRUE,3,"1,2,3",0.291354212615792,0.344307270233196,1,51,6,119,0,1724,1133.5,771.839577459807,0.00935087719298246
249409,Baseline,4,200,TRUE,4,"1,2,3,4",0.11905737704918,0.262002743484225,0,,4,79,866,1500,1220,313.84497234569,0.00798666666666667
249410,Baseline,4,126,FALSE,1,3,0.75,1,3,69,12,79,0,1444,361,722,0.00700653594771242
249411,Baseline,4,200,TRUE,2,"1,2",0.387811233352635,0.457063711911357,2,158,7,137,196,1544,863.5,768.55253561484,0.00800701754385965
249412,Baseline,4,200,TRUE,2,"2,3",0.500113584734212,0.513888888888889,2,171,8,114,0,1101,550.25,635.374102399523,0.00862835249042146
249413,Baseline,4,200,TRUE,2,"1,4",0.556252960682141,0.5,2,146,12,71,0,2586,1055.5,1279.00625487134,0.00999242424242424
249414,Baseline,4,195,FALSE,1,4,0.75,1,3,122,12,109,0,1395,348.75,697.5,0.00884
249415,Baseline,4,200,TRUE,2,"1,4",0.595921084483176,0.606508875739645,2,134,18,131,0,2858,1032.75,1356.76118630607,0.00994139194139194
249416,Baseline,4,153,FALSE,1,4,0.674346629986245,1,3,100,14,61,0,1234,363.5,589.527211698776,0.00937333333333333
249417,Baseline,4,200,TRUE,2,"1,4",0.573328452903856,0.606508875739645,2,118,16,122,0,2650,1024.5,1280.72934949843,0.00824691358024691
249418,Baseline,4,200,TRUE,2,"1,4",0.622706681766704,0.698216735253772,2,110,6,142,0,3291,1103.75,1551.45101437332,0.0118794326241135
249419,Baseline,4,113,FALSE,1,2,0.75,1,3,44,10,46,0,1457,364.25,728.5,0.00937373737373737
249420,Baseline,4,143,FALSE,1,2,0.75,1,3,55,7,67,0,4411,1102.75,2205.5,0.0122261904761905
249421,Baseline,4,200,TRUE,2,"2,4",0.597826086956522,0.6352,2,148,6,127,0,2896,1040.75,1373.49466083175,0.0151428571428571
249422,Baseline,4,200,TRUE,4,"1,2,3,4",0.113045267489712,0.25765306122449,0,,8,84,1160,1987,1518.75,360.246559086042,0.00834615384615385
249423,Baseline,4,200,TRUE,3,"1,3,4",0.27357689039932,0.339285714285714,1,77,5,88,0,1666,1177,790.143446892187,0.0102652329749104
249424,Baseline,4,200,TRUE,3,"1,3,4",0.305722568176938,0.696428571428571,1,137,8,92,0,3628,2328.5,1609.14583967188,0.0112969696969697
249425,Baseline,4,152,FALSE,1,4,0.75,1,3,104,15,39,0,5330,1332.5,2665,0.0153333333333333
249426,Baseline,4,200,TRUE,2,"3,4",0.496165413533834,0.512465373961219,2,121,7,135,0,1835,831.25,877.835738241121,0.0088673835125448
249427,Baseline,4,164,FALSE,1,3,0.75,1,4,96,12,76,0,1138,284.5,569,0.0128333333333333
249428,Baseline,4,200,TRUE,3,"1,2,3",0.548749470114455,0.512755102040816,1,191,4,128,0,3400,1179.5,1513.91864598685,0.0134534534534535
249429,Baseline,4,105,FALSE,1,3,0.75,1,3,75,6,42,0,1393,348.25,696.5,0.00634234234234234
249430,Baseline,4,116,FALSE,1,2,0.75,1,3,82,8,47,0,3710,927.5,1855,0.0110151515151515
249431,Baseline,4,200,TRUE,3,"1,3,4",0.299576271186441,0.339285714285714,1,97,4,128,0,1802,1180,809.571079852371,0.01
249432,Baseline,4,120,FALSE,1,2,0.75,1,3,99,13,70,0,1627,406.75,813.5,0.00870238095238095
249433,Baseline,4,158,FALSE,1,3,0.75,1,3,77,6,47,0,3273,818.25,1636.5,0.00747286821705426
249434,Baseline,4,194,FALSE,1,1,0.694040290990487,0.834710743801653,3,73,2,114,0,1587,446.75,765.991024751596,0.0106581196581197
249435,Baseline,4,119,FALSE,1,3,0.75,1,3,84,4,60,0,3227,806.75,1613.5,0.00684444444444445
249436,Baseline,4,200,TRUE,4,"1,2,3,4",0.195773638968481,0.288265306122449,0,,14,82,1139,2772,1745,746.398017146348,0.00836477987421384
249437,Baseline,4,194,FALSE,1,1,0.75,1,3,99,12,131,0,1294,323.5,647,0.00741960784313726
249438,Baseline,4,142,FALSE,1,3,0.75,1,3,64,6,89,0,1094,273.5,547,0.00954716981132075
249439,Baseline,4,200,TRUE,4,"1,2,3,4",0.192237762237762,0.283163265306122,0,,20,88,1233,2875,1787.5,773.684474877625,0.00812063492063492
249440,Baseline,4,136,FALSE,1,2,0.75,1,3,100,16,42,0,2975,743.75,1487.5,0.00849382716049383
249441,Baseline,4,200,TRUE,4,"1,2,3,4",0.081420233463035,0.255102040816327,0,,4,91,1056,1552,1285,217.370651192842,0.010386292834891
249442,Baseline,4,138,FALSE,1,4,0.621959026888604,1,3,104,9,50,0,1162,390.5,547.808664894353,0.00913333333333333
249443,Baseline,4,176,FALSE,1,4,0.75,1,4,93,16,91,0,3854,963.5,1927,0.010859437751004
249444,Baseline,4,151,FALSE,1,4,0.75,1,5,56,10,92,0,2940,735,1470,0.0127231638418079
249445,Baseline,4,118,FALSE,1,3,0.75,1,3,73,8,45,0,1268,317,634,0.011981981981982
249446,Baseline,4,200,TRUE,3,"1,2,3",0.384789777411377,0.357142857142857,1,107,9,74,0,3673,1819.5,1501.48426565183,0.0087843137254902
249447,Baseline,4,200,TRUE,4,"1,2,3,4",0.236425992779783,0.270408163265306,0,,24,84,780,2885,1731.25,872.52445046925,0.00921276595744681
249448,Baseline,4,165,FALSE,1,1,0.75,1,3,98,16,76,0,763,190.75,381.5,0.0118039215686275
249449,Baseline,4,178,FALSE,1,3,0.75,1,5,91,12,87,0,2052,513,1026,0.0155757575757576
249450,Baseline,4,128,FALSE,1,1,0.72686256362795,1,3,58,9,83,0,4122,1080.5,2029.85738415289,0.0217254901960784
249451,Baseline,4,169,FALSE,1,2,0.75,1,3,148,3,118,0,3905,976.25,1952.5,0.00959493670886076
249452,Baseline,4,130,FALSE,1,3,0.75,1,3,111,10,72,0,1997,499.25,998.5,0.0127757575757576
249453,Baseline,4,126,FALSE,1,3,0.75,1,3,99,6,58,0,1269,317.25,634.5,0.0157124183006536
249454,Baseline,4,124,FALSE,1,4,0.75,1,3,98,12,54,0,3060,765,1530,0.00856060606060606
878022,Extreme_Capitalism,4,200,TRUE,4,"1,2,3,4",0.156169078446306,0.283163265306122,0,,12,66,1235,2573,1641.25,625.847891530628,0.00839880952380952
878023,Extreme_Capitalism,4,186,FALSE,1,2,0.75,1,3,58,8,109,0,3331,832.75,1665.5,0.00976029962546817
878024,Extreme_Capitalism,4,133,FALSE,1,1,0.725235264982665,1,3,50,4,49,0,3838,1009.5,1888.02215735586,0.01025
878025,Extreme_Capitalism,4,165,FALSE,1,4,0.675275827482447,1,3,93,10,59,0,3588,997,1729.9075119786,0.0101717171717172
878026,Extreme_Capitalism,4,175,FALSE,1,4,0.707223919685727,1,3,136,8,108,0,2095,572.75,1019.03070774797,0.0109003436426117
878027,Extreme_Capitalism,4,100,FALSE,1,4,0.75,1,3,66,6,48,0,2130,532.5,1065,0.00931578947368421
878028,Extreme_Capitalism,4,200,TRUE,3,"1,2,3",0.330910963607233,0.344307270233196,1,119,6,128,0,1829,1092.25,783.753522054819,0.0115850340136054
878029,Extreme_Capitalism,4,200,TRUE,3,"1,2,4",0.363582521716241,0.349716446124764,1,146,12,107,0,1689,949.75,724.695970735315,0.0109863945578231
878030,Extreme_Capitalism,4,200,TRUE,2,"1,3",0.602874603893164,0.644970414201184,2,163,9,122,0,3318,1104.5,1525.280629917,0.0106428571428571
878031,Extreme_Capitalism,4,186,FALSE,1,3,0.693034404963339,0.834710743801653,5,93,9,138,0,1571,443.25,757.839637830238,0.0103456790123457
878032,Extreme_Capitalism,4,167,FALSE,1,2,0.693122460824144,1,3,102,12,82,0,1527,430.75,736.650697413639,0.00787719298245614
878033,Extreme_Capitalism,4,100,FALSE,1,2,0.75,1,3,62,7,15,0,3870,967.5,1935,0.0218285714285714
878034,Extreme_Capitalism,4,105,FALSE,1,1,0.75,1,3,39,10,56,0,1748,437,874,0.0189393939393939
878035,Extreme_Capitalism,4,193,FALSE,1,4,0.75,1,3,37,14,156,0,1373,343.25,686.5,0.0195502008032129
878036,Extreme_Capitalism,4,200,TRUE,2,"2,3",0.491496598639456,0.524691358024692,2,159,18,117,0,1760,808.5,846.61896191065,0.0117013888888889
878037,Extreme_Capitalism,4,173,FALSE,1,4,0.75,1,3,100,14,73,0,1698,424.5,849,0.0095030303030303
878038,Extreme_Capitalism,4,100,FALSE,1,3,0.75,1,3,80,10,53,0,1766,441.5,883,0.00995238095238095
878039,Extreme_Capitalism,4,148,FALSE,1,1,0.75,1,3,97,12,86,0,1681,420.25,840.5,0.00956613756613757
878040,Extreme_Capitalism,4,200,TRUE,4,"1,2,3,4",0.216417352281227,0.255102040816327,0,,9,84,1092,2983,1671.25,881.475042187809,0.00924712643678161
878041,Extreme_Capitalism,4,200,TRUE,2,"2,3",0.632262996941896,0.68,2,63,6,129,0,2250,735.75,1061.04300101363,0.01065
878042,Extreme_Capitalism,4,125,FALSE,1,3,0.75,1,3,80,8,69,0,3578,894.5,1789,0.0087030303030303
878043,Extreme_Capitalism,4,177,FALSE,1,1,0.75,1,3,78,19,94,0,955,238.75,477.5,0.0104855967078189
878044,Extreme_Capitalism,4,187,FALSE,1,2,0.75,1,3,39,8,140,0,1923,480.75,961.5,0.0124717948717949
878045,Extreme_Capitalism,4,97,FALSE,1,3,0.75,1,3,60,10,74,0,729,182.25,364.5,0.0116571428571429
878046,Extreme_Capitalism,4,167,FALSE,1,1,0.75,1,3,75,6,105,0,3264,816,1632,0.0108633879781421
878047,Extreme_Capitalism,4,200,TRUE,4,"1,2,3,4",0.0668438266557645,0.252551020408163,0,,2,101,1275,1738,1528.75,215.578871877557,0.0110595238095238
878048,Extreme_Capitalism,4,200,TRUE,2,"1,3",0.551606922126082,0.502222222222222,2,121,14,137,0,1464,606.75,729.859061737265,0.00884848484848485
878049,Extreme_Capitalism,4,200,TRUE,4,"1,2,3,4",0.117097415506958,0.255102040816327,0,,10,81,909,1605,1257.5,304.478242244007,0.00834920634920635
878050,Extreme_Capitalism,4,134,FALSE,1,4,0.75,1,3,89,10,52,0,1594,398.5,797,0.00896296296296296
878051,Extreme_Capitalism,4,93,FALSE,1,4,0.75,1,3,46,5,57,0,3315,828.75,1657.5,0.0113541666666667
878052,Extreme_Capitalism,4,200,TRUE,2,"2,4",0.537552521008403,0.603305785123967,3,114,10,58,0,2386,952,1096.85489772653,0.0104
878053,Extreme_Capitalism,4,200,TRUE,3,"1,2,3",0.321535500427716,0.375,1,75,8,123,0,1979,1169,834.678780529772,0.0101376811594203
878054,Extreme_Capitalism,4,153,FALSE,1,4,0.726437323279925,1,3,89,8,81,0,4044,1061,1990.90029885979,0.0119019607843137
878055,Extreme_Capitalism,4,128,FALSE,1,3,0.75,1,3,120,8,76,0,3563,890.75,1781.5,0.0111264367816092
878056,Extreme_Capitalism,4,179,FALSE,1,1,0.739135158626684,1,3,89,7,77,0,4502,1150.5,2234.83056777615,0.013455938697318
878057,Extreme_Capitalism,4,107,FALSE,1,4,0.75,1,3,70,4,48,0,1985,496.25,992.5,0.00810852713178295
878058,Extreme_Capitalism,4,125,FALSE,1,3,0.75,1,4,113,6,57,0,3800,950,1900,0.0104296296296296
878059,Extreme_Capitalism,4,115,FALSE,1,3,0.75,1,3,97,8,61,0,1233,308.25,616.5,0.0113488372093023
878060,Extreme_Capitalism,4,200,TRUE,2,"1,3",0.527706598334401,0.512465373961219,3,137,8,94,0,1734,780.5,912.246129068247,0.00837878787878788
878061,Extreme_Capitalism,4,133,FALSE,1,1,0.75,1,4,63,8,49,0,1678,419.5,839,0.00777777777777778
878062,Extreme_Capitalism,4,146,FALSE,1,3,0.75,1,3,53,8,109,0,2949,737.25,1474.5,0.008
878063,Extreme_Capitalism,4,158,FALSE,1,3,0.75,1,3,115,12,50,0,1031,257.75,515.5,0.00934199134199134
878064,Extreme_Capitalism,4,200,TRUE,3,"2,3,4",0.296280276816609,0.339285714285714,1,104,16,118,0,1825,1156,796.344565289842,0.00884782608695652
878065,Extreme_Capitalism,4,200,TRUE,3,"1,3,4",0.303265044814341,0.342155009451796,2,169,7,108,0,1556,976.25,675.810809324622,0.0109333333333333
878066,Extreme_Capitalism,4,165,FALSE,1,2,0.75,1,3,91,8,80,0,2530,632.5,1265,0.0106
878067,Extreme_Capitalism,4,163,FALSE,1,1,0.75,1,3,90,8,89,0,2885,721.25,1442.5,0.00940096618357488
878068,Extreme_Capitalism,4,166,FALSE,1,3,0.75,1,4,121,10,123,0,2047,511.75,1023.5,0.0104979919678715
878069,Extreme_Capitalism,4,80,FALSE,1,1,0.75,1,3,55,9,22,0,4559,1139.75,2279.5,0.0365128205128205
878070,Extreme_Capitalism,4,126,FALSE,1,1,0.75,1,4,78,6,66,0,2602,650.5,1301,0.0122614379084967
878071,Extreme_Capitalism,4,191,FALSE,1,3,0.75,1,3,80,14,74,0,1263,315.75,631.5,0.0113333333333333
878072,Extreme_Capitalism,4,156,FALSE,1,4,0.75,1,5,100,12,53,0,3295,823.75,1647.5,0.0116091954022989
878073,Extreme_Capitalism,4,200,TRUE,3,"1,2,4",0.272464412811388,0.344307270233196,1,94,12,107,0,1606,1124,753.910693207978,0.0109275362318841
878074,Extreme_Capitalism,4,179,FALSE,1,1,0.75,1,3,78,8,102,0,1472,368,736,0.0118080808080808
878075,Extreme_Capitalism,4,94,FALSE,1,3,0.70793016407236,1,3,51,7,7,0,2177,594.25,1059.37037117966,0.00693333333333333
878076,Extreme_Capitalism,4,200,TRUE,3,"2,3,4",0.330825829123655,0.385459533607682,1,104,10,93,0,1944,1138.25,820.314726187456,0.0091043771043771
878077,Extreme_Capitalism,4,200,TRUE,2,"2,4",0.530862533692722,0.508506616257089,3,110,8,115,0,2084,927.5,1087.18397707104,0.0101596244131455
878078,Extreme_Capitalism,4,117,FALSE,1,4,0.75,1,3,80,12,44,0,1143,285.75,571.5,0.0086046511627907
878079,Extreme_Capitalism,4,200,TRUE,3,"2,3,4",0.402266530334015,0.344387755102041,1,116,13,74,0,3064,1467,1257.27191437122,0.0089553264604811
878080,Extreme_Capitalism,4,136,FALSE,1,1,0.75,1,3,67,10,50,0,3858,964.5,1929,0.00813953488372093
878081,Extreme_Capitalism,4,132,FALSE,1,1,0.75,1,4,98,6,67,0,2174,543.5,1087,0.00963522012578616
878082,Extreme_Capitalism,4,200,TRUE,3,"1,2,4",0.344602914016007,0.446428571428571,1,142,10,112,198,2385,1218.25,899.094868928376,0.00911538461538461
878083,Extreme_Capitalism,4,152,FALSE,1,1,0.75,1,3,125,12,69,0,2854,713.5,1427,0.0205435897435897
878084,Extreme_Capitalism,4,200,TRUE,4,"1,2,3,4",0.127089783281734,0.318877551020408,0,,12,75,1199,2133,1615,433.106607353586,0.0101748633879781
878085,Extreme_Capitalism,4,129,FALSE,1,3,0.75,1,3,67,10,48,0,1420,355,710,0.00846666666666667
878086,Extreme_Capitalism,4,154,FALSE,1,4,0.75,1,3,104,15,60,0,2036,509,1018,0.00903030303030303
878087,Extreme_Capitalism,4,193,FALSE,1,2,0.75,1,4,116,13,108,0,1341,335.25,670.5,0.0117954545454545
878088,Extreme_Capitalism,4,166,FALSE,1,2,0.75,1,3,122,10,62,0,1659,414.75,829.5,0.0100650406504065
878089,Extreme_Capitalism,4,200,TRUE,2,"1,2",0.523770491803279,0.510204081632653,2,79,14,141,0,2004,915,1066.06003583288,0.0109027777777778
878090,Extreme_Capitalism,4,149,FALSE,1,2,0.75,1,4,115,4,60,0,2068,517,1034,0.0100574712643678
878091,Extreme_Capitalism,4,200,TRUE,2,"1,2",0.51802637000412,0.86734693877551,2,66,10,105,0,4101,1820.25,2040.95473982154,0.0117083333333333
878092,Extreme_Capitalism,4,200,TRUE,2,"2,4",0.522661031769164,0.755102040816326,2,102,5,121,0,3742,1715.5,1997.09814480911,0.0102074074074074
878093,Extreme_Capitalism,4,163,FALSE,1,4,0.75,1,3,78,15,97,0,1190,297.5,595,0.0106214689265537
878094,Extreme_Capitalism,4,200,TRUE,2,"3,4",0.534561403508772,0.515570934256055,2,121,10,105,0,1622,712.5,838.300463238967,0.00786666666666667
878095,Extreme_Capitalism,4,200,TRUE,2,"2,4",0.563727839003354,0.511834319526627,2,100,1,111,0,2619,1043.5,1280.83527434249,0.0108039215686275
878096,Extreme_Capitalism,4,200,TRUE,3,"1,2,3",0.306435195657091,0.3536,2,155,12,82,0,1649,1105.25,771.637814435417,0.0086959706959707
878097,Extreme_Capitalism,4,200,TRUE,2,"2,4",0.551349325337331,0.524691358024692,2,166,13,87,0,2010,833.75,1002.5249373457,0.0101362007168459
878098,Extreme_Capitalism,4,200,TRUE,3,"1,2,4",0.330903225806452,0.334593572778828,1,114,8,122,0,1643,968.75,696.767476757251,0.00926950354609929
878099,Extreme_Capitalism,4,165,FALSE,1,3,0.746307237813885,1,3,117,5,76,-10,4032,1005.5,2017.67217357033,0.00832863849765258
878100,Extreme_Capitalism,4,200,TRUE,3,"2,3,4",0.290207094073585,0.64030612244898,1,80,10,103,0,3320,2269.5,1545.33739573812,0.0128690476190476
878101,Extreme_Capitalism,4,200,TRUE,3,"1,3,4",0.318455452356381,0.3632,1,153,2,86,0,2303,1453.5,1023.10393737228,0.0144713804713805
878102,Extreme_Capitalism,4,170,FALSE,1,4,0.726196201009858,1,3,78,9,106,0,3961,1039.75,1949.73543077003,0.00942307692307692
878103,Extreme_Capitalism,4,200,TRUE,2,"2,3",0.565167682926829,0.513888888888889,2,135,13,79,0,2481,984,1210.97233659568,0.0104943820224719
878104,Extreme_Capitalism,4,141,FALSE,1,1,0.75,1,3,114,14,56,0,2888,722,1444,0.00904
878105,Extreme_Capitalism,4,200,TRUE,2,"3,4",0.575507314771119,0.606508875739645,2,144,4,91,0,2759,1059.5,1330.33341685459,0.00855797101449275
878106,Extreme_Capitalism,4,200,TRUE,3,"1,3,4",0.271793797150042,0.34297520661157,1,161,28,109,0,1267,894.75,599.916869241064,0.00754
878107,Extreme_Capitalism,4,200,TRUE,2,"1,4",0.459908536585366,0.5,2,49,6,101,0,1577,820,835.930220373288,0.015121568627451
878108,Extreme_Capitalism,4,123,FALSE,1,2,0.75,1,4,42,10,47,0,3491,872.75,1745.5,0.0171219512195122
878109,Extreme_Capitalism,4,200,TRUE,3,"1,3,4",0.451005439261579,0.434842249657064,1,193,8,63,0,3566,1516.75,1491.33483273654,0.0118187702265372
878110,Extreme_Capitalism,4,200,TRUE,2,"3,4",0.465006729475101,0.503472222222222,2,113,6,137,0,2317,1114.5,1094.09460285663,0.00973504273504274
878111,Extreme_Capitalism,4,133,FALSE,1,4,0.75,1,3,113,16,41,0,4576,1144,2288,0.0122150537634409
878112,Extreme_Capitalism,4,189,FALSE,1,3,0.75,1,3,97,12,106,0,1848,462,924,0.0154186046511628
878113,Extreme_Capitalism,4,122,FALSE,1,1,0.725909305621162,0.9232,4,53,10,32,0,4030,1058.5,1983.33280112038,0.0141240310077519
878114,Extreme_Capitalism,4,200,TRUE,3,"1,2,3",0.289767484775789,0.344307270233196,1,131,8,73,0,1979,1354.75,922.138592258958,0.00884789644012945
878115,Extreme_Capitalism,4,200,TRUE,3,"2,3,4",0.287503210891343,0.347222222222222,1,100,17,77,0,1481,973.25,661.802777771948,0.0069808429118774
878116,Extreme_Capitalism,4,200,TRUE,2,"2,3",0.476145038167939,0.501385041551246,2,139,26,125,0,1614,786,808.480055412624,0.0106270627062706
878117,Extreme_Capitalism,4,121,FALSE,1,2,0.75,1,3,88,12,50,0,2457,614.25,1228.5,0.00875438596491228
878118,Extreme_Capitalism,4,200,TRUE,3,"1,2,4",0.383113031689544,0.400510204081633,1,146,4,66,0,2798,1475.25,1175.90514781876,0.0186666666666667
878119,Extreme_Capitalism,4,147,FALSE,1,1,0.692922374429224,0.834710743801653,3,103,10,76,0,1552,438,748.627188035985,0.0122910798122066
878120,Extreme_Capitalism,4,200,TRUE,3,"1,3,4",0.298106591865358,0.441326530612245,1,69,8,83,0,2740,1782.5,1221.22711510458,0.0145
878121,Extreme_Capitalism,4,181,FALSE,1,1,0.701004409603136,1,3,135,8,61,0,1841,510.25,892.16230772956,0.0099921568627451
878122,Extreme_Capitalism,4,107,FALSE,1,2,0.75,1,4,86,6,51,0,4092,1023,2046,0.00858503401360544
878123,Extreme_Capitalism,4,200,TRUE,3,"1,3,4",0.312819124245706,0.477040816326531,1,105,20,72,0,2553,1615.75,1127.06976270327,0.0117643097643098
878124,Extreme_Capitalism,4,176,FALSE,1,1,0.75,1,3,105,11,71,0,1628,407,814,0.00796536796536797
878125,Extreme_Capitalism,4,200,TRUE,2,"3,4",0.601050080775444,0.667590027700831,3,69,8,122,0,2173,773.75,1029.11883829485,0.00906666666666667
878126,Extreme_Capitalism,4,163,FALSE,1,4,0.75,1,3,113,12,87,0,3639,909.75,1819.5,0.00891056910569106
878127,Extreme_Capitalism,4,200,TRUE,2,"1,2",0.582835077229696,0.5648,2,67,7,117,0,2672,1003.5,1279.64825896286,0.0117094017094017
878128,Extreme_Capitalism,4,166,FALSE,1,2,0.75,1,3,94,7,63,0,3269,817.25,1634.5,0.00982159624413145
878129,Extreme_Capitalism,4,200,TRUE,1,3,0.72828447339848,1,4,105,14,108,0,4405,1151.25,2171.21461782724,0.00997069597069597
878130,Extreme_Capitalism,4,200,TRUE,2,"1,3",0.503679924835578,0.501385041551246,2,73,12,62,0,1620,798.25,921.939396055945,0.00852592592592593
878131,Extreme_Capitalism,4,200,TRUE,2,"1,3",0.517710472279261,0.5,2,69,14,129,0,2086,974,1130.30851245726,0.0115022222222222
878132,Extreme_Capitalism,4,200,TRUE,2,"2,4",0.532738095238095,0.501133786848073,2,86,6,140,0,1900,840,986.441415729625,0.00976923076923077
878133,Extreme_Capitalism,4,200,TRUE,3,"1,2,4",0.329495614035088,0.352537722908093,2,106,10,119,0,1797,1140,824.514806820755,0.0100627450980392
878134,Extreme_Capitalism,4,162,FALSE,1,3,0.721271038885664,1,3,135,6,79,0,3248,861.5,1593.73554895409,0.0102162162162162
878135,Extreme_Capitalism,4,172,FALSE,1,2,0.75,1,3,55,8,99,0,3572,893,1786,0.00957377049180328
878136,Extreme_Capitalism,4,200,TRUE,2,"1,4",0.615622241835834,0.615912208504801,2,93,5,53,0,3314,1133,1563.2619742065,0.0147596899224806
878137,Extreme_Capitalism,4,148,FALSE,1,3,0.75,1,3,105,6,73,0,3880,970,1940,0.0101515151515152
878138,Extreme_Capitalism,4,200,TRUE,4,"1,2,3,4",0.181345454545454,0.278061224489796,0,,18,81,1052,2590,1718.75,656.786812189973,0.0105847953216374
878139,Extreme_Capitalism,4,200,TRUE,3,"1,3,4",0.359998397692678,0.352537722908093,2,145,15,70,0,2874,1560.25,1191.26162113954,0.0094984126984127
878140,Extreme_Capitalism,4,200,TRUE,2,"1,3",0.582956746287928,0.505,2,85,12,139,0,2063,774.5,987.892200596806,0.00743478260869565
878141,Extreme_Capitalism,4,200,TRUE,3,"2,3,4",0.331788079470199,0.352537722908093,1,108,12,102,0,1869,1132.5,813.512753434143,0.00889320388349515
878142,Extreme_Capitalism,4,156,FALSE,1,3,0.75,1,3,81,8,74,0,1805,451.25,902.5,0.00934751773049645
878143,Extreme_Capitalism,4,200,TRUE,2,"2,4",0.685429606625259,0.8528,2,66,6,143,0,3365,966,1616.53972010176,0.0187945205479452
878144,Extreme_Capitalism,4,165,FALSE,1,4,0.75,1,3,74,12,138,0,3873,968.25,1936.5,0.0103715846994536
878145,Extreme_Capitalism,4,200,TRUE,2,"3,4",0.623291386417878,0.654320987654321,2,100,21,116,0,3441,1152.25,1622.13693934883,0.00964
878146,Extreme_Capitalism,4,158,FALSE,1,3,0.75,1,4,51,12,90,0,3196,799,1598,0.0117878787878788
878147,Extreme_Capitalism,4,200,TRUE,3,"1,3,4",0.348073555166375,0.357638888888889,1,165,7,114,0,1669,999.25,743.198661193627,0.00825396825396826
878148,Extreme_Capitalism,4,200,TRUE,2,"2,4",0.541685494803434,0.502222222222222,2,124,14,115,0,1291,553.25,656.359340097582,0.00880434782608696
878149,Extreme_Capitalism,4,200,TRUE,2,"3,4",0.587407526535864,0.931122448979592,2,77,10,128,0,4196,1554.5,2002.41678978179,0.0187833333333333
878150,Extreme_Capitalism,4,200,TRUE,3,"1,2,4",0.452240199128811,0.477040816326531,1,50,9,128,0,2818,1205.25,1179.30244212416,0.0145072463768116
878151,Extreme_Capitalism,4,159,FALSE,1,4,0.75,1,3,82,12,71,0,1368,342,684,0.0103768115942029
878152,Extreme_Capitalism,4,142,FALSE,1,2,0.75,1,3,123,11,51,0,1148,287,574,0.00721212121212121
878153,Extreme_Capitalism,4,200,TRUE,4,"1,2,3,4",0.0915081967213114,0.344387755102041,0,,10,45,1406,2217,1906.25,378.088503748351,0.0159393939393939
878154,Extreme_Capitalism,4,200,TRUE,2,"1,3",0.552557616638561,0.537190082644628,2,95,8,108,0,2153,889.5,1071.53985771257,0.0103584229390681
878155,Extreme_Capitalism,4,200,TRUE,2,"1,2",0.567422023091504,0.755102040816326,2,55,3,136,0,3684,1450.75,1792.88545367516,0.0169619047619048
878156,Extreme_Capitalism,4,200,TRUE,3,"1,2,3",0.300690754516472,0.336734693877551,1,103,15,119,0,1872,1176.25,813.223370298714,0.00905610561056106
878157,Extreme_Capitalism,4,200,TRUE,2,"1,2",0.545505981247979,0.555555555555556,2,110,6,78,0,1828,773.25,921.980974134861,0.0123968253968254
878158,Extreme_Capitalism,4,185,FALSE,1,3,0.693661971830986,0.802469135802469,3,56,8,139,0,1575,443.75,760.037005678013,0.00986854460093897
878159,Extreme_Capitalism,4,192,FALSE,1,1,0.75,1,3,175,24,70,0,3092,773,1546,0.00858064516129032
878160,Extreme_Capitalism,4,200,TRUE,3,"2,3,4",0.303062767834636,0.338374291115312,1,136,12,69,0,1506,991.75,684.194112319986,0.00887542087542088
878161,Extreme_Capitalism,4,200,TRUE,2,"1,3",0.545562599049128,0.524691358024692,2,161,9,111,0,1865,788.75,940.535087064805,0.0109733333333333
878162,Extreme_Capitalism,4,165,FALSE,1,3,0.75,1,3,49,13,102,0,1614,403.5,807,0.00809230769230769
878163,Extreme_Capitalism,4,145,FALSE,1,2,0.724792034282833,1,3,104,12,65,0,3767,991.75,1852.56729522394,0.0155172413793103
878164,Extreme_Capitalism,4,187,FALSE,1,3,0.75,1,3,145,14,84,0,3259,814.75,1629.5,0.00975686274509804
878165,Extreme_Capitalism,4,200,TRUE,2,"3,4",0.505465903175429,0.508506616257089,2,97,11,75,0,1963,960.5,1109.61990489236,0.00959722222222222
878166,Extreme_Capitalism,4,146,FALSE,1,3,0.75,1,3,103,8,79,0,747,186.75,373.5,0.0122044444444444
878167,Extreme_Capitalism,4,116,FALSE,1,3,0.75,1,3,60,11,44,0,1259,314.75,629.5,0.00724031007751938
878168,Extreme_Capitalism,4,200,TRUE,4,"1,2,3,4",0.104802831142568,0.267857142857143,0,,10,84,1040,1717,1236.25,321.966224936716,0.00809174311926606
878169,Extreme_Capitalism,4,200,TRUE,2,"2,3",0.549281723862729,0.569160997732426,2,151,9,65,0,2454,939.75,1117.05158788661,0.00958241758241758
878170,Extreme_Capitalism,4,142,FALSE,1,3,0.75,1,3,79,16,76,0,2779,694.75,1389.5,0.0184795321637427
878171,Extreme_Capitalism,4,98,FALSE,1,2,0.75,1,3,59,10,55,0,4033,1008.25,2016.5,0.0176333333333333
878172,Extreme_Capitalism,4,138,FALSE,1,3,0.75,1,3,119,8,64,0,3453,863.25,1726.5,0.0106862745098039
878173,Extreme_Capitalism,4,200,TRUE,4,"1,2,3,4",0.100859453993933,0.262755102040816,0,,18,103,830,1479,1236.25,281.948429090617,0.0110996563573883
878174,Extreme_Capitalism,4,200,TRUE,3,"1,3,4",0.380881477069684,0.451530612244898,1,73,3,110,0,2843,1679,1385.23812634026,0.00919093851132686
878175,Extreme_Capitalism,4,193,FALSE,1,4,0.687264742785446,0.802469135802469,4,60,11,123,0,1394,398.5,670.330018224854,0.00709375
878176,Extreme_Capitalism,4,166,FALSE,1,3,0.75,1,3,128,11,75,0,2751,687.75,1375.5,0.0109722222222222
878177,Extreme_Capitalism,4,146,FALSE,1,4,0.75,1,3,93,14,86,0,1193,298.25,596.5,0.00831182795698925
878178,Extreme_Capitalism,4,133,FALSE,1,2,0.75,1,3,59,4,59,0,3565,891.25,1782.5,0.0139883040935673
878179,Extreme_Capitalism,4,200,TRUE,2,"2,4",0.614425916275838,0.931122448979592,2,140,2,106,0,4196,1439.25,1979.67798307368,0.0150218068535826
878180,Extreme_Capitalism,4,122,FALSE,1,3,0.75,1,3,91,11,58,0,1447,361.75,723.5,0.0101538461538462
878181,Extreme_Capitalism,4,154,FALSE,1,1,0.75,1,4,86,10,96,0,1749,437.25,874.5,0.00857627118644068
878182,Extreme_Capitalism,4,179,FALSE,1,1,0.694258639910814,1,3,62,6,95,0,1594,448.5,769.464532429317,0.00787096774193549
878183,Extreme_Capitalism,4,177,FALSE,1,4,0.699057564951605,0.834710743801653,3,89,10,90,0,1763,490.75,853.390639351835,0.00866666666666667
878184,Extreme_Capitalism,4,200,TRUE,4,"1,2,3,4",0.125757575757576,0.267857142857143,0,,14,74,1218,2292,1608.75,469.895999131723,0.00811411411411411
878185,Extreme_Capitalism,4,200,TRUE,3,"1,3,4",0.365888746803069,0.408284023668639,1,137,10,70,0,2766,1564,1200.6253925906,0.00760137457044674
878186,Extreme_Capitalism,4,200,TRUE,3,"1,3,4",0.408052607291186,0.368620037807183,1,169,8,89,0,2276,1083.5,936.701126293761,0.00842071197411003
878187,Extreme_Capitalism,4,139,FALSE,1,4,0.75,1,4,77,14,91,0,1721,430.25,860.5,0.00659770114942529
878188,Extreme_Capitalism,4,153,FALSE,1,4,0.75,1,3,94,10,49,0,4939,1234.75,2469.5,0.0116023391812866
878189,Extreme_Capitalism,4,200,TRUE,2,"1,4",0.555096051227321,0.648760330578512,2,78,15,115,0,2487,937,1131.22558905522,0.0109078014184397
878190,Extreme_Capitalism,4,200,TRUE,4,"1,2,3,4",0.151869918699187,0.262755102040816,0,,10,90,1182,2348,1537.5,552.305772798607,0.011195652173913
878191,Extreme_Capitalism,4,90,FALSE,1,4,0.75,1,3,53,8,36,0,1808,452,904,0.00906172839506173
878192,Extreme_Capitalism,4,134,FALSE,1,2,0.75,1,4,102,5,52,0,3532,883,1766,0.0136719576719577
878193,Extreme_Capitalism,4,200,TRUE,3,"1,2,4",0.313699073076094,0.357142857142857,1,86,4,109,0,1770,1159.75,816.284417344837,0.0120814814814815
878194,Extreme_Capitalism,4,200,TRUE,2,"2,4",0.557297605473204,0.53360768175583,2,98,15,138,0,2695,1096.25,1330.67260561467,0.0103968253968254
878195,Extreme_Capitalism,4,197,FALSE,1,1,0.75,1,3,67,10,93,0,1694,423.5,847,0.010281124497992
878196,Extreme_Capitalism,4,148,FALSE,1,2,0.75,1,3,96,12,47,0,4266,1066.5,2133,0.0145901639344262
878197,Extreme_Capitalism,4,167,FALSE,1,1,0.75,1,3,133,8,68,0,2748,687,1374,0.0103904761904762
878198,Extreme_Capitalism,4,200,TRUE,2,"1,2",0.563912009512485,0.5648,3,87,4,118,0,2640,1051.25,1290.77738204541,0.00900392156862745
878199,Extreme_Capitalism,4,135,FALSE,1,3,0.75,1,5,108,8,72,0,1534,383.5,767,0.0126984126984127
878200,Extreme_Capitalism,4,145,FALSE,1,2,0.75,1,3,52,14,97,0,2043,510.75,1021.5,0.00744144144144144
878201,Extreme_Capitalism,4,170,FALSE,1,3,0.75,1,3,100,14,103,0,1669,417.25,834.5,0.00877477477477478
878202,Extreme_Capitalism,4,142,FALSE,1,4,0.75,1,3,58,10,89,0,1550,387.5,775,0.0120283687943262
878203,Extreme_Capitalism,4,144,FALSE,1,1,0.75,1,3,97,15,54,0,1507,376.75,753.5,0.0120860215053763
878204,Extreme_Capitalism,4,138,FALSE,1,1,0.715051258154706,1,3,74,14,75,0,1996,536.5,975.565989567082,0.00671666666666667
878205,Extreme_Capitalism,4,199,FALSE,1,2,0.75,1,3,190,18,120,0,3129,782.25,1564.5,0.00867961165048544
878206,Extreme_Capitalism,4,135,FALSE,1,3,0.75,1,3,91,18,56,0,1407,351.75,703.5,0.00818439716312057
878207,Extreme_Capitalism,4,92,FALSE,1,1,0.75,1,3,59,8,38,0,3128,782,1564,0.00985416666666667
878208,Extreme_Capitalism,4,149,FALSE,1,2,0.75,1,3,128,8,80,0,1783,445.75,891.5,0.0118888888888889
878209,Extreme_Capitalism,4,200,TRUE,2,"3,4",0.610223394353087,0.691609977324263,2,104,11,122,0,2322,805.75,1096.44163091338,0.0132037037037037
878210,Extreme_Capitalism,4,200,TRUE,3,"1,3,4",0.294336722629463,0.346153846153846,1,89,6,136,0,1582,1057.25,721.586850859502,0.00745454545454546
878211,Extreme_Capitalism,4,200,TRUE,4,"1,2,3,4",0.105717574827322,0.308673469387755,0,,16,83,1238,2150,1628.75,379.948571081228,0.0103555555555556
878212,Extreme_Capitalism,4,200,TRUE,4,"1,2,3,4",0.0474921630094043,0.25765306122449,0,,14,132,1030,1312,1196.25,121.51371664686,0.00793827160493827
878213,Extreme_Capitalism,4,200,TRUE,3,"2,3,4",0.313516379919868,0.334319526627219,1,108,4,96,0,1655,1060.75,741.732824764641,0.00761904761904762
878214,Extreme_Capitalism,4,200,TRUE,2,"3,4",0.558786856388441,0.931122448979592,3,124,9,75,0,4210,1704.25,2073.85926475255,0.0137654320987654
878215,Extreme_Capitalism,4,200,TRUE,2,"1,4",0.561792576993946,0.53125,2,69,8,141,0,2369,949.75,1161.74592029984,0.010169014084507
878216,Extreme_Capitalism,4,200,TRUE,2,"1,2",0.528467635402906,0.513888888888889,2,107,11,152,0,2108,946.25,1106.71236100443,0.00773737373737374
878217,Extreme_Capitalism,4,200,TRUE,3,"1,2,3",0.471222040370977,0.395408163265306,1,199,20,77,0,4585,1833,1945.74630069459,0.00950641025641026
878218,Extreme_Capitalism,4,200,TRUE,2,"1,3",0.496693794506612,0.4609375,2,189,16,119,0,1655,737.25,774.96467661436,0.00819417475728155
878219,Extreme_Capitalism,4,110,FALSE,1,4,0.75,1,3,85,8,31,0,3304,826,1652,0.0153188405797101
878220,Extreme_Capitalism,4,200,TRUE,2,"1,4",0.552539258269295,0.555555555555556,2,154,12,94,0,1811,748.25,901.356893799565,0.0083015873015873
878221,Extreme_Capitalism,4,200,TRUE,2,"2,3",0.503782260456838,0.5,2,135,8,115,0,1711,842.75,973.346589521602,0.00888888888888889
878222,Extreme_Capitalism,4,167,FALSE,1,4,0.718213604577241,0.722222222222222,3,110,8,77,0,2946,786.5,1442.75049818047,0.00729113924050633
878223,Extreme_Capitalism,4,200,TRUE,4,"1,2,3,4",0.0787526427061311,0.262755102040816,0,,12,81,1010,1453,1182.5,200.573344855857,0.00894666666666667
878224,Extreme_Capitalism,4,200,TRUE,3,"2,3,4",0.335054151624549,0.365079365079365,1,200,6,79,0,2933,1731.25,1251.36948313971,0.00957222222222222
878225,Extreme_Capitalism,4,149,FALSE,1,2,0.75,1,3,91,12,79,0,1454,363.5,727,0.00951724137931035
878226,Extreme_Capitalism,4,168,FALSE,1,4,0.694720840243228,1,3,88,7,88,0,1609,452.25,776.908563903544,0.0111604938271605
878227,Extreme_Capitalism,4,194,FALSE,1,3,0.75,1,3,115,14,124,0,3052,763,1526,0.0133555555555556
878228,Extreme_Capitalism,4,200,TRUE,4,"1,2,3,4",0.0900000000000001,0.25765306122449,0,,10,83,1234,1806,1506.25,298.302279575601,0.0113081761006289
878229,Extreme_Capitalism,4,200,TRUE,2,"2,4",0.655999542019693,0.739644970414201,2,166,6,90,0,3546,1091.75,1681.31741500527,0.0119727891156463
878230,Extreme_Capitalism,4,200,TRUE,3,"2,3,4",0.384330590875094,0.440329218106996,1,168,15,60,0,2999,1671.25,1345.88171223675,0.0112087912087912
878231,Extreme_Capitalism,4,200,TRUE,4,"1,2,3,4",0.20013698630137,0.283163265306122,0,,8,96,1274,3147,1825,889.535084561967,0.00792063492063492
878232,Extreme_Capitalism,4,125,FALSE,1,1,0.75,1,3,85,8,31,0,3737,934.25,1868.5,0.00968553459119497
878233,Extreme_Capitalism,4,133,FALSE,1,1,0.75,1,3,103,10,72,0,3754,938.5,1877,0.0127384615384615
878234,Extreme_Capitalism,4,160,FALSE,1,2,0.75,1,3,64,8,75,0,4064,1016,2032,0.00683333333333333
878235,Extreme_Capitalism,4,200,TRUE,3,"1,2,3",0.323287528627941,0.357142857142857,1,107,14,94,0,1836,1200.75,866.476148931214,0.00927710843373494
878236,Extreme_Capitalism,4,176,FALSE,1,4,0.75,1,3,76,10,102,0,3944,986,1972,0.0138787878787879
878237,Extreme_Capitalism,4,189,FALSE,1,4,0.75,1,3,152,10,92,0,3866,966.5,1933,0.0107131782945736
878238,Extreme_Capitalism,4,116,FALSE,1,3,0.75,1,3,61,8,46,0,3793,948.25,1896.5,0.0149714285714286
878239,Extreme_Capitalism,4,143,FALSE,1,1,0.7132507349853,1,3,69,8,58,0,2206,595.25,1076.99748529573,0.00899259259259259
878240,Extreme_Capitalism,4,164,FALSE,1,2,0.75,1,3,140,11,92,0,3938,984.5,1969,0.0156481481481481
878241,Extreme_Capitalism,4,147,FALSE,1,2,0.75,1,3,95,8,106,0,3210,802.5,1605,0.0163396226415094
878242,Extreme_Capitalism,4,94,FALSE,1,4,0.75,1,3,64,10,32,0,1145,286.25,572.5,0.0176190476190476
878243,Extreme_Capitalism,4,200,TRUE,4,"1,2,3,4",0.280390143737166,0.255102040816327,0,,5,45,729,3746,2435,1467.56419507518,0.00945833333333333
878244,Extreme_Capitalism,4,200,TRUE,2,"1,4",0.63380603842635,0.615912208504801,2,62,6,159,0,3356,1093,1582.86617669762,0.0117222222222222
878245,Extreme_Capitalism,4,151,FALSE,1,4,0.691451990632318,0.722222222222222,3,100,8,69,0,1508,427,726.807631587158,0.010641975308642
878246,Extreme_Capitalism,4,200,TRUE,2,"1,4",0.608966039368376,0.625,2,82,8,131,0,3319,1155.75,1567.71008693147,0.0113333333333333
878247,Extreme_Capitalism,4,200,TRUE,2,"1,3",0.525007509762691,0.516528925619835,2,99,8,127,0,1831,832.25,970.567660358274,0.0132222222222222
878248,Extreme_Capitalism,4,192,FALSE,1,1,0.727246871444824,1,3,119,14,95,0,4195,1098.75,2066.31868710194,0.0123220973782772
878249,Extreme_Capitalism,4,150,FALSE,1,4,0.75,1,3,100,16,82,0,1237,309.25,618.5,0.00908212560386473
878250,Extreme_Capitalism,4,110,FALSE,1,4,0.75,1,3,100,6,49,0,4911,1227.75,2455.5,0.0148
878251,Extreme_Capitalism,4,132,FALSE,1,1,0.75,1,3,78,16,33,0,1800,450,900,0.0071937984496124
878252,Extreme_Capitalism,4,200,TRUE,3,"2,3,4",0.359219088937093,0.346938775510204,2,132,17,120,0,2133,1152.5,881.237955000426,0.00857605177993528
878253,Extreme_Capitalism,4,143,FALSE,1,4,0.75,1,3,129,10,91,0,1462,365.5,731,0.00884761904761905
878254,Extreme_Capitalism,4,98,FALSE,1,3,0.75,1,3,56,10,29,0,2534,633.5,1267,0.00896078431372549
878255,Extreme_Capitalism,4,198,FALSE,1,2,0.75,1,3,82,16,87,0,3218,804.5,1609,0.00910077519379845
878256,Extreme_Capitalism,4,109,FALSE,1,4,0.75,1,3,78,12,63,0,3276,819,1638,0.00848
878257,Extreme_Capitalism,4,122,FALSE,1,4,0.75,1,3,69,8,39,0,1833,458.25,916.5,0.0131544715447154
878258,Extreme_Capitalism,4,155,FALSE,1,1,0.75,1,4,75,10,100,0,912,228,456,0.011247311827957
878259,Extreme_Capitalism,4,121,FALSE,1,4,0.645287958115183,0.625,3,45,5,71,0,755,238.75,356.846722464048,0.0171428571428571
878260,Extreme_Capitalism,4,101,FALSE,1,3,0.75,1,3,79,12,46,0,857,214.25,428.5,0.010462962962963
878261,Extreme_Capitalism,4,199,FALSE,1,3,0.75,1,3,64,14,95,0,1968,492,984,0.00863681592039801
878262,Extreme_Capitalism,4,200,TRUE,3,"1,2,4",0.320421030134644,0.358024691358025,1,114,1,96,0,1796,1169.75,835.392273126823,0.0109185185185185
878263,Extreme_Capitalism,4,200,TRUE,3,"1,2,3",0.333333333333333,0.339285714285714,1,107,10,105,0,1988,1167,842.533481036016,0.0109934640522876
878264,Extreme_Capitalism,4,200,TRUE,4,"1,2,3,4",0.204270833333333,0.288265306122449,0,,6,127,584,1807,1200,509.885608086101,0.0101635220125786
878265,Extreme_Capitalism,4,200,TRUE,2,"1,4",0.591041397153946,0.931122448979592,2,93,9,122,0,4218,1546,2008.00199203088,0.0163730158730159
878266,Extreme_Capitalism,4,185,FALSE,1,2,0.75,1,3,72,14,110,0,4199,1049.75,2099.5,0.012643137254902
878267,Extreme_Capitalism,4,200,TRUE,2,"2,3",0.644086496028244,0.663265306122449,2,96,12,83,0,3572,1133,1687.80212110306,0.0130699588477366
878268,Extreme_Capitalism,4,200,TRUE,2,"3,4",0.506182380216383,0.5,2,157,10,123,0,1326,647,747.547991770428,0.0106153846153846
878269,Extreme_Capitalism,4,200,TRUE,3,"1,3,4",0.46911218018806,0.487244897959184,1,125,14,120,0,2696,1143.25,1143.5941514949,0.0116941176470588
878270,Extreme_Capitalism,4,149,FALSE,1,3,0.75,1,3,95,15,79,0,3178,794.5,1589,0.00730909090909091
878271,Extreme_Capitalism,4,200,TRUE,4,"1,2,3,4",0.04,0.25,0,,18,102,1187,1415,1312.5,113.56202416888,0.00704371584699454
878272,Extreme_Capitalism,4,164,FALSE,1,3,0.75,1,4,89,14,63,0,1584,396,792,0.0094468085106383
878273,Extreme_Capitalism,4,200,TRUE,2,"1,4",0.584325692170289,0.63718820861678,2,145,12,89,0,2246,839.75,1074.33153635179,0.00974531835205993
878274,Extreme_Capitalism,4,200,TRUE,3,"2,3,4",0.351991150442478,0.352537722908093,1,108,10,102,0,2071,1130,854.720617121954,0.0100681818181818
878275,Extreme_Capitalism,4,186,FALSE,1,2,0.75,1,3,123,8,101,0,3179,794.75,1589.5,0.00734156378600823
878276,Extreme_Capitalism,4,147,FALSE,1,4,0.75,1,3,100,7,39,0,4078,1019.5,2039,0.00898888888888889
878277,Extreme_Capitalism,4,200,TRUE,2,"2,3",0.512982195845697,0.501730103806228,2,76,13,86,0,1418,674,780.364017622545,0.010768115942029
878278,Extreme_Capitalism,4,166,FALSE,1,3,0.659965849115182,0.802469135802469,3,107,12,62,0,2831,805.25,1353.63101200684,0.00884057971014493
878279,Extreme_Capitalism,4,200,TRUE,4,"1,2,3,4",0.138343558282209,0.267857142857143,0,,6,115,729,1563,1222.5,361.476140291444,0.00982
878280,Extreme_Capitalism,4,148,FALSE,1,3,0.75,1,3,89,12,68,0,3759,939.75,1879.5,0.00886021505376344
878281,Extreme_Capitalism,4,167,FALSE,1,4,0.622448979591837,0.555555555555556,3,81,7,102,0,584,196,275.313155031381,0.00743089430894309
878282,Extreme_Capitalism,4,200,TRUE,2,"1,4",0.575648414985591,0.547337278106509,2,101,2,129,0,2712,1041,1307.48154862698,0.0112936507936508
878283,Extreme_Capitalism,4,143,FALSE,1,2,0.75,1,3,47,10,53,0,4240,1060,2120,0.00935294117647059
878284,Extreme_Capitalism,4,200,TRUE,2,"1,4",0.512721394433511,0.504132231404959,2,74,12,113,0,1869,889.25,1029.47280197196,0.0110069444444444
878285,Extreme_Capitalism,4,149,FALSE,1,3,0.75,1,4,76,10,75,0,1599,399.75,799.5,0.0101481481481481
878286,Extreme_Capitalism,4,137,FALSE,1,2,0.703476983349657,1,3,62,10,65,0,1852,510.5,898.807172497713,0.00790476190476191
878287,Extreme_Capitalism,4,187,FALSE,1,1,0.75,1,3,57,8,103,0,3809,952.25,1904.5,0.0128888888888889
878288,Extreme_Capitalism,4,152,FALSE,1,4,0.75,1,3,84,7,52,0,4425,1106.25,2212.5,0.0126333333333333
878289,Extreme_Capitalism,4,200,TRUE,1,3,0.75,1,3,65,10,97,0,3569,892.25,1784.5,0.00928502415458937
878290,Extreme_Capitalism,4,160,FALSE,1,2,0.75,1,3,116,16,57,0,1552,388,776,0.0101420765027322
878291,Extreme_Capitalism,4,120,FALSE,1,2,0.75,1,3,74,14,35,0,3850,962.5,1925,0.00741666666666667
878292,Extreme_Capitalism,4,200,TRUE,4,"1,2,3,4",0.214680545585068,0.283163265306122,0,,16,63,961,2835,1741.25,799.720940912099,0.00951351351351351
878293,Extreme_Capitalism,4,152,FALSE,1,3,0.75,1,3,56,10,62,0,4453,1113.25,2226.5,0.0129310344827586
878294,Extreme_Capitalism,4,158,FALSE,1,2,0.722572682391662,0.909297052154195,3,76,6,100,0,3446,911.5,1692.29499004557,0.011044776119403
878295,Extreme_Capitalism,4,200,TRUE,3,"1,2,3",0.37314841707813,0.410714285714286,1,171,6,113,0,3054,1721.5,1346.29206836159,0.00908
878296,Extreme_Capitalism,4,134,FALSE,1,3,0.75,1,3,113,12,63,0,1476,369,738,0.00682352941176471
878297,Extreme_Capitalism,4,200,TRUE,3,"1,3,4",0.249380549246335,0.349489795918367,1,77,15,86,198,1741,1210.75,693.693676392301,0.0114496124031008
878298,Extreme_Capitalism,4,200,TRUE,2,"1,4",0.533235867446394,0.5078125,2,105,14,76,0,1453,641.25,753.424791645899,0.00847138047138047
878299,Extreme_Capitalism,4,200,TRUE,2,"3,4",0.564317925591883,0.555555555555556,2,81,2,153,0,2788,1108.75,1362.38109572909,0.0133015873015873
878300,Extreme_Capitalism,4,195,FALSE,1,2,0.75,1,3,143,8,45,0,2518,629.5,1259,0.00828888888888889
878301,Extreme_Capitalism,4,188,FALSE,1,1,0.75,1,3,98,10,129,0,1728,432,864,0.0131275720164609
878302,Extreme_Capitalism,4,184,FALSE,1,2,0.75,1,3,75,14,98,0,841,210.25,420.5,0.00995897435897436
878303,Extreme_Capitalism,4,200,TRUE,2,"2,3",0.577171903881701,0.58477508650519,2,75,6,125,0,1770,676.25,852.030662593783,0.00952083333333333
878304,Extreme_Capitalism,4,200,TRUE,3,"1,3,4",0.415074309978769,0.420918367346939,1,113,14,118,0,2502,1177.5,1032.94223781713,0.0103567251461988
878305,Extreme_Capitalism,4,105,FALSE,1,4,0.75,1,3,77,12,61,0,1490,372.5,745,0.0104074074074074
878306,Extreme_Capitalism,4,122,FALSE,1,3,0.75,1,3,64,4,63,0,1685,421.25,842.5,0.00672380952380952
878307,Extreme_Capitalism,4,200,TRUE,2,"1,2",0.515188172043011,0.500945179584121,2,146,10,92,0,1973,930,1077.82775370959,0.00881818181818182
878308,Extreme_Capitalism,4,138,FALSE,1,4,0.75,1,3,85,12,34,0,1459,364.75,729.5,0.00906918238993711
878309,Extreme_Capitalism,4,200,TRUE,4,"1,2,3,4",0.236317321688501,0.283163265306122,0,,12,84,846,2996,1717.5,908.821031153366,0.00869503546099291
878310,Extreme_Capitalism,4,200,TRUE,2,"1,2",0.563886424134871,0.555555555555556,3,91,6,146,0,2980,1127,1380.97405237511,0.0109583333333333
878311,Extreme_Capitalism,4,200,TRUE,3,"1,2,4",0.332257346393589,0.344307270233196,1,70,10,139,0,1939,1123,813.595722702621,0.00900709219858156
878312,Extreme_Capitalism,4,170,FALSE,1,3,0.75,1,3,135,19,82,0,972,243,486,0.0104935064935065
878313,Extreme_Capitalism,4,200,TRUE,2,"2,3",0.551039119804401,0.534626038781163,2,147,10,61,0,1970,818,983.125627781109,0.00845652173913044
878314,Extreme_Capitalism,4,200,TRUE,3,"1,3,4",0.349187380497132,0.3504,1,117,8,86,0,1930,1046,793.757309677629,0.0143333333333333
878315,Extreme_Capitalism,4,200,TRUE,2,"1,4",0.536430119176598,0.508506616257089,2,117,6,93,0,2115,923,1088.18472696505,0.0114756554307116
878316,Extreme_Capitalism,4,200,TRUE,2,"2,4",0.550819869785387,0.526627218934911,2,58,7,98,0,2495,1036.75,1245.62256857097,0.00933333333333333
878317,Extreme_Capitalism,4,200,TRUE,3,"1,2,3",0.355111750387254,0.377229080932785,1,95,8,111,0,1991,1129.75,847.268306579051,0.0114041297935103
878318,Extreme_Capitalism,4,117,FALSE,1,2,0.75,1,3,47,13,42,0,3101,775.25,1550.5,0.0095609756097561
878319,Extreme_Capitalism,4,200,TRUE,3,"1,2,4",0.24301004805592,0.35207100591716,1,126,16,126,198,1664,1144.5,647.626178182033,0.0124183006535948
878320,Extreme_Capitalism,4,200,TRUE,3,"1,3,4",0.38185939239701,0.477040816326531,1,173,2,122,0,2944,1571.75,1247.74312928049,0.0112948717948718
878321,Extreme_Capitalism,4,116,FALSE,1,2,0.75,1,4,63,10,53,0,1682,420.5,841,0.0092280701754386
878322,Extreme_Capitalism,4,200,TRUE,3,"1,2,4",0.342778249787596,0.34156378600823,1,122,11,52,0,2503,1471.25,1077.41430440353,0.00819393939393939
878323,Extreme_Capitalism,4,153,FALSE,1,1,0.75,1,3,101,14,60,0,2871,717.75,1435.5,0.00895757575757576
878324,Extreme_Capitalism,4,200,TRUE,3,"1,2,3",0.52465825446898,0.553571428571429,1,115,6,141,-10,3060,1178.75,1352.48989521795,0.0135508771929825
878325,Extreme_Capitalism,4,200,TRUE,4,"1,2,3,4",0.0964249748237664,0.25765306122449,0,,6,90,999,1586,1241.25,254.721252875897,0.0102491582491583
878326,Extreme_Capitalism,4,200,TRUE,4,"1,2,3,4",0.0861767728674203,0.267857142857143,0,,10,110,884,1391,1216.25,234.874966737624,0.0108411214953271
878327,Extreme_Capitalism,4,200,TRUE,2,"1,4",0.565726129981278,0.53125,2,62,12,150,0,2361,934.75,1151.54602600157,0.0088955223880597
878328,Extreme_Capitalism,4,189,FALSE,1,4,0.75,1,3,89,12,100,0,1083,270.75,541.5,0.0135609756097561
878329,Extreme_Capitalism,4,200,TRUE,3,"1,3,4",0.312621885157096,0.364795918367347,1,93,12,105,0,1859,1153.75,805.793759800443,0.00896376811594203
878330,Extreme_Capitalism,4,124,FALSE,1,3,0.75,1,3,69,8,23,0,3621,905.25,1810.5,0.0103414634146341
878331,Extreme_Capitalism,4,157,FALSE,1,4,0.714664310954064,1,3,98,8,81,0,2630,707.5,1285.12969514105,0.0129836065573771
878332,Extreme_Capitalism,4,115,FALSE,1,1,0.75,1,3,94,16,61,0,4236,1059,2118,0.0246527777777778
878333,Extreme_Capitalism,4,200,TRUE,4,"1,2,3,4",0.0927336999214454,0.298469387755102,0,,12,97,1254,2029,1591.25,322.004528953657,0.00946312684365782
878334,Extreme_Capitalism,4,200,TRUE,2,"1,4",0.551106770833333,0.534626038781163,2,117,14,86,0,1850,768,923.126571314393,0.0102074074074074
878335,Extreme_Capitalism,4,200,TRUE,2,"1,4",0.53794581144595,0.931122448979592,2,114,4,113,0,4166,1808.5,2135.84417346709,0.010126582278481
878336,Extreme_Capitalism,4,175,FALSE,1,3,0.75,1,3,75,4,129,0,1434,358.5,717,0.0129736842105263
878337,Extreme_Capitalism,4,200,TRUE,3,"2,3,4",0.541594000697593,0.400826446280992,1,180,10,89,0,4014,1433.5,1774.25167324143,0.0163076923076923
878338,Extreme_Capitalism,4,118,FALSE,1,1,0.75,1,3,90,9,59,0,1423,355.75,711.5,0.0108333333333333
878339,Extreme_Capitalism,4,134,FALSE,1,3,0.75,1,3,76,10,41,0,1447,361.75,723.5,0.0124961240310078
878340,Extreme_Capitalism,4,187,FALSE,1,4,0.75,1,5,158,10,98,0,2741,685.25,1370.5,0.0103401360544218
878341,Extreme_Capitalism,4,93,FALSE,1,2,0.75,1,4,63,8,46,0,3631,907.75,1815.5,0.00685333333333333
878342,Extreme_Capitalism,4,200,TRUE,4,"1,2,3,4",0.248430141287284,0.260204081632653,0,,8,92,750,2854,1592.5,892.39957418188,0.0116521739130435
878343,Extreme_Capitalism,4,200,TRUE,3,"1,3,4",0.287265547877591,0.342155009451796,1,169,8,85,0,2307,1519.5,1032.6233582483,0.00860674157303371
878344,Extreme_Capitalism,4,200,TRUE,2,"1,3",0.525157599813215,0.511834319526627,3,143,10,133,0,2357,1070.75,1248.85317391597,0.00865432098765432
878345,Extreme_Capitalism,4,143,FALSE,1,4,0.677378358750908,0.78125,3,106,6,49,0,1177,344.25,563.115367102219,0.00976666666666667
878346,Extreme_Capitalism,4,117,FALSE,1,2,0.75,1,3,80,9,37,0,4168,1042,2084,0.0179090909090909
878347,Extreme_Capitalism,4,200,TRUE,2,"1,4",0.592756836659276,0.640138408304498,2,122,9,72,0,1855,676.5,882.159660530148,0.0126509803921569
878348,Extreme_Capitalism,4,200,TRUE,2,"1,3",0.528957528957529,0.508506616257089,2,105,9,139,0,2023,906.5,1060.6867272354,0.0105811965811966
878349,Extreme_Capitalism,4,109,FALSE,1,2,0.75,1,3,58,10,47,0,1376,344,688,0.0107272727272727
878350,Extreme_Capitalism,4,200,TRUE,3,"1,2,3",0.411467297762479,0.410714285714286,1,131,8,108,0,2394,1162,996.66610925291,0.00936082474226804
878351,Extreme_Capitalism,4,162,FALSE,1,2,0.75,1,3,46,8,96,0,2359,589.75,1179.5,0.0105432098765432
878352,Extreme_Capitalism,4,200,TRUE,2,"1,2",0.513081395348837,0.501133786848073,2,123,13,150,0,1810,860,995.757667976167,0.0115555555555556
878353,Extreme_Capitalism,4,129,FALSE,1,4,0.75,1,3,76,10,41,0,4261,1065.25,2130.5,0.00780952380952381
878354,Extreme_Capitalism,4,200,TRUE,2,"1,3",0.564658210007047,0.739644970414201,2,179,5,90,0,3572,1419,1744.68297024608,0.0154501718213058
878355,Extreme_Capitalism,4,150,FALSE,1,3,0.691486249268578,1,3,45,2,105,0,1509,427.25,727.303409864136,0.00818713450292398
878356,Extreme_Capitalism,4,130,FALSE,1,4,0.75,1,3,64,8,53,0,3423,855.75,1711.5,0.00882051282051282
878357,Extreme_Capitalism,4,160,FALSE,1,3,0.75,1,4,76,12,120,0,1804,451,902,0.0104727272727273
878358,Extreme_Capitalism,4,200,TRUE,3,"1,2,4",0.41792873051225,0.385459533607682,1,126,7,89,0,2332,1122.5,975.829732415787,0.0127753623188406
878359,Extreme_Capitalism,4,120,FALSE,1,3,0.75,1,4,72,9,45,0,1170,292.5,585,0.00836036036036036
878360,Extreme_Capitalism,4,200,TRUE,2,"2,4",0.5991643454039,0.659735349716446,2,78,10,135,0,2507,897.5,1188.26385958675,0.0118828828828829
878361,Extreme_Capitalism,4,190,FALSE,1,2,0.688279301745636,1,3,152,12,61,0,1406,401,676.470250639302,0.00749166666666667
878362,Extreme_Capitalism,4,200,TRUE,2,"1,2",0.548372781065089,0.510204081632653,2,142,6,120,0,2017,845,1011.59247394063,0.00810526315789474
878363,Extreme_Capitalism,4,89,FALSE,1,4,0.75,1,3,81,10,41,0,2245,561.25,1122.5,0.00915315315315315
878364,Extreme_Capitalism,4,168,FALSE,1,2,0.75,1,3,84,16,77,0,2029,507.25,1014.5,0.0106888888888889
878365,Extreme_Capitalism,4,200,TRUE,3,"1,3,4",0.349166488565933,0.35969387755102,1,89,14,72,0,2141,1169.75,882.725844567081,0.00835220125786164
878366,Extreme_Capitalism,4,196,FALSE,1,2,0.75,1,5,122,18,118,0,4410,1102.5,2205,0.0185555555555556
878367,Extreme_Capitalism,4,95,FALSE,1,1,0.75,1,3,61,10,35,0,4576,1144,2288,0.0173725490196078
878368,Extreme_Capitalism,4,200,TRUE,3,"1,3,4",0.363850291349171,0.338374291115312,1,165,9,76,0,2117,1115.5,868.72799732329,0.00847435897435897
878369,Extreme_Capitalism,4,152,FALSE,1,3,0.724365547295565,1,4,84,7,37,0,3701,975.25,1819.61083293471,0.0102105263157895
878370,Extreme_Capitalism,4,200,TRUE,3,"1,3,4",0.351012145748988,0.377229080932785,1,109,10,99,0,2014,1235,937.310336370333,0.0125866666666667
878371,Extreme_Capitalism,4,129,FALSE,1,2,0.75,1,4,51,6,36,0,4432,1108,2216,0.0120503144654088
878372,Extreme_Capitalism,4,101,FALSE,1,2,0.65999099909991,1,3,60,8,28,0,911,277.75,432.566276232132,0.00724444444444444
878373,Extreme_Capitalism,4,200,TRUE,2,"1,3",0.524824473420261,0.534626038781163,2,117,18,79,0,1644,747.75,871.899220093699,0.00923703703703704
878374,Extreme_Capitalism,4,118,FALSE,1,4,0.75,1,4,76,10,40,0,2545,636.25,1272.5,0.00990196078431373
878375,Extreme_Capitalism,4,132,FALSE,1,1,0.75,1,3,87,18,52,0,3272,818,1636,0.0124571428571429
878376,Extreme_Capitalism,4,200,TRUE,3,"2,3,4",0.267438833940656,0.334710743801653,3,172,19,86,0,1364,960.5,643.080865832595,0.0090709219858156
878377,Extreme_Capitalism,4,200,TRUE,2,"2,3",0.554503582395087,0.52,4,119,12,106,0,2380,977,1180.54620127013,0.00924113475177305
878378,Extreme_Capitalism,4,192,FALSE,1,4,0.75,1,3,122,18,98,0,2927,731.75,1463.5,0.0107753623188406
878379,Extreme_Capitalism,4,200,TRUE,2,"1,2",0.517878935806688,0.5,2,155,20,77,0,2195,1024.25,1188.73556773574,0.0102585034013605
878380,Extreme_Capitalism,4,200,TRUE,2,"1,2",0.603295454545455,0.57396449704142,2,135,8,100,0,3109,1100,1471.11771566158,0.00916498316498317
878381,Extreme_Capitalism,4,200,TRUE,3,"1,3,4",0.261967803431476,0.340236686390533,1,149,14,91,200,1702,1180.25,691.728451055759,0.0121614035087719
878382,Extreme_Capitalism,4,200,TRUE,2,"1,2",0.638309483385884,0.7312,2,115,8,99,0,3202,1030.75,1511.20953212981,0.0123333333333333
878383,Extreme_Capitalism,4,200,TRUE,2,"3,4",0.563517915309446,0.523629489603025,3,137,8,119,0,2310,921,1130.04601676215,0.0117289377289377
878384,Extreme_Capitalism,4,200,TRUE,2,"1,4",0.538715689596747,0.54325259515571,2,57,8,128,0,1704,737.75,872.071241355888,0.0160493827160494
878385,Extreme_Capitalism,4,200,TRUE,3,"2,3,4",0.331410592553749,0.477040816326531,2,68,8,116,0,3034,1907,1380.94508700865,0.0114861111111111
878386,Extreme_Capitalism,4,200,TRUE,3,"1,3,4",0.394704332070499,0.344387755102041,1,193,12,112,0,3098,1517.75,1270.83289617479,0.00790643274853801
878387,Extreme_Capitalism,4,200,TRUE,2,"2,3",0.527486910994765,0.5078125,2,108,11,138,0,1484,668.5,781.192891246031,0.00882389937106918
878388,Extreme_Capitalism,4,163,FALSE,1,2,0.75,1,3,96,8,105,0,1232,308,616,0.0106021505376344
878389,Extreme_Capitalism,4,200,TRUE,2,"2,4",0.615878725590956,0.582990397805213,2,134,4,61,0,3560,1216.25,1679.24276088956,0.0157161716171617
878390,Extreme_Capitalism,4,135,FALSE,1,3,0.75,1,3,84,15,64,0,1602,400.5,801,0.0108427672955975
878391,Extreme_Capitalism,4,188,FALSE,1,3,0.75,1,3,63,10,130,0,4078,1019.5,2039,0.0133939393939394
878392,Extreme_Capitalism,4,169,FALSE,1,3,0.713908129784907,1,3,91,10,102,0,2545,685.75,1243.00935233811,0.0124166666666667
878393,Extreme_Capitalism,4,200,TRUE,3,"1,2,3",0.378760529482551,0.338374291115312,1,171,6,62,0,3619,1869.75,1491.69241132346,0.00882282282282282
878394,Extreme_Capitalism,4,123,FALSE,1,4,0.75,1,3,65,8,45,0,2294,573.5,1147,0.0136231884057971
878395,Extreme_Capitalism,4,200,TRUE,2,"2,3",0.456404455273234,0.524691358024692,2,119,17,114,0,1386,718.25,719.683437352841,0.00959307359307359
878396,Extreme_Capitalism,4,200,TRUE,2,"3,4",0.519219898247598,0.510204081632653,2,81,6,107,0,1905,884.5,1027.35144911564,0.0111756272401434
878397,Extreme_Capitalism,4,191,FALSE,1,2,0.720403439153439,1,3,158,18,119,0,2845,756,1395.22065160557,0.0095578231292517
878398,Extreme_Capitalism,4,158,FALSE,1,4,0.75,1,4,68,5,97,0,868,217,434,0.00964102564102564
878399,Extreme_Capitalism,4,200,TRUE,4,"1,2,3,4",0.139811912225705,0.267857142857143,0,,10,75,1151,2231,1595,473.939517941548,0.0080297619047619
878400,Extreme_Capitalism,4,200,TRUE,2,"3,4",0.541519879214897,0.515570934256055,2,101,10,67,0,2517,993.5,1155.73483117885,0.00935531135531135
878401,Extreme_Capitalism,4,200,TRUE,3,"1,2,4",0.303567305472177,0.346153846153846,1,66,11,140,0,1730,1082.75,750.220134360576,0.00873188405797101
878402,Extreme_Capitalism,4,200,TRUE,4,"1,2,3,4",0.182202111613876,0.293367346938775,0,,6,106,1078,2535,1657.5,647.170508186727,0.00859383753501401
878403,Extreme_Capitalism,4,191,FALSE,1,3,0.75,1,4,103,10,87,0,1310,327.5,655,0.0110392156862745
878404,Extreme_Capitalism,4,176,FALSE,1,1,0.75,1,3,86,16,110,0,1290,322.5,645,0.00893548387096774
878405,Extreme_Capitalism,4,200,TRUE,2,"2,4",0.581264292714799,0.501385041551246,2,106,8,113,0,2028,765.25,972.529819594237,0.0102777777777778
878406,Extreme_Capitalism,4,141,FALSE,1,2,0.75,1,4,58,12,44,0,3391,847.75,1695.5,0.0156601307189542
878407,Extreme_Capitalism,4,200,TRUE,4,"1,2,3,4",0.0809311740890688,0.280612244897959,0,,9,76,1216,1861,1543.75,264.682671640337,0.00870987654320988
878408,Extreme_Capitalism,4,200,TRUE,3,"1,3,4",0.319025775447794,0.352537722908093,1,93,8,89,0,1789,1144.5,808.923770615419,0.00909166666666667
878409,Extreme_Capitalism,4,200,TRUE,2,"2,3",0.580357142857143,0.53360768175583,2,123,18,140,0,2886,1092,1385.09494259419,0.00957509157509158
878410,Extreme_Capitalism,4,200,TRUE,2,"2,4",0.509910147991543,0.503472222222222,2,88,12,104,0,1967,946,1094.06185078054,0.0104406779661017
878411,Extreme_Capitalism,4,200,TRUE,3,"1,2,3",0.296734234234234,0.336076817558299,2,119,2,101,0,1657,1110,760.371400479178,0.00807801418439716
878412,Extreme_Capitalism,4,200,TRUE,2,"1,3",0.610695026962253,0.61218836565097,2,87,4,140,0,2408,834.5,1136.92611897168,0.0113098039215686
878413,Extreme_Capitalism,4,127,FALSE,1,3,0.75,1,3,81,10,83,0,2406,601.5,1203,0.0158
878414,Extreme_Capitalism,4,143,FALSE,1,4,0.75,1,3,96,8,62,0,3492,873,1746,0.00857777777777778
878415,Extreme_Capitalism,4,122,FALSE,1,3,0.75,1,3,67,8,46,0,1454,363.5,727,0.0110666666666667
878416,Extreme_Capitalism,4,200,TRUE,4,"1,2,3,4",0.109113300492611,0.26530612244898,0,,16,73,1170,2031,1522.5,364.146948360137,0.010063829787234
878417,Extreme_Capitalism,4,200,TRUE,3,"2,3,4",0.284673144876325,0.344307270233196,1,88,14,77,0,1670,1132,765.494175897723,0.0087741935483871
878418,Extreme_Capitalism,4,200,TRUE,2,"1,4",0.552486678507993,0.555555555555556,2,138,16,133,0,1703,703.75,847.682477896844,0.0107422680412371
878419,Extreme_Capitalism,4,191,FALSE,1,3,0.75,1,3,129,6,66,0,3677,919.25,1838.5,0.00866666666666667
878420,Extreme_Capitalism,4,121,FALSE,1,4,0.728832584990379,1,4,114,14,51,0,4479,1169.25,2208.47328487351,0.0123757575757576
878421,Extreme_Capitalism,4,145,FALSE,1,1,0.75,1,3,86,10,91,0,3727,931.75,1863.5,0.0107008547008547
878422,Extreme_Capitalism,4,127,FALSE,1,4,0.75,1,4,77,10,48,0,1762,440.5,881,0.00967375886524823
878423,Extreme_Capitalism,4,183,FALSE,1,4,0.75,1,4,121,15,82,0,3124,781,1562,0.00830711610486891
878424,Extreme_Capitalism,4,157,FALSE,1,4,0.75,1,3,100,6,94,0,1638,409.5,819,0.00901538461538462
878425,Extreme_Capitalism,4,169,FALSE,1,3,0.644625922023182,0.625,3,89,14,106,0,749,237.25,353.954210786273,0.0103597883597884
878426,Extreme_Capitalism,4,150,FALSE,1,1,0.75,1,3,89,10,85,0,1261,315.25,630.5,0.0132962962962963
878427,Extreme_Capitalism,4,200,TRUE,2,"3,4",0.597907771135781,0.86734693877551,2,56,13,84,0,4074,1463.75,1932.11289784008,0.0231794871794872
878428,Extreme_Capitalism,4,200,TRUE,2,"3,4",0.548751655002837,0.5,2,64,9,94,0,3334,1321.75,1561.98300780344,0.00978823529411765
878429,Extreme_Capitalism,4,184,FALSE,1,2,0.75,1,3,120,16,63,0,4047,1011.75,2023.5,0.00940740740740741
878430,Extreme_Capitalism,4,200,TRUE,2,"2,3",0.539831098728887,0.654320987654321,2,87,2,64,0,3329,1435.75,1699.42389748212,0.00891983122362869
878431,Extreme_Capitalism,4,200,TRUE,4,"1,2,3,4",0.240332326283988,0.293367346938775,0,,8,79,864,2753,1655,840.895157951731,0.00863551401869159
878432,Extreme_Capitalism,4,200,TRUE,2,"1,2",0.610720562390158,0.555555555555556,2,95,8,80,0,3284,1138,1550.51647309319,0.0143838383838384
878433,Extreme_Capitalism,4,146,FALSE,1,3,0.75,1,3,91,10,94,0,1549,387.25,774.5,0.00677519379844961
878434,Extreme_Capitalism,4,200,TRUE,3,"1,3,4",0.384491351509821,0.561224489795918,1,81,4,106,0,3020,1705.5,1383.03928601709,0.0102680412371134
878435,Extreme_Capitalism,4,137,FALSE,1,3,0.75,1,3,37,9,70,0,4969,1242.25,2484.5,0.0105714285714286
878436,Extreme_Capitalism,4,94,FALSE,1,1,0.75,1,3,58,10,33,0,1897,474.25,948.5,0.00884848484848485
878437,Extreme_Capitalism,4,154,FALSE,1,2,0.75,1,3,63,2,88,0,1871,467.75,935.5,0.0120595238095238
878438,Extreme_Capitalism,4,124,FALSE,1,3,0.75,1,4,87,12,70,0,4421,1105.25,2210.5,0.0145208333333333
878439,Extreme_Capitalism,4,200,TRUE,2,"1,3",0.596058775061796,0.534626038781163,2,71,6,84,0,2520,910.25,1196.21914798251,0.0127341772151899
878440,Extreme_Capitalism,4,200,TRUE,2,"1,2",0.571996351316132,0.586805555555556,2,159,14,113,0,2471,959.25,1195.98700522483,0.00818122977346278
878441,Extreme_Capitalism,4,200,TRUE,2,"2,4",0.540466392318244,0.524691358024692,2,72,11,134,0,1694,729,863.550037152837,0.0127927927927928
878442,Extreme_Capitalism,4,174,FALSE,1,3,0.75,1,3,80,15,51,0,3090,772.5,1545,0.0106547619047619
878443,Extreme_Capitalism,4,158,FALSE,1,4,0.75,1,3,70,6,64,0,2451,612.75,1225.5,0.00939080459770115
878444,Extreme_Capitalism,4,200,TRUE,4,"1,2,3,4",0.153532182103611,0.25765306122449,0,,28,99,1203,2492,1592.5,603.289040731445,0.00904424778761062
878445,Extreme_Capitalism,4,147,FALSE,1,3,0.75,1,3,69,10,80,0,1588,397,794,0.00998692810457516
878446,Extreme_Capitalism,4,200,TRUE,3,"2,3,4",0.400882219876338,0.3984,1,128,7,119,0,3236,1657.75,1374.77037476567,0.0103498349834984
878447,Extreme_Capitalism,4,200,TRUE,3,"1,2,3",0.288649394775961,0.336734693877551,1,123,14,89,0,1775,1177.25,799.459140085762,0.00969182389937107
878448,Extreme_Capitalism,4,200,TRUE,3,"1,2,4",0.322914311553244,0.357988165680473,1,82,8,70,0,1830,1105.75,784.188912188893,0.00888448844884488
878449,Extreme_Capitalism,4,160,FALSE,1,1,0.75,1,3,93,10,53,0,3576,894,1788,0.0123440860215054
878450,Extreme_Capitalism,4,120,FALSE,1,3,0.75,1,3,77,13,43,0,2713,678.25,1356.5,0.01152
878451,Extreme_Capitalism,4,200,TRUE,3,"1,2,3",0.347879858657244,0.357988165680473,1,103,9,102,0,1795,1061.25,786.23803647496,0.00948484848484848
878452,Extreme_Capitalism,4,200,TRUE,3,"2,3,4",0.356181072069762,0.336805555555556,1,112,8,139,0,1676,974.75,734.42829239257,0.00964
878453,Extreme_Capitalism,4,200,TRUE,2,"2,3",0.546436588103255,0.516528925619835,2,100,6,76,0,2113,891,1063.74276339097,0.0100438596491228
878454,Extreme_Capitalism,4,200,TRUE,3,"1,2,3",0.361849390919158,0.336076817558299,1,139,4,49,0,1931,1128.75,865.306255996492,0.0134772727272727
878455,Extreme_Capitalism,4,200,TRUE,2,"1,3",0.543834547346514,0.555555555555556,2,125,6,92,0,2259,961,1143.27337063364,0.00908614232209738
878456,Extreme_Capitalism,4,163,FALSE,1,1,0.728158072506192,1,4,59,10,100,0,4247,1110.25,2093.16544576231,0.00937373737373737
878457,Extreme_Capitalism,4,173,FALSE,1,4,0.75,1,4,126,12,84,0,3089,772.25,1544.5,0.00841975308641975
878458,Extreme_Capitalism,4,159,FALSE,1,3,0.75,1,3,144,8,103,0,991,247.75,495.5,0.00714767932489452
878459,Extreme_Capitalism,4,94,FALSE,1,4,0.75,1,3,86,16,44,0,3878,969.5,1939,0.00953535353535354
878460,Extreme_Capitalism,4,200,TRUE,3,"2,3,4",0.360416239491491,0.375,1,124,4,94,196,2297,1219.25,908.30662040231,0.00911309523809524
878461,Extreme_Capitalism,4,200,TRUE,3,"1,2,3",0.35128055878929,0.363905325443787,1,87,10,105,0,1973,1073.75,813.130319608528,0.00810980392156863
878462,Extreme_Capitalism,4,200,TRUE,4,"1,2,3,4",0.184290637564618,0.272959183673469,0,,4,77,1410,3177,2176.25,863.879380083431,0.0101949685534591
878463,Extreme_Capitalism,4,200,TRUE,4,"1,2,3,4",0.0388023369036028,0.252551020408163,0,,10,81,1140,1376,1283.75,107.177034231531,0.00931007751937985
878464,Extreme_Capitalism,4,200,TRUE,3,"1,3,4",0.284285714285714,0.3504,1,105,13,144,0,1525,1006.25,683.244892650749,0.00957894736842105
878465,Extreme_Capitalism,4,200,TRUE,2,"1,2",0.562654745529574,0.5765595463138,2,82,14,103,0,2273,908.75,1113.29342493343,0.0116228070175439
878466,Extreme_Capitalism,4,138,FALSE,1,1,0.75,1,3,106,8,63,0,2931,732.75,1465.5,0.00931073446327684
878467,Extreme_Capitalism,4,200,TRUE,3,"1,2,4",0.416853178155774,0.408284023668639,1,102,12,69,0,2414,1117,994.607125116914,0.0129583333333333
878468,Extreme_Capitalism,4,200,TRUE,4,"1,2,3,4",0.218164508758568,0.280612244897959,0,,12,78,948,2568,1641.25,762.518360434685,0.0129466666666667
878469,Extreme_Capitalism,4,149,FALSE,1,1,0.75,1,3,90,12,92,0,2348,587,1174,0.00976608187134503
878470,Extreme_Capitalism,4,133,FALSE,1,3,0.75,1,4,103,16,63,0,4072,1018,2036,0.00963541666666667
878471,Extreme_Capitalism,4,200,TRUE,3,"2,3,4",0.268921892189219,0.344307270233196,1,156,12,93,0,1614,1136.25,760.969721254839,0.0088843537414966
878472,Extreme_Capitalism,4,183,FALSE,1,2,0.75,1,3,102,14,65,0,1934,483.5,967,0.0129907407407407
878473,Extreme_Capitalism,4,178,FALSE,1,3,0.75,1,3,124,18,73,0,2930,732.5,1465,0.00815909090909091
878474,Extreme_Capitalism,4,200,TRUE,3,"1,3,4",0.327379619260918,0.336076817558299,1,105,12,103,0,1881,1116.25,798.632320491309,0.00955555555555556
878475,Extreme_Capitalism,4,200,TRUE,2,"2,4",0.606826241134752,0.654320987654321,2,110,9,75,0,3220,1128,1521.85500842448,0.00860666666666667
878476,Extreme_Capitalism,4,200,TRUE,2,"2,4",0.60376492194674,0.644970414201184,2,88,8,97,0,3082,1089,1458.09418991596,0.0116714975845411
878477,Extreme_Capitalism,4,200,TRUE,4,"1,2,3,4",0.100465356773526,0.26530612244898,0,,10,97,910,1488,1208.75,251.172417540886,0.0109158878504673
878478,Extreme_Capitalism,4,200,TRUE,3,"2,3,4",0.384258334997005,0.385204081632653,1,180,8,103,0,2368,1252.25,999.892785919237,0.0163469387755102
878479,Extreme_Capitalism,4,200,TRUE,4,"1,2,3,4",0.138254486133768,0.283163265306122,0,,16,95,828,1942,1532.5,486.02983447521,0.00972121212121212
878480,Extreme_Capitalism,4,116,FALSE,1,3,0.678571428571429,1,3,87,6,62,0,1200,350,574.456264653803,0.0108235294117647
878481,Extreme_Capitalism,4,144,FALSE,1,3,0.75,1,3,89,6,108,0,4213,1053.25,2106.5,0.0128823529411765
878482,Extreme_Capitalism,4,200,TRUE,2,"2,3",0.557550644567219,0.517146776406036,2,112,7,133,0,2672,1086,1318.78529968554,0.00738697318007663
878483,Extreme_Capitalism,4,200,TRUE,2,"1,2",0.544300059066746,0.528344671201814,2,83,8,119,0,1993,846.5,1007.6786855607,0.010721568627451
878484,Extreme_Capitalism,4,138,FALSE,1,2,0.75,1,3,131,9,61,0,1088,272,544,0.0135589743589744
878485,Extreme_Capitalism,4,200,TRUE,3,"2,3,4",0.273998188815938,0.340236686390533,1,136,12,75,0,1574,1104.25,741.262155605784,0.0114640522875817
878486,Extreme_Capitalism,4,200,TRUE,2,"2,4",0.569321876451463,0.86734693877551,2,102,2,129,0,4125,1614.75,2002.79061561612,0.013685393258427
878487,Extreme_Capitalism,4,174,FALSE,1,1,0.75,1,3,75,8,113,0,4431,1107.75,2215.5,0.0314153846153846
878488,Extreme_Capitalism,4,118,FALSE,1,3,0.75,1,4,79,10,69,0,3175,793.75,1587.5,0.00916666666666667
878489,Extreme_Capitalism,4,144,FALSE,1,3,0.75,1,3,64,8,34,0,3694,923.5,1847,0.0135217391304348
878490,Extreme_Capitalism,4,200,TRUE,2,"1,2",0.510917030567686,0.508506616257089,2,66,6,112,0,1912,916,1059.72071792525,0.0108583333333333
878491,Extreme_Capitalism,4,115,FALSE,1,3,0.75,1,4,72,9,31,0,3246,811.5,1623,0.0114418604651163
878492,Extreme_Capitalism,4,200,TRUE,3,"2,3,4",0.353484139365575,0.410207939508507,1,184,6,100,0,2474,1442.25,1079.96307807258,0.0131111111111111
878493,Extreme_Capitalism,4,200,TRUE,4,"1,2,3,4",0.0764522821576763,0.255102040816327,0,,18,95,1006,1485,1205,201.631677405445,0.0106282051282051
878494,Extreme_Capitalism,4,199,FALSE,1,3,0.75,1,3,128,10,102,0,2108,527,1054,0.00980350877192982
878495,Extreme_Capitalism,4,144,FALSE,1,3,0.75,1,3,128,18,67,0,2013,503.25,1006.5,0.00937566137566137
878496,Extreme_Capitalism,4,163,FALSE,1,2,0.75,1,4,68,8,100,0,3893,973.25,1946.5,0.0107575757575758
878497,Extreme_Capitalism,4,153,FALSE,1,1,0.75,1,3,121,20,88,0,2735,683.75,1367.5,0.00666666666666667
878498,Extreme_Capitalism,4,110,FALSE,1,3,0.75,1,3,57,5,39,0,1226,306.5,613,0.00766666666666667
878499,Extreme_Capitalism,4,200,TRUE,4,"1,2,3,4",0.151098230628432,0.267857142857143,0,,6,41,1392,2776,2048.75,654.089379723189,0.00945396825396825
878500,Extreme_Capitalism,4,200,TRUE,2,"1,3",0.554464415132628,1,2,163,14,82,0,4395,1724.75,2064.84145880501,0.0147809523809524
878501,Extreme_Capitalism,4,200,TRUE,2,"1,4",0.593195266272189,0.566115702479339,2,94,10,90,0,2436,887.25,1158.16158199105,0.00856338028169014
878502,Extreme_Capitalism,4,128,FALSE,1,1,0.75,1,3,37,5,76,0,840,210,420,0.0110387596899225
878503,Extreme_Capitalism,4,161,FALSE,1,2,0.75,1,4,86,8,78,0,4440,1110,2220,0.0134825870646766
878504,Extreme_Capitalism,4,194,FALSE,1,2,0.75,1,4,104,10,118,0,1970,492.5,985,0.010880658436214
878505,Extreme_Capitalism,4,133,FALSE,1,3,0.75,1,3,81,8,48,0,1999,499.75,999.5,0.00908333333333333
878506,Extreme_Capitalism,4,122,FALSE,1,2,0.75,1,3,71,16,52,0,1248,312,624,0.0100992907801418
878507,Extreme_Capitalism,4,130,FALSE,1,4,0.75,1,4,110,14,41,0,4275,1068.75,2137.5,0.00871875
878508,Extreme_Capitalism,4,163,FALSE,1,2,0.75,1,3,120,12,88,0,4403,1100.75,2201.5,0.0108583333333333
878509,Extreme_Capitalism,4,200,TRUE,3,"1,2,3",0.350656918838737,0.333333333333333,1,179,7,81,0,2192,1179.75,900.261582356299,0.0109266666666667
878510,Extreme_Capitalism,4,147,FALSE,1,3,0.75,1,4,75,6,85,0,1289,322.25,644.5,0.0109333333333333
878511,Extreme_Capitalism,4,157,FALSE,1,4,0.710096735187424,0.8828125,3,122,14,51,0,2283,620.25,1112.42269394327,0.0104338624338624
878512,Extreme_Capitalism,4,82,FALSE,1,1,0.679228591648974,0.78125,3,74,10,37,0,1213,353.25,580.869104589551,0.00681481481481482
878513,Extreme_Capitalism,4,148,FALSE,1,3,0.75,1,3,72,10,65,0,4465,1116.25,2232.5,0.0105079365079365
878514,Extreme_Capitalism,4,200,TRUE,2,"1,4",0.575602968460111,0.931122448979592,2,125,2,114,0,4212,1617,2030.74075154856,0.016119298245614
878515,Extreme_Capitalism,4,200,TRUE,3,"1,2,3",0.31841432225064,0.3888,1,183,8,82,0,2110,1368.5,970.43993460011,0.00901851851851852
878516,Extreme_Capitalism,4,200,TRUE,2,"2,3",0.601590964294389,0.644970414201184,2,83,14,158,0,2895,1029.25,1370.75243935585,0.0114324324324324
878517,Extreme_Capitalism,4,156,FALSE,1,3,0.667491749174918,1,3,85,10,71,0,1012,303,481.977869478119,0.0149312169312169
878518,Extreme_Capitalism,4,157,FALSE,1,2,0.75,1,3,60,7,119,0,1159,289.75,579.5,0.0113142857142857
878519,Extreme_Capitalism,4,178,FALSE,1,4,0.75,1,4,134,10,109,0,1378,344.5,689,0.0078544061302682
878520,Extreme_Capitalism,4,93,FALSE,1,3,0.721264367816092,1,3,85,12,40,0,2132,565.5,1046.12985172333,0.0122393162393162
878521,Extreme_Capitalism,4,200,TRUE,3,"1,2,3",0.345722840034217,0.3504,1,183,14,86,0,2611,1461.25,1085.8088766752,0.00943295019157088
165646,Democratic_Socialism,4,200,TRUE,4,"1,2,3,4",0.0359314202334631,0.298469387755102,0,,14,103,3794,4428,4112,320.262392422214,0.00972585669781931
165647,Democratic_Socialism,4,200,TRUE,4,"1,2,3,4",0.0210535693075187,0.334183673469388,0,,6,222,4008,4383,4209.5,194.953840690559,0.00728774928774929
165648,Democratic_Socialism,4,200,TRUE,4,"1,2,3,4",0.0422085705723705,0.252551020408163,0,,10,156,3810,4600,4171.25,372.608261672586,0.0117117117117117
165649,Democratic_Socialism,4,200,TRUE,4,"1,2,3,4",0.0205963858899603,0.267857142857143,0,,14,155,4097,4527,4330.25,185.442488838633,0.00832982456140351
165650,Democratic_Socialism,4,200,TRUE,4,"1,2,3,4",0.051761854085373,0.278061224489796,0,,14,211,3725,4847,4228.5,466.159843830418,0.00975438596491228
165651,Democratic_Socialism,4,200,TRUE,4,"1,2,3,4",0.0567403731390164,0.283163265306122,0,,14,162,3304,4484,3979.75,492.705710000064,0.00884142394822007
165652,Democratic_Socialism,4,200,TRUE,4,"1,2,3,4",0.0385743055144228,0.252551020408163,0,,18,135,3806,4660,4220.75,349.372175003486,0.00861728395061729
165653,Democratic_Socialism,4,200,TRUE,4,"1,2,3,4",0.083200441609421,0.295918367346939,0,,16,189,3323,5017,4076,713.986461122805,0.00833628318584071
165654,Democratic_Socialism,4,200,TRUE,4,"1,2,3,4",0.0243014315184098,0.270408163265306,0,,4,216,3737,4188,3999.25,206.159121392514,0.0106019417475728
165655,Democratic_Socialism,4,200,TRUE,4,"1,2,3,4",0.0669764638710906,0.275510204081633,0,,14,135,3489,4731,3940.75,580.048489352399,0.0128
165656,Democratic_Socialism,4,200,TRUE,4,"1,2,3,4",0.0281324582338902,0.283163265306122,0,,12,178,3856,4455,4190,250.414323339008,0.0100560747663551
165657,Democratic_Socialism,4,200,TRUE,4,"1,2,3,4",0.039675939202753,0.298469387755102,0,,16,224,4093,5015,4358.75,438.760659889497,0.010718954248366
165658,Democratic_Socialism,4,200,TRUE,4,"1,2,3,4",0.0333537706928264,0.267857142857143,0,,10,196,3840,4483,4077.5,297.463162985492,0.0115297619047619
165659,Democratic_Socialism,4,200,TRUE,4,"1,2,3,4",0.0478974722419088,0.336734693877551,0,,4,253,3753,4681,4233,423.247760379977,0.00724752475247525
165660,Democratic_Socialism,4,200,TRUE,4,"1,2,3,4",0.0458165587257133,0.262755102040816,0,,0,146,3821,4817,4284.75,413.281481962758,0.00932646048109966
165661,Democratic_Socialism,4,200,TRUE,4,"1,2,3,4",0.0593251761216167,0.252551020408163,0,,4,186,3550,4754,4045.5,515.159845743694,0.0119938837920489
165662,Democratic_Socialism,4,200,TRUE,4,"1,2,3,4",0.0782642894598846,0.344387755102041,0,,9,226,3562,5175,4290.75,699.4385248183,0.0104672897196262
165663,Democratic_Socialism,4,200,TRUE,4,"1,2,3,4",0.0228149100257069,0.308673469387755,0,,24,218,4085,4577,4279,212.560579600264,0.00949122807017544
165664,Democratic_Socialism,4,200,TRUE,4,"1,2,3,4",0.0354353999053478,0.260204081632653,0,,16,172,3902,4610,4226,311.568077098195,0.0104187327823691
165665,Democratic_Socialism,4,200,TRUE,4,"1,2,3,4",0.0584881118034968,0.313775510204082,0,,8,170,3568,4732,4132.25,499.673476715878,0.00930666666666667
165666,Democratic_Socialism,4,200,TRUE,4,"1,2,3,4",0.040858988977575,0.267857142857143,0,,14,81,3631,4397,3946.5,342.230429194522,0.00910877192982456
165667,Democratic_Socialism,4,200,TRUE,4,"1,2,3,4",0.0551435118186203,0.298469387755102,0,,14,168,3585,4716,4146,474.262234071686,0.00860550458715596
165668,Democratic_Socialism,4,200,TRUE,4,"1,2,3,4",0.0549543752924662,0.288265306122449,0,,4,172,3624,4694,4274,508.429608369405,0.0101542699724518
165669,Democratic_Socialism,4,200,TRUE,4,"1,2,3,4",0.0466977490051672,0.272959183673469,0,,4,209,3755,4599,4209.25,427.478167083809,0.0128491228070175
165670,Democratic_Socialism,4,200,TRUE,4,"1,2,3,4",0.0330560291610325,0.295918367346939,0,,12,204,3993,4691,4252.25,309.749764595014,0.00924561403508772
165671,Democratic_Socialism,4,200,TRUE,4,"1,2,3,4",0.0442342982300361,0.303571428571429,0,,12,123,3813,4627,4223.25,400.393452327416,0.0101241830065359
165672,Democratic_Socialism,4,200,TRUE,4,"1,2,3,4",0.060269272905495,0.308673469387755,0,,0,154,3664,4826,4335.75,562.60606407444,0.00960747663551402
165673,Democratic_Socialism,4,200,TRUE,4,"1,2,3,4",0.0369444280049713,0.267857142857143,0,,18,132,3891,4709,4224.25,345.65818858134,0.00829969418960245
165674,Democratic_Socialism,4,200,TRUE,4,"1,2,3,4",0.0343354714945148,0.288265306122449,0,,10,172,3848,4524,4170.25,296.684315954405,0.00875163398692811
165675,Democratic_Socialism,4,200,TRUE,4,"1,2,3,4",0.0701692936368943,0.25765306122449,0,,14,133,3685,5251,4282.5,675.738854884045,0.0116913580246914
165676,Democratic_Socialism,4,200,TRUE,4,"1,2,3,4",0.0754486133768353,0.298469387755102,0,,18,231,3760,5316,4291,727.020403198333,0.0114207650273224
165677,Democratic_Socialism,4,200,TRUE,4,"1,2,3,4",0.0183520816421199,0.298469387755102,0,,10,200,4158,4557,4311.5,173.632754206496,0.010797507788162
165678,Democratic_Socialism,4,200,TRUE,4,"1,2,3,4",0.0313103811698576,0.364795918367347,0,,16,220,3958,4539,4269.75,288.094168632411,0.00762893081761006
165679,Democratic_Socialism,4,200,TRUE,4,"1,2,3,4",0.0599186011456134,0.318877551020408,0,,10,192,3495,4691,4146.25,516.860635632727,0.00874617737003058
165680,Democratic_Socialism,4,200,TRUE,4,"1,2,3,4",0.0648822529740227,0.272959183673469,0,,12,190,3434,4731,4119,553.939226510153,0.0110840579710145
165681,Democratic_Socialism,4,200,TRUE,4,"1,2,3,4",0.0415998812704066,0.303571428571429,0,,17,171,3872,4639,4211.25,377.703035906959,0.00946666666666667
165682,Democratic_Socialism,4,200,TRUE,4,"1,2,3,4",0.0249602835146034,0.303571428571429,0,,16,168,3830,4330,4091.5,211.744342702861,0.00891823899371069
165683,Democratic_Socialism,4,200,TRUE,4,"1,2,3,4",0.0148228488792481,0.262755102040816,0,,14,182,4026,4328,4149,131.37731919932,0.0122733333333333
165684,Democratic_Socialism,4,200,TRUE,4,"1,2,3,4",0.0275122406155282,0.251028806584362,0,,8,145,3925,4520,4289,258.20276270146,0.00762893081761006
165685,Democratic_Socialism,4,200,TRUE,4,"1,2,3,4",0.037174780021523,0.316326530612245,0,,8,174,3591,4296,3949.25,303.327518259279,0.0101149425287356
165686,Democratic_Socialism,4,200,TRUE,4,"1,2,3,4",0.0355312208760485,0.301020408163265,0,,10,99,3910,4598,4292,323.076874236871,0.00910175438596491
165687,Democratic_Socialism,4,200,TRUE,4,"1,2,3,4",0.061970688930266,0.25765306122449,0,,4,209,3709,4920,4162.25,562.138402293718,0.0123207547169811
165688,Democratic_Socialism,4,200,TRUE,4,"1,2,3,4",0.0546779328924811,0.272959183673469,0,,10,195,3342,4486,4083,509.382632867147,0.00871287128712871
165689,Democratic_Socialism,4,200,TRUE,4,"1,2,3,4",0.0684867347555449,0.255102040816327,0,,8,101,3244,4737,4136.75,632.860898354976,0.0119333333333333
165690,Democratic_Socialism,4,200,TRUE,4,"1,2,3,4",0.0549797546383031,0.344387755102041,0,,8,193,3435,4640,4136.75,505.207135737412,0.00925925925925926
165691,Democratic_Socialism,4,200,TRUE,4,"1,2,3,4",0.072706381988481,0.298469387755102,0,,10,238,3574,5152,4297.25,657.633826684729,0.0118085808580858
165692,Democratic_Socialism,4,200,TRUE,4,"1,2,3,4",0.0423772531407416,0.267857142857143,0,,18,123,3732,4629,4119.25,375.283337404332,0.00989542483660131
165693,Democratic_Socialism,4,200,TRUE,4,"1,2,3,4",0.00983750682107565,0.275510204081633,0,,17,122,3994,4195,4123.25,90.488949601595,0.00944871794871795
165694,Democratic_Socialism,4,200,TRUE,4,"1,2,3,4",0.0320863936262916,0.344387755102041,0,,8,209,3699,4378,4016.5,278.549217673765,0.0086007326007326
165695,Democratic_Socialism,4,200,TRUE,4,"1,2,3,4",0.0688775510204083,0.306122448979592,0,,0,151,3539,4838,4116,596.9047941953,0.00834202898550725
165696,Democratic_Socialism,4,200,TRUE,4,"1,2,3,4",0.016648955012398,0.288265306122449,0,,11,197,4104,4458,4234.5,156.508785695884,0.00760517799352751
165697,Democratic_Socialism,4,200,TRUE,4,"1,2,3,4",0.0752457384596244,0.252551020408163,0,,2,129,3387,4802,4018.5,632.466336390062,0.0101030303030303
165698,Democratic_Socialism,4,200,TRUE,4,"1,2,3,4",0.0551703163017032,0.313775510204082,0,,12,180,3524,4710,4110,485.092431054811,0.0103239875389408
165699,Democratic_Socialism,4,200,TRUE,4,"1,2,3,4",0.0615693689435122,0.298469387755102,0,,10,160,3710,4908,4231,549.750246324032,0.0106424242424242
165700,Democratic_Socialism,4,200,TRUE,4,"1,2,3,4",0.0423903572465874,0.26530612244898,0,,8,139,3850,4770,4303.75,381.224671289779,0.00994174757281553
165701,Democratic_Socialism,4,200,TRUE,4,"1,2,3,4",0.030598656785549,0.283163265306122,0,,12,172,4037,4672,4318,276.153339046745,0.0115897435897436
165702,Democratic_Socialism,4,200,TRUE,4,"1,2,3,4",0.0603943748089268,0.301020408163265,0,,14,267,3635,4863,4088.75,545.391831622,0.0106540880503145
165703,Democratic_Socialism,4,200,TRUE,4,"1,2,3,4",0.0482708933717579,0.270408163265306,0,,18,196,3633,4514,3990.5,413.117013286389,0.0108333333333333
165704,Democratic_Socialism,4,200,TRUE,4,"1,2,3,4",0.0635686229205175,0.35969387755102,0,,12,174,3846,5226,4328,621.712152044658,0.0154851485148515
165705,Democratic_Socialism,4,200,TRUE,4,"1,2,3,4",0.0418627912449989,0.280612244897959,0,,4,176,3845,4736,4249,373.628157397164,0.00776502732240437
165706,Democratic_Socialism,4,200,TRUE,4,"1,2,3,4",0.0320355788859725,0.260204081632653,0,,6,92,3920,4634,4286.25,292.547859332452,0.0131881188118812
165707,Democratic_Socialism,4,200,TRUE,4,"1,2,3,4",0.0697469469973562,0.283163265306122,0,,8,179,3138,4517,3971.5,599.243133738997,0.00901557632398754
165708,Democratic_Socialism,4,200,TRUE,4,"1,2,3,4",0.0566968325791855,0.313775510204082,0,,10,133,3735,4901,4143.75,527.664903134556,0.00862264150943396
165709,Democratic_Socialism,4,200,TRUE,4,"1,2,3,4",0.05694468477822,0.283163265306122,0,,14,223,3919,5162,4334.25,567.709065748763,0.0119571865443425
165710,Democratic_Socialism,4,200,TRUE,4,"1,2,3,4",0.0735046841220275,0.298469387755102,0,,14,143,3513,5143,4163,692.186872648324,0.00864174454828661
165711,Democratic_Socialism,4,200,TRUE,4,"1,2,3,4",0.0665684107098994,0.283163265306122,0,,10,103,3424,4623,4071,577.605978731753,0.0123301587301587
165712,Democratic_Socialism,4,200,TRUE,4,"1,2,3,4",0.0929851086894507,0.301020408163265,0,,8,111,3437,5484,4381.75,854.66421281499,0.0107739463601533
165713,Democratic_Socialism,4,200,TRUE,4,"1,2,3,4",0.103914602138147,0.35969387755102,0,,12,196,2965,4920,3905.25,839.39556626579,0.0122265372168285
165714,Democratic_Socialism,4,200,TRUE,4,"1,2,3,4",0.0303410230692076,0.272959183673469,0,,6,207,3956,4557,4237.25,267.295560506842,0.0081474358974359
165715,Democratic_Socialism,4,200,TRUE,4,"1,2,3,4",0.0854644495412844,0.26530612244898,0,,0,255,3647,5281,4360,804.164576853934,0.0156347826086957
165716,Democratic_Socialism,4,200,TRUE,4,"1,2,3,4",0.00576104077941775,0.288265306122449,0,,24,163,4214,4331,4285.25,53.1123024041198,0.00746925566343042
165717,Democratic_Socialism,4,200,TRUE,4,"1,2,3,4",0.0205909065107566,0.288265306122449,0,,8,212,4188,4660,4404.25,194.563400121057,0.00898245614035088
165718,Democratic_Socialism,4,200,TRUE,4,"1,2,3,4",0.0293983868033234,0.306122448979592,0,,20,209,3889,4464,4122.25,258.187754679936,0.00996763754045307
165719,Democratic_Socialism,4,200,TRUE,4,"1,2,3,4",0.0626577819526801,0.283163265306122,0,,10,237,3878,5279,4258.25,681.620312197341,0.0150701754385965
165720,Democratic_Socialism,4,200,TRUE,4,"1,2,3,4",0.102322942792309,0.313775510204082,0,,7,217,3468,5583,4186.5,970.538853764581,0.0118703703703704
165721,Democratic_Socialism,4,200,TRUE,4,"1,2,3,4",0.0545167698959916,0.283163265306122,0,,2,153,3638,4746,4278.5,492.271266681288,0.00904290429042904
165722,Democratic_Socialism,4,200,TRUE,4,"1,2,3,4",0.021653772322727,0.283163265306122,0,,6,191,3929,4425,4297.75,245.852767593398,0.0100588235294118
165723,Democratic_Socialism,4,200,TRUE,4,"1,2,3,4",0.0314079532306193,0.344387755102041,0,,18,120,3933,4620,4105.25,343.167961791307,0.00844654088050315
165724,Democratic_Socialism,4,200,TRUE,4,"1,2,3,4",0.0703192943222761,0.295918367346939,0,,8,222,3299,4643,4024.5,588.111384008166,0.0096144578313253
165725,Democratic_Socialism,4,200,TRUE,4,"1,2,3,4",0.0323045267489712,0.267857142857143,0,,6,152,3976,4587,4252.5,292.481908272404,0.00932075471698113
165726,Democratic_Socialism,4,200,TRUE,4,"1,2,3,4",0.0865800865800865,0.272959183673469,0,,6,135,3252,4937,4273.5,800.393444917352,0.0133333333333333
165727,Democratic_Socialism,4,200,TRUE,4,"1,2,3,4",0.081998554826278,0.311224489795918,0,,4,182,3481,5224,4151.75,753.655259385881,0.0107249190938511
165728,Democratic_Socialism,4,200,TRUE,4,"1,2,3,4",0.0318518961598278,0.262755102040816,0,,8,252,3752,4422,4179.5,297.699512932084,0.00922741433021807
165729,Democratic_Socialism,4,200,TRUE,4,"1,2,3,4",0.0570044709388973,0.295918367346939,0,,10,175,3783,4985,4361.5,514.334197450128,0.00968807339449541
165730,Democratic_Socialism,4,200,TRUE,4,"1,2,3,4",0.0623792235170111,0.35969387755102,0,,2,148,3771,5178,4269.25,621.593315601125,0.0101217948717949
165731,Democratic_Socialism,4,200,TRUE,4,"1,2,3,4",0.0526625386996904,0.336734693877551,0,,10,175,3668,4781,4037.5,503.734387681974,0.00855333333333333
165732,Democratic_Socialism,4,200,TRUE,4,"1,2,3,4",0.0613895642416309,0.262755102040816,0,,3,172,3446,4504,4010.25,534.560489249502,0.00975375375375375
165733,Democratic_Socialism,4,200,TRUE,4,"1,2,3,4",0.0289521228545619,0.288265306122449,0,,4,156,3888,4447,4151.25,250.036497335889,0.00752873563218391
165734,Democratic_Socialism,4,200,TRUE,4,"1,2,3,4",0.0897880026055546,0.303571428571429,0,,8,149,3272,5258,4221.75,813.491395160391,0.0123065134099617
165735,Democratic_Socialism,4,200,TRUE,4,"1,2,3,4",0.0395354434950055,0.275510204081633,0,,20,153,3796,4622,4154.5,348.458031906283,0.0116358024691358
165736,Democratic_Socialism,4,200,TRUE,4,"1,2,3,4",0.0561648079306072,0.323979591836735,0,,4,185,3502,4466,4035,498.139873261851,0.00718518518518519
165737,Democratic_Socialism,4,200,TRUE,4,"1,2,3,4",0.0483200655584173,0.339285714285714,0,,12,232,3819,4868,4271,440.922517758695,0.00992280701754386
165738,Democratic_Socialism,4,200,TRUE,4,"1,2,3,4",0.0647699757869249,0.298469387755102,0,,6,207,3683,5035,4233.25,586.510798422899,0.00777777777777778
165739,Democratic_Socialism,4,200,TRUE,4,"1,2,3,4",0.0457446808510638,0.262755102040816,0,,10,175,3761,4758,4112.5,441.06726622289,0.00984192439862543
165740,Democratic_Socialism,4,200,TRUE,4,"1,2,3,4",0.0351864781520916,0.283163265306122,0,,14,171,3970,4628,4296.75,324.301685677601,0.00847798742138365
165741,Democratic_Socialism,4,200,TRUE,4,"1,2,3,4",0.0634652509652509,0.267857142857143,0,,10,235,3658,4992,4144,589.361236141865,0.0125636363636364
165742,Democratic_Socialism,4,200,TRUE,4,"1,2,3,4",0.0762254901960784,0.293367346938775,0,,4,235,3143,4632,4080,679.785750561651,0.00850641025641026
165743,Democratic_Socialism,4,200,TRUE,4,"1,2,3,4",0.0532964459277476,0.272959183673469,0,,12,167,3588,4721,4269.75,491.343990160322,0.00802666666666667
165744,Democratic_Socialism,4,200,TRUE,4,"1,2,3,4",0.116312225258406,0.275510204081633,0,,8,210,2977,5359,4208.5,1013.05166041356,0.0143492063492064
165745,Democratic_Socialism,4,200,TRUE,4,"1,2,3,4",0.0427183315558715,0.275510204081633,0,,2,169,3714,4547,4219.5,388.476082489858,0.0103076923076923
165746,Democratic_Socialism,4,200,TRUE,4,"1,2,3,4",0.0143740573152338,0.293367346938775,0,,10,231,4013,4281,4143.75,125.239437345697,0.00994152046783626
165747,Democratic_Socialism,4,200,TRUE,4,"1,2,3,4",0.0436363636363637,0.262755102040816,0,,12,260,3760,4496,4125,406.889010255459,0.00833962264150943
165748,Democratic_Socialism,4,200,TRUE,4,"1,2,3,4",0.0681654460319365,0.349489795918367,0,,6,166,3291,4645,4164.5,628.836756771316,0.0134191419141914
165749,Democratic_Socialism,4,200,TRUE,4,"1,2,3,4",0.0642162386572565,0.318877551020408,0,,3,215,3563,4898,4215.25,561.30228041582,0.0111333333333333
165750,Democratic_Socialism,4,200,TRUE,4,"1,2,3,4",0.0765682656826567,0.260204081632653,0,,10,117,3329,4829,4132.75,657.023781913562,0.00995238095238095
165751,Democratic_Socialism,4,200,TRUE,4,"1,2,3,4",0.0204760185352351,0.267857142857143,0,,14,184,3955,4341,4154.25,178.193480988129,0.0103395061728395
165752,Democratic_Socialism,4,200,TRUE,4,"1,2,3,4",0.0478884299924378,0.306122448979592,0,,10,212,3614,4674,4297.75,470.014450132476,0.00849726775956284
165753,Democratic_Socialism,4,200,TRUE,4,"1,2,3,4",0.0467677597231184,0.267857142857143,0,,20,176,3719,4641,4261.75,424.750416911704,0.00817921146953405
165754,Democratic_Socialism,4,200,TRUE,4,"1,2,3,4",0.0593023255813954,0.313775510204082,0,,7,161,3803,5117,4353.75,555.672190534431,0.00889102564102564
165755,Democratic_Socialism,4,200,TRUE,4,"1,2,3,4",0.0254861520329994,0.272959183673469,0,,16,169,4009,4513,4242.5,225.195470647169,0.0120718954248366
165756,Democratic_Socialism,4,200,TRUE,4,"1,2,3,4",0.0674825992864245,0.354591836734694,0,,0,230,3734,4972,4274.25,631.672053626986,0.0108802588996764
165757,Democratic_Socialism,4,200,TRUE,4,"1,2,3,4",0.0414068589243959,0.339285714285714,0,,4,188,3550,4325,3849,344.941540940877,0.00948220064724919
165758,Democratic_Socialism,4,200,TRUE,4,"1,2,3,4",0.0938112199465717,0.298469387755102,0,,4,105,3349,5263,4211.25,823.656228856028,0.00964242424242424
165759,Democratic_Socialism,4,200,TRUE,4,"1,2,3,4",0.075249169435216,0.298469387755102,0,,14,105,3650,5247,4138.75,747.755920515957,0.00955351681957186
165760,Democratic_Socialism,4,200,TRUE,4,"1,2,3,4",0.0354519860456577,0.262755102040816,0,,6,154,3735,4404,4084.75,301.529849268692,0.0112969696969697
165761,Democratic_Socialism,4,200,TRUE,4,"1,2,3,4",0.0318739001152983,0.253772290809328,0,,20,185,3822,4518,4119.75,290.05329969967,0.00824074074074074
165762,Democratic_Socialism,4,200,TRUE,4,"1,2,3,4",0.0461194209166818,0.313775510204082,0,,3,134,3829,4736,4161.75,420.672774651906,0.00841077441077441
165763,Democratic_Socialism,4,200,TRUE,4,"1,2,3,4",0.0635773947041052,0.262755102040816,0,,8,230,3493,4701,4220.25,581.427768514714,0.00970570570570571
165764,Democratic_Socialism,4,200,TRUE,4,"1,2,3,4",0.0276672094566071,0.290816326530612,0,,6,227,3796,4370,4145.25,249.414481001672,0.00934603174603175
165765,Democratic_Socialism,4,200,TRUE,4,"1,2,3,4",0.0777560259390677,0.288265306122449,0,,14,210,3308,4867,4086.5,657.791506988853,0.00948765432098766
165766,Democratic_Socialism,4,200,TRUE,4,"1,2,3,4",0.0294894366197183,0.313775510204082,0,,8,154,3757,4322,3976,253.062574606888,0.010084142394822
165767,Democratic_Socialism,4,200,TRUE,4,"1,2,3,4",0.0171051113418714,0.283163265306122,0,,8,241,4142,4486,4333.5,155.506698676724,0.00822418879056047
165768,Democratic_Socialism,4,200,TRUE,4,"1,2,3,4",0.0387423043095867,0.280612244897959,0,,11,141,3871,4704,4263.75,346.202614086029,0.00896573208722742
165769,Democratic_Socialism,4,200,TRUE,4,"1,2,3,4",0.0488196797943203,0.280612244897959,0,,18,158,3770,4724,4278.5,437.503142845854,0.00928735632183908
165770,Democratic_Socialism,4,200,TRUE,4,"1,2,3,4",0.0891981629739962,0.293367346938775,0,,8,155,3419,5284,4028.25,850.280884962924,0.00948821548821549
165771,Democratic_Socialism,4,200,TRUE,4,"1,2,3,4",0.0373492493231602,0.330589849108368,0,,20,171,3525,4333,4063,364.355138109327,0.0109333333333333
165772,Democratic_Socialism,4,200,TRUE,4,"1,2,3,4",0.0388005338375133,0.538265306122449,0,,12,236,4125,4999,4495.75,371.382439900794,0.00895072463768116
165773,Democratic_Socialism,4,200,TRUE,4,"1,2,3,4",0.0244451835278468,0.313775510204082,0,,6,187,3768,4287,4134.25,246.348499758641,0.00973446327683616
165774,Democratic_Socialism,4,200,TRUE,4,"1,2,3,4",0.0351431811738021,0.25765306122449,0,,2,194,3948,4773,4408.75,341.385778848504,0.0130787878787879
165775,Democratic_Socialism,4,200,TRUE,4,"1,2,3,4",0.0641169521559362,0.298469387755102,0,,4,190,3533,4847,4232.5,562.886311789512,0.0106997245179063
165776,Democratic_Socialism,4,200,TRUE,4,"1,2,3,4",0.0279541234952387,0.339285714285714,0,,16,197,3996,4586,4174.25,278.852858451669,0.00958974358974359
165777,Democratic_Socialism,4,200,TRUE,4,"1,2,3,4",0.0978753705748998,0.301020408163265,0,,12,152,3639,5753,4300.75,989.379056108763,0.0104829931972789
165778,Democratic_Socialism,4,200,TRUE,4,"1,2,3,4",0.108719714672242,0.329081632653061,0,,2,114,3186,5329,4065.5,939.929961929788,0.0139319727891156
165779,Democratic_Socialism,4,200,TRUE,4,"1,2,3,4",0.0776807832959774,0.263313609467456,0,,12,73,3282,5033,4238.5,720.961626348218,0.012809968847352
165780,Democratic_Socialism,4,200,TRUE,4,"1,2,3,4",0.043184701830705,0.272959183673469,0,,15,271,3771,4717,4137.75,405.312533731687,0.00874474474474475
165781,Democratic_Socialism,4,200,TRUE,4,"1,2,3,4",0.0264478764478764,0.288265306122449,0,,10,221,3844,4424,4208.75,252.580515215776,0.00945098039215686
165782,Democratic_Socialism,4,200,TRUE,4,"1,2,3,4",0.0396048632218844,0.294924554183813,0,,14,82,3652,4469,4112.5,344.7574026278,0.00771604938271605
165783,Democratic_Socialism,4,200,TRUE,4,"1,2,3,4",0.0274471514475234,0.25765306122449,0,,2,195,3724,4291,4032.75,235.049462879625,0.00916049382716049
165784,Democratic_Socialism,4,200,TRUE,4,"1,2,3,4",0.0476944897096989,0.260204081632653,0,,8,152,3847,4876,4142.25,491.406400039723,0.0113074433656958
165785,Democratic_Socialism,4,200,TRUE,4,"1,2,3,4",0.023047619047619,0.301020408163265,0,,20,224,3757,4169,3937.5,192.181337977096,0.00826548672566372
165786,Democratic_Socialism,4,200,TRUE,4,"1,2,3,4",0.0595294048528288,0.288265306122449,0,,9,156,3704,4973,4255.25,536.395609601719,0.00837237237237237
165787,Democratic_Socialism,4,200,TRUE,4,"1,2,3,4",0.075283299275497,0.288265306122449,0,,14,175,3105,4635,4037.25,663.225640336681,0.00982051282051282
165788,Democratic_Socialism,4,200,TRUE,4,"1,2,3,4",0.0309095944365807,0.275510204081633,0,,12,179,3743,4323,4062.25,263.187354052837,0.0159931271477663
165789,Democratic_Socialism,4,200,TRUE,4,"1,2,3,4",0.0368207745421796,0.303571428571429,0,,6,228,3732,4549,4163.75,334.618563940098,0.00948985507246377
165790,Democratic_Socialism,4,200,TRUE,4,"1,2,3,4",0.0382910803942231,0.288265306122449,0,,24,278,3730,4468,4033.25,327.942449219371,0.00844444444444445
165791,Democratic_Socialism,4,200,TRUE,4,"1,2,3,4",0.0264518456174101,0.354591836734694,0,,22,166,3917,4388,4158.5,238.934440101603,0.00866666666666667
165792,Democratic_Socialism,4,200,TRUE,4,"1,2,3,4",0.118405897258696,0.298469387755102,0,,4,175,3223,5800,4341,1089.07759135885,0.0126116838487973
165793,Democratic_Socialism,4,200,TRUE,4,"1,2,3,4",0.0597790286843523,0.275510204081633,0,,16,195,3699,4903,4174.75,535.768840079376,0.0109391304347826
165794,Democratic_Socialism,4,200,TRUE,4,"1,2,3,4",0.0600828729281768,0.267857142857143,0,,10,215,3540,4803,4163,522.990758363217,0.00973809523809524
165795,Democratic_Socialism,4,200,TRUE,4,"1,2,3,4",0.0508838915278695,0.283163265306122,0,,4,152,3779,4856,4157.75,480.937539257092,0.00872955974842767
165796,Democratic_Socialism,4,200,TRUE,4,"1,2,3,4",0.0371464691009584,0.260204081632653,0,,16,127,4008,4840,4251.75,393.815841056028,0.00889830508474576
165797,Democratic_Socialism,4,200,TRUE,4,"1,2,3,4",0.0399520095980803,0.262755102040816,0,,8,172,3832,4666,4167.5,359.383268020832,0.0105144927536232
165798,Democratic_Socialism,4,200,TRUE,4,"1,2,3,4",0.0325982885524505,0.25765306122449,0,,18,169,3750,4437,4177.75,300.74283033848,0.0087003367003367
165799,Democratic_Socialism,4,200,TRUE,4,"1,2,3,4",0.0166745366544683,0.283163265306122,0,,10,196,4017,4382,4235.5,155.358724677224,0.0108376068376068
165800,Democratic_Socialism,4,200,TRUE,4,"1,2,3,4",0.0454771808541801,0.288265306122449,0,,10,107,3898,4808,4267.25,413.833601825661,0.00847138047138047
165801,Democratic_Socialism,4,200,TRUE,4,"1,2,3,4",0.0710033242671502,0.260204081632653,0,,10,227,3355,4824,4136.25,613.828083967056,0.01386
165802,Democratic_Socialism,4,200,TRUE,4,"1,2,3,4",0.037417507159756,0.267489711934156,0,,8,182,3593,4317,4015.5,318.140954085869,0.00864516129032258
165803,Democratic_Socialism,4,200,TRUE,4,"1,2,3,4",0.0432913181764636,0.313775510204082,0,,6,185,3869,4635,4244.5,408.119671991766,0.0110608695652174
165804,Democratic_Socialism,4,200,TRUE,4,"1,2,3,4",0.0539364118092354,0.303571428571429,0,,12,175,3803,5025,4293.25,518.242140959867,0.013607476635514
165805,Democratic_Socialism,4,200,TRUE,4,"1,2,3,4",0.0604482880338864,0.262755102040816,0,,10,205,3556,4878,4249.5,544.192061684108,0.00846527777777778
165806,Democratic_Socialism,4,200,TRUE,4,"1,2,3,4",0.0535540112167765,0.252551020408163,0,,12,224,3417,4539,4101,483.359769391979,0.0106006600660066
165807,Democratic_Socialism,4,200,TRUE,4,"1,2,3,4",0.0369349169797599,0.267857142857143,0,,10,77,3891,4668,4125.5,366.266296565764,0.0092969696969697
165808,Democratic_Socialism,4,200,TRUE,4,"1,2,3,4",0.0900835073068893,0.318877551020408,0,,10,159,3527,5299,4191.25,822.495542034525,0.00975595238095238
165809,Democratic_Socialism,4,200,TRUE,4,"1,2,3,4",0.0659287776708373,0.270408163265306,0,,4,152,3734,5138,4156,661.815684310972,0.0108745519713262
165810,Democratic_Socialism,4,200,TRUE,4,"1,2,3,4",0.0255375525370043,0.272959183673469,0,,6,188,3706,4263,4104.25,266.147045822418,0.00927083333333333
165811,Democratic_Socialism,4,200,TRUE,4,"1,2,3,4",0.0285424859969015,0.275510204081633,0,,16,176,3979,4577,4195.5,266.751444857068,0.0106229508196721
165812,Democratic_Socialism,4,200,TRUE,4,"1,2,3,4",0.0480014066346266,0.272959183673469,0,,4,195,3825,4729,4265.5,435.19535843113,0.00846551724137931
165813,Democratic_Socialism,4,200,TRUE,4,"1,2,3,4",0.0950575390970787,0.293367346938775,0,,6,170,3382,5385,4236.25,853.797936672762,0.0122462462462462
165814,Democratic_Socialism,4,200,TRUE,4,"1,2,3,4",0.0379001162861865,0.267857142857143,0,,12,187,3727,4539,4084.75,336.563391750598,0.00955345911949686
165815,Democratic_Socialism,4,200,TRUE,4,"1,2,3,4",0.052346624841648,0.288265306122449,0,,5,187,3749,4760,4144.25,467.476469996085,0.00984353741496599
165816,Democratic_Socialism,4,200,TRUE,4,"1,2,3,4",0.0225696485247444,0.275510204081633,0,,21,198,4016,4448,4253.5,203.274035069247,0.0112040816326531
165817,Democratic_Socialism,4,200,TRUE,4,"1,2,3,4",0.0345275802306819,0.35969387755102,0,,7,218,3720,4457,4183.25,322.745901084222,0.01072
165818,Democratic_Socialism,4,200,TRUE,4,"1,2,3,4",0.0655207829869502,0.301020408163265,0,,6,150,3637,4988,4138,598.613397778566,0.00991228070175439
165819,Democratic_Socialism,4,200,TRUE,4,"1,2,3,4",0.0930337213488539,0.262755102040816,0,,4,191,3433,5199,4166.5,828.127808171339,0.0126915887850467
165820,Democratic_Socialism,4,200,TRUE,4,"1,2,3,4",0.0416001963431096,0.283163265306122,0,,13,126,3662,4561,4074.5,369.544313986834,0.00990990990990991
165821,Democratic_Socialism,4,200,TRUE,4,"1,2,3,4",0.0420965255543697,0.280612244897959,0,,8,140,3789,4680,4216.5,370.666516786541,0.0107371794871795
165822,Democratic_Socialism,4,200,TRUE,4,"1,2,3,4",0.0203812316715541,0.262755102040816,0,,12,220,4091,4454,4262.5,192.860052888098,0.00769333333333333
165823,Democratic_Socialism,4,200,TRUE,4,"1,2,3,4",0.0675819131233144,0.280612244897959,0,,12,138,3555,4977,4356.75,617.251096934357,0.00902976190476191
165824,Democratic_Socialism,4,200,TRUE,4,"1,2,3,4",0.0355420960646056,0.25765306122449,0,,10,239,3810,4496,4148.25,305.880559478151,0.00975873015873016
165825,Democratic_Socialism,4,200,TRUE,4,"1,2,3,4",0.0206002034587995,0.280612244897959,0,,9,220,3898,4341,4177.75,193.949091258505,0.00958
165826,Democratic_Socialism,4,200,TRUE,4,"1,2,3,4",0.0492360179623257,0.260204081632653,0,,6,121,3720,4748,4286.75,440.623327419993,0.0103956043956044
165827,Democratic_Socialism,4,200,TRUE,4,"1,2,3,4",0.0900024548913711,0.275510204081633,0,,4,204,3225,5087,4073.5,774.585265373241,0.0106242424242424
165828,Democratic_Socialism,4,200,TRUE,4,"1,2,3,4",0.0198254221816523,0.267857142857143,0,,8,200,4163,4577,4382,180.024072464398,0.00977060931899642
165829,Democratic_Socialism,4,200,TRUE,4,"1,2,3,4",0.0419508466603951,0.267857142857143,0,,2,192,3960,4882,4252,425.502839786842,0.010404984423676
165830,Democratic_Socialism,4,200,TRUE,4,"1,2,3,4",0.0850160351585698,0.283163265306122,0,,4,247,3231,4996,4209.5,749.968221548976,0.0115679012345679
165831,Democratic_Socialism,4,200,TRUE,4,"1,2,3,4",0.0544213578158976,0.267857142857143,0,,8,125,3709,4705,4139,484.503869953585,0.00898442367601246
165832,Democratic_Socialism,4,200,TRUE,4,"1,2,3,4",0.0167516387472688,0.262755102040816,0,,10,117,3999,4314,4119,150.41941364066,0.0111636363636364
165833,Democratic_Socialism,4,200,TRUE,4,"1,2,3,4",0.0737923792379238,0.275720164609053,0,,4,187,3514,4995,4166.25,643.20052601554,0.01025
165834,Democratic_Socialism,4,200,TRUE,4,"1,2,3,4",0.0399789891443914,0.466836734693878,0,,6,210,3953,4692,4283.5,372.339003239431,0.00882154882154882
165835,Democratic_Socialism,4,200,TRUE,4,"1,2,3,4",0.039992993928071,0.272959183673469,0,,8,112,3941,4639,4282,388.379539454213,0.0120990099009901
165836,Democratic_Socialism,4,200,TRUE,4,"1,2,3,4",0.0592752935594829,0.267857142857143,0,,0,148,3573,4785,4215.5,518.112922054643,0.0134583333333333
165837,Democratic_Socialism,4,200,TRUE,4,"1,2,3,4",0.0421436792052821,0.298469387755102,0,,14,164,3710,4619,4127.25,374.28097734189,0.00963636363636363
165838,Democratic_Socialism,4,200,TRUE,4,"1,2,3,4",0.0453129818069689,0.303571428571429,0,,14,147,3698,4630,4053.75,405.444920221395,0.0123717948717949
165839,Democratic_Socialism,4,200,TRUE,4,"1,2,3,4",0.0338725827648789,0.267857142857143,0,,20,231,3755,4378,3994.75,293.521577855303,0.00807602339181287
165840,Democratic_Socialism,4,200,TRUE,4,"1,2,3,4",0.0649399625897544,0.334183673469388,0,,11,204,3455,4889,4143.25,586.369834944921,0.0109418960244648
165841,Democratic_Socialism,4,200,TRUE,4,"1,2,3,4",0.0659677979844782,0.293367346938775,0,,16,148,3543,4940,4316.5,595.795546587362,0.00986928104575163
165842,Democratic_Socialism,4,200,TRUE,4,"1,2,3,4",0.0659425347525156,0.306122448979592,0,,4,163,3777,5263,4298.25,659.230548948292,0.0134412698412698
165843,Democratic_Socialism,4,200,TRUE,4,"1,2,3,4",0.0566516002931834,0.25765306122449,0,,15,184,3630,4650,4093,496.751446902775,0.0101142857142857
165844,Democratic_Socialism,4,200,TRUE,4,"1,2,3,4",0.0855359335711361,0.303571428571429,0,,12,184,3290,5161,4275.25,772.127526168227,0.00889085545722714
165845,Democratic_Socialism,4,200,TRUE,4,"1,2,3,4",0.0260544055360019,0.298469387755102,0,,12,149,3988,4507,4190.75,234.955846915968,0.00806727828746177
165846,Democratic_Socialism,4,200,TRUE,4,"1,2,3,4",0.0469502407704654,0.25765306122449,0,,2,206,3652,4502,4049.5,402.205171523192,0.00804620462046205
165847,Democratic_Socialism,4,200,TRUE,4,"1,2,3,4",0.0286229705351775,0.255102040816327,0,,16,226,3885,4513,4157.5,260.947632038819,0.0115555555555556
165848,Democratic_Socialism,4,200,TRUE,4,"1,2,3,4",0.0392419948139662,0.301020408163265,0,,20,220,3747,4574,4145.75,341.700039020581,0.0102840579710145
165849,Democratic_Socialism,4,200,TRUE,4,"1,2,3,4",0.0742406194163192,0.275720164609053,0,,2,147,3590,4956,4197.5,670.833064182141,0.00888288288288288
165850,Democratic_Socialism,4,200,TRUE,4,"1,2,3,4",0.054342660250698,0.267857142857143,0,,14,134,3725,4806,4208.25,477.465094710249,0.0106601941747573
165851,Democratic_Socialism,4,200,TRUE,4,"1,2,3,4",0.048913043478261,0.334183673469388,0,,14,255,3857,4899,4163,495.477547422686,0.012
165852,Democratic_Socialism,4,200,TRUE,4,"1,2,3,4",0.0195995657942347,0.306122448979592,0,,5,226,3989,4410,4145.5,183.456625209703,0.0103790849673203
165853,Democratic_Socialism,4,200,TRUE,4,"1,2,3,4",0.0597321897426921,0.252551020408163,0,,14,174,3803,5082,4284.75,562.951374454313,0.0125892857142857
165854,Democratic_Socialism,4,200,TRUE,4,"1,2,3,4",0.0480507048790393,0.298469387755102,0,,18,185,3987,5035,4309.25,492.017868916702,0.0126853582554517
165855,Democratic_Socialism,4,200,TRUE,4,"1,2,3,4",0.0192946058091286,0.283163265306122,0,,21,233,4034,4451,4217.5,173.920479913475,0.00810619469026549
165856,Democratic_Socialism,4,200,TRUE,4,"1,2,3,4",0.0740097392956827,0.283163265306122,0,,4,152,3593,5107,4209.75,664.053900924717,0.0111939393939394
165857,Democratic_Socialism,4,200,TRUE,4,"1,2,3,4",0.0583657587548638,0.255102040816327,0,,14,71,3725,4850,4240.5,520.500080051227,0.00991585760517799
165858,Democratic_Socialism,4,200,TRUE,4,"1,2,3,4",0.0581276952563488,0.313775510204082,0,,6,226,3552,4649,4174,515.737013085804,0.00798625429553265
165859,Democratic_Socialism,4,200,TRUE,4,"1,2,3,4",0.0390092138327152,0.270408163265306,0,,4,105,3860,4592,4178.5,347.279426398973,0.0113768115942029
165860,Democratic_Socialism,4,200,TRUE,4,"1,2,3,4",0.113898436633773,0.318877551020408,0,,2,240,3705,6309,4509.5,1219.67905614551,0.0146121212121212
165861,Democratic_Socialism,4,200,TRUE,4,"1,2,3,4",0.0541097575981298,0.267489711934156,0,,6,212,3450,4565,4063.5,465.159829162694,0.0102222222222222
165862,Democratic_Socialism,4,200,TRUE,4,"1,2,3,4",0.0299457675076633,0.278061224489796,0,,10,152,4004,4638,4241,279.897600323166,0.0106851851851852
165863,Democratic_Socialism,4,200,TRUE,4,"1,2,3,4",0.0179198450175566,0.283163265306122,0,,8,146,3958,4310,4129.5,152.997821335251,0.00868013468013468
165864,Democratic_Socialism,4,200,TRUE,4,"1,2,3,4",0.0362200902289989,0.264746227709191,0,,10,150,3924,4756,4377.75,342.856991567427,0.0085
165865,Democratic_Socialism,4,200,TRUE,4,"1,2,3,4",0.057740970784449,0.283163265306122,0,,12,120,3884,5035,4347,538.983611377316,0.0116884735202492
165866,Democratic_Socialism,4,200,TRUE,4,"1,2,3,4",0.0362665124490169,0.267857142857143,0,,16,125,3683,4462,4106.75,321.024791358342,0.00924912280701754
165867,Democratic_Socialism,4,200,TRUE,4,"1,2,3,4",0.0143492802962433,0.280612244897959,0,,12,175,4023,4330,4185.75,126.842093433791,0.00807977207977208
165868,Democratic_Socialism,4,200,TRUE,4,"1,2,3,4",0.0544561712107887,0.375,0,,9,221,3818,4982,4263.75,508.779176067575,0.0114821428571429
165869,Democratic_Socialism,4,200,TRUE,4,"1,2,3,4",0.0487990733967325,0.334183673469388,0,,8,178,3508,4460,4101,435.034864503218,0.0104554455445545
165870,Democratic_Socialism,4,200,TRUE,4,"1,2,3,4",0.0707251434317147,0.25,0,,2,245,3378,4838,4226.75,633.353705812689,0.0116462585034014
165871,Democratic_Socialism,4,200,TRUE,4,"1,2,3,4",0.039960532807104,0.252551020408163,0,,0,226,3583,4430,4054,350.727814693959,0.00844666666666667
165872,Democratic_Socialism,4,200,TRUE,4,"1,2,3,4",0.0265174739423666,0.262755102040816,0,,12,74,3737,4297,4077.5,239.924293615021,0.00992439862542955
165873,Democratic_Socialism,4,200,TRUE,4,"1,2,3,4",0.073332327195895,0.313775510204082,0,,8,219,3419,4947,4141.25,635.656288151597,0.013113475177305
165874,Democratic_Socialism,4,200,TRUE,4,"1,2,3,4",0.0319329771733852,0.26530612244898,0,,8,183,3734,4414,4118,283.42665129918,0.00798
165875,Democratic_Socialism,4,200,TRUE,4,"1,2,3,4",0.0175401004040652,0.357142857142857,0,,4,143,3897,4244,4083.5,148.764915218609,0.01075
165876,Democratic_Socialism,4,200,TRUE,4,"1,2,3,4",0.027471539844218,0.262755102040816,0,,16,168,3873,4479,4172.5,247.517676136473,0.00920512820512821
165877,Democratic_Socialism,4,200,TRUE,4,"1,2,3,4",0.0559273999035215,0.313775510204082,0,,10,196,3567,4799,4146,504.805573133525,0.00941747572815534
165878,Democratic_Socialism,4,200,TRUE,4,"1,2,3,4",0.0345652036227753,0.288265306122449,0,,12,175,3713,4394,3947.25,309.212305705966,0.00882242990654206
165879,Democratic_Socialism,4,200,TRUE,4,"1,2,3,4",0.0905124934778827,0.313775510204082,0,,4,112,3641,5647,4312.25,908.848126293204,0.0121188118811881
165880,Democratic_Socialism,4,200,TRUE,4,"1,2,3,4",0.0576476341851082,0.252551020408163,0,,10,167,3703,4926,4089.5,564.407949388856,0.00992452830188679
165881,Democratic_Socialism,4,200,TRUE,4,"1,2,3,4",0.092352224253504,0.272959183673469,0,,2,148,3152,5032,4102.5,786.698375067175,0.00991752577319588
165882,Democratic_Socialism,4,200,TRUE,4,"1,2,3,4",0.0427668627205606,0.252551020408163,0,,10,120,3542,4412,3995.5,359.400890371741,0.00940893470790378
165883,Democratic_Socialism,4,200,TRUE,4,"1,2,3,4",0.047407871946485,0.259259259259259,0,,14,215,3559,4547,4185.75,440.008617339858,0.0088785046728972
165884,Democratic_Socialism,4,200,TRUE,4,"1,2,3,4",0.0619893538004457,0.26530612244898,0,,12,216,3623,4912,4039,591.402288350888,0.00875641025641026
165885,Democratic_Socialism,4,200,TRUE,4,"1,2,3,4",0.0651687070767393,0.318877551020408,0,,8,167,3644,4949,4186.25,577.749296840766,0.00904761904761905
165886,Democratic_Socialism,4,200,TRUE,4,"1,2,3,4",0.0230033946757191,0.25765306122449,0,,12,163,3970,4410,4197.75,201.951107944473,0.0085632183908046
165887,Democratic_Socialism,4,200,TRUE,4,"1,2,3,4",0.05756065337497,0.313775510204082,0,,14,191,3424,4608,4163,525.079676493641,0.00902508960573477
165888,Democratic_Socialism,4,200,TRUE,4,"1,2,3,4",0.0828041394719821,0.323979591836735,0,,8,173,3588,5397,4251.75,793.57855103743,0.0155308641975309
165889,Democratic_Socialism,4,200,TRUE,4,"1,2,3,4",0.0262962962962963,0.275510204081633,0,,12,215,3823,4295,4050,225.970499549536,0.00834133333333334
165890,Democratic_Socialism,4,200,TRUE,4,"1,2,3,4",0.0363373878854896,0.283163265306122,0,,8,199,3677,4371,4069.5,310.605322985081,0.010025641025641
165891,Democratic_Socialism,4,200,TRUE,4,"1,2,3,4",0.049283806749211,0.298469387755102,0,,8,164,3728,4635,4119,434.286387844089,0.0108411214953271
165892,Democratic_Socialism,4,200,TRUE,4,"1,2,3,4",0.0657234207852746,0.267857142857143,0,,8,262,3655,5043,4183.25,605.743826492135,0.00971339563862928
165893,Democratic_Socialism,4,200,TRUE,4,"1,2,3,4",0.0373410857383865,0.334183673469388,0,,12,233,3769,4465,4149.25,328.028835114639,0.00835087719298246
165894,Democratic_Socialism,4,200,TRUE,4,"1,2,3,4",0.0500251698968035,0.260204081632653,0,,12,175,3651,4640,3973,458.537530270606,0.00934615384615385
165895,Democratic_Socialism,4,200,TRUE,4,"1,2,3,4",0.0594153154219435,0.272959183673469,0,,6,236,3796,5035,4224.5,565.150422454058,0.0103653846153846
165896,Democratic_Socialism,4,200,TRUE,4,"1,2,3,4",0.0122990017335167,0.321428571428571,0,,14,254,4082,4339,4182.25,111.905838394012,0.0101069182389937
165897,Democratic_Socialism,4,200,TRUE,4,"1,2,3,4",0.0983068813384518,0.288265306122449,0,,4,106,3524,5572,4363.25,911.43892646006,0.00993993993993994
165898,Democratic_Socialism,4,200,TRUE,4,"1,2,3,4",0.0479691260198392,0.283163265306122,0,,0,285,3765,4695,4259.25,428.405084781526,0.00871666666666667
165899,Democratic_Socialism,4,200,TRUE,4,"1,2,3,4",0.0257876692084884,0.272959183673469,0,,10,95,3875,4415,4229.25,246.309256829702,0.0104864864864865
165900,Democratic_Socialism,4,200,TRUE,4,"1,2,3,4",0.0236461477136838,0.303571428571429,0,,6,144,4091,4577,4390.25,224.617267071494,0.0113272171253823
165901,Democratic_Socialism,4,200,TRUE,4,"1,2,3,4",0.06914057778315,0.25765306122449,0,,4,182,3441,4767,4136.5,595.025209549982,0.00845578231292517
165902,Democratic_Socialism,4,200,TRUE,4,"1,2,3,4",0.0671330387825233,0.267857142857143,0,,4,128,3537,4776,4074,580.782805071454,0.00980471380471381
165903,Democratic_Socialism,4,200,TRUE,4,"1,2,3,4",0.0664375715922108,0.301020408163265,0,,12,140,3667,5168,4365,618.306827823641,0.0124634920634921
165904,Democratic_Socialism,4,200,TRUE,4,"1,2,3,4",0.0512605809634006,0.270408163265306,0,,3,199,3677,4690,4105.25,443.985266272054,0.00926126126126126
165905,Democratic_Socialism,4,200,TRUE,4,"1,2,3,4",0.0803052547868111,0.327846364883402,0,,10,231,3334,4902,4086.75,678.92629693264,0.00949852507374631
165906,Democratic_Socialism,4,200,TRUE,4,"1,2,3,4",0.0838036449147561,0.298469387755102,0,,4,246,3240,5039,4252.5,756.260316734038,0.0134080996884735
165907,Democratic_Socialism,4,200,TRUE,4,"1,2,3,4",0.0319848661233992,0.321428571428571,0,,8,104,3917,4629,4295,292.876538265985,0.0109782608695652
165908,Democratic_Socialism,4,200,TRUE,4,"1,2,3,4",0.0682637428657253,0.283163265306122,0,,2,101,3560,4929,4161.25,594.621658423797,0.0127256637168142
165909,Democratic_Socialism,4,200,TRUE,4,"1,2,3,4",0.0632413459210846,0.275510204081633,0,,4,185,3601,4710,4131,571.881689396213,0.0115907590759076
165910,Democratic_Socialism,4,200,TRUE,4,"1,2,3,4",0.0440961433010418,0.262755102040816,0,,7,178,3709,4545,4103.25,377.089180433488,0.0101750841750842
165911,Democratic_Socialism,4,200,TRUE,4,"1,2,3,4",0.0599982156664485,0.293367346938775,0,,6,210,3692,4783,4203.25,544.718505285069,0.00809333333333333
165912,Democratic_Socialism,4,200,TRUE,4,"1,2,3,4",0.0452686400282469,0.293367346938775,0,,6,215,3815,4730,4248.25,398.361958525158,0.00915915915915916
165913,Democratic_Socialism,4,200,TRUE,4,"1,2,3,4",0.0373381466674623,0.288265306122449,0,,4,175,3694,4467,4189.75,348.058783349403,0.0123848797250859
165914,Democratic_Socialism,4,200,TRUE,4,"1,2,3,4",0.0504218877904414,0.25765306122449,0,,8,189,3326,4353,3970.25,448.400397710201,0.0108979591836735
165915,Democratic_Socialism,4,200,TRUE,4,"1,2,3,4",0.0315183571873054,0.25765306122449,0,,4,202,3589,4232,4017.5,292.816780029196,0.00904761904761905
165916,Democratic_Socialism,4,200,TRUE,4,"1,2,3,4",0.0514874496436319,0.318877551020408,0,,14,180,3566,4665,4033.75,458.610491957318,0.00991419141914191
165917,Democratic_Socialism,4,200,TRUE,4,"1,2,3,4",0.0381907167666562,0.306122448979592,0,,8,150,3608,4307,3958.75,314.191422543646,0.00943537414965986
165918,Democratic_Socialism,4,200,TRUE,4,"1,2,3,4",0.0289287215516725,0.293367346938775,0,,19,180,3885,4512,4163.25,259.867113476613,0.0112666666666667
165919,Democratic_Socialism,4,200,TRUE,4,"1,2,3,4",0.0228655808126006,0.318877551020408,0,,12,141,3965,4374,4190.25,209.905335806406,0.011281045751634
165920,Democratic_Socialism,4,200,TRUE,4,"1,2,3,4",0.0277260018639329,0.25765306122449,0,,16,149,3838,4411,4023.75,262.643452865921,0.00953333333333333
165921,Democratic_Socialism,4,200,TRUE,4,"1,2,3,4",0.058588410104012,0.25765306122449,0,,2,145,3413,4643,4206.25,552.433027615113,0.0128133333333333
165922,Democratic_Socialism,4,200,TRUE,4,"1,2,3,4",0.0273512476007678,0.267857142857143,0,,12,260,3930,4499,4298.25,261.45410687155,0.00784660766961652
165923,Democratic_Socialism,4,200,TRUE,4,"1,2,3,4",0.0415689493433395,0.301020408163265,0,,10,243,3807,4716,4264,373.767307291582,0.00946005509641873
165924,Democratic_Socialism,4,200,TRUE,4,"1,2,3,4",0.0951246765466949,0.318877551020408,0,,14,229,3635,5760,4251,1009.9131975901,0.0121321321321321
165925,Democratic_Socialism,4,200,TRUE,4,"1,2,3,4",0.0415013126564503,0.288265306122449,0,,10,187,3741,4549,4094.75,355.92356389165,0.0115493827160494
165926,Democratic_Socialism,4,200,TRUE,4,"1,2,3,4",0.0280176135382491,0.267857142857143,0,,7,132,4033,4598,4343.25,254.587738641645,0.00968888888888889
165927,Democratic_Socialism,4,200,TRUE,4,"1,2,3,4",0.0343967517401391,0.25765306122449,0,,6,209,3842,4593,4310,328.281383369004,0.0104339622641509
165928,Democratic_Socialism,4,200,TRUE,4,"1,2,3,4",0.0240405084848854,0.272959183673469,0,,4,209,3903,4341,4110.25,209.856101491792,0.00982142857142857
165929,Democratic_Socialism,4,200,TRUE,4,"1,2,3,4",0.0492762505107103,0.25765306122449,0,,16,189,3726,4719,4283.25,442.338011781338,0.00935014005602241
165930,Democratic_Socialism,4,200,TRUE,4,"1,2,3,4",0.0422688972261516,0.293367346938776,0,,22,209,3550,4434,4064.75,372.649410751357,0.00834074074074074
165931,Democratic_Socialism,4,200,TRUE,4,"1,2,3,4",0.0326293308020882,0.25765306122449,0,,12,209,3814,4507,4214,293.765212372057,0.00809356725146199
165932,Democratic_Socialism,4,200,TRUE,4,"1,2,3,4",0.0394863322319015,0.288265306122449,0,,12,170,3587,4413,4161.25,390.104579995331,0.0101090909090909
165933,Democratic_Socialism,4,200,TRUE,4,"1,2,3,4",0.0372384442605509,0.267857142857143,0,,16,121,3896,4667,4229.5,331.391510653688,0.0101228070175439
165934,Democratic_Socialism,4,200,TRUE,4,"1,2,3,4",0.112530626531327,0.278061224489796,0,,18,122,3414,5921,4285.5,1117.32314036719,0.0148282828282828
165935,Democratic_Socialism,4,200,TRUE,4,"1,2,3,4",0.0656143244198375,0.288265306122449,0,,9,155,3602,4996,4244.5,583.391520907415,0.00715355805243446
165936,Democratic_Socialism,4,200,TRUE,4,"1,2,3,4",0.0218440706782439,0.280612244897959,0,,4,126,3885,4304,4117.25,188.337241847349,0.00791333333333333
165937,Democratic_Socialism,4,200,TRUE,4,"1,2,3,4",0.0594029120274073,0.272959183673469,0,,14,59,3581,4571,4086.5,550.20874826439,0.00933333333333333
165938,Democratic_Socialism,4,200,TRUE,4,"1,2,3,4",0.0290064946463051,0.295918367346939,0,,20,233,3825,4472,4272.75,301.07515673001,0.00864242424242424
165939,Democratic_Socialism,4,200,TRUE,4,"1,2,3,4",0.0910586213028273,0.262755102040816,0,,6,133,3167,5128,4217.75,811.751758031152,0.0125217391304348
165940,Democratic_Socialism,4,200,TRUE,4,"1,2,3,4",0.0255880110270397,0.313775510204082,0,,8,155,4017,4505,4262.25,229.897622142263,0.0104345238095238
165941,Democratic_Socialism,4,200,TRUE,4,"1,2,3,4",0.0327953089106516,0.318877551020408,0,,0,252,3893,4522,4135.5,293.598932786435,0.00801980198019802
165942,Democratic_Socialism,4,200,TRUE,4,"1,2,3,4",0.0595437171524129,0.25765306122449,0,,5,208,3653,4749,4186,531.196134524088,0.00946540880503145
165943,Democratic_Socialism,4,200,TRUE,4,"1,2,3,4",0.0117144262698314,0.267857142857143,0,,18,174,3950,4179,4065.5,98.3819089060585,0.00915602836879433
165944,Democratic_Socialism,4,200,TRUE,4,"1,2,3,4",0.0415317260405421,0.283163265306122,0,,12,184,3812,4523,4168.5,389.721695572623,0.00891666666666667
165945,Democratic_Socialism,4,200,TRUE,4,"1,2,3,4",0.0629478472178953,0.275510204081633,0,,14,201,3484,4795,4012.25,556.765285675511,0.0122738095238095
165946,Democratic_Socialism,4,200,TRUE,4,"1,2,3,4",0.0238889216785694,0.278061224489796,0,,18,187,4006,4468,4235.75,211.244526556311,0.00942948717948718
165947,Democratic_Socialism,4,200,TRUE,4,"1,2,3,4",0.112735175041677,0.331632653061225,0,,6,275,3301,5508,4199,1009.69467332126,0.0133693693693694
165948,Democratic_Socialism,4,200,TRUE,4,"1,2,3,4",0.0378778718258768,0.275510204081633,0,,17,226,3683,4432,4135,335.691326469223,0.0100586666666667
165949,Democratic_Socialism,4,200,TRUE,4,"1,2,3,4",0.064088035309555,0.295918367346939,0,,8,187,3579,4828,4191.5,557.487518544885,0.00972861356932153
165950,Democratic_Socialism,4,200,TRUE,4,"1,2,3,4",0.0992797439089454,0.380102040816327,0,,6,162,3420,5210,4217.25,917.131533641713,0.0122435897435897
165951,Democratic_Socialism,4,200,TRUE,4,"1,2,3,4",0.0582056499880297,0.288265306122449,0,,6,103,3660,4660,4177,546.87170951391,0.00817730496453901
165952,Democratic_Socialism,4,200,TRUE,4,"1,2,3,4",0.0277482269503546,0.288265306122449,0,,10,179,3998,4551,4230,248.197502001934,0.00813455657492355
165953,Democratic_Socialism,4,200,TRUE,4,"1,2,3,4",0.0193881029486962,0.303571428571429,0,,6,264,4188,4612,4400.25,177.212443129708,0.00834202898550725
165954,Democratic_Socialism,4,200,TRUE,4,"1,2,3,4",0.0223864804401717,0.275510204081633,0,,12,189,3927,4367,4134.75,191.799157106247,0.0105777777777778
165955,Democratic_Socialism,4,200,TRUE,4,"1,2,3,4",0.0295862583090016,0.339285714285714,0,,13,142,3653,4257,4024.25,261.989026487752,0.0085
165956,Democratic_Socialism,4,200,TRUE,4,"1,2,3,4",0.0453556329271325,0.25,0,,4,179,3688,4500,4021,394.609511627212,0.0111878787878788
165957,Democratic_Socialism,4,200,TRUE,4,"1,2,3,4",0.0384258963379562,0.318877551020408,0,,12,201,3632,4290,3911.75,326.121015371084,0.0102198581560284
165958,Democratic_Socialism,4,200,TRUE,4,"1,2,3,4",0.0582991010299458,0.313775510204082,0,,8,260,3631,4685,4199.25,531.437280714605,0.00874691358024691
165959,Democratic_Socialism,4,200,TRUE,4,"1,2,3,4",0.0153432890183938,0.308673469387755,0,,18,180,3936,4267,4118.25,136.704974305985,0.0085015873015873
165960,Democratic_Socialism,4,200,TRUE,4,"1,2,3,4",0.0806025851083196,0.267857142857143,0,,9,200,3427,5058,4119.75,702.03294082258,0.00957101449275362
165961,Democratic_Socialism,4,200,TRUE,4,"1,2,3,4",0.0863295200048424,0.308673469387755,0,,6,226,3293,4953,4130.25,739.554539345589,0.0133456790123457
165962,Democratic_Socialism,4,200,TRUE,4,"1,2,3,4",0.039984609920682,0.267857142857143,0,,4,230,3832,4627,4223.5,349.476274826585,0.00926415094339623
165963,Democratic_Socialism,4,200,TRUE,4,"1,2,3,4",0.0251349131862975,0.336076817558299,0,,10,115,4038,4607,4262,242.587441279772,0.00928712871287129
165964,Democratic_Socialism,4,200,TRUE,4,"1,2,3,4",0.0756211739287001,0.267857142857143,0,,2,223,3485,5045,4165.5,663.626652066758,0.0121309523809524
165965,Democratic_Socialism,4,200,TRUE,4,"1,2,3,4",0.0195583882075756,0.260204081632653,0,,24,156,3906,4280,4138.25,176.155944170688,0.00870967741935484
165966,Democratic_Socialism,4,200,TRUE,4,"1,2,3,4",0.0140147900763359,0.344387755102041,0,,18,222,4047,4356,4192,126.735945966407,0.00824922118380062
165967,Democratic_Socialism,4,200,TRUE,4,"1,2,3,4",0.0220058157145453,0.272959183673469,0,,0,193,3866,4328,4126.75,193.654976698251,0.0096358024691358
165968,Democratic_Socialism,4,200,TRUE,4,"1,2,3,4",0.0295509638693294,0.272959183673469,0,,6,178,3987,4573,4331.5,273.469681439582,0.00781443298969072
165969,Democratic_Socialism,4,200,TRUE,4,"1,2,3,4",0.0558919212000724,0.283163265306122,0,,14,178,3585,4766,4149.75,487.901885628658,0.0085663082437276
165970,Democratic_Socialism,4,200,TRUE,4,"1,2,3,4",0.0406723233751694,0.288265306122449,0,,8,173,3964,4804,4242.75,392.278281325898,0.00846204620462046
165971,Democratic_Socialism,4,200,TRUE,4,"1,2,3,4",0.0174049667459881,0.252551020408163,0,,16,190,3934,4285,4097.25,148.405693960845,0.0106417445482866
165972,Democratic_Socialism,4,200,TRUE,4,"1,2,3,4",0.0369923229321447,0.298469387755102,0,,11,154,3623,4364,4038,314.327854317749,0.00801980198019802
165973,Democratic_Socialism,4,200,TRUE,4,"1,2,3,4",0.0822793511135551,0.293367346938775,0,,2,79,3807,5542,4546.25,790.591497972668,0.00825242718446602
165974,Democratic_Socialism,4,200,TRUE,4,"1,2,3,4",0.0411894807004787,0.260204081632653,0,,15,171,3697,4552,4125.75,354.672031601027,0.0105847953216374
165975,Democratic_Socialism,4,200,TRUE,4,"1,2,3,4",0.0623464373464373,0.252551020408163,0,,6,176,3532,4590,4070,563.472566620003,0.00860317460317461
165976,Democratic_Socialism,4,200,TRUE,4,"1,2,3,4",0.0412031126512249,0.336734693877551,0,,5,168,3787,4607,4112.25,363.515588845009,0.0089281045751634
165977,Democratic_Socialism,4,200,TRUE,4,"1,2,3,4",0.0972546895490052,0.275510204081633,0,,10,133,3661,5929,4384.75,1040.08216822839,0.013106529209622
165978,Democratic_Socialism,4,200,TRUE,4,"1,2,3,4",0.0591949952785646,0.323979591836735,0,,0,174,3671,4905,4236,522.890683285394,0.0114643874643875
165979,Democratic_Socialism,4,200,TRUE,4,"1,2,3,4",0.0642263946560751,0.298469387755102,0,,16,252,3682,4942,4154.25,581.06246078484,0.00970666666666667
165980,Democratic_Socialism,4,200,TRUE,4,"1,2,3,4",0.0557231669409399,0.431122448979592,0,,8,219,3719,4866,4101.75,524.93642472208,0.00678095238095238
165981,Democratic_Socialism,4,200,TRUE,4,"1,2,3,4",0.0447407545065972,0.288265306122449,0,,18,132,3573,4493,4035.75,379.275954945736,0.0128461538461538
165982,Democratic_Socialism,4,200,TRUE,4,"1,2,3,4",0.0402136205952164,0.280612244897959,0,,6,177,3731,4608,4107.75,365.097589693496,0.00904672897196262
165983,Democratic_Socialism,4,200,TRUE,4,"1,2,3,4",0.0457327736970969,0.272959183673469,0,,4,166,3873,4771,4288.5,410.795569596363,0.00944126984126984
165984,Democratic_Socialism,4,200,TRUE,4,"1,2,3,4",0.0451777125366981,0.295918367346939,0,,10,128,3626,4411,4002.25,388.969043326929,0.0123469387755102
165985,Democratic_Socialism,4,200,TRUE,4,"1,2,3,4",0.0559562587249884,0.293367346938775,0,,6,182,3670,4924,4298,513.147152384187,0.00734513274336283
165986,Democratic_Socialism,4,200,TRUE,4,"1,2,3,4",0.0692818824676909,0.272959183673469,0,,18,141,3626,5067,4101,659.339568558316,0.012437908496732
165987,Democratic_Socialism,4,200,TRUE,4,"1,2,3,4",0.0475676858625649,0.25765306122449,0,,10,152,3610,4548,3998.25,405.061620826593,0.0120594059405941
165988,Democratic_Socialism,4,200,TRUE,4,"1,2,3,4",0.049762681696826,0.283163265306122,0,,8,133,3676,4745,4213.75,440.596092432362,0.00999388379204893
165989,Democratic_Socialism,4,200,TRUE,4,"1,2,3,4",0.0216658642272509,0.321428571428571,0,,16,186,3843,4321,4154,212.128891635879,0.00859842519685039
165990,Democratic_Socialism,4,200,TRUE,4,"1,2,3,4",0.0433952465326573,0.267857142857143,0,,6,181,3571,4458,4091.75,380.111716034466,0.0105851851851852
165991,Democratic_Socialism,4,200,TRUE,4,"1,2,3,4",0.0652994308339521,0.298469387755102,0,,12,231,3566,4896,4041,593.229017047099,0.0120373831775701
165992,Democratic_Socialism,4,200,TRUE,4,"1,2,3,4",0.0548237476808906,0.275510204081633,0,,18,219,3706,4862,4042.5,549.089852999185,0.0104504504504505
165993,Democratic_Socialism,4,200,TRUE,4,"1,2,3,4",0.0313198767148124,0.308673469387755,0,,22,187,3700,4360,4136.75,298.723255427717,0.00748717948717949
165994,Democratic_Socialism,4,200,TRUE,4,"1,2,3,4",0.0320682997465911,0.278061224489796,0,,16,204,3932,4599,4143.5,310.801651647263,0.00808408408408408
165995,Democratic_Socialism,4,200,TRUE,4,"1,2,3,4",0.068433288211406,0.341836734693878,0,,8,223,3638,4952,4247.75,611.982774812059,0.00949673202614379
165996,Democratic_Socialism,4,200,TRUE,4,"1,2,3,4",0.0422545965426668,0.344387755102041,0,,2,197,3736,4610,4092.75,373.367892745658,0.0128936170212766
165997,Democratic_Socialism,4,200,TRUE,4,"1,2,3,4",0.0452310261644089,0.262755102040816,0,,14,173,3547,4487,4041.75,387.196225016033,0.00948
165998,Democratic_Socialism,4,200,TRUE,4,"1,2,3,4",0.0391376701966717,0.260204081632653,0,,16,200,3721,4580,4131.25,351.412744029961,0.00960119047619048
165999,Democratic_Socialism,4,200,TRUE,4,"1,2,3,4",0.0369736174530695,0.283163265306122,0,,4,181,3551,4282,3942,305.200480558818,0.00779351032448378
166000,Democratic_Socialism,4,200,TRUE,4,"1,2,3,4",0.0703601770970443,0.272959183673469,0,,12,178,3651,5172,4178.5,679.1703271885,0.0114041297935103
166001,Democratic_Socialism,4,200,TRUE,4,"1,2,3,4",0.0866156511695062,0.262002743484225,0,,16,183,3569,5427,4328.75,802.283563752036,0.0127592592592593
166002,Democratic_Socialism,4,200,TRUE,4,"1,2,3,4",0.0335271777830524,0.295918367346939,0,,12,150,3973,4715,4213,338.872640776246,0.0100424242424242
166003,Democratic_Socialism,4,200,TRUE,4,"1,2,3,4",0.10335657190937,0.275510204081633,0,,6,210,2965,5026,4159.75,908.108060750481,0.0149174917491749
166004,Democratic_Socialism,4,200,TRUE,4,"1,2,3,4",0.0615529155049097,0.294924554183813,0,,16,230,3264,4522,4124.5,590.796919423248,0.0103652173913043
166005,Democratic_Socialism,4,200,TRUE,4,"1,2,3,4",0.043566501861686,0.260204081632653,0,,4,195,3719,4565,4095.75,372.674455792183,0.0104634920634921
166006,Democratic_Socialism,4,200,TRUE,4,"1,2,3,4",0.0388292622748581,0.262755102040816,0,,14,127,3714,4534,4053,345.468763662747,0.0127901234567901
166007,Democratic_Socialism,4,200,TRUE,4,"1,2,3,4",0.0370140373173127,0.298469387755102,0,,8,256,3960,4705,4327.75,332.36262826417,0.0118024691358025
166008,Democratic_Socialism,4,200,TRUE,4,"1,2,3,4",0.0331457998452105,0.272959183673469,0,,12,186,3980,4671,4199.25,323.70498400035,0.010966966966967
166009,Democratic_Socialism,4,200,TRUE,4,"1,2,3,4",0.0518643757996711,0.283163265306122,0,,14,115,3581,4693,4103.25,456.511682946523,0.00861682242990654
166010,Democratic_Socialism,4,200,TRUE,4,"1,2,3,4",0.0590617767491544,0.272959183673469,0,,6,108,3726,5002,4212.75,552.961345846163,0.01202849002849
166011,Democratic_Socialism,4,200,TRUE,4,"1,2,3,4",0.0442091058436986,0.288265306122449,0,,16,136,3895,4874,4261,425.516940516669,0.0098018018018018
166012,Democratic_Socialism,4,200,TRUE,4,"1,2,3,4",0.0326275348084812,0.456632653061225,0,,14,276,3843,4572,4327.25,329.480778397365,0.00944047619047619
166013,Democratic_Socialism,4,200,TRUE,4,"1,2,3,4",0.0317079478190909,0.262755102040816,0,,24,73,3908,4586,4350.25,309.542000381208,0.00932222222222222
166014,Democratic_Socialism,4,200,TRUE,4,"1,2,3,4",0.0415419847328244,0.283163265306122,0,,12,179,3696,4579,4093.75,365.190703605664,0.00970526315789474
166015,Democratic_Socialism,4,200,TRUE,4,"1,2,3,4",0.0655157287880688,0.311224489795918,0,,10,174,3321,4645,3989.5,547.32896871991,0.0103244837758112
166016,Democratic_Socialism,4,200,TRUE,4,"1,2,3,4",0.0822968731837732,0.283163265306122,0,,12,154,3648,5440,4301.5,792.112996989697,0.00922627737226277
166017,Democratic_Socialism,4,200,TRUE,4,"1,2,3,4",0.0455321315206325,0.260204081632653,0,,8,130,3814,4678,4174.25,406.0544914171,0.0100594059405941
166018,Democratic_Socialism,4,200,TRUE,4,"1,2,3,4",0.0847262336385424,0.280612244897959,0,,14,137,3037,4862,4068.25,757.741985550931,0.00985507246376812
166019,Democratic_Socialism,4,200,TRUE,4,"1,2,3,4",0.0575292264825247,0.25765306122449,0,,6,218,3585,4803,4127.25,506.654632532524,0.00966666666666667
166020,Democratic_Socialism,4,200,TRUE,4,"1,2,3,4",0.0657576855710575,0.283163265306122,0,,12,126,3308,4640,4139.25,594.637915037378,0.00892
166021,Democratic_Socialism,4,200,TRUE,4,"1,2,3,4",0.03626132709734,0.275510204081633,0,,16,176,3986,4734,4276.25,334.610594572258,0.0146006006006006
166022,Democratic_Socialism,4,200,TRUE,4,"1,2,3,4",0.0392700463075799,0.267857142857143,0,,2,107,3800,4564,4103,345.306627023964,0.0108868501529052
166023,Democratic_Socialism,4,200,TRUE,4,"1,2,3,4",0.0310020135023097,0.272959183673469,0,,14,164,3951,4510,4221.5,284.902907438072,0.0101851851851852
166024,Democratic_Socialism,4,200,TRUE,4,"1,2,3,4",0.112359042392812,0.281207133058985,0,,4,195,3161,5262,4145.75,980.755278684069,0.0133276836158192
166025,Democratic_Socialism,4,200,TRUE,4,"1,2,3,4",0.0446141479099678,0.301020408163265,0,,12,146,3806,4759,4354,410.50943959914,0.00885714285714286
166026,Democratic_Socialism,4,200,TRUE,4,"1,2,3,4",0.039025715320536,0.25,0,,10,133,3762,4476,4141.5,344.233932086888,0.0125521885521886
166027,Democratic_Socialism,4,200,TRUE,4,"1,2,3,4",0.0535766723439244,0.278061224489796,0,,25,131,3611,4818,4256.75,495.296796543917,0.00833333333333333
166028,Democratic_Socialism,4,200,TRUE,4,"1,2,3,4",0.0511068305509692,0.283163265306122,0,,6,173,3586,4545,4088.25,436.076732544476,0.00743952802359882
166029,Democratic_Socialism,4,200,TRUE,4,"1,2,3,4",0.080553247061617,0.334183673469388,0,,2,259,3308,5083,4211.5,726.094805563755,0.0127368421052632
166030,Democratic_Socialism,4,200,TRUE,4,"1,2,3,4",0.0298013245033113,0.267857142857143,0,,16,133,3910,4503,4152.5,263.11531058961,0.0102614379084967
166031,Democratic_Socialism,4,200,TRUE,4,"1,2,3,4",0.0573945379175811,0.267857142857143,0,,6,189,3536,4766,4101,506.404976278867,0.00773700305810398
166032,Democratic_Socialism,4,200,TRUE,4,"1,2,3,4",0.0431793871515762,0.293367346938775,0,,16,179,3485,4292,3973.25,368.258401126166,0.00968284789644013
166033,Democratic_Socialism,4,200,TRUE,4,"1,2,3,4",0.0398371104815864,0.260204081632653,0,,6,194,3862,4750,4236,371.716738032246,0.0118620689655172
166034,Democratic_Socialism,4,200,TRUE,4,"1,2,3,4",0.0198979591836734,0.267857142857143,0,,12,197,3987,4337,4165,182.001831492616,0.00946520146520147
166035,Democratic_Socialism,4,200,TRUE,4,"1,2,3,4",0.052244985585475,0.395408163265306,0,,11,145,3729,4760,4075.75,481.208461410783,0.00801923076923077
166036,Democratic_Socialism,4,200,TRUE,4,"1,2,3,4",0.0523372188861415,0.278061224489796,0,,6,127,3712,4767,4246.5,459.401422142625,0.00907165109034268
166037,Democratic_Socialism,4,200,TRUE,4,"1,2,3,4",0.0845492766167924,0.25765306122449,0,,9,132,3190,4865,4043.5,707.777978370807,0.0110065359477124
166038,Democratic_Socialism,4,200,TRUE,4,"1,2,3,4",0.0731257557436518,0.278061224489796,0,,10,197,3599,5075,4135,667.47134769966,0.013719298245614
166039,Democratic_Socialism,4,200,TRUE,4,"1,2,3,4",0.0250320728205755,0.272959183673469,0,,10,147,3827,4309,4092.25,213.805791939009,0.00985875706214689
166040,Democratic_Socialism,4,200,TRUE,4,"1,2,3,4",0.077576554889996,0.288265306122449,0,,6,153,3869,5564,4465.75,773.066782367474,0.00991884057971015
166041,Democratic_Socialism,4,200,TRUE,4,"1,2,3,4",0.038194636439038,0.272959183673469,0,,14,187,3980,4861,4521.25,381.174828654779,0.0083003003003003
166042,Democratic_Socialism,4,200,TRUE,4,"1,2,3,4",0.0889025046326739,0.272959183673469,0,,2,107,3291,5019,4182.25,772.134433459183,0.0106477987421384
166043,Democratic_Socialism,4,200,TRUE,4,"1,2,3,4",0.0859503377761548,0.334183673469388,0,,16,158,3501,5351,4107.75,840.888964132602,0.0126734693877551
166044,Democratic_Socialism,4,200,TRUE,4,"1,2,3,4",0.0265686501504978,0.252551020408163,0,,24,177,4022,4632,4319,249.214766817699,0.0113676975945017
166045,Democratic_Socialism,4,200,TRUE,4,"1,2,3,4",0.0465413629970592,0.39030612244898,0,,8,151,3543,4301,3910.5,404.694535009637,0.00754385964912281
166046,Democratic_Socialism,4,200,TRUE,4,"1,2,3,4",0.0759285378467325,0.267857142857143,0,,10,168,3338,4977,4254,686.029639787281,0.0138782051282051
166047,Democratic_Socialism,4,200,TRUE,4,"1,2,3,4",0.030970395724494,0.308673469387755,0,,10,190,3751,4390,4163.25,288.22950924567,0.0115365079365079
166048,Democratic_Socialism,4,200,TRUE,4,"1,2,3,4",0.02515625,0.280612244897959,0,,18,217,3835,4340,4000,232.844726516764,0.00719047619047619
166049,Democratic_Socialism,4,200,TRUE,4,"1,2,3,4",0.0187111754417708,0.314128943758573,0,,8,198,3864,4264,4145.25,189.073839191641,0.0093695652173913
166050,Democratic_Socialism,4,200,TRUE,4,"1,2,3,4",0.0974258970358814,0.283163265306122,0,,18,223,2930,4931,4006.25,827.493152036116,0.0124117647058824
166051,Democratic_Socialism,4,200,TRUE,4,"1,2,3,4",0.0797790186527265,0.255102040816327,0,,6,127,3552,4934,4208.5,755.261764776513,0.0103630363036304
166052,Democratic_Socialism,4,200,TRUE,4,"1,2,3,4",0.050639658848614,0.252551020408163,0,,8,199,3680,4791,4221,455.26036506597,0.0108888888888889
166053,Democratic_Socialism,4,200,TRUE,4,"1,2,3,4",0.0098434605962836,0.270408163265306,0,,8,223,4082,4270,4184.25,86.519265677266,0.0080251572327044
166054,Democratic_Socialism,4,200,TRUE,4,"1,2,3,4",0.0344267139479906,0.283163265306122,0,,8,175,3949,4619,4230,309.469438448021,0.00894444444444445
166055,Democratic_Socialism,4,200,TRUE,4,"1,2,3,4",0.0582481933715424,0.260204081632653,0,,8,230,3490,4575,4013,485.711162454944,0.0133493975903614
166056,Democratic_Socialism,4,200,TRUE,4,"1,2,3,4",0.0450381916413092,0.25765306122449,0,,10,138,3570,4407,4025.75,379.422697440906,0.0103257575757576
166057,Democratic_Socialism,4,200,TRUE,4,"1,2,3,4",0.0403685241231975,0.25,0,,12,102,3896,4658,4212.75,365.808123656834,0.00876635514018692
166058,Democratic_Socialism,4,200,TRUE,4,"1,2,3,4",0.0406845573828891,0.275510204081633,0,,10,112,3779,4637,4210.75,356.864470072323,0.00930973451327434
166059,Democratic_Socialism,4,200,TRUE,4,"1,2,3,4",0.032029898690388,0.25765306122449,0,,8,188,3675,4278,4047,280.94958029274,0.00831067961165049
166060,Democratic_Socialism,4,200,TRUE,4,"1,2,3,4",0.0745781408383519,0.267857142857143,0,,8,174,3493,5077,4192.75,663.342231933613,0.00908333333333333
166061,Democratic_Socialism,4,200,TRUE,4,"1,2,3,4",0.0846707085116501,0.35969387755102,0,,14,204,3200,4954,4206,752.743869675027,0.00948484848484848
166062,Democratic_Socialism,4,200,TRUE,4,"1,2,3,4",0.0387174655517606,0.252551020408163,0,,6,251,3853,4709,4245.5,352.765739077177,0.00836363636363636
166063,Democratic_Socialism,4,200,TRUE,4,"1,2,3,4",0.0610316314476966,0.272959183673469,0,,7,237,3338,4518,3809.5,506.151821755752,0.0120249221183801
166064,Democratic_Socialism,4,200,TRUE,4,"1,2,3,4",0.0537751381865224,0.255102040816327,0,,10,208,3711,4851,4251.5,476.656060488063,0.00931578947368421
166065,Democratic_Socialism,4,200,TRUE,4,"1,2,3,4",0.0399771809724416,0.262755102040816,0,,18,128,3960,4824,4272.75,383.001631850309,0.0102857142857143
166066,Democratic_Socialism,4,200,TRUE,4,"1,2,3,4",0.0380091450574573,0.272959183673469,0,,8,172,3784,4481,4155.25,336.661427351971,0.0098816199376947
166067,Democratic_Socialism,4,200,TRUE,4,"1,2,3,4",0.0254318618042226,0.278061224489796,0,,10,177,3802,4331,4168,249.713168789046,0.00774041297935103
166068,Democratic_Socialism,4,200,TRUE,4,"1,2,3,4",0.0514327700220427,0.267857142857143,0,,4,173,3743,4807,4083,492.482148576643,0.00867295597484277
166069,Democratic_Socialism,4,200,TRUE,4,"1,2,3,4",0.018964035841414,0.283163265306122,0,,12,193,3802,4208,4073.5,183.801523388681,0.00827491408934708
166070,Democratic_Socialism,4,200,TRUE,4,"1,2,3,4",0.0528872180451128,0.278061224489796,0,,12,106,3487,4631,4156.25,481.598293878484,0.0122611111111111
166071,Democratic_Socialism,4,200,TRUE,4,"1,2,3,4",0.0533959447692498,0.288265306122449,0,,10,121,3635,4623,4019.5,464.213672066359,0.00835690235690236
166072,Democratic_Socialism,4,200,TRUE,4,"1,2,3,4",0.0639831279966012,0.308673469387755,0,,3,240,3655,4845,4119.25,573.218035887451,0.00843809523809524
166073,Democratic_Socialism,4,200,TRUE,4,"1,2,3,4",0.0454637154879243,0.260204081632653,0,,2,158,3744,4721,4337.25,426.709405411536,0.00886984126984127
166074,Democratic_Socialism,4,200,TRUE,4,"1,2,3,4",0.0993533304997267,0.357142857142857,0,,12,139,3423,5422,4117.25,916.672015135912,0.0133333333333333
166075,Democratic_Socialism,4,200,TRUE,4,"1,2,3,4",0.0394859134475747,0.270408163265306,0,,6,213,3979,4780,4303.75,362.252559227215,0.00890909090909091
166076,Democratic_Socialism,4,200,TRUE,4,"1,2,3,4",0.104206330318896,0.283163265306122,0,,6,138,3172,5271,4202,904.75816289953,0.0146981132075472
166077,Democratic_Socialism,4,200,TRUE,4,"1,2,3,4",0.030167954725248,0.334183673469388,0,,16,229,3858,4429,4108.25,261.04964406539,0.00882758620689655
166078,Democratic_Socialism,4,200,TRUE,4,"1,2,3,4",0.0681897302001742,0.344387755102041,0,,12,194,3532,4872,4308.75,625.902748036786,0.00865497076023392
166079,Democratic_Socialism,4,200,TRUE,4,"1,2,3,4",0.0323878318064366,0.26530612244898,0,,12,149,3988,4601,4257,294.875114808512,0.00948623853211009
166080,Democratic_Socialism,4,200,TRUE,4,"1,2,3,4",0.0340695488721805,0.252551020408163,0,,2,146,4035,4787,4256,356.323822760515,0.0113084112149533
166081,Democratic_Socialism,4,200,TRUE,4,"1,2,3,4",0.0571406867213613,0.308673469387755,0,,10,169,3471,4564,4113.75,500.180883947664,0.0111609195402299
166082,Democratic_Socialism,4,200,TRUE,4,"1,2,3,4",0.0344286803072054,0.26530612244898,0,,19,221,3700,4479,4264.25,376.670833310288,0.00951633986928105
166083,Democratic_Socialism,4,200,TRUE,4,"1,2,3,4",0.0190960486695753,0.311224489795918,0,,2,149,3909,4271,4068.25,163.032460980424,0.00825082508250825
166084,Democratic_Socialism,4,200,TRUE,4,"1,2,3,4",0.0335941716135997,0.262755102040816,0,,10,163,3977,4715,4169.25,364.073596039775,0.0098062015503876
166085,Democratic_Socialism,4,200,TRUE,4,"1,2,3,4",0.0782127913927078,0.303571428571429,0,,6,178,3623,5223,4182.5,731.559749211687,0.0118
166086,Democratic_Socialism,4,200,TRUE,4,"1,2,3,4",0.0339275103980987,0.372448979591837,0,,18,255,3842,4556,4207.5,297.360051116487,0.0113873873873874
166087,Democratic_Socialism,4,200,TRUE,4,"1,2,3,4",0.00905531081742539,0.267857142857143,0,,18,118,3969,4153,4086,82.1137422522361,0.0138084291187739
166088,Democratic_Socialism,4,200,TRUE,4,"1,2,3,4",0.0255330071872923,0.25765306122449,0,,12,204,3921,4483,4139.25,240.613625272275,0.00951111111111111
166089,Democratic_Socialism,4,200,TRUE,4,"1,2,3,4",0.0625235997482694,0.272959183673469,0,,10,166,3319,4438,3972.5,532.844254918827,0.0110111111111111
166090,Democratic_Socialism,4,200,TRUE,4,"1,2,3,4",0.0450987864219969,0.336734693877551,0,,4,174,3687,4599,4264.25,421.433565345714,0.00809615384615385
166091,Democratic_Socialism,4,200,TRUE,4,"1,2,3,4",0.0649258160237389,0.318877551020408,0,,8,177,3586,4766,4212.5,591.883152882954,0.00891025641025641
166092,Democratic_Socialism,4,200,TRUE,4,"1,2,3,4",0.0526403641881639,0.262755102040816,0,,12,166,3637,4618,4118.75,454.541802258054,0.0107619047619048
166093,Democratic_Socialism,4,200,TRUE,4,"1,2,3,4",0.0065177443436315,0.303571428571429,0,,16,235,4276,4408,4353.5,60.3406993661824,0.00840776699029126
166094,Democratic_Socialism,4,200,TRUE,4,"1,2,3,4",0.0507904363731382,0.294924554183813,0,,4,200,3433,4469,3827,446.525101944635,0.00755555555555556
166095,Democratic_Socialism,4,200,TRUE,4,"1,2,3,4",0.0853812687400788,0.288265306122449,0,,0,211,3624,5344,4252.25,796.792057775009,0.0112888888888889
166096,Democratic_Socialism,4,200,TRUE,4,"1,2,3,4",0.0580351577110085,0.25765306122449,0,,6,89,3514,4539,4010.5,495.626539510009,0.014697247706422
166097,Democratic_Socialism,4,200,TRUE,4,"1,2,3,4",0.0846064331324223,0.301020408163265,0,,2,177,3206,4926,4189.25,746.217740787946,0.0152721712538226
166098,Democratic_Socialism,4,200,TRUE,4,"1,2,3,4",0.0965581660439492,0.369897959183673,0,,0,158,3210,4957,3947.75,809.896855572774,0.0116143790849673
166099,Democratic_Socialism,4,200,TRUE,4,"1,2,3,4",0.0389950115585838,0.308673469387755,0,,10,171,3699,4437,4109.5,336.878316310207,0.0102962962962963
166100,Democratic_Socialism,4,200,TRUE,4,"1,2,3,4",0.074170559348425,0.318877551020408,0,,4,217,3507,5044,4174.5,653.404672975842,0.00966391184573003
166101,Democratic_Socialism,4,200,TRUE,4,"1,2,3,4",0.0377627901324584,0.275510204081633,0,,10,293,3696,4392,4114.5,337.288699286926,0.00735897435897436
166102,Democratic_Socialism,4,200,TRUE,4,"1,2,3,4",0.0522943980929678,0.272959183673469,0,,18,201,3623,4685,4195,455.75358839326,0.00704964539007092
166103,Democratic_Socialism,4,200,TRUE,4,"1,2,3,4",0.0384544674592475,0.267857142857143,0,,20,149,3719,4447,4079.5,325.668031385745,0.0107440476190476
166104,Democratic_Socialism,4,200,TRUE,4,"1,2,3,4",0.112612612612613,0.267857142857143,0,,4,153,3045,5552,4218,1028.19680347036,0.0130679012345679
166105,Democratic_Socialism,4,200,TRUE,4,"1,2,3,4",0.0254174780197085,0.288265306122449,0,,10,152,4012,4575,4236.75,239.405339678685,0.0115726495726496
166106,Democratic_Socialism,4,200,TRUE,4,"1,2,3,4",0.0233133708139819,0.262755102040816,0,,16,145,3850,4313,4091,197.425091279368,0.00998653198653199
166107,Democratic_Socialism,4,200,TRUE,4,"1,2,3,4",0.0801589191119576,0.293367346938775,0,,4,285,3256,4888,4200.25,711.347254627911,0.00968794326241135
166108,Democratic_Socialism,4,200,TRUE,4,"1,2,3,4",0.0389356009936939,0.385204081632653,0,,16,182,3462,4267,3924.75,336.146173561443,0.0112211838006231
166109,Democratic_Socialism,4,200,TRUE,4,"1,2,3,4",0.0904651988636365,0.25765306122449,0,,4,125,3455,5099,4224,828.888010127625,0.0121101928374656
166110,Democratic_Socialism,4,200,TRUE,4,"1,2,3,4",0.0194015272598118,0.270408163265306,0,,8,124,4067,4472,4223.25,178.116768815666,0.00757957957957958
166111,Democratic_Socialism,4,200,TRUE,4,"1,2,3,4",0.0629866270430906,0.298469387755102,0,,6,203,3753,5164,4206.25,645.49690161921,0.0108909090909091
166112,Democratic_Socialism,4,200,TRUE,4,"1,2,3,4",0.0324560350519176,0.262755102040816,0,,16,193,3882,4483,4165.25,286.700046506216,0.00772463768115942
166113,Democratic_Socialism,4,200,TRUE,4,"1,2,3,4",0.0506846357860975,0.278061224489796,0,,14,185,3759,4829,4053.25,518.734598164932,0.00897530864197531
166114,Democratic_Socialism,4,200,TRUE,4,"1,2,3,4",0.0469161231262159,0.313775510204082,0,,4,146,3800,4773,4369.5,434.388842705089,0.00971171171171171
166115,Democratic_Socialism,4,200,TRUE,4,"1,2,3,4",0.0844850782778865,0.288265306122449,0,,6,154,3512,5285,4088,812.163776586964,0.0117716049382716
166116,Democratic_Socialism,4,200,TRUE,4,"1,2,3,4",0.0256345778356311,0.295918367346939,0,,32,152,3967,4514,4225.25,227.131936694659,0.012577380952381
166117,Democratic_Socialism,4,200,TRUE,4,"1,2,3,4",0.073769987699877,0.25765306122449,0,,14,197,3154,4695,4065,653.608955467003,0.0128288288288288
166118,Democratic_Socialism,4,200,TRUE,4,"1,2,3,4",0.0641275668234485,0.25765306122449,0,,6,189,3372,4806,4358.5,666.620581740468,0.0124601769911504
166119,Democratic_Socialism,4,200,TRUE,4,"1,2,3,4",0.0711244605155721,0.298469387755102,0,,16,136,3584,5093,4286.5,635.33639383663,0.0131736111111111
166120,Democratic_Socialism,4,200,TRUE,4,"1,2,3,4",0.110449776996042,0.260204081632653,0,,8,209,3163,5369,3979.75,974.181151874058,0.0110798898071625
166121,Democratic_Socialism,4,200,TRUE,4,"1,2,3,4",0.0463388652164163,0.293367346938775,0,,4,171,4115,5196,4459,496.895025801896,0.00955102040816327
166122,Democratic_Socialism,4,200,TRUE,4,"1,2,3,4",0.0270070838252656,0.260204081632653,0,,16,175,3900,4479,4235,245.102699563537,0.0113333333333333
166123,Democratic_Socialism,4,200,TRUE,4,"1,2,3,4",0.0298987492555092,0.298469387755102,0,,2,179,3909,4487,4197.5,261.139171069119,0.00825925925925926
166124,Democratic_Socialism,4,200,TRUE,4,"1,2,3,4",0.0123303834808259,0.270408163265306,0,,21,95,4096,4331,4237.5,113.279889359645,0.00872401433691756
166125,Democratic_Socialism,4,200,TRUE,4,"1,2,3,4",0.0274022920952102,0.293367346938775,0,,16,175,3961,4574,4253.75,250.983897225831,0.0079559748427673
166126,Democratic_Socialism,4,200,TRUE,4,"1,2,3,4",0.0584775477887116,0.267489711934156,0,,6,162,3776,5120,4420.5,551.241326462376,0.0128698412698413
166127,Democratic_Socialism,4,200,TRUE,4,"1,2,3,4",0.0600617828773169,0.270408163265306,0,,8,136,3497,4735,4248.75,549.209355953326,0.0107014492753623
166128,Democratic_Socialism,4,200,TRUE,4,"1,2,3,4",0.078743961352657,0.283163265306122,0,,10,176,3534,5230,4140,748.4775659074,0.0106666666666667
166129,Democratic_Socialism,4,200,TRUE,4,"1,2,3,4",0.0285169416356217,0.298469387755102,0,,14,207,4001,4615,4227.75,269.593984848822,0.0106343042071197
166130,Democratic_Socialism,4,200,TRUE,4,"1,2,3,4",0.0905387122563188,0.336734693877551,0,,10,237,2900,4821,4065.25,820.720973697314,0.0143478260869565
166131,Democratic_Socialism,4,200,TRUE,4,"1,2,3,4",0.0400407865100141,0.252551020408163,0,,14,144,3716,4417,4106.75,361.281400019431,0.00822875816993464
166132,Democratic_Socialism,4,200,TRUE,4,"1,2,3,4",0.0367079280872384,0.288265306122449,0,,10,124,3963,4684,4241.25,337.03251574094,0.00899099099099099
166133,Democratic_Socialism,4,200,TRUE,4,"1,2,3,4",0.103622361665716,0.313775510204082,0,,2,229,3541,5920,4382.5,1052.38728612617,0.0127076023391813
166134,Democratic_Socialism,4,200,TRUE,4,"1,2,3,4",0.0375858714815491,0.262755102040816,0,,16,120,3793,4489,4112.25,326.40810345333,0.0105811965811966
166135,Democratic_Socialism,4,200,TRUE,4,"1,2,3,4",0.0332760237574241,0.323979591836735,0,,8,135,3559,4232,3998.75,302.851311152299,0.0125645645645646
166136,Democratic_Socialism,4,200,TRUE,4,"1,2,3,4",0.0834426620549824,0.288265306122449,0,,10,236,3402,5173,4192.25,740.459035553847,0.00878362573099415
166137,Democratic_Socialism,4,200,TRUE,4,"1,2,3,4",0.019809210117457,0.301020408163265,0,,14,261,3878,4282,4022.75,179.538992979241,0.0127138047138047
166138,Democratic_Socialism,4,200,TRUE,4,"1,2,3,4",0.0301962332243149,0.35969387755102,0,,14,190,4178,4830,4433.5,288.519785572267,0.00911949685534591
166139,Democratic_Socialism,4,200,TRUE,4,"1,2,3,4",0.0528864413216863,0.283163265306122,0,,11,166,3342,4428,3949.5,450.875814387953,0.01006
166140,Democratic_Socialism,4,200,TRUE,4,"1,2,3,4",0.00580695631243233,0.290816326530612,0,,24,215,4103,4207,4154.5,52.1120587452335,0.00952577319587629
166141,Democratic_Socialism,4,200,TRUE,4,"1,2,3,4",0.109477124183007,0.267857142857143,0,,12,177,3026,5376,4169.25,965.623589535108,0.0141505376344086
166142,Democratic_Socialism,4,200,TRUE,4,"1,2,3,4",0.105882689884294,0.298469387755102,0,,18,174,3637,6061,4364.5,1137.87682403091,0.0176533333333333
166143,Democratic_Socialism,4,200,TRUE,4,"1,2,3,4",0.0452693592824902,0.272959183673469,0,,22,205,3589,4588,4264.75,457.343324720791,0.00936694677871149
166144,Democratic_Socialism,4,200,TRUE,4,"1,2,3,4",0.0365490241907211,0.301020408163265,0,,10,212,3893,4631,4278.5,323.976851024884,0.00822448979591837
166145,Democratic_Socialism,4,200,TRUE,4,"1,2,3,4",0.0307790058514097,0.329081632653061,0,,0,191,3981,4594,4229.75,277.484383944995,0.00926797385620915
40280,Rent_Control_Only,4,200,TRUE,2,"1,2",0.596408966148216,0.654320987654321,2,118,13,122,0,3029,1093,1437.57828772326,0.00916078431372549
40281,Rent_Control_Only,4,188,FALSE,1,2,0.715718203633871,1,4,84,10,82,0,2717,729.25,1328.51630902046,0.0101481481481481
40282,Rent_Control_Only,4,192,FALSE,1,4,0.75,1,3,64,14,101,0,1627,406.75,813.5,0.0068921568627451
40283,Rent_Control_Only,4,200,TRUE,4,"1,2,3,4",0.178982128982129,0.283163265306122,0,,10,58,977,2397,1608.75,603.571799098224,0.00753459119496855
40284,Rent_Control_Only,4,200,TRUE,4,"1,2,3,4",0.0861068702290075,0.308673469387755,0,,10,111,1255,1919,1637.5,297.487814876509,0.00933333333333333
40285,Rent_Control_Only,4,200,TRUE,3,"1,2,3",0.318602150537634,0.377551020408163,1,115,8,90,0,1897,1162.5,818.555842118708,0.00813725490196078
40286,Rent_Control_Only,4,200,TRUE,3,"1,3,4",0.297290255341324,0.336805555555556,1,173,14,72,0,1423,959.5,658.784992745484,0.0096969696969697
40287,Rent_Control_Only,4,200,TRUE,2,"2,4",0.598012718600954,0.61218836565097,2,106,10,104,0,2189,786.25,1038.09131743471,0.00984362139917695
40288,Rent_Control_Only,4,200,TRUE,3,"1,2,3",0.354949182501105,0.377229080932785,2,159,10,85,0,1877,1131.5,861.505078336744,0.00951372549019608
40289,Rent_Control_Only,4,200,TRUE,2,"1,2",0.570623689727463,0.555555555555556,2,142,7,102,0,2447,954,1186.24140320032,0.0116363636363636
40290,Rent_Control_Only,4,106,FALSE,1,4,0.75,1,3,86,14,48,0,1202,300.5,601,0.00706306306306306
40291,Rent_Control_Only,4,106,FALSE,1,2,0.75,1,3,83,12,56,0,970,242.5,485,0.00913333333333333
40292,Rent_Control_Only,4,200,TRUE,4,"1,2,3,4",0.262974203338392,0.283163265306122,0,,12,57,826,2837,1647.5,924.04635525858,0.0108064516129032
40293,Rent_Control_Only,4,157,FALSE,1,2,0.75,1,3,131,8,52,0,2146,536.5,1073,0.00940740740740741
40294,Rent_Control_Only,4,200,TRUE,2,"2,3",0.684314352740457,0.755102040816326,2,155,8,106,0,4073,1172.25,1955.51397761987,0.00917757009345794
40295,Rent_Control_Only,4,190,FALSE,1,4,0.75,1,3,114,16,92,0,3127,781.75,1563.5,0.0124057971014493
40296,Rent_Control_Only,4,200,TRUE,4,"1,2,3,4",0.15375,0.318877551020408,0,,6,110,937,2136,1600,513.9357936552,0.00939273927392739
40297,Rent_Control_Only,4,155,FALSE,1,2,0.691627358490566,1,3,95,12,56,0,1498,424,722.058169401884,0.00848979591836735
40298,Rent_Control_Only,4,141,FALSE,1,3,0.75,1,3,80,12,50,0,1840,460,920,0.00781333333333333
40299,Rent_Control_Only,4,150,FALSE,1,4,0.719325153374233,1,3,102,12,57,0,3060,815,1499.63328850756,0.0100363636363636
40300,Rent_Control_Only,4,200,TRUE,2,"2,4",0.6314,0.706632653061224,2,104,12,117,0,3814,1250,1798.44303032744,0.0108078431372549
40301,Rent_Control_Only,4,200,TRUE,2,"1,2",0.584074485825459,0.614366729678639,2,87,12,165,0,2404,899.5,1150.1378178288,0.0113481481481481
40302,Rent_Control_Only,4,119,FALSE,1,3,0.75,1,3,64,14,84,0,2342,585.5,1171,0.00824858757062147
40303,Rent_Control_Only,4,200,TRUE,2,"1,3",0.512220488819553,0.503472222222222,2,113,10,140,0,2017,961.5,1112.89427470298,0.0087719298245614
40304,Rent_Control_Only,4,148,FALSE,1,3,0.75,1,3,64,14,68,0,1826,456.5,913,0.00723655913978495
40305,Rent_Control_Only,4,200,TRUE,2,"1,4",0.504128440366973,0.5,2,69,10,104,0,1939,953.75,1101.5959256158,0.0101385281385281
40306,Rent_Control_Only,4,200,TRUE,3,"1,2,4",0.306750425894378,0.3472,1,166,10,87,0,1782,1174,815.40296786313,0.0101616161616162
40307,Rent_Control_Only,4,200,TRUE,2,"1,4",0.584135505368382,0.5703125,2,129,6,139,0,1805,675.25,863.518143024994,0.0100454545454545
40308,Rent_Control_Only,4,150,FALSE,1,1,0.75,1,3,97,20,67,0,1457,364.25,728.5,0.010316384180791
40309,Rent_Control_Only,4,200,TRUE,3,"2,3,4",0.340763309813983,0.346260387811634,2,188,10,122,0,1344,779.5,569.548066452692,0.0088581560283688
40310,Rent_Control_Only,4,119,FALSE,1,2,0.75,1,3,64,8,46,0,3320,830,1660,0.00875675675675676
40311,Rent_Control_Only,4,200,TRUE,4,"1,2,3,4",0.253960396039604,0.280612244897959,0,,6,111,964,3099,1767.5,976.347103578777,0.0117692307692308
40312,Rent_Control_Only,4,187,FALSE,1,3,0.75,1,3,111,14,102,0,1319,329.75,659.5,0.00866666666666667
40313,Rent_Control_Only,4,161,FALSE,1,4,0.75,1,3,74,10,56,0,2074,518.5,1037,0.00976608187134503
40314,Rent_Control_Only,4,175,FALSE,1,4,0.75,1,3,118,18,91,0,817,204.25,408.5,0.0098407960199005
40315,Rent_Control_Only,4,192,FALSE,1,1,0.75,1,3,71,14,80,0,2963,740.75,1481.5,0.00917460317460318
40316,Rent_Control_Only,4,149,FALSE,1,3,0.75,1,3,61,6,70,0,1884,471,942,0.00756462585034014
40317,Rent_Control_Only,4,188,FALSE,1,3,0.75,1,3,72,6,88,0,4065,1016.25,2032.5,0.0118538812785388
40318,Rent_Control_Only,4,200,TRUE,3,"1,2,4",0.34522781256748,0.35969387755102,1,110,10,124,0,2126,1157.75,874.831936240708,0.00949305555555556
40319,Rent_Control_Only,4,160,FALSE,1,2,0.75,1,3,123,10,63,0,2113,528.25,1056.5,0.00896296296296296
40320,Rent_Control_Only,4,161,FALSE,1,1,0.708982772764561,0.86734693877551,3,78,8,66,0,2238,609.5,1089.75272424528,0.0107204301075269
40321,Rent_Control_Only,4,151,FALSE,1,3,0.75,1,4,107,14,78,0,3025,756.25,1512.5,0.00997777777777778
40322,Rent_Control_Only,4,200,TRUE,2,"2,3",0.58780880773362,0.586805555555556,3,40,4,149,0,2516,931,1200.34383962818,0.0110588235294118
40323,Rent_Control_Only,4,200,TRUE,2,"2,3",0.546305864117799,0.500945179584121,2,76,6,126,0,2294,967.75,1155.16301158466,0.00828985507246377
40324,Rent_Control_Only,4,200,TRUE,2,"3,4",0.551632140615191,0.512465373961219,2,145,12,132,0,1922,796.5,958.145952695448,0.00991111111111111
40325,Rent_Control_Only,4,135,FALSE,1,1,0.75,1,3,83,16,54,0,1488,372,744,0.0112795698924731
40326,Rent_Control_Only,4,200,TRUE,2,"1,2",0.566675794085433,0.523629489603025,2,90,10,150,0,2313,913,1126.73776895957,0.00998148148148148
40327,Rent_Control_Only,4,175,FALSE,1,2,0.75,1,3,111,15,93,0,2187,546.75,1093.5,0.0105793650793651
40328,Rent_Control_Only,4,200,TRUE,2,"1,2",0.499661705006766,0.537190082644628,2,94,6,118,0,2020,923.75,991.256567863907,0.0121975308641975
40329,Rent_Control_Only,4,200,TRUE,3,"2,3,4",0.328062248995984,0.347222222222222,1,132,7,113,0,1741,996,725.385874322534,0.00941666666666667
40330,Rent_Control_Only,4,173,FALSE,1,2,0.75,1,3,100,9,75,0,1491,372.75,745.5,0.0100987654320988
40331,Rent_Control_Only,4,200,TRUE,3,"2,3,4",0.34414504324684,0.368998628257887,1,124,6,103,0,1884,1127.25,829.861584844123,0.00831417624521073
40332,Rent_Control_Only,4,200,TRUE,3,"1,3,4",0.424521354933726,0.377551020408163,1,129,6,139,0,2449,1188.25,1043.41502608821,0.00872274143302181
40333,Rent_Control_Only,4,200,TRUE,2,"2,4",0.530246596455176,0.500945179584121,2,90,4,87,0,2182,973.25,1140.14366784776,0.00915068493150685
40334,Rent_Control_Only,4,140,FALSE,1,1,0.637612387612388,1,3,87,11,68,-150,1552,350.5,804.115041520801,0.00860818713450292
40335,Rent_Control_Only,4,200,TRUE,2,"1,2",0.573581823581824,0.528344671201814,3,59,4,116,0,2179,841.75,1052.80779347419,0.00767391304347826
40336,Rent_Control_Only,4,200,TRUE,2,"2,3",0.514175051908641,0.526627218934911,2,124,8,45,0,3308,1565.25,1813.1963260129,0.0101527777777778
40337,Rent_Control_Only,4,200,TRUE,2,"2,3",0.591338937256079,0.603305785123967,2,79,14,139,0,2274,832.75,1082.34848824212,0.01225
40338,Rent_Control_Only,4,200,TRUE,2,"2,4",0.554741980474198,0.53125,2,106,16,85,0,2772,1075.5,1288.93793489058,0.0105519713261649
40339,Rent_Control_Only,4,199,FALSE,1,3,0.75,1,3,87,14,111,0,3033,758.25,1516.5,0.00973484848484848
40340,Rent_Control_Only,4,200,TRUE,3,"1,2,3",0.335292812777285,0.352537722908093,1,119,16,134,0,2006,1127,831.447332467106,0.0101666666666667
40341,Rent_Control_Only,4,200,TRUE,3,"1,3,4",0.315913577538934,0.357638888888889,1,177,7,96,208,2016,1139.75,751.508871094236,0.00974757281553398
40342,Rent_Control_Only,4,200,TRUE,3,"1,2,4",0.342489919354839,0.357277882797732,1,170,2,77,0,1687,992,726.063817213519,0.0117757575757576
40343,Rent_Control_Only,4,200,TRUE,2,"1,3",0.57826038658076,0.591836734693878,2,99,5,131,0,2955,1125.25,1420.96103042976,0.010825
40344,Rent_Control_Only,4,200,TRUE,3,"1,2,4",0.294895316209799,0.334183673469388,1,78,2,65,0,1707,1158.25,793.217656132288,0.0103584905660377
40345,Rent_Control_Only,4,155,FALSE,1,4,0.720753655793026,0.916824196597354,3,101,6,52,0,3348,889,1642.26307271399,0.011047619047619
40346,Rent_Control_Only,4,187,FALSE,1,1,0.75,1,3,107,14,99,0,1047,261.75,523.5,0.0129850746268657
40347,Rent_Control_Only,4,183,FALSE,1,2,0.75,1,3,107,20,119,0,1697,424.25,848.5,0.00787012987012987
40348,Rent_Control_Only,4,200,TRUE,3,"1,2,3",0.332620144832126,0.352537722908093,1,99,4,112,0,1871,1139.25,820.086733217896,0.00952156862745098
40349,Rent_Control_Only,4,200,TRUE,3,"1,2,3",0.344727939103468,0.420918367346939,1,191,8,71,0,2911,1773.5,1315.50459266904,0.00814492753623189
40350,Rent_Control_Only,4,200,TRUE,4,"1,2,3,4",0.160322047894302,0.275720164609053,0,,12,75,942,2105,1513.75,501.425551137288,0.00996261682242991
40351,Rent_Control_Only,4,137,FALSE,1,3,0.75,1,4,89,15,61,0,2845,711.25,1422.5,0.0091030303030303
40352,Rent_Control_Only,4,200,TRUE,2,"2,4",0.647029483484815,0.625,2,110,8,99,0,3582,1127.75,1693.76156822618,0.00990588235294118
40353,Rent_Control_Only,4,200,TRUE,3,"1,3,4",0.317486201705971,0.355371900826446,1,193,14,69,0,1630,996.5,701.192080198667,0.0100776699029126
40354,Rent_Control_Only,4,194,FALSE,1,1,0.709081419624217,1,3,66,10,154,0,2199,598.75,1070.82690011038,0.00870222222222222
40355,Rent_Control_Only,4,200,TRUE,3,"2,3,4",0.291051756391603,0.334593572778828,1,160,14,78,175,1998,1202.75,758.16285629584,0.00770833333333333
40356,Rent_Control_Only,4,148,FALSE,1,3,0.75,1,3,73,14,65,0,3382,845.5,1691,0.00885446009389671
40357,Rent_Control_Only,4,200,TRUE,2,"2,3",0.512762168579343,0.5,2,115,8,104,0,1328,631.75,731.380600872988,0.00904861111111111
40358,Rent_Control_Only,4,121,FALSE,1,3,0.75,1,3,71,10,52,0,3204,801,1602,0.0102790697674419
40359,Rent_Control_Only,4,200,TRUE,4,"1,2,3,4",0.1743301955105,0.298469387755102,0,,12,80,1146,2544,1726.25,639.382188783308,0.00910652920962199
40360,Rent_Control_Only,4,200,TRUE,3,"1,2,4",0.381694367497692,0.346153846153846,1,98,10,114,0,1941,1083,865.487531202308,0.00901449275362319
40361,Rent_Control_Only,4,200,TRUE,2,"1,3",0.580143540669857,0.566115702479339,2,153,11,71,0,2346,888.25,1126.14574989208,0.00923595505617977
40362,Rent_Control_Only,4,200,TRUE,3,"1,2,3",0.424038461538462,0.338374291115312,1,191,16,68,0,3427,1560,1415.66450827871,0.00970570570570571
40363,Rent_Control_Only,4,200,TRUE,4,"1,2,3,4",0.150096618357488,0.267857142857143,0,,14,109,807,1662,1293.75,418.902037076292,0.00891575091575092
40364,Rent_Control_Only,4,142,FALSE,1,4,0.75,1,3,89,10,81,0,1267,316.75,633.5,0.0106137566137566
40365,Rent_Control_Only,4,200,TRUE,4,"1,2,3,4",0.148133748055988,0.275510204081633,0,,6,63,1133,2314,1607.5,512.135724198186,0.00818939393939394
40366,Rent_Control_Only,4,143,FALSE,1,1,0.75,1,3,70,2,68,0,2092,523,1046,0.0110666666666667
40367,Rent_Control_Only,4,200,TRUE,2,"2,3",0.664394278050961,0.706632653061224,2,91,6,142,0,3708,1118.5,1763.69413448024,0.00946666666666667
40368,Rent_Control_Only,4,200,TRUE,2,"1,4",0.663268754223924,0.802469135802469,2,90,4,155,0,3669,1109.75,1744.35095379342,0.0110120481927711
40369,Rent_Control_Only,4,200,TRUE,3,"1,2,4",0.44188767550702,0.334183673469388,1,126,4,58,0,3637,1602.5,1515.28754146972,0.0114631268436578
40370,Rent_Control_Only,4,200,TRUE,2,"2,4",0.568103744417726,0.61218836565097,2,94,11,120,0,1852,727.75,900.537756010263,0.011009009009009
40371,Rent_Control_Only,4,114,FALSE,1,4,0.75,1,3,96,8,43,0,2397,599.25,1198.5,0.00953333333333333
40372,Rent_Control_Only,4,200,TRUE,3,"1,2,4",0.340593179246808,0.336734693877551,1,90,10,108,0,2758,1546.75,1144.23988597963,0.00996862745098039
40373,Rent_Control_Only,4,200,TRUE,4,"1,2,3,4",0.194595359366157,0.283163265306122,0,,4,67,1392,3336,2208.75,918.693048121442,0.00955555555555556
40374,Rent_Control_Only,4,167,FALSE,1,2,0.75,1,3,90,10,122,0,3046,761.5,1523,0.00862433862433863
40375,Rent_Control_Only,4,159,FALSE,1,4,0.691520467836257,0.834710743801653,3,86,8,79,0,1510,427.5,727.799193917297,0.00834722222222222
40376,Rent_Control_Only,4,98,FALSE,1,2,0.75,1,3,76,11,41,0,1374,343.5,687,0.00857657657657658
40377,Rent_Control_Only,4,176,FALSE,1,4,0.75,1,4,73,18,120,0,1397,349.25,698.5,0.00825988700564972
40378,Rent_Control_Only,4,200,TRUE,2,"1,4",0.522056609454983,0.501385041551246,2,114,4,94,0,1807,830.25,966.123654956583,0.00854035087719298
40379,Rent_Control_Only,4,200,TRUE,2,"3,4",0.572462787550744,0.508506616257089,2,109,6,116,0,2383,923.75,1152.79034665169,0.00891176470588235
40380,Rent_Control_Only,4,200,TRUE,2,"1,4",0.570436959490214,0.53360768175583,3,53,4,148,0,2816,1098.5,1365.42191281669,0.00971111111111111
40381,Rent_Control_Only,4,192,FALSE,1,4,0.724057419578001,1,3,82,10,124,0,2741,722.75,1347.35676418683,0.00907291666666667
40382,Rent_Control_Only,4,200,TRUE,2,"3,4",0.539601667438629,0.511834319526627,4,73,8,110,0,2501,1079.5,1277.39435310061,0.0119004975124378
40383,Rent_Control_Only,4,175,FALSE,1,3,0.699566989302089,1,4,135,8,123,0,1765,490.75,854.612339016937,0.0108078431372549
40384,Rent_Control_Only,4,200,TRUE,3,"1,3,4",0.311417780360256,0.594387755102041,1,177,8,80,0,3323,2151.25,1501.31439634297,0.00917857142857143
40385,Rent_Control_Only,4,200,TRUE,3,"1,3,4",0.338842185708827,0.35969387755102,1,73,4,97,0,2085,1308.5,967.573769797425,0.00856224899598394
40386,Rent_Control_Only,4,200,TRUE,2,"1,2",0.502386934673367,0.513888888888889,2,67,2,110,0,2209,995,1068.89693921662,0.00988372093023256
40387,Rent_Control_Only,4,200,TRUE,2,"3,4",0.535059578368469,0.510204081632653,3,128,14,109,0,1866,818.25,963.236341714742,0.00927407407407407
40388,Rent_Control_Only,4,200,TRUE,3,"1,3,4",0.342340884573894,0.375,1,117,4,110,0,1882,1158.75,857.578519242796,0.00821548821548822
40389,Rent_Control_Only,4,200,TRUE,2,"1,3",0.611945812807882,0.5968,2,109,8,122,0,2939,1015,1387.25892800635,0.008625
40390,Rent_Control_Only,4,200,TRUE,2,"1,3",0.599082073434125,0.546313799621928,2,129,10,103,0,2586,926,1225.75364572168,0.00834703196347032
40391,Rent_Control_Only,4,200,TRUE,3,"1,2,4",0.335565476190476,0.344387755102041,1,126,10,100,0,1920,1176,853.088897282497,0.00933993399339934
40392,Rent_Control_Only,4,161,FALSE,1,4,0.75,1,3,72,7,105,0,3242,810.5,1621,0.00904301075268817
40393,Rent_Control_Only,4,200,TRUE,3,"1,2,4",0.393858477970628,0.375739644970414,1,130,10,71,0,2875,1498,1221.96099228521,0.0118133333333333
40394,Rent_Control_Only,4,155,FALSE,1,1,0.75,1,4,57,4,99,0,2465,616.25,1232.5,0.00970114942528736
40395,Rent_Control_Only,4,200,TRUE,4,"1,2,3,4",0.251652892561983,0.262755102040816,0,,7,58,886,2864,1663.75,899.511117218681,0.00975084175084175
40396,Rent_Control_Only,4,200,TRUE,2,"1,4",0.53830378406986,0.546313799621928,2,94,10,139,0,2379,944.75,1090.7842362264,0.00934035087719298
40397,Rent_Control_Only,4,127,FALSE,1,2,0.710636182902585,1,3,104,8,53,0,2317,628.75,1129.36364825507,0.00871698113207547
40398,Rent_Control_Only,4,200,TRUE,3,"2,3,4",0.313625997719498,0.34156378600823,1,100,9,96,0,1724,1096.25,765.876567513765,0.00706810035842294
40399,Rent_Control_Only,4,200,TRUE,3,"1,2,4",0.3007167974033,0.337868480725624,1,194,14,90,0,1371,924.25,638.645637266865,0.0124038461538462
40400,Rent_Control_Only,4,200,TRUE,3,"1,2,3",0.260016117890859,0.340236686390533,1,71,18,112,0,1478,1085.75,724.943388594355,0.00982882882882883
40401,Rent_Control_Only,4,200,TRUE,2,"2,3",0.638815090329437,0.586805555555556,3,48,6,141,0,2927,941,1381.5418922349,0.0103768115942029
40402,Rent_Control_Only,4,200,TRUE,4,"1,2,3,4",0.208589511754069,0.25765306122449,0,,8,47,1257,3263,2073.75,923.485923011282,0.00875177304964539
40403,Rent_Control_Only,4,183,FALSE,1,1,0.75,1,3,109,8,107,0,1324,331,662,0.00921072796934866
40404,Rent_Control_Only,4,200,TRUE,2,"2,4",0.591674047829938,0.591836734693878,2,60,7,160,0,3086,1129,1468.52896918424,0.00993478260869565
40405,Rent_Control_Only,4,200,TRUE,2,"3,4",0.529881461969048,0.52,2,93,4,111,0,1700,759.25,889.143173697765,0.00961797752808989
40406,Rent_Control_Only,4,200,TRUE,2,"1,3",0.550643469971401,0.547337278106509,2,113,3,145,0,2523,1049,1260.0071428369,0.0100392156862745
40407,Rent_Control_Only,4,200,TRUE,2,"3,4",0.659363745498199,0.795857988165681,2,104,8,131,0,3410,1041.25,1618.77718767387,0.0103607843137255
40408,Rent_Control_Only,4,122,FALSE,1,1,0.706921309592189,1,3,90,9,53,0,1591,435.25,773.737843200137,0.00965079365079365
40409,Rent_Control_Only,4,146,FALSE,1,2,0.75,1,3,94,5,63,0,1965,491.25,982.5,0.0100430107526882
40410,Rent_Control_Only,4,200,TRUE,4,"1,2,3,4",0.148544698544699,0.288265306122449,0,,12,132,881,1705,1202.5,385.895927248095,0.0104
40411,Rent_Control_Only,4,162,FALSE,1,3,0.75,1,3,133,5,87,0,2626,656.5,1313,0.00975213675213675
40412,Rent_Control_Only,4,74,FALSE,1,3,0.75,1,3,56,9,36,0,1054,263.5,527,0.0110740740740741
40413,Rent_Control_Only,4,200,TRUE,3,"1,2,4",0.374825540823447,0.344307270233196,1,138,4,92,0,2833,1433,1157.37432723097,0.00913095238095238
40414,Rent_Control_Only,4,192,FALSE,1,4,0.75,1,3,92,6,96,0,2294,573.5,1147,0.00834234234234234
40415,Rent_Control_Only,4,149,FALSE,1,2,0.75,1,3,118,10,56,0,2751,687.75,1375.5,0.00940562248995984
40416,Rent_Control_Only,4,169,FALSE,1,2,0.75,1,3,95,13,84,0,2689,672.25,1344.5,0.0124119850187266
40417,Rent_Control_Only,4,200,TRUE,4,"1,2,3,4",0.128989898989899,0.25765306122449,0,,20,80,700,1513,1237.5,367.759432237978,0.00837333333333333
40418,Rent_Control_Only,4,200,TRUE,3,"1,2,4",0.325268817204301,0.35969387755102,1,86,6,138,0,2011,1185.75,848.831108053893,0.00939273927392739
40419,Rent_Control_Only,4,200,TRUE,2,"1,3",0.548217179902755,0.526627218934911,2,95,18,55,0,2576,1079.75,1292.33441879414,0.0113939393939394
40420,Rent_Control_Only,4,154,FALSE,1,2,0.75,1,3,90,6,84,0,1938,484.5,969,0.0114666666666667
40421,Rent_Control_Only,4,200,TRUE,3,"1,3,4",0.352594088879439,0.3632,1,165,6,67,0,1975,1175.75,883.684851441206,0.00995918367346939
40422,Rent_Control_Only,4,103,FALSE,1,4,0.75,1,3,73,8,65,0,2889,722.25,1444.5,0.0100724637681159
40423,Rent_Control_Only,4,200,TRUE,4,"1,2,3,4",0.255589374654123,0.255102040816327,0,,6,47,1223,3856,2258.75,1248.56567708711,0.00942608695652174
40424,Rent_Control_Only,4,189,FALSE,1,1,0.75,1,3,81,14,75,0,4032,1008,2016,0.0115175438596491
40425,Rent_Control_Only,4,200,TRUE,3,"1,2,4",0.433340551465281,0.334319526627219,1,142,6,33,0,3970,1731.75,1647.39154928835,0.0104444444444444
40426,Rent_Control_Only,4,200,TRUE,3,"1,2,3",0.293601225547961,0.34375,1,139,16,80,0,1608,1060.75,723.223052269031,0.00837037037037037
40427,Rent_Control_Only,4,200,TRUE,2,"1,4",0.529876854184159,0.504132231404959,2,86,4,150,0,2000,893.25,1046.06353376201,0.00952511415525114
40428,Rent_Control_Only,4,200,TRUE,2,"1,2",0.512520193861066,0.510204081632653,2,83,14,136,0,1625,773.75,895.68758504291,0.00961111111111111
40429,Rent_Control_Only,4,138,FALSE,1,3,0.75,1,3,53,7,36,0,3959,989.75,1979.5,0.0102424242424242
40430,Rent_Control_Only,4,200,TRUE,2,"2,3",0.485194585448393,0.5,2,80,5,106,0,2146,1034.25,1091.52870629529,0.00905833333333333
40431,Rent_Control_Only,4,177,FALSE,1,4,0.75,1,3,122,17,45,0,1686,421.5,843,0.00872796934865901
40432,Rent_Control_Only,4,155,FALSE,1,1,0.75,1,3,85,10,84,0,1664,416,832,0.00946428571428572
40433,Rent_Control_Only,4,200,TRUE,2,"1,2",0.500461041954818,0.555555555555556,2,135,6,100,0,2173,1084.5,1252.2769927882,0.0105860805860806
40434,Rent_Control_Only,4,116,FALSE,1,2,0.683014354066986,1,3,63,9,49,0,1267,365.75,607.896030035839,0.00826984126984127
40435,Rent_Control_Only,4,117,FALSE,1,1,0.687081659973226,1,3,93,14,30,0,1306,373.5,627.951962069287,0.00886363636363636
40436,Rent_Control_Only,4,135,FALSE,1,4,0.75,1,4,52,4,59,0,3751,937.75,1875.5,0.00943478260869565
40437,Rent_Control_Only,4,162,FALSE,1,4,0.75,1,3,62,10,77,0,2338,584.5,1169,0.00981642512077295
40438,Rent_Control_Only,4,183,FALSE,1,3,0.75,1,3,147,14,94,0,3391,847.75,1695.5,0.00951648351648352
40439,Rent_Control_Only,4,195,FALSE,1,2,0.75,1,3,150,14,111,0,2435,608.75,1217.5,0.00743492063492064
40440,Rent_Control_Only,4,200,TRUE,4,"1,2,3,4",0.133473603672533,0.272959183673469,0,,10,78,1242,2370,1633.75,503.449683020392,0.00837992831541219
40441,Rent_Control_Only,4,157,FALSE,1,1,0.75,1,3,74,10,82,0,825,206.25,412.5,0.00852873563218391
40442,Rent_Control_Only,4,132,FALSE,1,4,0.75,1,3,62,6,61,0,2517,629.25,1258.5,0.0092156862745098
40443,Rent_Control_Only,4,137,FALSE,1,1,0.75,1,3,73,8,38,0,2143,535.75,1071.5,0.0110512820512821
40444,Rent_Control_Only,4,179,FALSE,1,1,0.75,1,3,59,10,132,0,1846,461.5,923,0.00718238993710692
40445,Rent_Control_Only,4,200,TRUE,3,"1,2,3",0.387874251497006,0.358024691358025,1,139,8,73,0,3323,1670,1366.19495924508,0.00808429118773946
40446,Rent_Control_Only,4,200,TRUE,2,"1,4",0.476992409867173,0.503472222222222,2,82,2,100,0,2122,1054,1104.45763461831,0.00989922480620155
40447,Rent_Control_Only,4,160,FALSE,1,4,0.75,1,3,113,10,91,0,1272,318,636,0.00877911646586345
40448,Rent_Control_Only,4,200,TRUE,1,3,0.75,1,3,148,12,104,0,3819,954.75,1909.5,0.00895744680851064
40449,Rent_Control_Only,4,168,FALSE,1,1,0.725525339925834,1,4,98,10,80,0,3847,1011.25,1892.80274989234,0.00998095238095238
40450,Rent_Control_Only,4,200,TRUE,2,"1,3",0.58126660761736,0.58,4,187,9,95,0,2244,846.75,1076.11070527153,0.00841954022988506
40451,Rent_Control_Only,4,200,TRUE,2,"1,2",0.61106053709604,0.654320987654321,2,107,6,82,0,3173,1098.5,1497.99432575694,0.00949019607843137
40452,Rent_Control_Only,4,200,TRUE,2,"1,3",0.522107712765958,0.501385041551246,2,103,4,84,0,1637,752,875.098851559068,0.00882170542635659
40453,Rent_Control_Only,4,200,TRUE,2,"2,4",0.625352265337091,0.706632653061224,2,72,11,115,0,3463,1153.25,1632.47529333014,0.0104135021097046
40454,Rent_Control_Only,4,138,FALSE,1,3,0.75,1,3,59,8,68,0,2125,531.25,1062.5,0.0102063492063492
40455,Rent_Control_Only,4,200,TRUE,4,"1,2,3,4",0.11366874443455,0.262755102040816,0,,11,117,1028,1777,1403.75,330.315379599558,0.00724014336917563
40456,Rent_Control_Only,4,154,FALSE,1,2,0.75,1,3,42,5,77,0,1668,417,834,0.00772413793103448
40457,Rent_Control_Only,4,171,FALSE,1,4,0.745596007046389,1,4,86,18,79,-10,3376,841.5,1689.67324257286,0.00864406779661017
40458,Rent_Control_Only,4,200,TRUE,4,"1,2,3,4",0.180847457627119,0.275510204081633,0,,12,113,1235,2923,1843.75,748.946537922879,0.00821082621082621
40459,Rent_Control_Only,4,200,TRUE,4,"1,2,3,4",0.197309941520468,0.275510204081633,0,,12,47,1209,3199,2137.5,875.667554878372,0.00945722713864307
40460,Rent_Control_Only,4,183,FALSE,1,4,0.75,1,3,93,4,102,0,1344,336,672,0.0111315789473684
40461,Rent_Control_Only,4,140,FALSE,1,1,0.75,1,3,102,7,79,0,2534,633.5,1267,0.00987978142076503
40462,Rent_Control_Only,4,200,TRUE,4,"1,2,3,4",0.0518556701030928,0.262755102040816,0,,18,94,1025,1346,1212.5,135.844273588056,0.00904093567251462
40463,Rent_Control_Only,4,198,FALSE,1,4,0.75,1,4,92,8,79,0,2113,528.25,1056.5,0.00947417840375587
40464,Rent_Control_Only,4,200,TRUE,2,"1,4",0.505030621172353,0.5,2,114,6,142,0,1749,857.25,990.267766818652,0.00826666666666667
40465,Rent_Control_Only,4,200,TRUE,4,"1,2,3,4",0.227719937532535,0.25765306122449,0,,14,52,1298,3859,2401.25,1150.82705767056,0.0088952380952381
40466,Rent_Control_Only,4,150,FALSE,1,4,0.699484878697242,0.889273356401384,3,104,8,38,0,2705,752.25,1309.6972614565,0.0105291005291005
40467,Rent_Control_Only,4,194,FALSE,1,4,0.75,1,4,74,5,131,0,3123,780.75,1561.5,0.00940625
40468,Rent_Control_Only,4,200,TRUE,4,"1,2,3,4",0.1384,0.260204081632653,0,,0,114,824,1570,1250,378.569236291945,0.00899029126213592
40469,Rent_Control_Only,4,119,FALSE,1,2,0.75,1,3,75,4,39,0,1348,337,674,0.00727891156462585
40470,Rent_Control_Only,4,200,TRUE,2,"3,4",0.601294995610184,0.563775510204082,2,73,20,150,0,3201,1139,1515.82122956502,0.0103008130081301
40471,Rent_Control_Only,4,200,TRUE,2,"1,4",0.611474694589878,0.663265306122449,2,118,4,115,0,3314,1146,1564.42023339852,0.0129929078014184
40472,Rent_Control_Only,4,200,TRUE,2,"3,4",0.595441067457376,0.5648,3,108,13,88,0,2796,1011.75,1327.66270189382,0.00813725490196078
40473,Rent_Control_Only,4,200,TRUE,2,"1,2",0.567314132618888,0.524691358024692,2,126,12,100,0,1895,746.5,922.362365523081,0.00857142857142857
40474,Rent_Control_Only,4,200,TRUE,4,"1,2,3,4",0.220915750915751,0.260204081632653,0,,4,79,1089,3063,1706.25,913.078811859451,0.00769146005509642
40475,Rent_Control_Only,4,200,TRUE,2,"2,4",0.531199871671479,0.512465373961219,2,100,14,129,0,1753,779.25,913.70723794149,0.0094337899543379
40476,Rent_Control_Only,4,124,FALSE,1,3,0.75,1,3,79,16,64,0,1747,436.75,873.5,0.0100555555555556
40477,Rent_Control_Only,4,152,FALSE,1,4,0.75,1,3,94,12,90,0,2805,701.25,1402.5,0.0112
40478,Rent_Control_Only,4,200,TRUE,4,"1,2,3,4",0.0969252601702932,0.283163265306122,0,,11,86,1042,1696,1321.25,274.93196128012,0.00812979351032448
40479,Rent_Control_Only,4,129,FALSE,1,4,0.75,1,3,86,4,63,0,1907,476.75,953.5,0.00983908045977011
40480,Rent_Control_Only,4,185,FALSE,1,2,0.75,1,3,104,14,88,0,1373,343.25,686.5,0.00896296296296296
40481,Rent_Control_Only,4,200,TRUE,2,"3,4",0.527236605998462,0.5,2,93,6,112,0,2163,975.25,1139.40960589246,0.00950915750915751
40482,Rent_Control_Only,4,150,FALSE,1,4,0.75,1,3,93,8,71,0,3793,948.25,1896.5,0.0082051282051282
40483,Rent_Control_Only,4,200,TRUE,2,"1,2",0.521089161772558,0.500945179584121,2,107,6,88,0,2031,936.5,1089.04499447911,0.0107314814814815
40484,Rent_Control_Only,4,200,TRUE,1,3,0.75,1,3,68,10,142,0,2262,565.5,1131,0.0101124497991968
40485,Rent_Control_Only,4,200,TRUE,2,"3,4",0.625,0.689349112426036,2,88,8,114,0,3225,1075,1520.27957955108,0.00780833333333333
40486,Rent_Control_Only,4,200,TRUE,4,"1,2,3,4",0.111115475255303,0.280612244897959,0,,8,103,1327,2230,1591.25,430.176223579748,0.00893197278911565
40487,Rent_Control_Only,4,147,FALSE,1,3,0.75,1,3,83,12,58,0,1882,470.5,941,0.0115217391304348
40488,Rent_Control_Only,4,197,FALSE,1,4,0.684980494148245,1,3,97,10,124,0,1338,384.5,642.62041673137,0.00907894736842105
40489,Rent_Control_Only,4,200,TRUE,2,"1,4",0.474348810872027,0.502958579881657,2,105,6,131,0,2185,1103.75,1161.53070701266,0.00900813008130081
40490,Rent_Control_Only,4,200,TRUE,2,"1,3",0.612328926003247,0.654320987654321,2,41,12,108,0,3124,1077.75,1474.46767230301,0.00906367041198502
40491,Rent_Control_Only,4,109,FALSE,1,4,0.75,1,3,76,14,55,0,3329,832.25,1664.5,0.00701851851851852
40492,Rent_Control_Only,4,179,FALSE,1,4,0.75,1,3,53,10,110,0,974,243.5,487,0.0110140845070423
40493,Rent_Control_Only,4,120,FALSE,1,3,0.678571428571429,1,3,105,8,53,0,1200,350,574.456264653803,0.0113768115942029
40494,Rent_Control_Only,4,200,TRUE,2,"2,3",0.538937211198695,0.546313799621928,2,127,10,126,0,2126,919.75,1087.49325668407,0.00974222222222222
40495,Rent_Control_Only,4,200,TRUE,2,"1,4",0.526554174067496,0.53125,2,165,14,96,0,1557,703.75,821.737336379454,0.00873758865248227
40496,Rent_Control_Only,4,112,FALSE,1,1,0.75,1,3,73,12,66,0,1296,324,648,0.00995348837209302
40497,Rent_Control_Only,4,200,TRUE,2,"3,4",0.504082743603702,0.504132231404959,2,168,24,85,0,2067,918.5,986.165807559763,0.00883870967741936
40498,Rent_Control_Only,4,200,TRUE,4,"1,2,3,4",0.214,0.25765306122449,0,,6,100,1096,3061,1750,888.250340088123,0.00991666666666667
40499,Rent_Control_Only,4,200,TRUE,3,"2,3,4",0.387928248222366,0.378472222222222,1,176,20,35,0,3038,1547,1256.57338292145,0.00821739130434783
40500,Rent_Control_Only,4,200,TRUE,2,"1,3",0.595583277140931,0.582990397805213,2,123,16,124,0,3075,1112.25,1460.03433178813,0.00906666666666667
40501,Rent_Control_Only,4,124,FALSE,1,1,0.75,1,3,82,20,67,0,4057,1014.25,2028.5,0.0123100775193798
40502,Rent_Control_Only,4,118,FALSE,1,4,0.75,1,3,56,12,47,0,3031,757.75,1515.5,0.00727777777777778
40503,Rent_Control_Only,4,200,TRUE,2,"2,3",0.548799858806919,0.506172839506173,2,75,2,135,0,1693,708.25,848.405710730427,0.00887179487179487
40504,Rent_Control_Only,4,177,FALSE,1,4,0.75,1,3,65,6,81,0,1172,293,586,0.00627586206896552
40505,Rent_Control_Only,4,200,TRUE,3,"1,3,4",0.298957002979992,0.364795918367347,1,121,12,105,0,1721,1174.5,812.161108811957,0.0106736842105263
40506,Rent_Control_Only,4,190,FALSE,1,3,0.75,1,3,143,8,95,0,1651,412.75,825.5,0.0104444444444444
40507,Rent_Control_Only,4,200,TRUE,3,"1,2,4",0.369931711481007,0.375,1,118,12,85,0,2142,1171.5,906.185227570317,0.00923297491039427
40508,Rent_Control_Only,4,200,TRUE,3,"1,2,4",0.346417182517351,0.352537722908093,1,98,8,106,0,2256,1332.75,983.876474292717,0.00993548387096774
40509,Rent_Control_Only,4,158,FALSE,1,1,0.75,1,3,77,11,115,0,1532,383,766,0.0110877192982456
40510,Rent_Control_Only,4,200,TRUE,2,"1,4",0.555621536025337,0.546313799621928,3,101,8,100,0,2316,947.25,1146.65524461365,0.00984
40511,Rent_Control_Only,4,200,TRUE,2,"3,4",0.532639714625446,0.511834319526627,2,53,8,99,0,2377,1051.25,1234.39685001758,0.00971171171171171
40512,Rent_Control_Only,4,200,TRUE,3,"1,2,3",0.38363478930152,0.338842975206612,1,187,20,64,0,2657,1299.25,1085.24263800006,0.00959477124183007
40513,Rent_Control_Only,4,200,TRUE,3,"1,3,4",0.327716478771888,0.3632,1,149,9,116,0,1784,1042.25,750.113935790202,0.00938947368421053
40514,Rent_Control_Only,4,200,TRUE,3,"2,3,4",0.336909871244635,0.3792,1,152,4,95,0,1646,1048.5,777.379572667047,0.00894603174603175
40515,Rent_Control_Only,4,115,FALSE,1,2,0.75,1,3,72,10,56,0,1160,290,580,0.00775609756097561
40516,Rent_Control_Only,4,155,FALSE,1,3,0.75,1,3,67,12,65,0,2583,645.75,1291.5,0.012046783625731
40517,Rent_Control_Only,4,133,FALSE,1,4,0.75,1,3,90,10,61,0,1649,412.25,824.5,0.00816666666666667
40518,Rent_Control_Only,4,200,TRUE,2,"1,4",0.567130780706116,0.505,4,118,15,65,0,2551,1005.5,1241.95021370961,0.007
40519,Rent_Control_Only,4,200,TRUE,3,"1,2,3",0.305334218680832,0.333333333333333,1,119,4,109,0,1740,1129.5,780.504751213384,0.00759574468085106
40520,Rent_Control_Only,4,125,FALSE,1,2,0.75,1,3,84,12,54,0,1177,294.25,588.5,0.0106944444444444
40521,Rent_Control_Only,4,200,TRUE,4,"1,2,3,4",0.187583001328021,0.267857142857143,0,,14,55,1280,3129,1882.5,842.504401571094,0.0099685534591195
40522,Rent_Control_Only,4,200,TRUE,2,"1,4",0.550747715314317,0.537190082644628,2,98,12,107,0,2172,902.75,1084.50829872344,0.0117027027027027
40523,Rent_Control_Only,4,169,FALSE,1,4,0.75,1,3,90,12,85,0,2426,606.5,1213,0.00834285714285714
40524,Rent_Control_Only,4,200,TRUE,3,"2,3,4",0.304465998720955,0.339285714285714,1,108,9,166,0,1794,1172.75,809.969289541276,0.00947892720306513
40525,Rent_Control_Only,4,175,FALSE,1,4,0.75,1,3,92,14,85,0,1936,484,968,0.0114978354978355
40526,Rent_Control_Only,4,160,FALSE,1,1,0.75,1,3,127,12,92,0,1296,324,648,0.00962280701754386
40527,Rent_Control_Only,4,103,FALSE,1,4,0.75,1,3,42,12,43,0,1996,499,998,0.00879487179487179
40528,Rent_Control_Only,4,200,TRUE,3,"2,3,4",0.369831150930393,0.346153846153846,1,148,8,92,0,2832,1451,1157.44863096957,0.00975
40529,Rent_Control_Only,4,193,FALSE,1,4,0.75,1,3,108,11,118,0,2264,566,1132,0.0109833333333333
40530,Rent_Control_Only,4,116,FALSE,1,4,0.685649935649936,1,3,93,6,45,0,1354,388.5,650.534908107679,0.0091264367816092
40531,Rent_Control_Only,4,200,TRUE,3,"2,3,4",0.322327672327672,0.334183673469388,1,144,10,87,0,2009,1251.25,885.498117822205,0.00965109034267913
40532,Rent_Control_Only,4,200,TRUE,3,"1,2,4",0.350665152498378,0.339285714285714,1,118,4,95,0,2711,1541,1146.58710964322,0.00936507936507936
40533,Rent_Control_Only,4,200,TRUE,2,"1,3",0.51441753171857,0.5,2,69,8,112,0,1834,867,1004.44943459921,0.00714285714285714
40534,Rent_Control_Only,4,200,TRUE,2,"2,3",0.526033806217929,0.501133786848073,2,112,12,132,0,1829,828.25,966.696220812585,0.00880303030303031
40535,Rent_Control_Only,4,200,TRUE,2,"1,4",0.59765511214681,0.591836734693878,2,93,6,82,0,2387,858.25,1132.18266341317,0.00918407960199005
40536,Rent_Control_Only,4,159,FALSE,1,4,0.70575221238938,1,3,110,14,55,0,1030,282.5,500.558021944843,0.0105833333333333
40537,Rent_Control_Only,4,179,FALSE,1,3,0.75,1,3,69,12,110,0,2312,578,1156,0.00832456140350877
40538,Rent_Control_Only,4,136,FALSE,1,2,0.75,1,3,118,6,69,0,1658,414.5,829,0.00750666666666667
40539,Rent_Control_Only,4,200,TRUE,2,"3,4",0.618178001679261,0.702479338842975,3,52,7,154,-10,2631,883.25,1242.77683032796,0.00967068273092369
40540,Rent_Control_Only,4,99,FALSE,1,3,0.75,1,4,49,6,53,0,3230,807.5,1615,0.00833333333333333
40541,Rent_Control_Only,4,200,TRUE,2,"2,3",0.61783514921838,0.502958579881657,2,132,7,94,0,3106,1055.5,1464.7378605061,0.0110519877675841
40542,Rent_Control_Only,4,200,TRUE,2,"1,3",0.521819299323909,0.501730103806228,2,99,8,145,0,1769,813.5,946.477152391964,0.00894623655913978
40543,Rent_Control_Only,4,118,FALSE,1,4,0.75,1,3,72,8,42,0,2799,699.75,1399.5,0.0101587301587302
40544,Rent_Control_Only,4,200,TRUE,2,"3,4",0.507610177192185,0.510204081632653,2,112,4,95,0,1134,550.25,635.962459583897,0.0091264367816092
40545,Rent_Control_Only,4,200,TRUE,2,"3,4",0.600705441980996,0.566115702479339,2,120,12,91,0,2436,868.25,1153.83891856706,0.00865811965811966
40546,Rent_Control_Only,4,200,TRUE,2,"1,3",0.581292850146915,0.5648,2,147,5,129,0,2706,1021,1297.63323015404,0.00909929078014184
40547,Rent_Control_Only,4,116,FALSE,1,3,0.75,1,3,37,6,89,0,2555,638.75,1277.5,0.00875862068965517
40548,Rent_Control_Only,4,200,TRUE,3,"1,2,3",0.353296703296703,0.35207100591716,1,123,6,109,0,1884,1137.5,862.216330163144,0.00803436426116839
40549,Rent_Control_Only,4,200,TRUE,4,"1,2,3,4",0.0897302904564315,0.262002743484225,0,,19,97,948,1500,1205,228.425042409977,0.00783333333333333
40550,Rent_Control_Only,4,200,TRUE,3,"2,3,4",0.376149360843238,0.377229080932785,1,112,10,127,0,2071,1114.75,874.19501066219,0.00936842105263158
40551,Rent_Control_Only,4,141,FALSE,1,4,0.75,1,4,72,16,86,0,2310,577.5,1155,0.0109939393939394
40552,Rent_Control_Only,4,112,FALSE,1,2,0.75,1,3,80,8,45,0,3581,895.25,1790.5,0.00798518518518519
40553,Rent_Control_Only,4,200,TRUE,3,"2,3,4",0.376063126063126,0.355371900826446,1,168,4,132,0,2473,1322.75,1038.1748006317,0.00774736842105263
40554,Rent_Control_Only,4,200,TRUE,3,"2,3,4",0.299050632911392,0.3632,1,124,10,94,0,1550,1027,704.772776621421,0.00821587301587302
40555,Rent_Control_Only,4,200,TRUE,3,"1,2,3",0.387456378441256,0.395408163265306,1,159,10,131,0,2589,1289.5,1061.02544738569,0.00794545454545455
40556,Rent_Control_Only,4,151,FALSE,1,2,0.75,1,3,72,10,61,0,1595,398.75,797.5,0.00828282828282828
40557,Rent_Control_Only,4,200,TRUE,3,"1,2,4",0.31105758458436,0.3536,1,166,6,108,0,1816,1115.75,780.401766186281,0.00904672897196262
40558,Rent_Control_Only,4,200,TRUE,2,"2,3",0.542751677852349,0.546313799621928,2,87,8,139,0,2181,931.25,1106.3138117189,0.0110522088353414
40559,Rent_Control_Only,4,200,TRUE,4,"1,2,3,4",0.247371967654987,0.267857142857143,0,,0,59,912,2782,1855,1040.61167909392,0.00740672782874618
40560,Rent_Control_Only,4,200,TRUE,3,"1,2,4",0.335901563937443,0.3408,1,134,22,114,0,1910,1087,795.826195430468,0.0121925925925926
40561,Rent_Control_Only,4,200,TRUE,4,"1,2,3,4",0.135216773276475,0.303571428571429,0,,14,113,1343,2603,1758.75,570.883744732673,0.00874926253687316
40562,Rent_Control_Only,4,148,FALSE,1,2,0.75,1,3,79,12,53,0,4134,1033.5,2067,0.0117435897435897
40563,Rent_Control_Only,4,94,FALSE,1,4,0.75,1,3,38,8,27,0,1482,370.5,741,0.0102456140350877
40564,Rent_Control_Only,4,190,FALSE,1,1,0.706502827316224,1,4,82,10,110,0,2099,574.75,1020.53103006882,0.00706306306306306
40565,Rent_Control_Only,4,200,TRUE,4,"1,2,3,4",0.183036437246964,0.25765306122449,0,,17,121,1061,2417,1543.75,625.689686133097,0.0103236245954693
40566,Rent_Control_Only,4,124,FALSE,1,2,0.75,1,3,42,12,42,0,667,166.75,333.5,0.0117894736842105
40567,Rent_Control_Only,4,200,TRUE,2,"2,4",0.533235202974899,0.501385041551246,2,160,12,109,0,1828,806.75,947.875299463665,0.0102437275985663
40568,Rent_Control_Only,4,199,FALSE,1,3,0.75,1,3,139,10,130,0,1150,287.5,575,0.00846735395189003
40569,Rent_Control_Only,4,200,TRUE,2,"1,3",0.617468287526427,0.625,2,131,5,99,0,2781,946,1311.52659141933,0.011443137254902
40570,Rent_Control_Only,4,126,FALSE,1,2,0.689369442198868,1,4,46,4,55,0,2174,618.5,1046.59877699145,0.0118723404255319
40571,Rent_Control_Only,4,200,TRUE,2,"2,4",0.615036231884058,0.615912208504801,3,118,12,169,0,3224,1104,1520.94006018208,0.0101952861952862
40572,Rent_Control_Only,4,200,TRUE,3,"1,3,4",0.323891625615764,0.346938775510204,1,117,2,92,0,1975,1167.25,834.114450580175,0.00792280701754386
40573,Rent_Control_Only,4,180,FALSE,1,3,0.721729323308271,1,3,73,5,93,0,3137,831.25,1539.7193196597,0.0102592592592593
40574,Rent_Control_Only,4,200,TRUE,2,"2,3",0.516647613603887,0.508506616257089,3,55,10,150,0,1866,874.75,1014.54337019173,0.00934199134199134
40575,Rent_Control_Only,4,73,FALSE,1,4,0.75,1,3,62,8,30,0,1839,459.75,919.5,0.00675862068965517
40576,Rent_Control_Only,4,200,TRUE,2,"1,4",0.538681948424069,0.61218836565097,3,137,10,83,0,2211,872.5,1009.09216625638,0.00782905982905983
40577,Rent_Control_Only,4,156,FALSE,1,3,0.75,1,3,64,4,58,0,3708,927,1854,0.00989417989417989
40578,Rent_Control_Only,4,200,TRUE,2,"2,3",0.515166104959076,0.53125,2,104,4,106,0,2411,1038.5,1139.95336161909,0.00964658634538153
40579,Rent_Control_Only,4,200,TRUE,4,"1,2,3,4",0.237859195402299,0.262755102040816,0,,8,74,791,2980,1740,909.588551672311,0.00953516819571865
40580,Rent_Control_Only,4,200,TRUE,3,"1,2,3",0.416541522751164,0.553571428571429,2,91,8,93,0,3098,1664.75,1469.03536944032,0.011875
40581,Rent_Control_Only,4,133,FALSE,1,4,0.705035971223022,1,3,60,16,62,0,2024,556,983.19750474324,0.0101383647798742
40582,Rent_Control_Only,4,128,FALSE,1,3,0.75,1,3,61,4,42,0,1539,384.75,769.5,0.00789393939393939
40583,Rent_Control_Only,4,200,TRUE,2,"1,2",0.53636719770175,0.53125,2,75,4,143,0,2193,957.25,1128.48493565488,0.00920701754385965
40584,Rent_Control_Only,4,200,TRUE,3,"1,2,4",0.358934337997847,0.354591836734694,1,54,2,128,0,1966,1161.25,886.357856624513,0.0107703703703704
40585,Rent_Control_Only,4,200,TRUE,3,"1,2,4",0.289514010507881,0.381656804733728,1,150,8,127,198,1908,1142,708.645186253318,0.00800709219858156
40586,Rent_Control_Only,4,193,FALSE,1,1,0.72562776957164,1,3,110,5,87,0,3864,1015.5,1901.29245514729,0.0119122807017544
40587,Rent_Control_Only,4,161,FALSE,1,1,0.75,1,4,91,7,102,0,4327,1081.75,2163.5,0.00938028169014084
40588,Rent_Control_Only,4,135,FALSE,1,2,0.75,1,3,87,12,82,0,2042,510.5,1021,0.00722480620155039
40589,Rent_Control_Only,4,135,FALSE,1,2,0.75,1,3,59,6,74,0,2906,726.5,1453,0.0106071428571429
40590,Rent_Control_Only,4,200,TRUE,2,"3,4",0.564086687306502,0.545,2,113,8,118,0,2029,807.5,991.802567718663,0.0111456310679612
40591,Rent_Control_Only,4,200,TRUE,4,"1,2,3,4",0.165844544095665,0.272959183673469,0,,16,104,1158,2597,1672.5,635.290222391835,0.00937777777777778
40592,Rent_Control_Only,4,116,FALSE,1,2,0.75,1,3,67,8,63,0,3225,806.25,1612.5,0.0102962962962963
40593,Rent_Control_Only,4,200,TRUE,3,"2,3,4",0.334679958027282,0.369897959183673,1,76,4,77,0,1910,1191.25,867.545724059161,0.0109430894308943
40594,Rent_Control_Only,4,181,FALSE,1,3,0.719604863221885,1,3,117,14,62,0,3090,822.5,1514.6039086177,0.0108711111111111
40595,Rent_Control_Only,4,200,TRUE,1,3,0.67831541218638,1,3,145,6,137,0,1195,348.75,571.990311689513,0.00926104417670683
40596,Rent_Control_Only,4,179,FALSE,1,3,0.75,1,3,97,10,128,0,3997,999.25,1998.5,0.00940639269406393
40597,Rent_Control_Only,4,111,FALSE,1,1,0.701195219123506,1,3,61,8,64,0,1812,502,878.207264829892,0.0109230769230769
40598,Rent_Control_Only,4,200,TRUE,2,"2,4",0.552592087312415,0.502222222222222,2,158,10,68,0,2218,916.25,1103.82316669534,0.0108172043010753
40599,Rent_Control_Only,4,150,FALSE,1,2,0.75,1,3,134,12,53,0,3730,932.5,1865,0.00982291666666667
40600,Rent_Control_Only,4,125,FALSE,1,2,0.75,1,3,64,10,40,0,3788,947,1894,0.0116212121212121
40601,Rent_Control_Only,4,149,FALSE,1,1,0.75,1,3,106,10,57,0,4231,1057.75,2115.5,0.00910476190476191
40602,Rent_Control_Only,4,200,TRUE,3,"1,3,4",0.362457203055044,0.517857142857143,1,81,4,115,198,3353,1898.5,1441.18481350126,0.0101374570446735
40603,Rent_Control_Only,4,200,TRUE,4,"1,2,3,4",0.0802073050345509,0.267857142857143,0,,8,122,1049,1485,1266.25,220.071768596822,0.0110246913580247
40604,Rent_Control_Only,4,200,TRUE,2,"1,3",0.470774768597875,0.474048442906574,2,133,16,93,0,1492,729.25,737.405078637244,0.0113699633699634
40605,Rent_Control_Only,4,144,FALSE,1,2,0.75,1,3,99,8,76,0,2970,742.5,1485,0.00900980392156863
40606,Rent_Control_Only,4,200,TRUE,2,"1,4",0.522824791418355,0.502958579881657,2,137,5,133,0,2289,1048.75,1221.04473710016,0.00838297872340426
40607,Rent_Control_Only,4,185,FALSE,1,2,0.75,1,3,54,13,141,0,1585,396.25,792.5,0.0107426160337553
40608,Rent_Control_Only,4,190,FALSE,1,2,0.75,1,3,114,12,90,0,2804,701,1402,0.0112337164750958
40609,Rent_Control_Only,4,200,TRUE,3,"1,3,4",0.349113805970149,0.36094674556213,1,109,6,122,0,1907,1072,797.942771548603,0.00914583333333333
40610,Rent_Control_Only,4,200,TRUE,4,"1,2,3,4",0.195779543197617,0.262755102040816,0,,14,71,707,1763,1258.75,535.455180197185,0.00938720538720539
40611,Rent_Control_Only,4,146,FALSE,1,4,0.75,1,3,65,10,96,0,2044,511,1022,0.0106222222222222
40612,Rent_Control_Only,4,200,TRUE,4,"1,2,3,4",0.124548270521425,0.278061224489796,0,,5,25,1842,3171,2421.25,648.925457968787,0.00979738562091503
40613,Rent_Control_Only,4,74,FALSE,1,3,0.626543209876543,1,3,47,7,31,0,1220,405,575.123175212638,0.00923333333333333
40614,Rent_Control_Only,4,200,TRUE,2,"2,4",0.500730282375852,0.512465373961219,2,56,12,126,0,1545,770.25,889.415678971312,0.0121666666666667
40615,Rent_Control_Only,4,162,FALSE,1,1,0.75,1,3,115,20,69,0,1822,455.5,911,0.0106763285024155
40616,Rent_Control_Only,4,200,TRUE,4,"1,2,3,4",0.205540355677155,0.283163265306122,0,,2,64,1072,2652,1827.5,828.535052567683,0.00996363636363636
40617,Rent_Control_Only,4,101,FALSE,1,3,0.75,1,3,83,2,50,0,3997,999.25,1998.5,0.013125
40618,Rent_Control_Only,4,156,FALSE,1,3,0.75,1,3,132,12,74,0,1847,461.75,923.5,0.0096017316017316
40619,Rent_Control_Only,4,200,TRUE,3,"2,3,4",0.270859771573604,0.34156378600823,1,164,16,70,0,2234,1576,1056.13982660126,0.00984423676012461
40620,Rent_Control_Only,4,135,FALSE,1,4,0.701932139491046,0.857988165680474,3,74,10,58,0,1918,530.5,929.985483757677,0.0101632653061224
40621,Rent_Control_Only,4,186,FALSE,1,3,0.75,1,3,103,14,87,0,1550,387.5,775,0.0095625
40622,Rent_Control_Only,4,198,FALSE,1,3,0.75,1,3,112,10,148,0,1228,307,614,0.0107638888888889
40623,Rent_Control_Only,4,200,TRUE,2,"1,4",0.532090003020236,0.528344671201814,3,173,12,101,0,1868,827.75,971.423826143872,0.00852525252525253
40624,Rent_Control_Only,4,200,TRUE,2,"1,4",0.522567151034787,0.500685871056241,2,90,6,113,0,2476,1135.5,1321.80318756866,0.00993127147766323
40625,Rent_Control_Only,4,192,FALSE,1,2,0.727304632662611,1,3,115,19,125,0,4080,1068.5,2009.74849172726,0.0104864864864865
40626,Rent_Control_Only,4,137,FALSE,1,1,0.71054204862495,1,3,93,16,24,0,2311,627.25,1126.37393879653,0.00916049382716049
40627,Rent_Control_Only,4,200,TRUE,2,"1,4",0.620710488158531,0.606508875739645,2,142,12,134,0,3068,1034.5,1446.46269683436,0.00955555555555556
40628,Rent_Control_Only,4,154,FALSE,1,4,0.75,1,4,69,8,60,0,1854,463.5,927,0.00916312056737589
40629,Rent_Control_Only,4,132,FALSE,1,4,0.75,1,3,97,17,30,0,3587,896.75,1793.5,0.0090062893081761
40630,Rent_Control_Only,4,200,TRUE,3,"1,3,4",0.313167461940468,0.375739644970414,1,101,10,85,0,1787,1100.25,770.112275364227,0.00827956989247312
40631,Rent_Control_Only,4,122,FALSE,1,4,0.75,1,3,89,10,53,0,3325,831.25,1662.5,0.0103
40632,Rent_Control_Only,4,200,TRUE,2,"3,4",0.576326129666012,0.52,2,165,16,90,0,1661,636.25,800.233455519908,0.0105507246376812
40633,Rent_Control_Only,4,200,TRUE,4,"1,2,3,4",0.19014652014652,0.341836734693878,0,,6,94,931,2322,1706.25,709.704809527642,0.0113515151515152
40634,Rent_Control_Only,4,200,TRUE,2,"2,3",0.591856060606061,0.58477508650519,2,91,12,126,0,1805,660,858.846125139228,0.0073719806763285
40635,Rent_Control_Only,4,158,FALSE,1,2,0.75,1,3,118,6,61,0,1830,457.5,915,0.0125296803652968
40636,Rent_Control_Only,4,131,FALSE,1,2,0.75,1,3,74,8,70,0,1566,391.5,783,0.0111805555555556
40637,Rent_Control_Only,4,130,FALSE,1,2,0.75,1,3,95,8,60,0,2233,558.25,1116.5,0.0108333333333333
40638,Rent_Control_Only,4,200,TRUE,2,"1,3",0.472508591065292,0.505,2,133,10,83,0,1752,873,901.472129352871,0.00919047619047619
40639,Rent_Control_Only,4,200,TRUE,2,"1,3",0.567129006194452,0.516528925619835,2,81,2,84,0,2355,928.25,1146.53052728656,0.00986991869918699
40640,Rent_Control_Only,4,200,TRUE,2,"1,2",0.664693088448526,0.795857988165681,2,114,4,98,0,3432,1034.5,1632.61538642756,0.0097008547008547
40641,Rent_Control_Only,4,200,TRUE,2,"1,4",0.578614880673842,0.526627218934911,2,178,12,111,0,2809,1068.5,1350.30083067935,0.00916666666666667
40642,Rent_Control_Only,4,200,TRUE,2,"1,2",0.561592388582874,0.5008,3,30,6,161,0,2489,998.5,1220.94730981043,0.0113693693693694
40643,Rent_Control_Only,4,200,TRUE,2,"1,2",0.579214957358408,0.563775510204082,2,91,4,124,0,3011,1143.25,1446.591712728,0.00936231884057971
40644,Rent_Control_Only,4,157,FALSE,1,2,0.75,1,3,115,7,99,0,1099,274.75,549.5,0.0096875
40645,Rent_Control_Only,4,200,TRUE,3,"1,3,4",0.306709057876979,0.347222222222222,1,165,10,135,0,1448,963.25,670.984041042209,0.0085015873015873
40646,Rent_Control_Only,4,200,TRUE,2,"3,4",0.56234096692112,0.534626038781163,2,156,2,103,0,1964,786,962.377611266319,0.0092156862745098
40647,Rent_Control_Only,4,200,TRUE,2,"2,3",0.503101082079704,0.500945179584121,3,59,8,98,0,1918,947.25,1093.95837062782,0.0090727969348659
40648,Rent_Control_Only,4,115,FALSE,1,4,0.75,1,3,89,10,57,0,899,224.75,449.5,0.0093015873015873
40649,Rent_Control_Only,4,200,TRUE,2,"1,2",0.508489609731374,0.508506616257089,2,131,8,60,0,2040,986.5,1140.42492080803,0.0106666666666667
40650,Rent_Control_Only,4,131,FALSE,1,1,0.75,1,3,69,16,79,0,1526,381.5,763,0.0119866666666667
40651,Rent_Control_Only,4,120,FALSE,1,4,0.75,1,4,89,6,56,0,2934,733.5,1467,0.009
40652,Rent_Control_Only,4,104,FALSE,1,2,0.709305480195334,1,3,71,4,37,0,1693,460.75,824.537597687334,0.0121367521367521
40653,Rent_Control_Only,4,200,TRUE,4,"1,2,3,4",0.0684346035015448,0.25765306122449,0,,4,98,1054,1405,1213.75,183.194568696782,0.00792233009708738
40654,Rent_Control_Only,4,161,FALSE,1,3,0.75,1,3,68,13,123,0,3114,778.5,1557,0.0119452054794521
40655,Rent_Control_Only,4,200,TRUE,3,"1,2,3",0.444144275700935,0.337278106508876,1,119,6,76,0,3916,1712,1632.68225118464,0.0113964912280702
40656,Rent_Control_Only,4,200,TRUE,4,"1,2,3,4",0.191341256366723,0.252551020408163,0,,0,92,1019,2436,1472.5,657.538085082023,0.00845259938837921
40657,Rent_Control_Only,4,200,TRUE,2,"1,2",0.567760942760943,0.555555555555556,2,127,18,95,0,2265,891,1101.83211062303,0.00994805194805195
40658,Rent_Control_Only,4,162,FALSE,1,1,0.75,1,3,125,4,74,0,2618,654.5,1309,0.00987654320987654
40659,Rent_Control_Only,4,200,TRUE,3,"2,3,4",0.396241359447005,0.357638888888889,1,92,17,104,0,3437,1736,1431.69154033495,0.00957509157509158
40660,Rent_Control_Only,4,200,TRUE,4,"1,2,3,4",0.226629680998613,0.267857142857143,0,,7,68,1110,3169,1802.5,937.808971308479,0.0121848184818482
40661,Rent_Control_Only,4,200,TRUE,4,"1,2,3,4",0.256772009029345,0.267857142857143,0,,2,90,974,3185,1661.25,1026.7139734772,0.00975975975975976
40662,Rent_Control_Only,4,200,TRUE,2,"1,3",0.537402849740933,0.510204081632653,2,133,4,117,0,1775,772,911.16372476813,0.00815873015873016
40663,Rent_Control_Only,4,200,TRUE,3,"1,2,3",0.289651837524178,0.3376,1,147,4,95,0,1756,1163.25,790.527829997148,0.00836666666666667
40664,Rent_Control_Only,4,113,FALSE,1,3,0.75,1,3,75,6,43,0,6314,1578.5,3157,0.0113584905660377
40665,Rent_Control_Only,4,200,TRUE,2,"1,4",0.525017095965352,0.506172839506173,2,134,12,106,0,2413,1096.75,1279.03645374164,0.0120860215053763
40666,Rent_Control_Only,4,180,FALSE,1,3,0.701830443159923,0.847222222222222,3,73,18,98,0,1876,519,909.56619696791,0.00966666666666667
40667,Rent_Control_Only,4,200,TRUE,1,1,0.75,1,3,75,13,140,0,3938,984.5,1969,0.00959349593495935
40668,Rent_Control_Only,4,200,TRUE,3,"1,2,3",0.426410777834265,0.359504132231405,1,183,12,93,0,3136,1475.25,1312.4382842633,0.00826
40669,Rent_Control_Only,4,200,TRUE,2,"1,4",0.600150777081884,0.547337278106509,4,105,2,146,0,3019,1077.75,1430.31986515837,0.00908333333333333
40670,Rent_Control_Only,4,140,FALSE,1,3,0.75,1,3,107,10,49,0,2104,526,1052,0.00667796610169492
40671,Rent_Control_Only,4,200,TRUE,2,"1,2",0.565576874526635,0.53125,2,127,12,107,0,2704,990.25,1230.13017603829,0.0106583333333333
40672,Rent_Control_Only,4,152,FALSE,1,1,0.75,1,3,81,9,76,0,1501,375.25,750.5,0.00872108843537415
40673,Rent_Control_Only,4,200,TRUE,3,"1,2,4",0.37821758135017,0.3728,1,114,5,111,0,1997,1029.5,821.869616585664,0.0109319727891156
40674,Rent_Control_Only,4,191,FALSE,1,1,0.650891972249752,1,3,85,12,95,0,1618,504.5,765.907522703187,0.0110234741784038
40675,Rent_Control_Only,4,196,FALSE,1,4,0.743793103448276,1,4,85,11,77,-15,3580,891.25,1792.51394694714,0.0109777777777778
40676,Rent_Control_Only,4,125,FALSE,1,2,0.75,1,3,80,9,74,0,3517,879.25,1758.5,0.0114771241830065
40677,Rent_Control_Only,4,200,TRUE,2,"2,4",0.65673828125,0.739644970414201,2,120,9,112,0,3332,1024,1580.25483177029,0.0119273927392739
40678,Rent_Control_Only,4,112,FALSE,1,3,0.75,1,4,49,8,79,0,4111,1027.75,2055.5,0.00873333333333333
40679,Rent_Control_Only,4,200,TRUE,2,"2,4",0.516781639692226,0.510204081632653,2,50,6,124,0,2011,942.25,1092.90816174096,0.0111428571428571
40680,Rent_Control_Only,4,200,TRUE,2,"2,3",0.503497099965882,0.501385041551246,4,96,12,133,0,1486,732.75,846.272365534091,0.00937662337662338
40681,Rent_Control_Only,4,155,FALSE,1,2,0.662508784258609,1,3,87,14,48,0,2498,711.5,1193.98199316405,0.0100251572327044
40682,Rent_Control_Only,4,200,TRUE,4,"1,2,3,4",0.194814534443603,0.267857142857143,0,,10,95,1090,2645,1651.25,709.983743945357,0.00823270440251572
40683,Rent_Control_Only,4,200,TRUE,3,"2,3,4",0.366976777729699,0.487244897959184,1,192,12,58,0,2862,1733.25,1381.61532876075,0.0120817610062893
40684,Rent_Control_Only,4,200,TRUE,3,"1,2,3",0.320394408387419,0.334593572778828,1,175,10,68,0,2378,1502.25,1061.55369623962,0.00856862745098039
40685,Rent_Control_Only,4,200,TRUE,3,"1,2,3",0.382544062666904,0.351473922902494,1,179,5,94,0,2660,1404.25,1117.87965213911,0.00969503546099291
40686,Rent_Control_Only,4,200,TRUE,2,"2,4",0.525638686131387,0.582990397805213,2,156,10,103,0,3021,1370,1598.49116356644,0.0092013201320132
40687,Rent_Control_Only,4,200,TRUE,3,"2,3,4",0.269660194174757,0.3408,1,116,10,121,0,1478,1030,690.65572706909,0.0085016501650165
40688,Rent_Control_Only,4,200,TRUE,3,"2,3,4",0.353780148423006,0.375739644970414,1,76,2,151,0,1948,1078,811.151034025107,0.0091004016064257
40689,Rent_Control_Only,4,130,FALSE,1,2,0.75,1,3,60,10,44,0,3779,944.75,1889.5,0.0105850340136054
40690,Rent_Control_Only,4,200,TRUE,3,"1,2,3",0.371588523442967,0.3344,2,139,5,67,196,2931,1429,1133.55105751792,0.0118385964912281
40691,Rent_Control_Only,4,200,TRUE,3,"1,3,4",0.320590265792199,0.336734693877551,1,117,16,68,0,2392,1448.5,1024.38843544169,0.0112905198776758
40692,Rent_Control_Only,4,136,FALSE,1,3,0.75,1,3,72,13,57,0,2103,525.75,1051.5,0.011474358974359
40693,Rent_Control_Only,4,200,TRUE,2,"1,3",0.582932049224184,0.512465373961219,3,169,8,99,0,2489,934.5,1191.9117696653,0.0071937984496124
40694,Rent_Control_Only,4,200,TRUE,3,"1,2,3",0.331914680552774,0.357142857142857,1,95,12,109,0,2159,1248.25,904.820193924369,0.0091685393258427
40695,Rent_Control_Only,4,140,FALSE,1,2,0.75,1,3,60,10,81,0,1042,260.5,521,0.00590740740740741
40696,Rent_Control_Only,4,144,FALSE,1,3,0.75,1,3,49,4,79,0,3903,975.75,1951.5,0.00866666666666667
40697,Rent_Control_Only,4,109,FALSE,1,2,0.686868686868687,1,3,74,12,41,0,1384,396,665.380091877317,0.00808771929824562
40698,Rent_Control_Only,4,200,TRUE,2,"3,4",0.611036036036036,0.582990397805213,2,128,12,148,0,3206,1110,1513.58206472813,0.0102482269503546
40699,Rent_Control_Only,4,127,FALSE,1,2,0.718553459119497,1,3,66,8,48,0,2235,596.25,1094.78593798057,0.00902325581395349
40700,Rent_Control_Only,4,200,TRUE,2,"3,4",0.580993330993331,0.555555555555556,2,93,10,84,0,1886,712.25,904.648136017535,0.0111843137254902
40701,Rent_Control_Only,4,200,TRUE,3,"1,3,4",0.369283536585366,0.349716446124764,1,149,11,113,0,1800,984,760.246012814273,0.00897378277153558
40702,Rent_Control_Only,4,195,FALSE,1,1,0.75,1,3,74,10,78,0,2538,634.5,1269,0.0104907407407407
40703,Rent_Control_Only,4,200,TRUE,3,"1,2,3",0.362885258076495,0.349489795918367,1,143,14,94,0,2295,1346.5,1037.1693850733,0.00938039215686274
40704,Rent_Control_Only,4,200,TRUE,3,"1,2,3",0.362718418791177,0.359504132231405,1,179,10,160,0,1554,872.75,664.664012866651,0.00947936507936508
40705,Rent_Control_Only,4,180,FALSE,1,2,0.648373983739838,1,3,64,6,152,0,784,246,370.851272974311,0.00918222222222222
40706,Rent_Control_Only,4,200,TRUE,4,"1,2,3,4",0.160643776824034,0.283163265306122,0,,8,103,921,1940,1456.25,502.371293633172,0.00881699346405229
40707,Rent_Control_Only,4,172,FALSE,1,3,0.75,1,4,87,8,66,0,2573,643.25,1286.5,0.012
40708,Rent_Control_Only,4,176,FALSE,1,1,0.75,1,3,118,12,100,0,1725,431.25,862.5,0.00817592592592593
40709,Rent_Control_Only,4,136,FALSE,1,2,0.75,1,4,68,8,79,0,2326,581.5,1163,0.0136428571428571
40710,Rent_Control_Only,4,159,FALSE,1,1,0.718519113395439,1,4,103,11,93,0,2917,778.25,1428.82384615226,0.0109641025641026
40711,Rent_Control_Only,4,200,TRUE,3,"2,3,4",0.400879249706917,0.4112,1,196,6,117,0,2163,1066.25,894.700089415442,0.00786666666666667
40712,Rent_Control_Only,4,200,TRUE,2,"2,4",0.493433696348495,0.501730103806228,2,182,21,117,0,1716,780.5,818.627102735631,0.00968724279835391
40713,Rent_Control_Only,4,122,FALSE,1,4,0.75,1,3,100,14,70,0,968,242,484,0.0108095238095238
40714,Rent_Control_Only,4,200,TRUE,4,"1,2,3,4",0.062539851222104,0.251028806584362,0,,10,103,996,1388,1176.25,161.063910710417,0.00873539518900344
40715,Rent_Control_Only,4,111,FALSE,1,1,0.75,1,3,43,8,34,0,2987,746.75,1493.5,0.0113978494623656
40716,Rent_Control_Only,4,200,TRUE,3,"1,3,4",0.331213055769725,0.336805555555556,1,89,10,97,0,1617,972.75,697.96483913351,0.00717562724014337
40717,Rent_Control_Only,4,200,TRUE,2,"1,4",0.567388775806921,0.528344671201814,2,62,10,103,0,2183,859.75,1062.44133171358,0.00851587301587302
40718,Rent_Control_Only,4,166,FALSE,1,4,0.687539834289356,1,3,84,9,100,0,1373,392.25,660.329400122898,0.0109677419354839
40719,Rent_Control_Only,4,200,TRUE,3,"2,3,4",0.384227199057021,0.528061224489796,1,96,10,137,0,3037,1696.75,1367.47659943416,0.00983183183183183
40720,Rent_Control_Only,4,176,FALSE,1,1,0.724869606448554,1,3,110,10,80,0,4006,1054.5,1970.20295062886,0.00931726907630522
40721,Rent_Control_Only,4,118,FALSE,1,2,0.75,1,3,80,10,68,0,2848,712,1424,0.00823529411764706
40722,Rent_Control_Only,4,121,FALSE,1,2,0.75,1,4,87,8,68,0,2838,709.5,1419,0.0124358974358974
40723,Rent_Control_Only,4,166,FALSE,1,2,0.75,1,4,138,10,62,0,1567,391.75,783.5,0.00881884057971015
40724,Rent_Control_Only,4,200,TRUE,2,"2,3",0.572417809992234,0.614366729678639,2,112,18,130,0,2491,965.75,1205.09650374289,0.00917021276595745
40725,Rent_Control_Only,4,200,TRUE,2,"3,4",0.562871287128713,0.524691358024692,2,117,12,85,0,1896,757.5,928.358228271824,0.0124977777777778
40726,Rent_Control_Only,4,193,FALSE,1,4,0.75,1,4,76,12,65,0,1798,449.5,899,0.00934959349593496
40727,Rent_Control_Only,4,196,FALSE,1,1,0.75,1,3,113,10,118,0,2100,525,1050,0.00967361111111111
40728,Rent_Control_Only,4,200,TRUE,4,"1,2,3,4",0.135395537525355,0.275510204081633,0,,10,100,873,1573,1232.5,368.696352029689,0.00775438596491228
40729,Rent_Control_Only,4,200,TRUE,3,"2,3,4",0.304763447828905,0.349489795918367,1,136,10,77,0,1871,1157.25,805.701092217207,0.00925694444444444
40730,Rent_Control_Only,4,200,TRUE,3,"1,3,4",0.305834378920954,0.338374291115312,1,177,14,122,0,1537,996.25,688.842688862994,0.0102098765432099
40731,Rent_Control_Only,4,200,TRUE,4,"1,2,3,4",0.237473309608541,0.303571428571429,0,,8,93,975,2857,1756.25,894.502981176325,0.00911326860841424
40732,Rent_Control_Only,4,98,FALSE,1,1,0.75,1,3,47,6,37,0,2790,697.5,1395,0.0108828828828829
40733,Rent_Control_Only,4,192,FALSE,1,1,0.75,1,3,89,10,155,0,1656,414,828,0.01
40734,Rent_Control_Only,4,200,TRUE,2,"2,4",0.563887454827052,0.501385041551246,2,134,4,101,0,2432,968.5,1189.11998273233,0.00856589147286822
40735,Rent_Control_Only,4,199,FALSE,1,2,0.75,1,3,122,6,103,0,3118,779.5,1559,0.00895833333333333
40736,Rent_Control_Only,4,89,FALSE,1,4,0.75,1,3,73,14,49,0,1573,393.25,786.5,0.00880392156862745
40737,Rent_Control_Only,4,200,TRUE,2,"1,3",0.492005628037861,0.508506616257089,2,85,6,123,0,2096,977.25,1033.38323804224,0.00894650205761317
40738,Rent_Control_Only,4,160,FALSE,1,3,0.75,1,4,84,15,96,0,1995,498.75,997.5,0.0103796296296296
40739,Rent_Control_Only,4,200,TRUE,2,"1,4",0.580195099818512,0.53360768175583,2,93,8,137,0,2911,1102,1397.29667572781,0.00901683501683502
40740,Rent_Control_Only,4,200,TRUE,2,"1,4",0.457197248833211,0.504132231404959,2,149,16,103,0,2087,1017.75,980.02801830696,0.0120493827160494
40741,Rent_Control_Only,4,194,FALSE,1,3,0.75,1,3,92,10,86,0,3698,924.5,1849,0.0137213930348259
40742,Rent_Control_Only,4,149,FALSE,1,4,0.75,1,3,96,10,64,0,738,184.5,369,0.00830188679245283
40743,Rent_Control_Only,4,96,FALSE,1,3,0.75,1,3,44,10,35,0,3863,965.75,1931.5,0.018452380952381
40744,Rent_Control_Only,4,200,TRUE,2,"1,4",0.536845466155811,0.52,2,105,14,100,0,2246,978.75,1154.45091565933,0.0102633744855967
40745,Rent_Control_Only,4,200,TRUE,2,"3,4",0.590507021703447,0.524691358024692,2,180,14,115,0,3734,1370.75,1778.19522269069,0.0100611620795107
40746,Rent_Control_Only,4,90,FALSE,1,2,0.71,0.834710743801653,3,59,4,26,0,2346,637.5,1143.05249223297,0.0129761904761905
40747,Rent_Control_Only,4,125,FALSE,1,1,0.75,1,3,66,8,67,0,1684,421,842,0.00688405797101449
40748,Rent_Control_Only,4,200,TRUE,3,"1,3,4",0.424381258265634,0.334710743801653,1,177,15,82,0,2901,1323.25,1198.9485323955,0.00808641975308642
40749,Rent_Control_Only,4,104,FALSE,1,3,0.725393700787402,1,3,57,4,49,0,3864,1016,1901.00604943803,0.00874285714285714
40750,Rent_Control_Only,4,200,TRUE,2,"2,3",0.586618738404453,0.502222222222222,2,163,12,80,0,2903,1078,1386.16425193169,0.00893470790378007
40751,Rent_Control_Only,4,194,FALSE,1,2,0.75,1,3,75,8,87,0,1636,409,818,0.00947945205479452
40752,Rent_Control_Only,4,194,FALSE,1,4,0.722816237767307,1,3,82,9,112,0,2609,689.75,1281.45239864772,0.00959856630824373
40753,Rent_Control_Only,4,200,TRUE,3,"1,2,3",0.310845874416191,0.342155009451796,1,159,8,111,0,1471,963.5,673.715320690671,0.00863265306122449
40754,Rent_Control_Only,4,200,TRUE,2,"1,3",0.543971551140212,0.68,2,93,6,152,0,3004,1107.25,1332.9954676092,0.0112470588235294
40755,Rent_Control_Only,4,200,TRUE,3,"1,2,3",0.267706191455335,0.336805555555556,1,163,14,147,198,1739,1094.25,646.17870335277,0.0095015015015015
40756,Rent_Control_Only,4,86,FALSE,1,2,0.726424361493124,1,3,58,8,24,0,3880,1018,1910.1455441929,0.0109866666666667
40757,Rent_Control_Only,4,196,FALSE,1,1,0.75,1,3,155,9,126,0,2972,743,1486,0.00954263565891473
40758,Rent_Control_Only,4,193,FALSE,1,1,0.75,1,3,94,8,111,0,3462,865.5,1731,0.00886384976525822
40759,Rent_Control_Only,4,97,FALSE,1,4,0.75,1,4,68,4,32,0,1224,306,612,0.011965811965812
40760,Rent_Control_Only,4,187,FALSE,1,4,0.709664536741214,1,3,81,14,106,0,2302,626,1121.38366910408,0.00751851851851852
40761,Rent_Control_Only,4,200,TRUE,4,"1,2,3,4",0.115906127770534,0.283163265306122,0,,4,51,1510,2483,1917.5,483.464235147406,0.00958823529411765
40762,Rent_Control_Only,4,200,TRUE,3,"1,3,4",0.476031679866611,0.479591836734694,1,93,12,157,0,2953,1199.5,1252.38239634174,0.0103636363636364
40763,Rent_Control_Only,4,183,FALSE,1,1,0.75,1,3,94,18,83,0,3919,979.75,1959.5,0.0107594936708861
40764,Rent_Control_Only,4,200,TRUE,2,"1,3",0.604148722365777,0.591836734693878,3,79,6,136,0,2467,870.75,1166.97939856137,0.00979166666666667
40765,Rent_Control_Only,4,200,TRUE,4,"1,2,3,4",0.0934909090909091,0.313775510204082,0,,14,59,1247,2099,1718.75,351.869649160026,0.0132211838006231
40766,Rent_Control_Only,4,171,FALSE,1,3,0.75,1,3,120,24,131,0,1282,320.5,641,0.00742971887550201
40767,Rent_Control_Only,4,200,TRUE,3,"1,3,4",0.277403516784654,0.34375,1,181,4,93,0,1617,1094.75,738.271122285032,0.00903157894736842
40768,Rent_Control_Only,4,136,FALSE,1,4,0.75,1,3,120,4,49,0,2308,577,1154,0.00877595628415301
40769,Rent_Control_Only,4,200,TRUE,3,"1,2,4",0.443603050201229,0.446428571428571,1,86,14,130,0,2733,1180.25,1138.60188389094,0.00907936507936508
40770,Rent_Control_Only,4,157,FALSE,1,4,0.75,1,3,73,10,147,0,1173,293.25,586.5,0.00929032258064516
40771,Rent_Control_Only,4,200,TRUE,3,"1,3,4",0.358981628487185,0.35207100591716,1,129,8,94,0,1815,1102.25,854.657972524682,0.00879461279461279
40772,Rent_Control_Only,4,124,FALSE,1,2,0.75,1,4,79,14,52,0,755,188.75,377.5,0.0108985507246377
40773,Rent_Control_Only,4,143,FALSE,1,2,0.75,1,3,56,8,88,0,2113,528.25,1056.5,0.0121805555555556
40774,Rent_Control_Only,4,200,TRUE,3,"1,3,4",0.383269994817758,0.434842249657064,1,93,10,53,0,2652,1447.25,1154.35967098647,0.0117623762376238
40775,Rent_Control_Only,4,192,FALSE,1,3,0.632697947214076,1,3,113,10,93,0,1305,426.25,615.431759011509,0.00863565891472868
40776,Rent_Control_Only,4,200,TRUE,3,"1,2,3",0.350442722744881,0.353497164461248,1,103,7,86,0,1627,903.5,676.529624874871,0.009003663003663
40777,Rent_Control_Only,4,200,TRUE,2,"3,4",0.65014684287812,0.755102040816326,2,112,2,104,0,3815,1191.75,1805.49686143916,0.00805017921146953
40778,Rent_Control_Only,4,200,TRUE,4,"1,2,3,4",0.0713471502590675,0.25765306122449,0,,14,137,1004,1377,1206.25,186.045469352701,0.00903780068728522
40779,Rent_Control_Only,4,196,FALSE,1,4,0.75,1,4,125,6,103,0,1147,286.75,573.5,0.0100761904761905
332149,UBI_Only,4,200,TRUE,4,"1,2,3,4",0.276802721088435,0.262755102040816,0,,6,187,1007,3548,1837.5,1174.07452915051,0.00793464052287582
332150,UBI_Only,4,200,TRUE,2,"1,4",0.591839596186203,0.614366729678639,4,130,14,160,0,2438,891.5,1160.04870587403,0.0140538720538721
332151,UBI_Only,4,200,TRUE,3,"1,2,4",0.402994575445588,0.34375,1,182,8,134,0,4258,2258.25,1891.10098002901,0.0133015873015873
332152,UBI_Only,4,200,TRUE,4,"1,2,3,4",0.155774783445621,0.272959183673469,0,,6,166,974,1973,1298.75,465.457033462811,0.0101851851851852
332153,UBI_Only,4,200,TRUE,4,"1,2,3,4",0.333396544458491,0.283163265306122,0,,12,127,961,5472,2966.25,2085.4344671235,0.0105299145299145
332154,UBI_Only,4,200,TRUE,4,"1,2,3,4",0.256926952141058,0.272959183673469,0,,2,151,914,3384,1985,1070.71378061553,0.00930275229357798
332155,UBI_Only,4,200,TRUE,4,"1,2,3,4",0.270355812991312,0.272959183673469,0,,8,114,1399,4945,3021.25,1763.78766201226,0.0109583333333333
332156,UBI_Only,4,200,TRUE,4,"1,2,3,4",0.32947932618683,0.280612244897959,0,,6,110,1251,5483,2448.75,2028.98404380123,0.0087962962962963
332157,UBI_Only,4,200,TRUE,4,"1,2,3,4",0.254265402843602,0.293367346938775,0,,3,135,1310,4441,2637.5,1416.79697439918,0.00906666666666667
332158,UBI_Only,4,200,TRUE,4,"1,2,3,4",0.252446877012234,0.262755102040816,0,,8,137,1224,3816,1941.25,1251.81877682035,0.00983615819209039
332159,UBI_Only,4,200,TRUE,3,"1,2,4",0.405026061057334,0.344307270233196,2,130,8,173,0,3511,1678.75,1443.02699789944,0.00927619047619048
332160,UBI_Only,4,200,TRUE,4,"1,2,3,4",0.256013179571664,0.301020408163265,0,,6,129,1578,5437,3035,1703.37684223623,0.00800647249190939
332161,UBI_Only,4,200,TRUE,4,"1,2,3,4",0.243980582524272,0.270233196159122,0,,15,112,1546,4876,2575,1545.35389690086,0.00925252525252525
332162,UBI_Only,4,200,TRUE,2,"1,4",0.570183878554629,0.505,2,169,6,152,0,2995,1169.25,1452.64893097633,0.0110869565217391
332163,UBI_Only,4,200,TRUE,4,"1,2,3,4",0.255909090909091,0.278061224489796,0,,10,171,1158,3650,1925,1169.78829993579,0.00910324483775811
332164,UBI_Only,4,200,TRUE,4,"1,2,3,4",0.368739815317762,0.281207133058985,0,,6,105,1005,5408,2301.25,2084.77230970994,0.00824126984126984
332165,UBI_Only,4,200,TRUE,4,"1,2,3,4",0.240749904834412,0.298469387755102,0,,8,116,1601,5546,3283.75,1678.15680137465,0.0129259259259259
332166,UBI_Only,4,200,TRUE,4,"1,2,3,4",0.329110873058383,0.262755102040816,0,,7,95,1184,5238,2333.75,1941.11589470249,0.00855555555555556
332167,UBI_Only,4,200,TRUE,4,"1,2,3,4",0.34337822671156,0.262755102040816,0,,12,116,752,4824,2227.5,1783.95394185687,0.00828282828282828
332168,UBI_Only,4,200,TRUE,4,"1,2,3,4",0.232287308228731,0.25765306122449,0,,13,161,1226,3433,1792.5,1093.883144277,0.0079874213836478
332169,UBI_Only,4,200,TRUE,4,"1,2,3,4",0.327627535341119,0.255102040816327,0,,12,136,1005,4530,2033.75,1670.33596919901,0.0109
332170,UBI_Only,4,200,TRUE,4,"1,2,3,4",0.361808669656203,0.272959183673469,0,,10,110,1064,6852,3345,2598.30380569068,0.0115079365079365
332171,UBI_Only,4,200,TRUE,4,"1,2,3,4",0.256225425950197,0.255102040816327,0,,6,155,1170,3760,1907.5,1238.07983049021,0.00957894736842105
332172,UBI_Only,4,200,TRUE,3,"1,3,4",0.386102941176471,0.339285714285714,1,125,4,134,0,3431,1700,1403.41037001537,0.00972043010752688
332173,UBI_Only,4,200,TRUE,4,"1,2,3,4",0.144922279792746,0.275510204081633,0,,12,158,782,1575,1206.25,367.363013017551,0.00892966360856269
332174,UBI_Only,4,200,TRUE,2,"1,4",0.505208333333333,0.516528925619835,2,93,14,177,0,1715,840,970.369345489988,0.00746296296296296
332175,UBI_Only,4,200,TRUE,3,"1,2,4",0.438212334113973,0.344387755102041,1,126,4,158,0,3651,1601.25,1516.96964922396,0.00834782608695652
332176,UBI_Only,4,152,FALSE,1,1,0.75,1,3,62,10,131,0,1611,402.75,805.5,0.00818518518518519
332177,UBI_Only,4,200,TRUE,4,"1,2,3,4",0.144351464435146,0.262002743484225,0,,4,182,807,1537,1195,379.040894891303,0.0154057971014493
332178,UBI_Only,4,200,TRUE,4,"1,2,3,4",0.385865811544154,0.262755102040816,0,,6,122,980,6154,2533.75,2426.44326467088,0.0100292397660819
332179,UBI_Only,4,181,FALSE,1,2,0.702255908331344,1,3,94,16,164,0,3789,1047.25,1837.53374118681,0.0180080321285141
332180,UBI_Only,4,200,TRUE,4,"1,2,3,4",0.320400500625782,0.260204081632653,0,,4,125,937,4239,1997.5,1516.81035949346,0.0105723270440252
332181,UBI_Only,4,137,FALSE,1,1,0.75,1,3,75,14,98,0,2296,574,1148,0.00976388888888889
332182,UBI_Only,4,200,TRUE,4,"1,2,3,4",0.299191877331123,0.301020408163265,0,,2,95,984,5110,3016.25,1883.22248198843,0.0119119496855346
332183,UBI_Only,4,200,TRUE,4,"1,2,3,4",0.294383129680725,0.288265306122449,0,,8,117,1416,5923,3171.25,2012.63216957297,0.00853211009174312
332184,UBI_Only,4,200,TRUE,3,"1,2,3",0.285814455231931,0.336076817558299,1,103,2,187,0,1697,1158.75,784.55013649012,0.0153721682847896
332185,UBI_Only,4,200,TRUE,4,"1,2,3,4",0.2196875,0.262755102040816,0,,10,196,1020,2875,1600,857.375452568282,0.00895906432748538
332186,UBI_Only,4,200,TRUE,3,"1,2,3",0.430623011220901,0.336805555555556,1,147,6,147,0,3265,1492.75,1357.48330253697,0.00989438943894389
332187,UBI_Only,4,200,TRUE,4,"1,2,3,4",0.258076009501188,0.295918367346939,0,,8,150,1324,4572,2631.25,1449.64303077229,0.00895156695156695
332188,UBI_Only,4,200,TRUE,3,"2,3,4",0.410957866020006,0.357988165680473,1,148,2,143,0,3340,1649.5,1404.82727289396,0.00890909090909091
332189,UBI_Only,4,200,TRUE,4,"1,2,3,4",0.234929971988796,0.260204081632653,0,,9,145,1180,3845,2231.25,1146.64012808437,0.00906432748538012
332190,UBI_Only,4,200,TRUE,4,"1,2,3,4",0.20610543302851,0.311224489795918,0,,4,161,913,3192,2323.75,1038.00525849664,0.0113573573573574
332191,UBI_Only,4,200,TRUE,4,"1,2,3,4",0.220061383928571,0.260204081632653,0,,4,25,1621,6259,4480,2133.20744420227,0.011030303030303
332192,UBI_Only,4,200,TRUE,4,"1,2,3,4",0.29203821656051,0.267857142857143,0,,6,91,1113,4961,3140,2027.98586451352,0.00908868501529052
332193,UBI_Only,4,200,TRUE,4,"1,2,3,4",0.269869942196532,0.252551020408163,0,,4,163,1028,3372,1730,1114.5537223481,0.00987301587301587
332194,UBI_Only,4,200,TRUE,4,"1,2,3,4",0.260651769087523,0.298469387755102,0,,4,93,1632,5199,3356.25,1983.90143824401,0.0099
332195,UBI_Only,4,200,TRUE,4,"1,2,3,4",0.300530222693531,0.288265306122449,0,,14,134,1186,4859,2357.5,1689.63595684593,0.00930218068535826
332196,UBI_Only,4,200,TRUE,4,"1,2,3,4",0.387545313309166,0.25765306122449,0,,2,98,1097,6033,2413.75,2414.96685622529,0.0119290780141844
332197,UBI_Only,4,200,TRUE,4,"1,2,3,4",0.200754458161866,0.262755102040816,0,,6,160,1248,3118,1822.5,875.22549475359,0.0104983164983165
332198,UBI_Only,4,200,TRUE,4,"1,2,3,4",0.278247803975959,0.272959183673469,0,,10,113,1312,4946,2703.75,1629.97349160449,0.012048048048048
332199,UBI_Only,4,200,TRUE,4,"1,2,3,4",0.395809474232171,0.267857142857143,0,,6,152,953,5889,2401.25,2339.60172892738,0.0102816091954023
332200,UBI_Only,4,200,TRUE,4,"1,2,3,4",0.243736951983299,0.283163265306122,0,,6,162,900,3166,1796.25,968.332716580412,0.00915463917525773
332201,UBI_Only,4,200,TRUE,3,"2,3,4",0.391259982253771,0.349489795918367,1,128,8,125,0,2936,1408.75,1200.57635464527,0.0123933333333333
332202,UBI_Only,4,200,TRUE,2,"1,3",0.612458836443469,0.625,2,113,8,203,0,3302,1138.75,1558.44011220622,0.0169918699186992
332203,UBI_Only,4,200,TRUE,3,"1,3,4",0.361086226203808,0.399408284023669,2,129,16,165,0,2063,1116.25,854.500780182987,0.0131501831501832
332204,UBI_Only,4,200,TRUE,4,"1,2,3,4",0.29096256684492,0.272959183673469,0,,12,57,1442,5666,3506.25,2279.99332966861,0.0106258503401361
332205,UBI_Only,4,200,TRUE,3,"1,2,3",0.346321288637353,0.377229080932785,1,119,8,164,0,1914,1148.5,850.848400127778,0.00782078853046595
332206,UBI_Only,4,200,TRUE,4,"1,2,3,4",0.287098039215686,0.272959183673469,0,,10,126,1476,5569,3187.5,1967.83374975293,0.00732063492063492
332207,UBI_Only,4,200,TRUE,3,"1,3,4",0.338247551573244,0.375,1,101,9,198,0,2097,1199.75,877.612813261065,0.0145902777777778
332208,UBI_Only,4,200,TRUE,4,"1,2,3,4",0.209455427079448,0.260204081632653,0,,10,88,1102,4836,3351.25,1587.0579437017,0.015807560137457
332209,UBI_Only,4,200,TRUE,3,"1,3,4",0.500434550073539,0.346153846153846,1,113,14,130,0,4960,1869.75,2144.33834006359,0.0182624113475177
332210,UBI_Only,4,200,TRUE,4,"1,2,3,4",0.250734484024973,0.313775510204082,0,,11,94,1769,5503,3403.75,1843.52404830169,0.00945098039215686
332211,UBI_Only,4,200,TRUE,3,"2,3,4",0.268401889391852,0.336076817558299,1,144,13,157,0,1817,1270.25,851.313641771742,0.0102272727272727
332212,UBI_Only,4,200,TRUE,4,"1,2,3,4",0.192138133725202,0.295918367346939,0,,8,135,1888,4826,3402.5,1375.84652729389,0.00814239482200647
332213,UBI_Only,4,200,TRUE,4,"1,2,3,4",0.237132809267687,0.313775510204082,0,,6,145,1910,5478,3021.25,1679.65499929797,0.0102179487179487
332214,UBI_Only,4,200,TRUE,3,"1,3,4",0.457664637520753,0.35207100591716,1,125,5,136,0,4030,1807,1726.80707279843,0.0104879725085911
332215,UBI_Only,4,200,TRUE,4,"1,2,3,4",0.323033707865169,0.262755102040816,0,,10,103,1145,5239,2670,1881.71163217605,0.00991228070175439
332216,UBI_Only,4,200,TRUE,4,"1,2,3,4",0.238242233582383,0.275510204081633,0,,6,102,1458,5494,3178.75,1683.06454124612,0.00896358543417367
332217,UBI_Only,4,200,TRUE,4,"1,2,3,4",0.336192684183411,0.329081632653061,0,,2,116,1173,5236,2426.25,1919.04479277235,0.0104
332218,UBI_Only,4,200,TRUE,4,"1,2,3,4",0.332175438596491,0.293367346938775,0,,10,80,1065,6517,3562.5,2476.15582439124,0.0101077441077441
332219,UBI_Only,4,200,TRUE,3,"2,3,4",0.395848246241947,0.3376,1,148,12,149,0,2940,1397,1203.26057028393,0.0140709219858156
332220,UBI_Only,4,200,TRUE,4,"1,2,3,4",0.142558139534884,0.270233196159122,0,,8,175,1665,3254,2150,742.744011532013,0.00877777777777778
332221,UBI_Only,4,200,TRUE,4,"1,2,3,4",0.310304697418536,0.267857142857143,0,,10,99,1039,5525,2953.75,1934.0384992721,0.0104579124579125
332222,UBI_Only,4,200,TRUE,3,"1,2,4",0.437120041215868,0.34375,1,178,12,127,0,5123,2426.25,2196.6440122757,0.00749659863945578
332223,UBI_Only,4,200,TRUE,2,"1,3",0.509745174719314,0.663265306122449,2,123,10,167,0,4118,1981.75,2291.80225659487,0.0157101449275362
332224,UBI_Only,4,200,TRUE,4,"1,2,3,4",0.205617198335645,0.262002743484225,0,,4,132,1064,3700,2703.75,1207.67334849564,0.0101370716510903
332225,UBI_Only,4,200,TRUE,3,"1,2,4",0.474105579184388,0.349716446124764,2,186,8,137,0,4887,1998.5,2070.2644758581,0.00984511784511785
332226,UBI_Only,4,200,TRUE,4,"1,2,3,4",0.287437754640109,0.260204081632653,0,,10,128,1152,4733,2761.25,1678.90388349065,0.0108865979381443
332227,UBI_Only,4,200,TRUE,4,"1,2,3,4",0.310010706638116,0.25765306122449,0,,6,124,1109,4633,2335,1619.51865276898,0.0143680555555556
332228,UBI_Only,4,200,TRUE,4,"1,2,3,4",0.191952599929254,0.295918367346939,0,,14,90,1673,5122,3533.75,1431.79080757863,0.00865319865319865
332229,UBI_Only,4,200,TRUE,4,"1,2,3,4",0.259151193633952,0.262755102040816,0,,14,140,973,3549,1885,1138.31220087754,0.0116699669966997
332230,UBI_Only,4,200,TRUE,3,"1,2,4",0.372468117029257,0.346153846153846,1,138,8,136,0,3379,1999.5,1599.54587305272,0.00849221183800623
332231,UBI_Only,4,200,TRUE,4,"1,2,3,4",0.217304243873282,0.262002743484225,0,,8,58,1773,5885,4182.5,1948.27607557724,0.00927327327327327
332232,UBI_Only,4,200,TRUE,3,"1,2,4",0.373231003701285,0.366255144032922,1,102,8,164,0,1972,1148.25,911.488297602699,0.00983720930232558
332233,UBI_Only,4,200,TRUE,4,"1,2,3,4",0.277991218441273,0.303571428571429,0,,2,130,1365,4671,2277.5,1600.06781106302,0.00876729559748428
332234,UBI_Only,4,200,TRUE,4,"1,2,3,4",0.110939060939061,0.272959183673469,0,,6,179,951,1567,1251.25,294.127381701648,0.00965242165242165
332235,UBI_Only,4,200,TRUE,3,"1,2,4",0.365602836879433,0.352537722908093,1,90,6,166,0,2152,1233.75,949.500351061898,0.00995454545454546
332236,UBI_Only,4,200,TRUE,4,"1,2,3,4",0.315015210777923,0.298469387755102,0,,6,104,731,4800,2876.25,1910.453065811,0.0111965811965812
332237,UBI_Only,4,200,TRUE,2,"1,3",0.519492642213925,0.510204081632653,2,111,4,144,0,2454,1138.25,1322.30414428754,0.0115686274509804
332238,UBI_Only,4,200,TRUE,3,"1,2,4",0.506575632369243,0.512755102040816,1,150,6,160,0,6184,2480.75,2697.18660521168,0.00882105263157895
332239,UBI_Only,4,200,TRUE,4,"1,2,3,4",0.329699874947895,0.252551020408163,0,,7,138,1091,5264,2998.75,2181.72491009598,0.0173086419753086
332240,UBI_Only,4,200,TRUE,4,"1,2,3,4",0.317535174570089,0.262755102040816,0,,4,116,948,4446,2398.75,1623.46735415283,0.0108666666666667
332241,UBI_Only,4,200,TRUE,4,"1,2,3,4",0.284845463609172,0.267857142857143,0,,8,115,863,4103,2507.5,1495.53034071529,0.00883828382838284
332242,UBI_Only,4,200,TRUE,4,"1,2,3,4",0.241376846117199,0.275510204081633,0,,4,115,1277,4043,2623.75,1355.75892030995,0.0119166666666667
332243,UBI_Only,4,200,TRUE,4,"1,2,3,4",0.24854264894985,0.290816326530612,0,,6,109,1317,4459,2916.25,1559.47584677246,0.0173856209150327
332244,UBI_Only,4,200,TRUE,3,"1,2,4",0.36438822670883,0.334593572778828,1,166,10,137,188,4115,2055.5,1609.1543327682,0.0114158075601375
332245,UBI_Only,4,200,TRUE,3,"1,2,4",0.523469180859692,0.396449704142012,1,114,4,140,0,6654,2466,2906.46256928705,0.0100196078431373
332246,UBI_Only,4,200,TRUE,4,"1,2,3,4",0.318558951965066,0.270233196159122,0,,10,104,1238,5741,2862.5,2024.45885773623,0.00820560747663551
332247,UBI_Only,4,200,TRUE,2,"2,3",0.643717447916667,0.502958579881657,3,91,8,116,0,4838,1536,2285.80372444063,0.0186254295532646
332248,UBI_Only,4,200,TRUE,4,"1,2,3,4",0.21750516884907,0.262755102040816,0,,8,79,1234,5018,3627.5,1729.57885047199,0.00918457300275482
332249,UBI_Only,4,200,TRUE,2,"3,4",0.576000468055231,0.53360768175583,2,100,8,208,0,2786,1068.25,1342.67553166554,0.0157348484848485
332250,UBI_Only,4,200,TRUE,4,"1,2,3,4",0.210676691729323,0.260204081632653,0,,16,85,1308,4582,3325,1516.3152706479,0.0134680134680135
332251,UBI_Only,4,200,TRUE,4,"1,2,3,4",0.241989664082687,0.344387755102041,0,,10,142,1523,5094,2902.5,1546.30495051914,0.00853472222222222
332252,UBI_Only,4,200,TRUE,4,"1,2,3,4",0.188372093023256,0.26530612244898,0,,4,149,1009,2390,1720,706.423385796365,0.0108761904761905
332253,UBI_Only,4,200,TRUE,3,"1,2,4",0.474753120924166,0.377229080932785,1,70,2,127,175,6757,2683.5,2846.87600713484,0.0108812260536398
332254,UBI_Only,4,200,TRUE,3,"1,3,4",0.501155115511551,0.351473922902494,2,193,8,136,0,4816,1893.75,2075.75887729444,0.0104905660377358
332255,UBI_Only,4,200,TRUE,4,"1,2,3,4",0.352884137245152,0.303571428571429,0,,10,145,1113,5723,2513.75,2157.36001863389,0.00930952380952381
332256,UBI_Only,4,200,TRUE,4,"1,2,3,4",0.383606110201855,0.270233196159122,0,,10,104,1035,5607,2291.25,2217.60657391402,0.00868468468468469
332257,UBI_Only,4,200,TRUE,4,"1,2,3,4",0.255593402653281,0.336734693877551,0,,2,122,1533,5324,3486.25,1945.75681505509,0.0108242424242424
332258,UBI_Only,4,200,TRUE,3,"2,3,4",0.381057732827644,0.384615384615385,1,124,4,167,0,3405,1779.75,1416.93692520168,0.00974074074074074
332259,UBI_Only,4,200,TRUE,3,"1,2,3",0.344652047437906,0.336076817558299,2,103,8,208,0,1956,1117.25,823.297182067326,0.0103525641025641
332260,UBI_Only,4,200,TRUE,4,"1,2,3,4",0.266410439756882,0.344387755102041,0,,4,107,1757,5731,3496.25,2048.17306804544,0.0129005847953216
332261,UBI_Only,4,200,TRUE,4,"1,2,3,4",0.261593609176567,0.283163265306122,0,,2,94,1415,5101,3051.25,1676.45108786388,0.0112871287128713
332262,UBI_Only,4,200,TRUE,2,"1,3",0.533893111056632,0.5072,2,67,4,206,0,2316,1019.75,1198.95298072944,0.0132207792207792
332263,UBI_Only,4,200,TRUE,4,"1,2,3,4",0.214819587628866,0.288265306122449,0,,8,146,785,2678,1940,904.557718814375,0.01601246105919
332264,UBI_Only,4,200,TRUE,4,"1,2,3,4",0.331042911461162,0.272959183673469,0,,8,146,1167,5173,2301.25,1919.85630972737,0.00822018348623853
332265,UBI_Only,4,200,TRUE,4,"1,2,3,4",0.226866223207687,0.270408163265306,0,,4,79,1693,5227,3382.5,1599.28015056775,0.0116835016835017
332266,UBI_Only,4,200,TRUE,4,"1,2,3,4",0.172366863905326,0.272959183673469,0,,14,154,1406,3325,2112.5,836.59966531191,0.0133982300884956
332267,UBI_Only,4,200,TRUE,4,"1,2,3,4",0.376985743380855,0.25765306122449,0,,4,132,1198,6088,2455,2422.87350061864,0.0105
332268,UBI_Only,4,200,TRUE,4,"1,2,3,4",0.148949518529326,0.329081632653061,0,,4,77,2370,5705,4283.75,1393.37441127645,0.0098348623853211
332269,UBI_Only,4,200,TRUE,3,"1,2,4",0.482431434112106,0.34156378600823,1,110,10,95,0,6907,2707.25,2949.37104877181,0.00874242424242424
332270,UBI_Only,4,200,TRUE,3,"1,2,3",0.264871563767463,0.334319526627219,1,139,9,180,0,1565,1109.5,742.148457745035,0.00993258426966292
332271,UBI_Only,4,200,TRUE,2,"3,4",0.547977895001256,0.640138408304498,2,125,6,137,0,4745,1990.5,2381.57881806726,0.0107642276422764
332272,UBI_Only,4,200,TRUE,3,"1,2,3",0.301243567753002,0.354591836734694,1,83,6,147,0,1724,1166,807.486635596322,0.0093040293040293
332273,UBI_Only,4,200,TRUE,4,"1,2,3,4",0.368768882175227,0.255102040816327,0,,12,100,1069,6592,3310,2628.0034246553,0.0144398625429553
332274,UBI_Only,4,200,TRUE,3,"1,2,4",0.313504208110176,0.349716446124764,1,198,8,148,0,1512,980.25,687.217760247798,0.0101441441441441
332275,UBI_Only,4,200,TRUE,4,"1,2,3,4",0.348609779482263,0.260204081632653,0,,8,112,1209,5909,2607.5,2218.48123724317,0.00753650793650794
332276,UBI_Only,4,183,FALSE,1,3,0.75,1,3,99,8,215,0,1507,376.75,753.5,0.0104700854700855
332277,UBI_Only,4,200,TRUE,3,"1,2,4",0.38430583501006,0.336076817558299,1,154,18,177,0,2930,1491,1206.4543091224,0.00881188118811881
332278,UBI_Only,4,200,TRUE,3,"1,3,4",0.445233882561097,0.357142857142857,1,113,4,165,0,5361,2260.75,2241.66327756869,0.0103669724770642
332279,UBI_Only,4,200,TRUE,3,"2,3,4",0.463361849475507,0.426020408163265,1,96,8,150,0,5840,2454.75,2459.61722970601,0.00909090909090909
332280,UBI_Only,4,200,TRUE,4,"1,2,3,4",0.224489795918367,0.262755102040816,0,,10,71,1112,5430,3797.5,1885.61828940359,0.0148275862068966
332281,UBI_Only,4,200,TRUE,3,"1,2,3",0.406045751633987,0.385459533607682,1,135,10,95,0,5254,2601,2194.70651037141,0.0104280701754386
332282,UBI_Only,4,200,TRUE,4,"1,2,3,4",0.277214953271028,0.318877551020408,0,,6,121,1258,5180,3343.75,2037.18799247067,0.00837735849056604
332283,UBI_Only,4,200,TRUE,2,"1,2",0.652335456475584,0.63718820861678,2,150,15,171,0,2653,824.25,1256.39600312428,0.0156818181818182
332284,UBI_Only,4,200,TRUE,2,"3,4",0.518564650059312,0.502958579881657,2,80,6,175,0,2264,1053.75,1223.45695333619,0.0110648148148148
332285,UBI_Only,4,200,TRUE,4,"1,2,3,4",0.131275221953188,0.272959183673469,0,,12,173,1047,2041,1548.75,420.645832817427,0.00984313725490196
332286,UBI_Only,4,200,TRUE,3,"1,3,4",0.281680991405157,0.344387755102041,1,105,12,169,0,1830,1250.75,843.833860030121,0.012687074829932
332287,UBI_Only,4,200,TRUE,4,"1,2,3,4",0.266519374575119,0.252551020408163,0,,8,153,1127,3692,1838.75,1238.72148470375,0.00833333333333333
332288,UBI_Only,4,200,TRUE,4,"1,2,3,4",0.280855351545007,0.260204081632653,0,,10,106,1138,4448,2791.25,1721.62198231784,0.00813968253968254
332289,UBI_Only,4,200,TRUE,4,"1,2,3,4",0.366376582278481,0.25,0,,4,112,1060,6474,3160,2498.88348401174,0.0117050147492625
332290,UBI_Only,4,200,TRUE,4,"1,2,3,4",0.18199121522694,0.252551020408163,0,,5,132,1265,2913,1707.5,804.262187763833,0.00972413793103448
332291,UBI_Only,4,200,TRUE,4,"1,2,3,4",0.239197692711064,0.262755102040816,0,,4,146,1259,3679,2383.75,1250.68711115131,0.0119826086956522
332292,UBI_Only,4,200,TRUE,4,"1,2,3,4",0.244087730451367,0.262755102040816,0,,10,128,1070,3543,1966.25,1088.53797208304,0.00787458745874588
332293,UBI_Only,4,200,TRUE,4,"1,2,3,4",0.130793119923555,0.283163265306122,0,,6,159,1795,3377,2616.25,711.979107839549,0.0114174757281553
332294,UBI_Only,4,200,TRUE,4,"1,2,3,4",0.237304890738814,0.283163265306122,0,,4,102,1299,4257,2402.5,1287.06837425212,0.0126470588235294
332295,UBI_Only,4,200,TRUE,4,"1,2,3,4",0.370161290322581,0.278061224489796,0,,8,167,798,4942,2170,1882.7787974162,0.0085940594059406
332296,UBI_Only,4,200,TRUE,4,"1,2,3,4",0.280261299435028,0.308673469387755,0,,4,92,1258,5499,3540,2165.00731330558,0.00844444444444445
332297,UBI_Only,4,200,TRUE,4,"1,2,3,4",0.169170579029734,0.280612244897959,0,,8,147,1127,2474,1597.5,608.847271489329,0.00926923076923077
332298,UBI_Only,4,200,TRUE,3,"1,2,4",0.491788839640868,0.381656804733728,1,154,2,126,0,5412,2199.75,2327.06487160686,0.00933333333333333
332299,UBI_Only,4,200,TRUE,3,"2,3,4",0.418300653594771,0.410714285714286,1,60,6,93,0,5611,3136.5,2876.83535619727,0.0176996336996337
332300,UBI_Only,4,200,TRUE,3,"1,2,3",0.436121049493142,0.364795918367347,1,127,4,115,0,3642,1677,1529.28240252305,0.0106805555555556
332301,UBI_Only,4,200,TRUE,4,"1,2,3,4",0.11636553161918,0.272959183673469,0,,8,150,1453,2555,1798.75,508.801451124765,0.00896732026143791
332302,UBI_Only,4,200,TRUE,4,"1,2,3,4",0.302832590706556,0.252551020408163,0,,14,110,1098,4258,1963.75,1531.23313596156,0.011132183908046
332303,UBI_Only,4,200,TRUE,2,"2,4",0.62751134154245,0.706632653061224,2,70,5,205,0,3495,1157.25,1647.63170945451,0.00928735632183908
332304,UBI_Only,4,200,TRUE,4,"1,2,3,4",0.238630211153221,0.278061224489796,0,,3,133,1498,4384,2308.75,1387.53771720507,0.0102783171521036
332305,UBI_Only,4,200,TRUE,3,"1,2,3",0.438083177819248,0.369897959183673,1,131,0,114,0,6301,2813.25,2622.92322609717,0.0151139240506329
332306,UBI_Only,4,200,TRUE,4,"1,2,3,4",0.241968621591334,0.369897959183673,0,,6,144,1468,4982,3346.25,1745.8702462287,0.0113939393939394
332307,UBI_Only,4,200,TRUE,4,"1,2,3,4",0.0574776785714286,0.275720164609053,0,,10,167,921,1233,1120,141.992957571846,0.00790291262135922
332308,UBI_Only,4,200,TRUE,4,"1,2,3,4",0.262682641729983,0.283163265306122,0,,6,120,1206,4115,2138.75,1335.95842624936,0.00896755162241888
332309,UBI_Only,4,200,TRUE,4,"1,2,3,4",0.274387328153018,0.25765306122449,0,,10,119,1130,3900,2091.25,1282.44905681798,0.00890034364261168
332310,UBI_Only,4,200,TRUE,4,"1,2,3,4",0.296772767462423,0.283163265306122,0,,4,96,1222,4926,2827.5,1805.56131623013,0.00884789644012945
332311,UBI_Only,4,200,TRUE,4,"1,2,3,4",0.216023738872404,0.25765306122449,0,,10,123,1455,4185,2527.5,1185.71117899765,0.0256848484848485
332312,UBI_Only,4,200,TRUE,4,"1,2,3,4",0.257275021026072,0.303571428571429,0,,6,121,1326,4895,2972.5,1593.10775948563,0.00865027322404372
332313,UBI_Only,4,200,TRUE,2,"1,4",0.588083832335329,0.625,2,106,7,107,0,5646,2087.5,2693.09654487172,0.00850602409638554
332314,UBI_Only,4,200,TRUE,4,"1,2,3,4",0.25979020979021,0.272959183673469,0,,6,147,1544,5063,2860,1619.07689749437,0.0105
332315,UBI_Only,4,200,TRUE,3,"1,2,4",0.34069481451117,0.395408163265306,1,122,10,136,0,2189,1219.75,905.901530704819,0.00949473684210526
332316,UBI_Only,4,200,TRUE,3,"1,2,4",0.339773449078975,0.369897959183673,1,118,8,189,0,1878,1180.75,876.608378924135,0.0100701754385965
332317,UBI_Only,4,200,TRUE,4,"1,2,3,4",0.245565410199557,0.267857142857143,0,,6,66,1724,6582,3946.25,2033.42443101942,0.0100840840840841
332318,UBI_Only,4,200,TRUE,2,"1,2",0.501371571072319,0.5,2,102,11,154,0,2016,1002.5,1157.62213178567,0.0132713178294574
332319,UBI_Only,4,200,TRUE,4,"1,2,3,4",0.23241965973535,0.262755102040816,0,,10,98,1509,5307,3306.25,1597.88555597702,0.00821818181818182
332320,UBI_Only,4,200,TRUE,3,"1,2,4",0.430655324511657,0.377551020408163,1,126,9,138,0,4147,1983.75,1768.71108908908,0.00954166666666667
332321,UBI_Only,4,200,TRUE,3,"1,3,4",0.498219895287958,0.363905325443787,1,109,8,115,0,6093,2387.5,2619.34807410801,0.010224358974359
332322,UBI_Only,4,200,TRUE,4,"1,2,3,4",0.0788296860133206,0.272959183673469,0,,14,157,945,1477,1313.75,248.731950768962,0.00994871794871795
332323,UBI_Only,4,200,TRUE,4,"1,2,3,4",0.207185628742515,0.267857142857143,0,,12,146,1371,3632,2087.5,1040.99775856307,0.0096078431372549
332324,UBI_Only,4,200,TRUE,3,"1,3,4",0.44908783437532,0.428571428571429,1,57,2,137,0,5536,2439.25,2322.22843765782,0.00927969348659004
332325,UBI_Only,4,200,TRUE,3,"1,2,4",0.414318067438349,0.344387755102041,1,102,12,154,0,4329,1987,1780.75433454477,0.00895833333333333
332326,UBI_Only,4,200,TRUE,3,"2,3,4",0.414666789736016,0.336076817558299,1,132,10,168,0,2847,1354.25,1179.04689615525,0.00811221122112211
332327,UBI_Only,4,200,TRUE,4,"1,2,3,4",0.289238721804511,0.25765306122449,0,,10,94,1482,5390,2660,1845.41178783129,0.00853721682847896
332328,UBI_Only,4,200,TRUE,4,"1,2,3,4",0.201277013752456,0.283163265306122,0,,10,81,1684,4544,3181.25,1353.26798898075,0.00947572815533981
332329,UBI_Only,4,200,TRUE,3,"2,3,4",0.384477611940299,0.334710743801653,1,196,8,121,0,3300,1675,1357.58461983038,0.00711551155115512
332330,UBI_Only,4,200,TRUE,4,"1,2,3,4",0.321639108554996,0.288265306122449,0,,6,115,1659,6977,3477.5,2506.79110949969,0.0102822822822823
332331,UBI_Only,4,200,TRUE,4,"1,2,3,4",0.191332529394031,0.311224489795918,0,,3,91,2174,6082,4146.25,1643.88206693789,0.0102741935483871
332332,UBI_Only,4,200,TRUE,4,"1,2,3,4",0.151244343891403,0.267857142857143,0,,2,123,1667,4311,3315,1143.75434425404,0.00898639455782313
332333,UBI_Only,4,200,TRUE,3,"2,3,4",0.450334064098549,0.34156378600823,1,152,10,116,0,5573,2394.75,2329.99890915568,0.0102179487179487
332334,UBI_Only,4,200,TRUE,4,"1,2,3,4",0.30347613679068,0.262755102040816,0,,8,89,1238,5518,3326.25,2209.92252880804,0.00854320987654321
332335,UBI_Only,4,200,TRUE,4,"1,2,3,4",0.35155544405419,0.318877551020408,0,,12,151,990,5392,2491.25,1997.75096462664,0.0137037037037037
332336,UBI_Only,4,169,FALSE,1,3,0.75,1,3,99,10,131,0,4427,1106.75,2213.5,0.0146779661016949
332337,UBI_Only,4,200,TRUE,4,"1,2,3,4",0.28522815158546,0.252551020408163,0,,8,100,1348,6054,3232.5,2012.64047128807,0.00982098765432099
332338,UBI_Only,4,169,FALSE,1,3,0.75,1,4,73,10,147,0,4306,1076.5,2153,0.013989247311828
332339,UBI_Only,4,200,TRUE,4,"1,2,3,4",0.0540923399790136,0.267857142857143,0,,12,169,1051,1329,1191.25,139.107572283707,0.00980503144654088
332340,UBI_Only,4,200,TRUE,4,"1,2,3,4",0.0351648351648353,0.267857142857143,0,,10,172,1251,1501,1365,103.111590037202,0.0107407407407407
332341,UBI_Only,4,200,TRUE,3,"1,3,4",0.302852962692026,0.369897959183673,1,141,18,176,0,2178,1367,946.049329228309,0.0113656957928803
332342,UBI_Only,4,200,TRUE,3,"1,2,4",0.387075417386298,0.363905325443787,1,94,4,122,0,4378,2171.25,1791.99021109678,0.0137215189873418
332343,UBI_Only,4,200,TRUE,4,"1,2,3,4",0.129102167182662,0.283163265306122,0,,10,180,1222,2305,1615,475.548104822215,0.0131843971631206
332344,UBI_Only,4,200,TRUE,3,"1,3,4",0.463438414039649,0.336076817558299,1,97,2,58,0,6912,3077,2979.12940303036,0.00874725274725275
332345,UBI_Only,4,157,FALSE,1,1,0.75,1,3,81,12,143,0,4024,1006,2012,0.0157849462365591
332346,UBI_Only,4,200,TRUE,4,"1,2,3,4",0.132358235823582,0.262002743484225,0,,6,156,1017,1845,1388.75,389.168665233983,0.010125786163522
332347,UBI_Only,4,200,TRUE,4,"1,2,3,4",0.250745156482861,0.275510204081633,0,,15,179,784,2987,1677.5,932.198297931651,0.0121153846153846
332348,UBI_Only,4,200,TRUE,4,"1,2,3,4",0.245742711707543,0.278061224489796,0,,10,137,1261,4272,2701.25,1391.75701303544,0.00932121212121212
332349,UBI_Only,4,200,TRUE,4,"1,2,3,4",0.293768882175227,0.298469387755102,0,,4,118,1513,5818,3310,2102.75676196749,0.0127272727272727
332350,UBI_Only,4,200,TRUE,4,"1,2,3,4",0.348353690918747,0.262755102040816,0,,6,113,1135,5460,2353.75,2075.71969446744,0.0075576323987539
332351,UBI_Only,4,200,TRUE,4,"1,2,3,4",0.0383972468043265,0.272959183673469,0,,10,167,1173,1429,1271.25,110.140440650411,0.00917857142857143
332352,UBI_Only,4,200,TRUE,4,"1,2,3,4",0.311862705740666,0.25765306122449,0,,6,97,1317,5531,3113.75,2117.73705874927,0.00973441734417344
332353,UBI_Only,4,200,TRUE,4,"1,2,3,4",0.25171858216971,0.331632653061225,0,,10,89,1688,5596,3491.25,1867.07603398112,0.01403003003003
332354,UBI_Only,4,200,TRUE,3,"1,3,4",0.490329338400078,0.428571428571429,1,121,4,145,0,6347,2565.75,2720.99961717503,0.0082969696969697
332355,UBI_Only,4,200,TRUE,4,"1,2,3,4",0.360718294051627,0.288265306122449,0,,8,150,904,5094,2227.5,1932.16605566568,0.00806315789473684
332356,UBI_Only,4,200,TRUE,4,"1,2,3,4",0.296449275362319,0.280612244897959,0,,6,92,1369,5626,3450,2274.85340187011,0.00867251461988304
332357,UBI_Only,4,200,TRUE,4,"1,2,3,4",0.365817694369973,0.262755102040816,0,,10,112,1093,5543,2331.25,2147.82562529333,0.00978231292517007
332358,UBI_Only,4,200,TRUE,4,"1,2,3,4",0.308067997841338,0.278061224489796,0,,10,148,1306,5004,2316.25,1798.49684922345,0.0103703703703704
332359,UBI_Only,4,200,TRUE,4,"1,2,3,4",0.304908485856905,0.323979591836735,0,,4,139,1035,4570,2253.75,1584.15789932696,0.00942056074766355
332360,UBI_Only,4,200,TRUE,4,"1,2,3,4",0.227329192546584,0.288265306122449,0,,9,90,1932,5390,3622.5,1817.54532268112,0.00980503144654088
332361,UBI_Only,4,200,TRUE,4,"1,2,3,4",0.252433724467623,0.267857142857143,0,,4,109,1436,4572,2876.25,1572.93449217272,0.0102307692307692
332362,UBI_Only,4,200,TRUE,4,"1,2,3,4",0.222591006423983,0.267857142857143,0,,14,130,783,2739,1751.25,812.696899218891,0.0107719298245614
332363,UBI_Only,4,200,TRUE,4,"1,2,3,4",0.311645358532518,0.283163265306122,0,,10,146,1152,4855,2248.75,1745.4801392931,0.00873188405797101
332364,UBI_Only,4,200,TRUE,4,"1,2,3,4",0.334940209267564,0.272959183673469,0,,3,126,1238,6544,3345,2400.36899941099,0.0103003003003003
332365,UBI_Only,4,200,TRUE,4,"1,2,3,4",0.326334340382679,0.295918367346939,0,,8,167,1294,5544,2482.5,2046.28533363915,0.00841666666666667
332366,UBI_Only,4,200,TRUE,4,"1,2,3,4",0.324207650273224,0.308673469387755,0,,4,123,1012,4755,2287.5,1695.9533208985,0.0114920634920635
332367,UBI_Only,4,200,TRUE,3,"2,3,4",0.416971293409311,0.349716446124764,1,184,6,94,0,4717,2325.25,2004.74343745029,0.0102305295950156
332368,UBI_Only,4,200,TRUE,4,"1,2,3,4",0.346960486322188,0.280612244897959,0,,10,115,1140,5599,2467.5,2101.37074311032,0.00962079510703364
332369,UBI_Only,4,200,TRUE,3,"2,3,4",0.365443817342227,0.405895691609977,1,196,12,199,0,1682,974.5,752.41898788729,0.00804666666666667
332370,UBI_Only,4,200,TRUE,4,"1,2,3,4",0.19480111653873,0.270408163265306,0,,14,169,1103,2910,1791.25,781.254706652489,0.0128473520249221
332371,UBI_Only,4,200,TRUE,3,"1,2,4",0.368352493590274,0.696428571428571,1,186,8,133,0,5565,3022.75,2334.00176735152,0.0159652173913043
332372,UBI_Only,4,200,TRUE,4,"1,2,3,4",0.191071428571429,0.283163265306122,0,,12,136,1072,2890,1820,766.441126245193,0.011368115942029
332373,UBI_Only,4,200,TRUE,4,"1,2,3,4",0.278652367462566,0.255102040816327,0,,10,92,1307,4978,3088.75,1875.5406998161,0.00845871559633028
332374,UBI_Only,4,200,TRUE,3,"1,3,4",0.393064844431521,0.364795918367347,1,149,4,123,0,3344,1719.5,1403.08647868429,0.00798692810457516
332375,UBI_Only,4,200,TRUE,4,"1,2,3,4",0.258898305084746,0.252551020408163,0,,4,134,1242,3918,2065,1262.23690327925,0.00910062893081761
332376,UBI_Only,4,200,TRUE,4,"1,2,3,4",0.287854564208355,0.295918367346939,0,,12,149,1298,5014,2423.75,1736.77869920148,0.00902836879432624
332377,UBI_Only,4,200,TRUE,3,"2,3,4",0.324695534506089,0.357277882797732,2,152,7,168,0,1450,923.75,660.821899859057,0.00973883161512028
332378,UBI_Only,4,200,TRUE,3,"1,2,4",0.411721432074546,0.377229080932785,1,142,16,147,0,4322,2039,1780.25803373181,0.0119869281045752
332379,UBI_Only,4,200,TRUE,4,"1,2,3,4",0.15462158808933,0.329081632653061,0,,12,62,2320,5374,4030,1306.88510078992,0.0106266666666667
332380,UBI_Only,4,200,TRUE,4,"1,2,3,4",0.320980977247296,0.295918367346939,0,,6,94,1061,5802,3351.25,2289.71415610479,0.00932098765432099
332381,UBI_Only,4,200,TRUE,4,"1,2,3,4",0.331986265187533,0.267857142857143,0,,24,145,1307,5493,2366.25,2084.53949750698,0.00935168195718654
332382,UBI_Only,4,200,TRUE,4,"1,2,3,4",0.299543539325843,0.267857142857143,0,,4,72,1344,5758,3560,2383.15071561438,0.00903472222222222
332383,UBI_Only,4,200,TRUE,4,"1,2,3,4",0.25,0.298469387755102,0,,2,89,1665,5346,3331.25,1779.52191613366,0.00924398625429553
332384,UBI_Only,4,200,TRUE,4,"1,2,3,4",0.332247485789243,0.25765306122449,0,,2,89,1135,5622,2858.75,2053.77641999643,0.00884955752212389
332385,UBI_Only,4,200,TRUE,3,"1,2,4",0.378444802578566,0.349489795918367,1,74,10,198,0,3075,1551.25,1257.33590712002,0.0107640449438202
332386,UBI_Only,4,200,TRUE,4,"1,2,3,4",0.150358680057389,0.260204081632653,0,,10,193,1287,2638,1742.5,609.880042849958,0.00863276836158192
332387,UBI_Only,4,200,TRUE,4,"1,2,3,4",0.305850091407678,0.25765306122449,0,,4,123,1090,4778,2735,1793.53245486851,0.0144158415841584
332388,UBI_Only,4,200,TRUE,4,"1,2,3,4",0.310946196660482,0.298469387755102,0,,6,117,1086,5505,2695,1933.69956301386,0.0096463768115942
332389,UBI_Only,4,200,TRUE,4,"1,2,3,4",0.310047846889952,0.275510204081633,0,,6,112,1085,5099,2612.5,1769.85319541857,0.0097989417989418
332390,UBI_Only,4,200,TRUE,4,"1,2,3,4",0.469763033175356,0.267857142857143,0,,8,162,594,6976,2637.5,2936.08747599023,0.014156462585034
332391,UBI_Only,4,200,TRUE,3,"1,2,3",0.350656918838737,0.357142857142857,1,91,18,179,0,1978,1179.75,882.495845127141,0.0101543859649123
332392,UBI_Only,4,200,TRUE,3,"2,3,4",0.466583992492291,0.46,1,200,10,104,0,4398,1864.75,1860.318857078,0.00937373737373737
332393,UBI_Only,4,200,TRUE,4,"1,2,3,4",0.211383478844862,0.264746227709191,0,,18,157,1257,3254,1861.25,941.973946915023,0.00911320754716981
332394,UBI_Only,4,200,TRUE,2,"1,2",0.5573352954494,0.555555555555556,2,123,6,199,0,2715,1104.25,1340.46717602484,0.0219784946236559
332395,UBI_Only,4,200,TRUE,4,"1,2,3,4",0.201427003293085,0.26530612244898,0,,8,133,1431,3528,2277.5,985.244639670777,0.00922977346278317
332396,UBI_Only,4,200,TRUE,4,"1,2,3,4",0.057063572149344,0.260204081632653,0,,16,198,1074,1407,1238.75,146.251780615941,0.00896024464831804
332397,UBI_Only,4,200,TRUE,4,"1,2,3,4",0.367523364485981,0.283163265306122,0,,6,114,721,4641,2140,1750.56295707029,0.00983636363636364
332398,UBI_Only,4,200,TRUE,4,"1,2,3,4",0.358161102278749,0.301020408163265,0,,12,147,1013,5351,2358.75,2020.4445674158,0.0095448717948718
332399,UBI_Only,4,200,TRUE,2,"3,4",0.504147465437788,0.500685871056241,2,88,4,155,0,2206,1085,1253.19485050543,0.0117802197802198
332400,UBI_Only,4,200,TRUE,4,"1,2,3,4",0.311533852606351,0.288265306122449,0,,2,117,843,4267,2086.25,1499.87318908411,0.0117029702970297
332401,UBI_Only,4,200,TRUE,3,"1,2,4",0.318819031435854,0.357142857142857,1,78,14,148,0,1856,1177,829.742932077962,0.00944802867383513
332402,UBI_Only,4,200,TRUE,4,"1,2,3,4",0.311820480404551,0.260204081632653,0,,2,113,1212,5729,2966.25,1999.78905137517,0.00936054421768707
332403,UBI_Only,4,200,TRUE,4,"1,2,3,4",0.347767026423521,0.252551020408163,0,,6,116,1302,7033,3358.75,2592.13520416406,0.011981308411215
332404,UBI_Only,4,200,TRUE,4,"1,2,3,4",0.330549682875264,0.272959183673469,0,,4,138,900,3862,1773.75,1412.35556783694,0.0142517006802721
332405,UBI_Only,4,200,TRUE,4,"1,2,3,4",0.225953984287318,0.301020408163265,0,,14,66,1519,6763,4455,2176.70163320562,0.0102857142857143
332406,UBI_Only,4,200,TRUE,4,"1,2,3,4",0.175121677274429,0.280612244897959,0,,10,112,1557,4315,3338.75,1295.68421435678,0.014562091503268
332407,UBI_Only,4,200,TRUE,4,"1,2,3,4",0.260280373831776,0.301020408163265,0,,14,136,1669,5262,2808.75,1693.26792032448,0.00917361111111111
332408,UBI_Only,4,200,TRUE,3,"2,3,4",0.355377276669558,0.385204081632653,1,156,2,131,0,2919,1729.5,1307.90481305025,0.014039603960396
332409,UBI_Only,4,200,TRUE,4,"1,2,3,4",0.0945980985306829,0.267857142857143,0,,16,180,998,1719,1446.25,311.47966760823,0.00837908496732026
332410,UBI_Only,4,200,TRUE,3,"1,2,4",0.4273724860442,0.357638888888889,1,170,8,87,0,6421,3269.25,2910.24963133176,0.0102638888888889
332411,UBI_Only,4,200,TRUE,3,"1,3,4",0.479083929044215,0.337278106508876,1,149,12,150,0,4711,1888.5,2002.32706286128,0.00871910112359551
332412,UBI_Only,4,200,TRUE,3,"1,2,3",0.468257339752667,0.39030612244898,1,71,8,129,0,6599,2648.25,2797.0743495064,0.00864561403508772
332413,UBI_Only,4,200,TRUE,3,"1,2,4",0.30356738391846,0.352537722908093,1,122,20,176,0,1736,1103.75,761.766532475666,0.0078989898989899
332414,UBI_Only,4,200,TRUE,4,"1,2,3,4",0.199671567094151,0.255102040816327,0,,6,87,1403,5529,3996.25,1799.28307481989,0.0085360824742268
332415,UBI_Only,4,200,TRUE,4,"1,2,3,4",0.361154177433247,0.262755102040816,0,,13,134,1294,6683,2902.5,2544.35695870948,0.0162105263157895
332416,UBI_Only,4,200,TRUE,3,"1,2,3",0.480528200537153,0.3664,2,159,6,131,0,5271,2234,2270.49289802897,0.0135833333333333
332417,UBI_Only,4,200,TRUE,4,"1,2,3,4",0.237201735357918,0.278061224489796,0,,11,169,877,3007,1728.75,906.453299036047,0.0110358126721763
332418,UBI_Only,4,200,TRUE,3,"1,2,3",0.341313559322034,0.375,1,171,16,191,0,2058,1180,865.127350933568,0.00921452145214522
332419,UBI_Only,4,200,TRUE,4,"1,2,3,4",0.336286341195831,0.288265306122449,0,,16,113,1045,5121,2278.75,1905.66740277521,0.00874213836477987
332420,UBI_Only,4,200,TRUE,4,"1,2,3,4",0.139929742388759,0.25765306122449,0,,8,173,1243,2394,1601.25,535.382340015059,0.00971698113207547
332421,UBI_Only,4,200,TRUE,3,"1,2,3",0.363224893917963,0.347222222222222,1,147,0,52,400,6017,3535,2770.13104383168,0.0101048689138577
332422,UBI_Only,4,200,TRUE,4,"1,2,3,4",0.340690978886756,0.25765306122449,0,,6,115,953,5304,2605,1933.87469432053,0.00952861952861953
332423,UBI_Only,4,200,TRUE,3,"1,3,4",0.431161891768986,0.432098765432099,1,141,9,119,0,4998,2199,2070.86857783556,0.00853900709219858
332424,UBI_Only,4,200,TRUE,4,"1,2,3,4",0.363376344086022,0.272959183673469,0,,0,80,1048,6308,2906.25,2369.25000439661,0.00941830065359477
332425,UBI_Only,4,200,TRUE,4,"1,2,3,4",0.209541062801932,0.25765306122449,0,,10,142,1337,3554,2070,1010.4959178542,0.011640522875817
332426,UBI_Only,4,200,TRUE,4,"1,2,3,4",0.200708426547353,0.262755102040816,0,,12,142,1095,2729,1676.25,746.764297932532,0.00988778877887789
332427,UBI_Only,4,200,TRUE,3,"1,2,3",0.433742287272205,0.336076817558299,1,111,6,143,0,3886,1742.25,1613.01423324987,0.0142921348314607
332428,UBI_Only,4,200,TRUE,4,"1,2,3,4",0.277603974972396,0.336734693877551,0,,6,127,1502,5699,3396.25,2007.01226951905,0.0091875
332429,UBI_Only,4,200,TRUE,3,"1,3,4",0.294074793589121,0.357638888888889,1,165,18,182,0,1517,1029.5,704.114810713897,0.0115032679738562
332430,UBI_Only,4,200,TRUE,3,"1,2,4",0.28516295025729,0.336734693877551,1,90,15,169,0,1736,1166,789.163269968051,0.00860317460317461
332431,UBI_Only,4,200,TRUE,4,"1,2,3,4",0.427798334875116,0.262755102040816,0,,4,168,1005,7111,2702.5,2944.33574851782,0.0138969696969697
332432,UBI_Only,4,200,TRUE,2,"2,3",0.512599469496021,0.537190082644628,2,68,7,178,0,1782,848.25,981.95939325412,0.0126444444444444
332433,UBI_Only,4,200,TRUE,3,"1,2,4",0.438034717916925,0.316568047337278,1,170,4,136,204,4764,2016.25,1947.10560833253,0.00988349514563107
332434,UBI_Only,4,163,FALSE,1,3,0.75,1,4,93,8,91,0,5067,1266.75,2533.5,0.00930516431924883
332435,UBI_Only,4,200,TRUE,4,"1,2,3,4",0.28129513721714,0.267857142857143,0,,10,101,1425,5141,2596.25,1725.78627008097,0.0114563106796117
332436,UBI_Only,4,200,TRUE,2,"1,4",0.553193196405648,0.706632653061224,2,90,4,199,0,3779,1558,1878.70469561699,0.01
332437,UBI_Only,4,200,TRUE,3,"2,3,4",0.347506866680752,0.375,1,140,14,162,0,2013,1183.25,874.994619031073,0.0098705501618123
332438,UBI_Only,4,200,TRUE,4,"1,2,3,4",0.224986164914222,0.25765306122449,0,,10,132,1399,3909,2258.75,1148.26546727372,0.00951401869158878
332439,UBI_Only,4,200,TRUE,4,"1,2,3,4",0.302729992520568,0.267857142857143,0,,8,93,1296,5569,3342.5,2224.3714467987,0.00866666666666667
332440,UBI_Only,4,200,TRUE,4,"1,2,3,4",0.426416464891041,0.25765306122449,0,,3,121,894,6675,2581.25,2740.87180473659,0.0124919093851133
332441,UBI_Only,4,200,TRUE,4,"1,2,3,4",0.186455893832943,0.25765306122449,0,,12,160,967,2546,1601.25,669.285875641593,0.00813461538461539
332442,UBI_Only,4,200,TRUE,4,"1,2,3,4",0.373367875647668,0.267857142857143,0,,8,140,1081,5710,2412.5,2214.85808424227,0.00822222222222222
332443,UBI_Only,4,200,TRUE,4,"1,2,3,4",0.364322781525688,0.308673469387755,0,,8,141,1013,5521,2408.75,2100.87670191915,0.00791591591591592
332444,UBI_Only,4,200,TRUE,4,"1,2,3,4",0.265635029802843,0.280612244897959,0,,10,105,1305,4720,2726.25,1533.98726092059,0.00883516483516484
332445,UBI_Only,4,200,TRUE,4,"1,2,3,4",0.200930965339444,0.26530612244898,0,,8,55,1491,5985,4363.75,1984.42894808557,0.00919877675840979
332446,UBI_Only,4,191,FALSE,1,1,0.75,1,3,90,12,138,0,4330,1082.5,2165,0.0121890547263682
332447,UBI_Only,4,200,TRUE,3,"1,3,4",0.450051163980558,0.336076817558299,1,101,4,165,0,4668,1954.5,1955.64507686509,0.0126446886446886
332448,UBI_Only,4,200,TRUE,4,"1,2,3,4",0.30703125,0.321428571428571,0,,7,132,1215,5009,2400,1761.46018972896,0.00917261904761905
332449,UBI_Only,4,200,TRUE,4,"1,2,3,4",0.297380497131931,0.260204081632653,0,,4,106,1271,5373,3268.75,2136.66786921443,0.00870175438596491
332450,UBI_Only,4,200,TRUE,4,"1,2,3,4",0.249866041527127,0.252551020408163,0,,10,137,1068,3536,1866.25,1126.44703233959,0.0102678571428571
332451,UBI_Only,4,200,TRUE,3,"1,3,4",0.475100070638097,0.334183673469388,1,77,10,143,0,5353,2123.5,2276.98521441547,0.00978632478632479
332452,UBI_Only,4,200,TRUE,4,"1,2,3,4",0.301133004926108,0.336734693877551,0,,12,139,1330,5402,2537.5,1918.01034060473,0.00856547619047619
332453,UBI_Only,4,200,TRUE,3,"1,2,4",0.443263607737292,0.430555555555556,1,174,10,154,0,5175,2223,2156.44723252545,0.00756296296296296
332454,UBI_Only,4,200,TRUE,4,"1,2,3,4",0.31780989710926,0.278463648834019,0,,6,120,1325,5549,2551.25,2008.69781616516,0.00905263157894737
332455,UBI_Only,4,200,TRUE,4,"1,2,3,4",0.363302984319676,0.323979591836735,0,,6,153,886,5494,2471.25,2067.97636591911,0.00908045977011494
332456,UBI_Only,4,200,TRUE,3,"1,2,3",0.360137275607181,0.377229080932785,1,151,10,155,0,2190,1183.75,905.732990455797,0.0107133333333333
332457,UBI_Only,4,200,TRUE,4,"1,2,3,4",0.22782401902497,0.262755102040816,0,,6,144,987,3381,2102.5,1001.3905332087,0.0111358024691358
332458,UBI_Only,4,200,TRUE,4,"1,2,3,4",0.18457337883959,0.267857142857143,0,,3,120,1730,5047,3662.5,1434.76606687873,0.00897385620915033
332459,UBI_Only,4,200,TRUE,4,"1,2,3,4",0.207667386609071,0.278061224489796,0,,6,159,1098,2858,1736.25,796.268955818322,0.00820648967551622
332460,UBI_Only,4,200,TRUE,4,"1,2,3,4",0.139562890276539,0.288265306122449,0,,10,161,847,1784,1401.25,415.916157416372,0.00738738738738739
332461,UBI_Only,4,200,TRUE,3,"1,2,4",0.498922181504635,0.339285714285714,1,82,8,148,0,6068,2319.5,2614.1298743559,0.0129242424242424
332462,UBI_Only,4,200,TRUE,3,"1,3,4",0.41129887342611,0.446428571428571,1,121,8,169,0,3489,1886.25,1639.14517864241,0.0100987654320988
332463,UBI_Only,4,200,TRUE,3,"1,2,3",0.356458913649025,0.346938775510204,1,87,6,136,0,2563,1436,1080.96654280633,0.00945925925925926
332464,UBI_Only,4,200,TRUE,3,"1,3,4",0.458518350702311,0.40625,1,189,8,100,0,6204,2758.75,2648.24814736082,0.00877258566978193
332465,UBI_Only,4,200,TRUE,3,"1,2,3",0.366178710441699,0.3536,1,103,0,161,0,2751,1477.25,1141.08351286544,0.0121287878787879
332466,UBI_Only,4,200,TRUE,3,"2,3,4",0.320129045906495,0.346938775510204,1,44,10,156,0,1946,1181.75,834.840653458291,0.00925448028673835
332467,UBI_Only,4,200,TRUE,3,"1,2,4",0.343928980526919,0.340236686390533,1,118,6,195,0,1986,1091.25,818.904705485728,0.0105208333333333
332468,UBI_Only,4,200,TRUE,2,"1,3",0.509687836383208,0.508506616257089,3,63,10,190,0,1930,929,1074.3264556611,0.0121574074074074
332469,UBI_Only,4,200,TRUE,2,"2,3",0.524532440544909,0.5,2,131,8,136,0,2378,1082.75,1262.23383332883,0.00948148148148148
332470,UBI_Only,4,200,TRUE,3,"1,2,3",0.339604591836735,0.377551020408163,1,115,8,187,0,2045,1176,859.801139799198,0.0100183486238532
332471,UBI_Only,4,200,TRUE,4,"1,2,3,4",0.300283486888731,0.288265306122449,0,,10,110,1463,5864,3527.5,2364.38131442456,0.00815151515151515
332472,UBI_Only,4,200,TRUE,2,"2,3",0.575190010857763,0.563775510204082,3,115,2,199,0,2995,1151.25,1444.601300244,0.0229638554216867
332473,UBI_Only,4,200,TRUE,4,"1,2,3,4",0.309196787148594,0.26530612244898,0,,7,106,1494,6058,3112.5,2131.60307437071,0.00995679012345679
332474,UBI_Only,4,200,TRUE,3,"1,2,4",0.295371219065078,0.337278106508876,1,94,4,169,0,1697,1091,747.716969625985,0.00776131687242798
332475,UBI_Only,4,200,TRUE,4,"1,2,3,4",0.136345776031434,0.275510204081633,0,,30,165,935,1698,1272.5,373.011617334724,0.0112625368731563
332476,UBI_Only,4,200,TRUE,4,"1,2,3,4",0.316403881140085,0.252551020408163,0,,10,157,1089,4426,2061.25,1591.30227067854,0.00843771043771044
332477,UBI_Only,4,200,TRUE,4,"1,2,3,4",0.290080482897384,0.303571428571429,0,,15,116,1286,5482,3106.25,1895.99654975073,0.00997150997150997
332478,UBI_Only,4,200,TRUE,4,"1,2,3,4",0.171377840909091,0.262755102040816,0,,8,173,1174,2665,1760,652.075149043421,0.00978181818181818
332479,UBI_Only,4,200,TRUE,4,"1,2,3,4",0.2563822027717,0.283163265306122,0,,4,109,1635,5176,3427.5,2014.75895994202,0.00834027777777778
332480,UBI_Only,4,200,TRUE,4,"1,2,3,4",0.198756218905473,0.260204081632653,0,,8,143,893,2391,1507.5,642.744894962224,0.011009900990099
332481,UBI_Only,4,200,TRUE,2,"2,4",0.607088298197373,0.52,2,126,8,108,0,4825,1636.5,2240.43425850139,0.0111666666666667
332482,UBI_Only,4,200,TRUE,2,"2,3",0.605048218854556,0.591836734693878,2,135,6,141,0,3608,1270.25,1706.18998062936,0.0117960784313725
332483,UBI_Only,4,200,TRUE,4,"1,2,3,4",0.270217878884973,0.288265306122449,0,,4,97,1645,6151,3901.25,2292.01227090956,0.00899115044247788
332484,UBI_Only,4,200,TRUE,4,"1,2,3,4",0.0732602478551001,0.267857142857143,0,,11,157,1038,1545,1311.25,208.336866636705,0.00915254237288136
332485,UBI_Only,4,200,TRUE,4,"1,2,3,4",0.290761055879328,0.344387755102041,0,,8,98,1402,6078,3646.25,2256.45420590211,0.00800617283950617
332486,UBI_Only,4,200,TRUE,4,"1,2,3,4",0.340634291377602,0.298469387755102,0,,6,147,1260,5690,2522.5,2124.95937216064,0.00975308641975309
332487,UBI_Only,4,200,TRUE,4,"1,2,3,4",0.382498772704958,0.262755102040816,0,,6,137,1097,6182,2546.25,2433.32329335828,0.00969135802469136
332488,UBI_Only,4,200,TRUE,4,"1,2,3,4",0.355966343702193,0.275510204081633,0,,10,113,1082,5580,2451.25,2107.20088822431,0.0101875
332489,UBI_Only,4,200,TRUE,4,"1,2,3,4",0.162426383981154,0.288265306122449,0,,4,146,1404,2908,2122.5,739.257510389084,0.011036303630363
332490,UBI_Only,4,200,TRUE,4,"1,2,3,4",0.283185840707965,0.364795918367347,0,,4,95,1207,5672,3672.5,2269.38178072061,0.00917543859649123
332491,UBI_Only,4,200,TRUE,4,"1,2,3,4",0.231323132313231,0.341836734693878,0,,6,159,1686,5037,2777.5,1528.02585056667,0.0132578616352201
332492,UBI_Only,4,200,TRUE,3,"2,3,4",0.451163906887449,0.34156378600823,1,152,14,122,0,5000,2083.5,2097.19566723438,0.0095018315018315
332493,UBI_Only,4,200,TRUE,4,"1,2,3,4",0.222315181016124,0.262755102040816,0,,12,71,1555,6075,4108.75,1924.99945887438,0.00865346534653465
332494,UBI_Only,4,200,TRUE,2,"2,4",0.513532763532764,0.5,3,116,8,179,0,2035,965.25,1117.83581829653,0.00749771689497717
332495,UBI_Only,4,200,TRUE,3,"1,3,4",0.447528363047002,0.357638888888889,1,185,16,86,0,6587,3085,2862.41704392168,0.00865408805031447
332496,UBI_Only,4,200,TRUE,4,"1,2,3,4",0.289055064581917,0.267857142857143,0,,3,111,1378,5967,3677.5,2293.58533014725,0.00980864197530864
332497,UBI_Only,4,200,TRUE,3,"1,2,4",0.415373587451509,0.410150891632373,1,138,14,155,0,2888,1482.25,1275.48797851384,0.00951746031746032
332498,UBI_Only,4,200,TRUE,4,"1,2,3,4",0.171854304635762,0.272959183673469,0,,8,155,1116,2659,1698.75,666.786510061504,0.00923636363636364
332499,UBI_Only,4,200,TRUE,4,"1,2,3,4",0.27181168057211,0.260204081632653,0,,4,90,1310,4818,3146.25,1929.57100154413,0.0120724637681159
332500,UBI_Only,4,200,TRUE,4,"1,2,3,4",0.282125869008416,0.288265306122449,0,,4,89,1280,5411,3416.25,2092.60561262747,0.00764150943396226
332501,UBI_Only,4,200,TRUE,4,"1,2,3,4",0.241772885283893,0.308673469387755,0,,6,82,1456,4809,3236.25,1701.97539641441,0.00913015873015873
332502,UBI_Only,4,200,TRUE,4,"1,2,3,4",0.314405641370047,0.25765306122449,0,,6,181,863,3711,1861.25,1305.8821730922,0.00896296296296296
332503,UBI_Only,4,200,TRUE,2,"2,3",0.604928372888604,0.591836734693878,2,60,4,208,0,3320,1169.25,1570.06016339077,0.0119360730593607
332504,UBI_Only,4,200,TRUE,4,"1,2,3,4",0.108134155744025,0.25765306122449,0,,11,146,1224,1959,1621.25,388.867050974152,0.0109333333333333
332505,UBI_Only,4,200,TRUE,4,"1,2,3,4",0.188378378378378,0.283163265306122,0,,13,144,801,2287,1618.75,636.414107846979,0.0117757009345794
332506,UBI_Only,4,200,TRUE,4,"1,2,3,4",0.226430517711172,0.26530612244898,0,,22,167,1105,3168,1835,930.400272284282,0.0116401179941003
332507,UBI_Only,4,200,TRUE,2,"2,4",0.584243458475541,0.582990397805213,2,50,8,199,0,2938,1098.75,1405.42837479064,0.0115930735930736
332508,UBI_Only,4,200,TRUE,4,"1,2,3,4",0.2277734375,0.267857142857143,0,,8,108,1658,5187,3200,1527.82612448756,0.00835598705501618
332509,UBI_Only,4,200,TRUE,3,"2,3,4",0.310615020697812,0.352537722908093,1,76,6,195,0,2009,1268.25,882.115780382598,0.0110962962962963
332510,UBI_Only,4,200,TRUE,3,"2,3,4",0.339561719246242,0.375,1,76,9,213,0,2007,1180.75,859.711724940401,0.00896899224806202
332511,UBI_Only,4,200,TRUE,4,"1,2,3,4",0.232928311057108,0.255102040816327,0,,8,135,1269,3807,2057.5,1175.54256976655,0.0111681415929204
332512,UBI_Only,4,200,TRUE,4,"1,2,3,4",0.276925820256776,0.288265306122449,0,,8,117,1580,5646,3505,2149.72447847005,0.0081981981981982
332513,UBI_Only,4,94,FALSE,1,2,0.719091476740556,1,3,63,4,51,0,3005,800.75,1472.46128981376,0.0136666666666667
332514,UBI_Only,4,200,TRUE,3,"1,3,4",0.51074604743083,0.429362880886427,1,197,8,115,0,5098,2024,2226.62375208146,0.0110914454277286
332515,UBI_Only,4,200,TRUE,4,"1,2,3,4",0.319662337662338,0.298469387755102,0,,6,135,1296,5350,2406.25,1965.51034509276,0.0097516339869281
332516,UBI_Only,4,200,TRUE,3,"1,3,4",0.48557251908397,0.400510204081633,1,85,2,129,0,6162,2456.25,2628.34401287198,0.00907301587301587
332517,UBI_Only,4,200,TRUE,4,"1,2,3,4",0.329243697478992,0.275510204081633,0,,5,88,1182,5625,2975,2109.45474787523,0.014687074829932
332518,UBI_Only,4,101,FALSE,1,2,0.72871878393051,1,4,60,10,113,0,4409,1151.25,2173.79780951832,0.0205106382978723
332519,UBI_Only,4,200,TRUE,4,"1,2,3,4",0.0738955823293173,0.25,0,,2,147,997,1477,1245,196.611291639112,0.0158899676375405
332520,UBI_Only,4,200,TRUE,4,"1,2,3,4",0.298415786548082,0.283163265306122,0,,9,148,1205,4780,2248.75,1693.42264364216,0.00922118380062305
332521,UBI_Only,4,200,TRUE,4,"1,2,3,4",0.278243902439024,0.252551020408163,0,,2,163,1244,4585,2562.5,1531.43385971013,0.00838333333333333
332522,UBI_Only,4,200,TRUE,3,"1,2,3",0.332154171066526,0.357142857142857,1,87,5,200,0,1850,1183.75,866.717322237572,0.0104040404040404
332523,UBI_Only,4,200,TRUE,3,"1,2,4",0.335569406296218,0.339285714285714,1,114,8,188,0,2100,1183.25,871.287696458523,0.0139466666666667
332524,UBI_Only,4,200,TRUE,3,"1,2,4",0.328947368421053,0.34375,1,146,8,165,0,1650,1026,735.777140172213,0.0109078014184397
332525,UBI_Only,4,200,TRUE,4,"1,2,3,4",0.162121212121212,0.293367346938775,0,,14,186,849,1915,1278.75,453.835781606813,0.00926282051282051
332526,UBI_Only,4,200,TRUE,4,"1,2,3,4",0.266428571428571,0.25765306122449,0,,10,169,1159,3826,1925,1273.53602226243,0.0113061224489796
332527,UBI_Only,4,200,TRUE,4,"1,2,3,4",0.30763604447045,0.252551020408163,0,,6,123,1108,4439,2136.25,1560.80884479811,0.00819243986254296
332528,UBI_Only,4,200,TRUE,4,"1,2,3,4",0.306113902847571,0.293367346938775,0,,4,144,1036,5461,2985,1912.46385586761,0.00916521739130435
332529,UBI_Only,4,200,TRUE,4,"1,2,3,4",0.0973722627737226,0.260204081632653,0,,10,131,1312,2085,1712.5,346.626119423604,0.00946031746031746
332530,UBI_Only,4,200,TRUE,2,"3,4",0.565613764766307,0.53125,2,176,8,159,0,2458,973.5,1199.03447267652,0.0103611111111111
332531,UBI_Only,4,200,TRUE,3,"1,2,3",0.463062205749775,0.39030612244898,1,95,8,170,0,5984,2495.75,2518.89160478705,0.00874358974358974
332532,UBI_Only,4,200,TRUE,2,"1,4",0.589094319399786,0.603305785123967,2,129,7,153,0,2531,933,1206.42806112369,0.0150718954248366
332533,UBI_Only,4,200,TRUE,3,"1,3,4",0.341949563530553,0.34156378600823,1,89,8,182,0,2171,1288.75,942.794560513229,0.0107010309278351
332534,UBI_Only,4,200,TRUE,4,"1,2,3,4",0.295844302369312,0.278061224489796,0,,4,80,1278,5693,3323.75,2077.32494248412,0.0109583333333333
332535,UBI_Only,4,200,TRUE,3,"1,3,4",0.399199045671438,0.418367346938776,1,129,14,181,0,2795,1467,1212.4968728482,0.0326013071895425
332536,UBI_Only,4,200,TRUE,4,"1,2,3,4",0.326621338912134,0.334183673469388,0,,10,131,1169,5128,2390,1855.26404230413,0.00843589743589744
332537,UBI_Only,4,200,TRUE,3,"1,2,4",0.46384209630764,0.347222222222222,1,178,6,67,0,6340,2938.5,2840.10803785114,0.0112525252525253
332538,UBI_Only,4,200,TRUE,3,"1,2,3",0.345110678666991,0.378472222222222,1,179,14,152,0,1631,1027.75,778.040862251677,0.00966990291262136
332539,UBI_Only,4,200,TRUE,4,"1,2,3,4",0.245380774032459,0.283163265306122,0,,8,177,1189,3661,2002.5,1135.61657261595,0.0127267267267267
332540,UBI_Only,4,200,TRUE,4,"1,2,3,4",0.138833054159687,0.334183673469388,0,,8,77,2257,5419,4477.5,1498.97331530618,0.0112492492492492
332541,UBI_Only,4,200,TRUE,4,"1,2,3,4",0.306946354883081,0.298469387755102,0,,12,86,1269,6195,3635,2373.12115156391,0.0102121212121212
332542,UBI_Only,4,200,TRUE,4,"1,2,3,4",0.248763020833333,0.298469387755102,0,,6,79,1541,5749,3840,2044.792736033,0.00961823361823362
332543,UBI_Only,4,200,TRUE,4,"1,2,3,4",0.0874707259953162,0.262002743484225,0,,3,163,1274,1991,1601.25,297.209662247601,0.00818556701030928
332544,UBI_Only,4,200,TRUE,4,"1,2,3,4",0.249516648764769,0.262002743484225,0,,5,132,1203,3609,2327.5,1299.97499975961,0.0109209621993127
332545,UBI_Only,4,200,TRUE,3,"2,3,4",0.312667860340197,0.352537722908093,1,100,10,168,0,1770,1117,778.971116280957,0.00848484848484849
332546,UBI_Only,4,200,TRUE,3,"2,3,4",0.494538974476891,0.336805555555556,1,180,8,95,0,5562,2174.5,2385.68585526259,0.00953684210526316
332547,UBI_Only,4,200,TRUE,4,"1,2,3,4",0.222687029659141,0.323979591836735,0,,3,94,1709,4729,2823.75,1376.72204287334,0.017483660130719
332548,UBI_Only,4,200,TRUE,4,"1,2,3,4",0.287003705664373,0.303571428571429,0,,14,138,1442,5044,2361.25,1788.65114448477,0.00752941176470588
332549,UBI_Only,4,200,TRUE,4,"1,2,3,4",0.112549407114624,0.283163265306122,0,,14,206,964,1581,1265,306.449560830707,0.00796428571428571
332550,UBI_Only,4,200,TRUE,4,"1,2,3,4",0.357738392411383,0.278061224489796,0,,8,137,1115,5839,2503.75,2233.05401860322,0.00888666666666667
332551,UBI_Only,4,200,TRUE,4,"1,2,3,4",0.260501193317422,0.252551020408163,0,,6,105,1271,4279,2618.75,1461.69179947986,0.0142376237623762
332552,UBI_Only,4,200,TRUE,4,"1,2,3,4",0.197895057962172,0.280612244897959,0,,2,165,1447,3530,2048.75,995.202952500979,0.00960881542699724
332553,UBI_Only,4,200,TRUE,4,"1,2,3,4",0.255176294073518,0.252551020408163,0,,10,110,1545,5620,3332.5,1780.11170061507,0.0105977011494253
332554,UBI_Only,4,200,TRUE,4,"1,2,3,4",0.255640345056404,0.252551020408163,0,,2,153,892,3216,1883.75,1014.07967306979,0.010978978978979
332555,UBI_Only,4,200,TRUE,4,"1,2,3,4",0.360824481537683,0.283163265306122,0,,4,135,1130,5706,2471.25,2175.66011055649,0.00926666666666667
332556,UBI_Only,4,200,TRUE,4,"1,2,3,4",0.305585412667946,0.25765306122449,0,,2,90,1392,5654,3256.25,2181.82314819511,0.00999399399399399
332557,UBI_Only,4,200,TRUE,3,"2,3,4",0.501527290936405,0.397959183673469,1,120,3,147,0,6167,2496.25,2681.15924865844,0.0112152777777778
332558,UBI_Only,4,200,TRUE,3,"1,3,4",0.419921710581699,0.346153846153846,1,169,4,89,0,5570,2969.75,2639.91822790025,0.00855892255892256
332559,UBI_Only,4,200,TRUE,3,"1,3,4",0.380919085736329,0.399305555555556,1,185,4,110,250,4790,2592.25,2057.5633445089,0.00924358974358974
332560,UBI_Only,4,200,TRUE,4,"1,2,3,4",0.358342022940563,0.288265306122449,0,,4,156,1052,5484,2397.5,2077.9511543826,0.00999415204678363
332561,UBI_Only,4,200,TRUE,4,"1,2,3,4",0.324729596853491,0.313775510204082,0,,20,112,1224,5617,2542.5,2060.19748244353,0.00788790560471977
332562,UBI_Only,4,200,TRUE,4,"1,2,3,4",0.316019016122365,0.26530612244898,0,,5,112,1135,5542,3023.75,2020.34706176934,0.00930973451327434
332563,UBI_Only,4,200,TRUE,3,"1,3,4",0.467696381288614,0.338842975206612,1,161,6,112,0,6139,2832.5,2764.64325607,0.0101304347826087
332564,UBI_Only,4,200,TRUE,3,"1,2,4",0.373550880206097,0.369897959183673,2,130,10,156,0,2122,1164.5,907.507392072741,0.0122152777777778
332565,UBI_Only,4,200,TRUE,4,"1,2,3,4",0.241432031486528,0.278061224489796,0,,2,103,1798,6273,4128.75,2100.22877722087,0.0125566343042071
332566,UBI_Only,4,200,TRUE,4,"1,2,3,4",0.293057722308892,0.329081632653061,0,,14,170,1359,5083,2403.75,1789.83972746165,0.00907407407407407
332567,UBI_Only,4,200,TRUE,3,"1,3,4",0.468176094028754,0.401920438957476,1,73,6,102,0,5587,2382.25,2371.44953913565,0.0141498127340824
332568,UBI_Only,4,200,TRUE,4,"1,2,3,4",0.297225862822193,0.260204081632653,0,,6,98,1299,5289,2861.25,1830.21171361858,0.00858169934640523
332569,UBI_Only,4,188,FALSE,1,3,0.75,1,3,104,12,144,0,6231,1557.75,3115.5,0.0133257575757576
332570,UBI_Only,4,200,TRUE,3,"1,2,3",0.453922340285977,0.334183673469388,1,95,6,175,0,4465,1905.75,1870.35047963388,0.0124069264069264
332571,UBI_Only,4,200,TRUE,4,"1,2,3,4",0.265963511972634,0.339285714285714,0,,4,113,1339,5103,3288.75,1893.4371523766,0.0141553398058252
332572,UBI_Only,4,200,TRUE,3,"1,3,4",0.280504587155963,0.337278106508876,1,137,4,132,0,1617,1090,736.014945500429,0.00954045307443366
332573,UBI_Only,4,200,TRUE,4,"1,2,3,4",0.174832214765101,0.298469387755102,0,,10,135,949,2420,1676.25,611.086668703112,0.0102345679012346
332574,UBI_Only,4,200,TRUE,4,"1,2,3,4",0.275443548387097,0.267857142857143,0,,10,117,1599,5734,3100,1881.73908924697,0.00909144542772861
332575,UBI_Only,4,200,TRUE,2,"1,3",0.58010553802633,0.52,2,105,12,124,0,6068,2297.75,2912.90992823328,0.0114505494505495
332576,UBI_Only,4,200,TRUE,4,"1,2,3,4",0.267921440261866,0.267857142857143,0,,2,139,835,2874,1527.5,930.834213667146,0.0118757062146893
332577,UBI_Only,4,200,TRUE,4,"1,2,3,4",0.327626764244642,0.283163265306122,0,,10,149,1275,5326,2391.25,1965.12974550452,0.00922128851540616
332578,UBI_Only,4,200,TRUE,4,"1,2,3,4",0.294322482967449,0.270408163265306,0,,10,102,1382,5614,3302.5,2096.51782725547,0.0154135802469136
332579,UBI_Only,4,200,TRUE,3,"2,3,4",0.386873047951497,0.512755102040816,1,64,8,151,0,5318,2721.5,2202.57568920268,0.00920388349514563
332580,UBI_Only,4,200,TRUE,4,"1,2,3,4",0.208862727676588,0.344387755102041,0,,10,145,1721,4516,2813.75,1264.33971568826,0.01306
332581,UBI_Only,4,200,TRUE,4,"1,2,3,4",0.315956151035323,0.272959183673469,0,,2,133,983,4151,2052.5,1467.09974666574,0.0138608695652174
332582,UBI_Only,4,200,TRUE,4,"1,2,3,4",0.251548117154812,0.294924554183813,0,,2,133,1573,4834,2987.5,1634.49533495816,0.0079937106918239
332583,UBI_Only,4,200,TRUE,4,"1,2,3,4",0.119358867610325,0.272959183673469,0,,12,166,1151,1914,1501.25,392.442246281751,0.00879420289855072
332584,UBI_Only,4,200,TRUE,4,"1,2,3,4",0.249961330239753,0.25765306122449,0,,9,97,1600,5613,3232.5,1732.70010869356,0.00904424778761062
332585,UBI_Only,4,200,TRUE,3,"1,2,3",0.402360232067511,0.364795918367347,1,71,8,184,0,3856,1896,1596.03529618448,0.015219696969697
332586,UBI_Only,4,200,TRUE,4,"1,2,3,4",0.357911733046286,0.283163265306122,0,,4,162,969,5234,2322.5,1970.61657017967,0.0105185185185185
332587,UBI_Only,4,200,TRUE,4,"1,2,3,4",0.285714285714286,0.25765306122449,0,,6,97,1213,4733,3010,1942.56497102843,0.00791194968553459
332588,UBI_Only,4,200,TRUE,2,"1,4",0.572087987235013,0.53360768175583,2,118,14,158,0,2826,1096.75,1367.66891095762,0.0125585585585586
332589,UBI_Only,4,200,TRUE,4,"1,2,3,4",0.292857142857143,0.26530612244898,0,,4,136,1240,4869,2826.25,1785.92466713091,0.00857044673539519
332590,UBI_Only,4,200,TRUE,3,"1,2,3",0.403636579009713,0.599489795918367,1,179,8,143,0,3808,2110.5,1812.38507681637,0.0149376693766938
332591,UBI_Only,4,200,TRUE,2,"1,2",0.671745755333043,0.808673469387755,3,95,10,235,0,3875,1148.5,1848.99765638936,0.0259047619047619
332592,UBI_Only,4,200,TRUE,3,"1,2,3",0.422541081209812,0.3344,1,135,12,105,0,4289,2099.5,1833.60528286034,0.00808421052631579
332593,UBI_Only,4,200,TRUE,3,"1,2,4",0.306231831395349,0.346938775510204,1,82,6,191,0,2236,1376,960.326680527691,0.00938297872340426
332594,UBI_Only,4,200,TRUE,2,"3,4",0.563288789903489,0.503472222222222,2,132,4,124,0,3376,1347,1652.057706821,0.00814728682170543
332595,UBI_Only,4,200,TRUE,4,"1,2,3,4",0.069047619047619,0.262755102040816,0,,12,172,1051,1423,1260,190.958983379503,0.011230303030303
332596,UBI_Only,4,200,TRUE,2,"3,4",0.548021697511168,0.54325259515571,2,108,18,159,0,1868,783.5,937.495066653686,0.0137142857142857
332597,UBI_Only,4,200,TRUE,3,"1,2,4",0.390005359056806,0.3472,1,162,10,98,0,4784,2799,2377.28290281153,0.011
332598,UBI_Only,4,200,TRUE,4,"1,2,3,4",0.350763888888889,0.25765306122449,0,,0,83,1158,6704,3600,2718.79139815225,0.0132108843537415
332599,UBI_Only,4,200,TRUE,4,"1,2,3,4",0.308033826638478,0.278061224489796,0,,6,80,1240,5960,3547.5,2357.59149698727,0.00898575498575499
332600,UBI_Only,4,200,TRUE,3,"1,2,3",0.47406329302881,0.35969387755102,1,107,6,151,0,4194,1674.75,1780.94719648469,0.0185442176870748
332601,UBI_Only,4,200,TRUE,4,"1,2,3,4",0.133932135728543,0.298469387755102,0,,12,93,2178,4641,3757.5,1116.15187138669,0.00870588235294118
332602,UBI_Only,4,200,TRUE,4,"1,2,3,4",0.283756345177665,0.35969387755102,0,,8,95,1100,5386,3447.5,2102.01466851844,0.0081264367816092
332603,UBI_Only,4,200,TRUE,2,"1,2",0.503883749345436,0.555555555555556,2,91,8,148,0,2909,1432.25,1654.21892444743,0.0140916666666667
332604,UBI_Only,4,200,TRUE,4,"1,2,3,4",0.201480637813212,0.270408163265306,0,,6,128,977,2655,1646.25,721.195015235131,0.0117864077669903
332605,UBI_Only,4,200,TRUE,4,"1,2,3,4",0.29903368304804,0.318877551020408,0,,10,142,1029,4602,2263.75,1592.39324602938,0.0109259259259259
332606,UBI_Only,4,200,TRUE,4,"1,2,3,4",0.247427217332431,0.260204081632653,0,,16,166,1153,3560,1846.25,1146.31536527548,0.00804347826086957
332607,UBI_Only,4,200,TRUE,4,"1,2,3,4",0.33075422626788,0.275510204081633,0,,10,89,1165,5599,2883.75,2060.90843642636,0.0111944444444444
332608,UBI_Only,4,200,TRUE,4,"1,2,3,4",0.263203031511767,0.283163265306122,0,,7,86,1250,4760,3133.75,1805.80552201319,0.00974757281553398
332609,UBI_Only,4,200,TRUE,4,"1,2,3,4",0.308128440366972,0.278463648834019,0,,6,65,1477,6101,3406.25,2276.16627614651,0.00964874551971326
332610,UBI_Only,4,200,TRUE,4,"1,2,3,4",0.257221425155428,0.25765306122449,0,,6,133,1326,4363,2613.75,1435.19159580408,0.00911680911680912
332611,UBI_Only,4,200,TRUE,3,"1,2,3",0.334617127322157,0.336076817558299,1,103,8,152,0,1825,1103.5,796.864898628787,0.0147517730496454
332612,UBI_Only,4,200,TRUE,4,"1,2,3,4",0.33387323943662,0.288265306122449,0,,10,139,794,3650,1775,1328.57091141823,0.00986206896551724
332613,UBI_Only,4,200,TRUE,2,"1,2",0.612486248624863,0.625,2,127,6,174,0,3295,1136.25,1555.12794221783,0.0132735042735043
332614,UBI_Only,4,200,TRUE,2,"1,4",0.558346839546191,0.523629489603025,2,114,6,179,0,2283,925.5,1125.38126872629,0.0099080459770115
332615,UBI_Only,4,200,TRUE,3,"2,3,4",0.300492610837438,0.336076817558299,1,132,12,154,0,1701,1116.5,766.993481067473,0.0109455782312925
332616,UBI_Only,4,200,TRUE,4,"1,2,3,4",0.33623417721519,0.329081632653061,0,,6,166,1173,5244,2370,1935.89204244452,0.00836893203883495
332617,UBI_Only,4,200,TRUE,4,"1,2,3,4",0.334329140461216,0.303571428571429,0,,6,174,1249,5387,2385,2008.53561913483,0.00952617079889807
332618,UBI_Only,4,200,TRUE,4,"1,2,3,4",0.230649137222679,0.267857142857143,0,,14,112,1431,4983,3042.5,1481.0114786861,0.0103555555555556
332619,UBI_Only,4,200,TRUE,4,"1,2,3,4",0.410692559663079,0.25765306122449,0,,8,109,998,6616,2671.25,2657.37807810631,0.0123063063063063
332620,UBI_Only,4,200,TRUE,4,"1,2,3,4",0.307824639289678,0.316326530612245,0,,14,168,1070,4754,2252.5,1685.87969123936,0.0097196261682243
332621,UBI_Only,4,200,TRUE,4,"1,2,3,4",0.0384732052578363,0.255102040816327,0,,22,148,1130,1349,1236.25,99.046706154218,0.0109679487179487
332622,UBI_Only,4,180,FALSE,1,4,0.75,1,4,89,14,133,0,4273,1068.25,2136.5,0.00954337899543379
332623,UBI_Only,4,200,TRUE,4,"1,2,3,4",0.264969450101833,0.252551020408163,0,,6,146,1382,4509,2455,1458.17122908571,0.00988118811881188
332624,UBI_Only,4,200,TRUE,4,"1,2,3,4",0.214976133651551,0.25765306122449,0,,4,140,1260,3396,2095,968.986756015444,0.00965359477124183
332625,UBI_Only,4,200,TRUE,4,"1,2,3,4",0.315499425947187,0.278061224489796,0,,6,130,871,3923,2177.5,1475.97662583118,0.0112673267326733
332626,UBI_Only,4,200,TRUE,4,"1,2,3,4",0.301011560693642,0.311224489795918,0,,4,86,1089,5641,3460,2230.13332934752,0.00929824561403509
332627,UBI_Only,4,188,FALSE,1,4,0.75,1,3,96,10,123,0,1852,463,926,0.0113421052631579
332628,UBI_Only,4,200,TRUE,4,"1,2,3,4",0.191884816753927,0.283163265306122,0,,12,106,1666,4485,2865,1184.35383226467,0.00958558558558559
332629,UBI_Only,4,200,TRUE,4,"1,2,3,4",0.196889441877,0.298469387755102,0,,12,95,1770,5178,3516.25,1435.05827407809,0.0102108843537415
332630,UBI_Only,4,200,TRUE,3,"1,2,4",0.409852774631936,0.43491124260355,1,138,8,119,0,4823,2207.5,1983.0240375077,0.0136363636363636
332631,UBI_Only,4,200,TRUE,2,"1,2",0.578618511397968,0.508506616257089,2,114,14,177,0,2393,910.25,1150.32354144388,0.0108
332632,UBI_Only,4,200,TRUE,3,"1,3,4",0.463373128076238,0.368998628257887,1,133,8,108,0,5809,2387.25,2448.08923788874,0.00809968847352025
332633,UBI_Only,4,200,TRUE,4,"1,2,3,4",0.120366492146597,0.255102040816327,0,,4,178,781,1459,1193.75,309.14438374326,0.0139469026548673
332634,UBI_Only,4,200,TRUE,2,"2,3",0.583589799956034,0.515570934256055,3,96,6,171,0,3035,1137.25,1452.59202232882,0.00974736842105263
332635,UBI_Only,4,200,TRUE,3,"2,3,4",0.387718396711203,0.400510204081633,1,120,2,148,0,3361,1702.75,1386.28288960082,0.00941573033707865
332636,UBI_Only,4,200,TRUE,4,"1,2,3,4",0.246508379888268,0.25765306122449,0,,12,176,1162,3508,1790,1146.03664862866,0.00913684210526316
332637,UBI_Only,4,200,TRUE,4,"1,2,3,4",0.355752688172043,0.288265306122449,0,,6,147,924,5141,2325,1920.39180030187,0.00881786941580756
332638,UBI_Only,4,200,TRUE,4,"1,2,3,4",0.270225422667502,0.283163265306122,0,,2,161,956,3807,1996.25,1246.43662093185,0.00764367816091954
332639,UBI_Only,4,200,TRUE,4,"1,2,3,4",0.362739234449761,0.272959183673469,0,,2,140,854,4622,2090,1743.52765010099,0.0143266666666667
332640,UBI_Only,4,200,TRUE,3,"1,2,3",0.503341360626129,0.344307270233196,1,131,6,178,0,5394,2076.25,2326.24165769595,0.0103711340206186
332641,UBI_Only,4,200,TRUE,3,"1,3,4",0.411656891495601,0.351473922902494,1,181,3,114,0,3705,1705,1522.84273646362,0.0108155339805825
332642,UBI_Only,4,200,TRUE,3,"1,2,3",0.432623919466025,0.543367346938776,1,187,10,132,0,4611,2284.75,2049.10913569776,0.013979381443299
332643,UBI_Only,4,183,FALSE,1,2,0.75,1,3,140,12,180,0,4496,1124,2248,0.0147368421052632
332644,UBI_Only,4,200,TRUE,2,"1,4",0.517560975609756,0.511834319526627,2,105,4,139,0,2194,1025,1189.39368307274,0.0115985663082437
332645,UBI_Only,4,200,TRUE,3,"1,2,3",0.378046173578452,0.352537722908093,1,111,9,152,0,2335,1169.5,953.678667057201,0.00917799352750809
332646,UBI_Only,4,200,TRUE,4,"1,2,3,4",0.335782817269952,0.267857142857143,0,,3,131,1008,5719,2866.25,2072.61258238646,0.0106412698412698
332647,UBI_Only,4,200,TRUE,4,"1,2,3,4",0.201331893448524,0.267857142857143,0,,10,129,1134,2908,1736.25,803.033571319821,0.00917152103559871
332648,UBI_Only,4,200,TRUE,4,"1,2,3,4",0.347921820880752,0.283163265306122,0,,8,136,1195,5795,2526.25,2188.49192748492,0.0124353741496599
