seed,scenario,n_players,game_length,terminated_by_cap,n_winners,winner_ids,gini_final,hhi_final,n_bankruptcies,first_bankruptcy_turn,social_mobility,capital_formation,wealth_min,wealth_max,wealth_mean,wealth_sd,rent_burden_mean
306104,Baseline,6,200,TRUE,5,"1,2,3,4,5",0.30239882647338,0.286694101508916,1,113,18,74,0,2242,1287.66666666667,781.4319334828,0.00988985507246377
306105,Baseline,6,200,TRUE,5,"1,2,3,5,6",0.377874071453838,0.204389574759945,1,141,20,31,0,4384,1884.66666666667,1457.45115412719,0.01525
306106,Baseline,6,200,TRUE,5,"1,2,4,5,6",0.340244324800856,0.237311385459534,1,152,10,49,0,3391,1764.5,1188.40948330111,0.0103305785123967
306107,Baseline,6,200,TRUE,4,"1,3,5,6",0.480928783271389,0.313775510204082,2,117,20,53,0,3530,1479.83333333333,1405.73460036618,0.0127951070336391
306108,Baseline,6,200,TRUE,5,"1,2,3,4,6",0.277976990886,0.290816326530612,1,88,13,52,0,2963,1859.16666666667,1059.77797989327,0.0135922865013774
306109,Baseline,6,200,TRUE,4,"1,2,5,6",0.473537085352218,0.300567107750473,2,111,8,51,0,2967,1341.5,1246.27248224455,0.0125045045045045
306110,Baseline,6,200,TRUE,6,"1,2,3,4,5,6",0.189303849303849,0.178571428571429,0,,17,56,1022,2461,1695.83333333333,635.393867350533,0.0117118644067797
306111,Baseline,6,200,TRUE,6,"1,2,3,4,5,6",0.303324267150196,0.181122448979592,0,,12,61,649,3684,1838.33333333333,1117.13860673896,0.0101777777777778
306112,Baseline,6,200,TRUE,4,"1,3,5,6",0.526777609682299,0.253086419753086,4,85,14,37,0,2857,1101.66666666667,1174.62345739674,0.00891891891891892
306113,Baseline,6,200,TRUE,5,"1,2,3,4,6",0.260712049378299,0.219387755102041,1,82,18,30,0,2675,1863.16666666667,1061.96674461429,0.00912250712250712
306114,Baseline,6,200,TRUE,5,"1,2,3,5,6",0.395053944234272,0.260355029585799,2,171,11,40,0,3121,1586,1220.55069538303,0.0092782874617737
306115,Baseline,6,200,TRUE,4,"1,2,3,6",0.456674179814676,0.278061224489796,2,153,13,61,0,2635,1109.16666666667,1010.62206915675,0.0148248587570621
306116,Baseline,6,200,TRUE,6,"1,2,3,4,5,6",0.226376811594203,0.219387755102041,0,,15,71,685,2896,1725,769.509454132956,0.00774278215223097
306117,Baseline,6,200,TRUE,5,"1,2,3,4,6",0.37039180609632,0.231824417009602,1,106,8,42,0,3261,1583.83333333333,1148.22670525758,0.0114512820512821
306118,Baseline,6,200,TRUE,5,"2,3,4,5,6",0.280935271381131,0.21301775147929,2,156,15,9,0,3483,2041,1185.65138215244,0.0097183908045977
306119,Baseline,6,200,TRUE,5,"1,3,4,5,6",0.376479593741832,0.211734693877551,1,127,9,60,0,2980,1487.83333333333,1117.88343160934,0.00802873563218391
306120,Baseline,6,200,TRUE,6,"1,2,3,4,5,6",0.222067901234568,0.209183673469388,0,,18,51,940,2751,1800,785.132345531631,0.00888040712468193
306121,Baseline,6,200,TRUE,5,"2,3,4,5,6",0.335370823145884,0.211734693877551,1,114,9,56,0,2560,1431.5,960.842286746373,0.0101308411214953
306122,Baseline,6,200,TRUE,6,"1,2,3,4,5,6",0.201605288007554,0.196428571428571,0,,8,58,884,2538,1765,694.534376399038,0.00816216216216216
306123,Baseline,6,200,TRUE,4,"1,4,5,6",0.339075509618145,0.482041587901701,2,80,21,63,0,2368,1548,1199.54724792315,0.0111559139784946
306124,Baseline,6,200,TRUE,6,"1,2,3,4,5,6",0.182759500127518,0.211734693877551,0,,11,37,1122,3157,2178.33333333333,770.983441240256,0.0122539682539683
306125,Baseline,6,200,TRUE,4,"2,3,4,6",0.48281294757949,0.253772290809328,2,142,12,82,0,2785,1163.66666666667,1104.89685793139,0.00873544973544974
306126,Baseline,6,200,TRUE,5,"1,2,3,4,6",0.352520224019913,0.224489795918367,2,82,11,90,0,2850,1339.16666666667,946.231983536102,0.00989830508474576
306127,Baseline,6,200,TRUE,5,"1,3,4,5,6",0.333433453477506,0.2288,1,115,10,33,0,3016,1664.66666666667,1083.77371561902,0.00918713450292398
306128,Baseline,6,200,TRUE,4,"2,3,5,6",0.461956869520701,0.385459533607682,2,123,10,38,0,4008,1736.33333333333,1576.89120318006,0.00985185185185185
306129,Baseline,6,200,TRUE,5,"1,2,3,4,6",0.261792372156662,0.218934911242604,1,160,9,68,200,2479,1624.16666666667,856.797622934767,0.0114180790960452
306130,Baseline,6,200,TRUE,4,"1,2,4,5",0.454767295597484,0.321428571428571,2,104,11,61,0,2461,1104.16666666667,991.784536412353,0.00962105263157895
306131,Baseline,6,200,TRUE,5,"2,3,4,5,6",0.298757888410298,0.262755102040816,1,132,19,49,0,2663,1663.83333333333,1038.24706436699,0.00999430199430199
306132,Baseline,6,200,TRUE,4,"1,2,3,4",0.433385550706799,0.306666666666667,2,161,10,37,0,3168,1489.5,1277.55982247408,0.0150432098765432
306133,Baseline,6,200,TRUE,3,"2,3,6",0.596720359889711,0.366255144032922,4,63,27,80,0,2407,765.666666666667,966.27339126495,0.00765476190476191
306134,Baseline,6,200,TRUE,6,"1,2,3,4,5,6",0.188001121390524,0.201530612244898,0,,16,42,1173,2827,1981.66666666667,735.168733466452,0.00849404761904762
306135,Baseline,6,200,TRUE,6,"1,2,3,4,5,6",0.175295621604346,0.188775510204082,0,,6,66,951,2587,1738.33333333333,590.612450483959,0.00832203389830509
306136,Baseline,6,200,TRUE,6,"1,2,3,4,5,6",0.247380846982441,0.201530612244898,0,,20,60,986,3342,1882.5,926.684142521064,0.0134840579710145
306137,Baseline,6,200,TRUE,2,"4,6",0.693551529320086,0.86734693877551,5,82,8,75,0,4024,1140.66666666667,1792.27527647587,0.0087719298245614
306138,Baseline,6,200,TRUE,5,"1,2,3,5,6",0.312861847807246,0.245541838134431,1,159,10,60,0,2625,1602.5,1011.41578987081,0.00783060109289618
306139,Baseline,6,200,TRUE,4,"1,4,5,6",0.493987278871,0.32235939643347,2,121,6,75,0,2495,1118,1111.05085392164,0.0142028985507246
306140,Baseline,6,200,TRUE,6,"1,2,3,4,5,6",0.23342736248237,0.186224489795918,0,,14,58,780,2875,1772.5,807.976917987142,0.00846198830409357
306141,Baseline,6,200,TRUE,5,"1,2,3,4,6",0.416193838523935,0.23469387755102,1,118,11,85,0,2879,1321.83333333333,1064.76765853714,0.00827390180878553
306142,Baseline,6,200,TRUE,5,"1,3,4,5,6",0.397361575622445,0.233727810650888,1,115,15,38,0,3078,1495,1155.26326004076,0.00754545454545455
306143,Baseline,6,200,TRUE,6,"1,2,3,4,5,6",0.247266394063304,0.183673469387755,0,,10,55,981,3019,1834.16666666667,927.621564360525,0.00903188405797101
306144,Baseline,6,200,TRUE,5,"2,3,4,5,6",0.276082745260827,0.222222222222222,1,198,12,44,0,2472,1606,935.159665511724,0.0144425287356322
306145,Baseline,6,200,TRUE,6,"1,2,3,4,5,6",0.157876283496118,0.178571428571429,0,,14,27,1092,3025,2218.33333333333,698.58361465659,0.00981481481481481
306146,Baseline,6,200,TRUE,5,"2,3,4,5,6",0.273284184658592,0.21301775147929,1,174,13,40,0,2439,1582.5,895.330274256378,0.00817302798982188
306147,Baseline,6,200,TRUE,6,"1,2,3,4,5,6",0.17728237791932,0.232142857142857,0,,9,84,944,2384,1700.83333333333,589.156826886243,0.0100055555555556
306148,Baseline,6,200,TRUE,5,"1,2,3,4,6",0.293233706932337,0.22189349112426,1,184,16,72,175,2160,1338.33333333333,767.720435227998,0.00883888888888889
306149,Baseline,6,200,TRUE,4,"2,4,5,6",0.47766053519654,0.423469387755102,2,50,18,96,0,2725,1168.83333333333,1106.03859185232,0.0130709219858156
306150,Baseline,6,200,TRUE,4,"2,4,5,6",0.529443254817987,0.293367346938775,2,92,18,77,0,3593,1245.33333333333,1352.74959496082,0.0112852852852853
306151,Baseline,6,200,TRUE,4,"3,4,5,6",0.455652173913044,0.286694101508916,2,90,8,54,0,2645,1341.66666666667,1217.27214157996,0.0125
306152,Baseline,6,200,TRUE,5,"2,3,4,5,6",0.43128485450831,0.267489711934156,1,192,14,52,0,4959,2012.33333333333,1736.40947551742,0.0166796116504854
306153,Baseline,6,200,TRUE,6,"1,2,3,4,5,6",0.14559796437659,0.209183673469388,0,,16,42,1000,2205,1637.5,474.903253305344,0.00871111111111111
306154,Baseline,6,200,TRUE,4,"1,2,3,5",0.498554316398183,0.251479289940828,2,117,12,60,0,3276,1345,1326.71353351053,0.00801159420289855
306155,Baseline,6,200,TRUE,6,"1,2,3,4,5,6",0.264119496855346,0.170918367346939,0,,11,50,678,2793,1766.66666666667,937.986282771058,0.0105059523809524
306156,Baseline,6,200,TRUE,2,"1,4",0.70698387311742,0.608888888888889,4,41,16,95,0,1553,416.833333333333,673.500235090283,0.00838709677419355
306157,Baseline,6,200,TRUE,5,"1,2,3,4,5",0.237354554771809,0.20226843100189,1,185,16,37,0,2554,1843,967.345233099332,0.00932773109243698
306158,Baseline,6,200,TRUE,4,"1,2,4,5",0.466544935566469,0.267857142857143,2,74,10,52,0,3097,1323.5,1217.02206224867,0.0111466666666667
306159,Baseline,6,200,TRUE,5,"1,2,3,4,6",0.314109107406147,0.352040816326531,1,58,17,67,0,2301,1469.5,947.568414416606,0.00875471698113208
306160,Baseline,6,200,TRUE,6,"1,2,3,4,5,6",0.182381959126145,0.191326530612245,0,,11,52,927,2293,1576.66666666667,570.211422778136,0.00821111111111111
306161,Baseline,6,200,TRUE,4,"3,4,5,6",0.487074401008827,0.260416666666667,2,163,18,65,0,2486,1057.33333333333,1020.97495888326,0.00944954128440367
306162,Baseline,6,200,TRUE,6,"1,2,3,4,5,6",0.218621722846442,0.193877551020408,0,,10,43,1153,3158,1854.16666666667,830.20128081488,0.0102111111111111
306163,Baseline,6,200,TRUE,5,"2,3,4,5,6",0.296991924131288,0.227040816326531,1,84,17,36,0,2539,1499.66666666667,888.313383140582,0.0088509485094851
306164,Baseline,6,200,TRUE,6,"1,2,3,4,5,6",0.157886178861788,0.212620027434842,0,,16,65,972,2172,1537.5,476.135169883511,0.00861417322834646
306165,Baseline,6,200,TRUE,2,"5,6",0.716047388260635,0.54325259515571,4,91,33,95,0,2006,515.833333333333,850.112090648443,0.0084
306166,Baseline,6,200,TRUE,6,"1,2,3,4,5,6",0.227330016583748,0.173469387755102,0,,18,74,994,2846,1675,780.999359794872,0.00802624671916011
306167,Baseline,6,200,TRUE,5,"1,2,3,5,6",0.387321807703973,0.323979591836735,1,147,6,79,0,2792,1465.33333333333,1123.88000545728,0.015327380952381
306168,Baseline,6,200,TRUE,5,"1,2,3,4,5",0.403398020419297,0.223593964334705,1,113,12,83,0,3116,1425.66666666667,1123.07803231417,0.00877064220183486
306169,Baseline,6,200,TRUE,6,"1,2,3,4,5,6",0.156175688907539,0.201530612244898,0,,14,40,1194,2685,1985.83333333333,606.4596991282,0.00811666666666667
306170,Baseline,6,200,TRUE,4,"1,4,5,6",0.46371336996337,0.321428571428571,2,127,21,67,0,2210,970.666666666667,886.446313471192,0.00939393939393939
306171,Baseline,6,200,TRUE,5,"1,2,3,4,5",0.358161559888579,0.226337448559671,1,131,10,98,0,2768,1495.83333333333,1045.3738884565,0.0073551912568306
306172,Baseline,6,200,TRUE,5,"2,3,4,5,6",0.35105803905559,0.221938775510204,1,114,19,47,0,3273,1633,1127.23821794685,0.0105090909090909
306173,Baseline,6,200,TRUE,5,"2,3,4,5,6",0.357087678640402,0.20226843100189,1,192,11,50,0,2692,1582.16666666667,1154.29292931503,0.0100853333333333
306174,Baseline,6,200,TRUE,6,"1,2,3,4,5,6",0.191473765432099,0.211734693877551,0,,8,99,964,2296,1440,563.800319262059,0.00877101449275362
306175,Baseline,6,200,TRUE,6,"1,2,3,4,5,6",0.216993464052287,0.227040816326531,0,,21,67,907,2866,1785,757.395273288657,0.0111023622047244
306176,Baseline,6,200,TRUE,4,"1,3,4,6",0.428736153642584,0.306122448979592,2,124,5,63,0,2842,1469.5,1261.59466549284,0.00878395061728395
306177,Baseline,6,200,TRUE,6,"1,2,3,4,5,6",0.252817898612291,0.178571428571429,0,,18,36,791,3429,1961.66666666667,966.023533184708,0.00817307692307692
306178,Baseline,6,200,TRUE,5,"1,3,4,5,6",0.341439393939394,0.255102040816327,1,103,6,63,0,2624,1466.66666666667,978.305610055808,0.0100846560846561
306179,Baseline,6,200,TRUE,5,"1,2,3,4,5",0.354327742754054,0.206632653061225,1,125,19,58,0,2840,1401.16666666667,973.271270852411,0.00923514211886305
306180,Baseline,6,200,TRUE,3,"2,4,6",0.63532055831559,0.368888888888889,3,86,13,75,0,2522,704.5,983.910514223728,0.0100070175438597
306181,Baseline,6,200,TRUE,6,"1,2,3,4,5,6",0.16771855010661,0.186224489795918,0,,12,28,878,2645,1954.16666666667,656.242460274148,0.0109508196721311
306182,Baseline,6,200,TRUE,6,"1,2,3,4,5,6",0.126184579824996,0.196428571428571,0,,14,50,1253,2242,1682.5,419.388483389804,0.00911466666666667
306183,Baseline,6,200,TRUE,5,"1,2,3,5,6",0.283161110027946,0.308673469387755,1,57,14,72,0,2722,1709.66666666667,988.076245371108,0.0106781609195402
306184,Baseline,6,200,TRUE,5,"1,2,3,4,5",0.257931744126222,0.201646090534979,1,113,12,33,0,2815,1943.66666666667,1096.08241782572,0.00996261682242991
306185,Baseline,6,200,TRUE,5,"1,3,4,5,6",0.317597746169175,0.256515775034294,1,85,21,65,0,2727,1617,1011.87489345274,0.0107102803738318
306186,Baseline,6,200,TRUE,6,"1,2,3,4,5,6",0.184373439840239,0.201530612244898,0,,13,47,1005,2438,1669.16666666667,605.957561770349,0.0101636363636364
306187,Baseline,6,200,TRUE,6,"1,2,3,4,5,6",0.244922059518186,0.193877551020408,0,,8,43,814,3016,1764.16666666667,851.063902810281,0.00968717948717949
306188,Baseline,6,200,TRUE,5,"1,3,4,5,6",0.36031746031746,0.244897959183673,1,97,12,81,0,1715,1032.5,746.01467813978,0.0101682242990654
306189,Baseline,6,200,TRUE,3,"3,5,6",0.55993873186521,0.428571428571429,3,126,6,81,0,2564,961.166666666667,1111.01330625095,0.0108627450980392
306190,Baseline,6,200,TRUE,6,"1,2,3,4,5,6",0.296822211072086,0.176020408163265,0,,12,73,440,2966,1660.83333333333,1019.81849692319,0.00726041666666667
306191,Baseline,6,200,TRUE,6,"1,2,3,4,5,6",0.169936342592593,0.196428571428571,0,,20,44,1086,2635,1920,635.031022864238,0.00733333333333333
306192,Baseline,6,200,TRUE,4,"2,3,4,6",0.501061263868789,0.341836734693878,3,106,7,97,0,2732,1151.66666666667,1131.73524583564,0.0117514124293785
306193,Baseline,6,200,TRUE,5,"1,2,3,5,6",0.264210526315789,0.26530612244898,1,165,13,71,190,2711,1741.66666666667,927.013628091123,0.00899745547073791
306194,Baseline,6,200,TRUE,6,"1,2,3,4,5,6",0.197055251973285,0.173469387755102,0,,12,40,1102,2786,1830,733.829135425952,0.00967948717948718
306195,Baseline,6,200,TRUE,6,"1,2,3,4,5,6",0.197674418604651,0.211734693877551,0,,24,47,866,2838,1863.33333333333,713.575690916294,0.00939031339031339
306196,Baseline,6,200,TRUE,3,"1,2,5",0.60019579050416,0.357340720221607,3,81,8,56,0,3250,1135,1402.55538215074,0.0132190476190476
306197,Baseline,6,200,TRUE,3,"4,5,6",0.618341708542713,0.395085066162571,3,86,20,91,0,1945,663.333333333333,858.486031724842,0.0102407407407407
306198,Baseline,6,200,TRUE,5,"1,2,4,5,6",0.395247828308636,0.224489795918367,1,80,10,99,0,3390,1304.66666666667,1126.28356405777,0.0089042904290429
306199,Baseline,6,200,TRUE,4,"1,2,5,6",0.356091332432026,0.263888888888889,2,128,20,102,0,1442,739.666666666667,538.32245603046,0.00873584905660377
306200,Baseline,6,200,TRUE,6,"1,2,3,4,5,6",0.157097288676236,0.188775510204082,0,,17,38,780,2688,2090,705.441138579258,0.00995767195767196
306201,Baseline,6,200,TRUE,5,"1,3,4,5,6",0.315298832549225,0.224489795918367,1,97,16,86,0,2621,1275.33333333333,840.914422915119,0.00879393939393939
306202,Baseline,6,200,TRUE,6,"1,2,3,4,5,6",0.128015041633091,0.24234693877551,0,,18,51,1339,2989,2068.33333333333,544.106852251161,0.00761739130434783
306203,Baseline,6,200,TRUE,6,"1,2,3,4,5,6",0.213538833484436,0.198979591836735,0,,6,61,1238,3393,1838.33333333333,868.165805976408,0.00843915343915344
306204,Baseline,6,200,TRUE,5,"1,2,3,5,6",0.339203354297694,0.211734693877551,1,105,14,78,0,2221,1060,728.973524896481,0.00833663366336634
306205,Baseline,6,200,TRUE,4,"2,3,5,6",0.483708530805687,0.252551020408163,2,87,22,64,0,3099,1125.33333333333,1138.97017812876,0.00954121863799283
306206,Baseline,6,200,TRUE,4,"1,2,3,4",0.412874900216672,0.268595041322314,2,112,14,56,0,2776,1461.5,1219.23873790165,0.0116091954022989
306207,Baseline,6,200,TRUE,6,"1,2,3,4,5,6",0.158649789029536,0.223593964334705,0,,20,47,924,2490,1843.33333333333,575.28103277152,0.00769418960244648
306208,Baseline,6,200,TRUE,5,"1,2,3,5,6",0.264245324053936,0.209183673469388,1,93,18,49,0,2425,1532.66666666667,844.76118913375,0.0085360824742268
306209,Baseline,6,200,TRUE,5,"1,2,3,4,6",0.313015839567309,0.211734693877551,1,76,13,62,0,2713,1581.83333333333,983.436305342988,0.00752469135802469
306210,Baseline,6,200,TRUE,3,"1,3,6",0.541821521636977,0.375739644970414,3,67,16,66,0,3140,1300.5,1458.88474527634,0.0100357142857143
306211,Baseline,6,200,TRUE,5,"1,2,4,5,6",0.284882855526778,0.237311385459534,1,140,8,35,202,3023,1866.16666666667,1047.41537446548,0.0098969696969697
306212,Baseline,6,200,TRUE,6,"1,2,3,4,5,6",0.135506387462136,0.198979591836735,0,,20,31,1529,3011,2109.16666666667,564.172107310054,0.00912429378531074
306213,Baseline,6,200,TRUE,4,"1,2,5,6",0.465785759478269,0.253772290809328,2,105,14,38,0,2536,1141.5,1040.08917886881,0.00791489361702128
306214,Baseline,6,200,TRUE,4,"1,3,5,6",0.454853039929748,0.267361111111111,2,169,16,72,0,2159,1075.5,967.596351791386,0.00983818770226537
306215,Baseline,6,200,TRUE,4,"1,2,4,5",0.449740667689386,0.270233196159122,2,110,11,92,0,1561,760.5,682.380172631064,0.0115649122807018
306216,Baseline,6,200,TRUE,5,"2,3,4,5,6",0.386358844613114,0.22,1,198,10,73,0,2648,1317.5,1021.46869751354,0.00808928571428571
306217,Baseline,6,200,TRUE,4,"1,4,5,6",0.407571401188422,0.28125,2,139,16,50,0,2553,1449.16666666667,1211.61948097027,0.00814239482200647
306218,Baseline,6,200,TRUE,6,"1,2,3,4,5,6",0.140205429200293,0.209183673469388,0,,17,22,1311,2884,2271.66666666667,642.159066483271,0.010241935483871
306219,Baseline,6,200,TRUE,5,"1,2,3,4,5",0.41996660927636,0.216836734693878,1,179,18,78,0,2831,1064.83333333333,956.317398496266,0.0102185792349727
306220,Baseline,6,200,TRUE,5,"1,2,3,4,5",0.321609417835833,0.223593964334705,1,185,8,55,0,3111,1722.5,1086.60549418821,0.00916949152542373
306221,Baseline,6,200,TRUE,4,"1,2,4,5",0.510943839419176,0.39030612244898,2,107,14,73,0,2768,1040.66666666667,1071.71930404685,0.0123838383838384
306222,Baseline,6,200,TRUE,6,"1,2,3,4,5,6",0.200118906064209,0.191326530612245,0,,15,38,840,3030,2102.5,842.776779461798,0.00852380952380952
306223,Baseline,6,200,TRUE,4,"2,3,4,5",0.405484520631352,0.364839319470699,2,108,8,81,0,2198,1186.16666666667,944.631233162797,0.00873076923076923
306224,Baseline,6,200,TRUE,6,"1,2,3,4,5,6",0.261957457272839,0.173469387755102,0,,22,34,726,3949,2259.16666666667,1176.41207349579,0.0107256637168142
306225,Baseline,6,200,TRUE,5,"1,3,4,5,6",0.295996681186476,0.229080932784636,1,121,11,48,0,2500,1607,967.976032761142,0.00939285714285714
306226,Baseline,6,200,TRUE,6,"1,2,3,4,5,6",0.151978021978022,0.216836734693878,0,,15,79,1027,2493,1516.66666666667,512.136179806374,0.00822391857506361
306227,Baseline,6,200,TRUE,6,"1,2,3,4,5,6",0.12257525083612,0.173469387755102,0,,18,102,641,1340,996.666666666667,240.194643293032,0.00822413793103448
306228,Baseline,6,200,TRUE,5,"1,2,3,5,6",0.33644219622721,0.247448979591837,1,81,11,83,0,3156,1581.5,1066.60465965605,0.0096264367816092
306229,Baseline,6,200,TRUE,5,"1,3,4,5,6",0.286764705882353,0.25,1,85,10,92,0,1858,1088,633.059870786326,0.00933333333333333
306230,Baseline,6,200,TRUE,5,"1,2,4,5,6",0.304263565891473,0.2224,1,188,13,65,0,1997,1146.66666666667,703.025935984347,0.00885534591194969
306231,Baseline,6,200,TRUE,6,"1,2,3,4,5,6",0.148606994665086,0.229591836734694,0,,13,63,963,1992,1405.83333333333,413.656097098383,0.00741449275362319
306232,Baseline,6,200,TRUE,4,"1,2,3,4",0.43537489902328,0.272727272727273,2,100,15,103,0,1422,756.5,657.805974433191,0.00874202898550725
306233,Baseline,6,200,TRUE,5,"1,2,3,4,6",0.321532749933705,0.215363511659808,2,88,14,57,0,3012,1676,1061.4250797866,0.00793650793650794
306234,Baseline,6,190,FALSE,1,1,0.833333333333333,1,7,85,14,80,0,1665,277.5,679.733403622332,0.00964750957854406
306235,Baseline,6,200,TRUE,6,"1,2,3,4,5,6",0.261220825852783,0.196159122085048,0,,22,56,550,2869,1856.66666666667,953.485535635789,0.0121297935103245
306236,Baseline,6,200,TRUE,4,"1,3,5,6",0.437270822420115,0.274305555555556,2,105,10,36,0,2462,1272.66666666667,1106.06395234031,0.00925454545454545
306237,Baseline,6,200,TRUE,5,"1,2,3,5,6",0.358650600350382,0.221938775510204,1,129,8,58,0,2629,1300.16666666667,916.512393078603,0.007376
306238,Baseline,6,200,TRUE,4,"3,4,5,6",0.389990210474792,0.368055555555556,2,175,10,46,-50,3395,1766,1447.63531319183,0.00992727272727273
306239,Baseline,6,200,TRUE,5,"1,3,4,5,6",0.310264291956725,0.216836734693878,1,163,5,32,0,2950,1843.5,1141.40452951616,0.00941975308641975
306240,Baseline,6,200,TRUE,6,"1,2,3,4,5,6",0.126175213675214,0.201530612244898,0,,19,48,967,1937,1560,389.314268939632,0.0101748633879781
306241,Baseline,6,200,TRUE,6,"1,2,3,4,5,6",0.183806818181818,0.211734693877551,0,,16,47,1004,2506,1760,630.180609032046,0.0116555555555556
306242,Baseline,6,200,TRUE,6,"1,2,3,4,5,6",0.201505692251194,0.204081632653061,0,,19,22,1138,3445,2269.16666666667,892.373781924742,0.00949707602339181
306243,Baseline,6,200,TRUE,4,"1,3,4,5",0.431146603780326,0.301587301587302,2,143,11,39,0,3232,1554.83333333333,1324.55236463745,0.00838690476190476
306244,Baseline,6,200,TRUE,5,"1,2,4,5,6",0.368238664963023,0.233727810650888,1,182,17,71,0,2995,1434.83333333333,1043.75733131158,0.0110327868852459
306245,Baseline,6,200,TRUE,6,"1,2,3,4,5,6",0.179764408918805,0.196428571428571,0,,8,19,1144,2996,1980.83333333333,692.066591208293,0.00854492753623189
306246,Baseline,6,200,TRUE,4,"1,3,4,6",0.317346217299081,0.253472222222222,2,88,20,90,0,1110,707.166666666667,478.933989884479,0.00897819314641744
306247,Baseline,6,200,TRUE,3,"1,4,6",0.562773292970064,0.650510204081633,3,136,10,85,0,3394,1321.33333333333,1519.5943757025,0.0116763754045307
306248,Baseline,6,200,TRUE,6,"1,2,3,4,5,6",0.166139044072005,0.209183673469388,0,,23,58,1086,2639,1790,576.967243437615,0.00812727272727273
306249,Baseline,6,200,TRUE,5,"1,3,4,5,6",0.275876434019099,0.262755102040816,1,199,12,56,0,2623,1733.66666666667,993.460349821102,0.00782336182336182
306250,Baseline,6,200,TRUE,4,"1,4,5,6",0.418882817243473,0.303155006858711,2,122,14,52,0,2555,1372.5,1150.57563853925,0.0086530612244898
306251,Baseline,6,200,TRUE,6,"1,2,3,4,5,6",0.204876957494407,0.198979591836735,0,,20,60,858,3358,1862.5,823.704012373377,0.00943417366946779
306252,Baseline,6,200,TRUE,6,"1,2,3,4,5,6",0.147638217928073,0.178571428571429,0,,8,30,1017,2607,2070,624.060253501215,0.00761988304093567
306253,Baseline,6,200,TRUE,6,"1,2,3,4,5,6",0.168104734771401,0.176020408163265,0,,24,43,1139,2880,2047.5,671.098427952264,0.00920218579234973
306254,Baseline,6,200,TRUE,5,"1,2,3,4,6",0.324193879646745,0.223593964334705,1,130,4,104,0,1696,811.5,546.511756506665,0.0131168091168091
306255,Baseline,6,200,TRUE,1,1,0.833333333333333,1,6,64,19,78,0,2128,354.666666666667,868.752362107101,0.00951898734177215
306256,Baseline,6,200,TRUE,6,"1,2,3,4,5,6",0.135199564092086,0.173469387755102,0,,20,28,1111,2659,2039.16666666667,565.813190608585,0.00891460055096419
306257,Baseline,6,200,TRUE,6,"1,2,3,4,5,6",0.145297972869989,0.209183673469388,0,,6,37,837,2356,1822.5,553.874985894832,0.00995870206489676
306258,Baseline,6,200,TRUE,6,"1,2,3,4,5,6",0.191380499241484,0.170918367346939,0,,11,30,821,2991,2014.16666666667,771.577971864585,0.00788778877887789
306259,Baseline,6,200,TRUE,6,"1,2,3,4,5,6",0.138032191069574,0.193877551020408,0,,18,34,1458,2740,2140,611.94738335906,0.0101299435028249
306260,Baseline,6,200,TRUE,4,"1,2,5,6",0.498007246376812,0.43491124260355,2,110,25,81,0,2768,1226.66666666667,1207.75786756563,0.0102834645669291
306261,Baseline,6,200,TRUE,6,"1,2,3,4,5,6",0.245827833993254,0.178571428571429,0,,6,54,762,2822,1894.16666666667,952.705918248998,0.00828228228228228
306262,Baseline,6,195,FALSE,1,6,0.833333333333333,1,6,102,19,92,0,947,157.833333333333,386.611131069278,0.0074954954954955
306263,Baseline,6,200,TRUE,5,"1,2,3,5,6",0.358175665282264,0.207133058984911,1,117,20,67,0,2628,1083.5,854.128503212485,0.00824242424242424
306264,Baseline,6,200,TRUE,6,"1,2,3,4,5,6",0.157278020378457,0.178571428571429,0,,12,72,1050,2185,1526.66666666667,499.803428026126,0.00908266666666667
306265,Baseline,6,200,TRUE,6,"1,2,3,4,5,6",0.247824696097249,0.173469387755102,0,,16,50,815,3315,1736.66666666667,886.156118675861,0.00906989247311828
306266,Baseline,6,200,TRUE,5,"1,2,3,5,6",0.296847019698133,0.2288,1,159,24,55,0,2705,1737.33333333333,1047.8128967839,0.00820338983050847
306267,Baseline,6,200,TRUE,6,"1,2,3,4,5,6",0.186714480874317,0.206632653061225,0,,16,72,1082,2580,1626.66666666667,620.504848221726,0.00766666666666667
306268,Baseline,6,200,TRUE,5,"1,3,4,5,6",0.249792703150912,0.256198347107438,1,193,18,30,0,2756,1876,1002.43842703679,0.00981111111111111
306269,Baseline,6,200,TRUE,5,"1,3,4,5,6",0.362637975248077,0.251028806584362,1,127,8,55,0,2728,1494.83333333333,1049.81701580164,0.00987570621468927
306270,Baseline,6,200,TRUE,5,"1,2,4,5,6",0.329672109901503,0.248285322359396,1,134,10,54,0,2958,1714.66666666667,1123.32963401963,0.009696
306271,Baseline,6,200,TRUE,5,"1,2,3,4,5",0.286800915906025,0.346938775510204,1,77,8,61,0,2841,1771.16666666667,1043.69946185033,0.0108613569321534
306272,Baseline,6,200,TRUE,5,"2,3,4,5,6",0.352570021545091,0.214285714285714,2,96,14,68,0,2278,1083,759.976315420422,0.00892035398230089
306273,Baseline,6,200,TRUE,5,"2,3,4,5,6",0.261684470238596,0.23469387755102,1,180,14,29,0,3091,1981.5,1084.25841015876,0.00770491803278689
306274,Baseline,6,200,TRUE,6,"1,2,3,4,5,6",0.213590449954086,0.193877551020408,0,,9,55,985,2632,1815,790.292350968931,0.00986351706036745
306275,Baseline,6,200,TRUE,3,"2,3,6",0.576168404789494,0.375739644970414,3,66,13,103,0,2030,719.166666666667,854.132639972661,0.0106746031746032
306276,Baseline,6,200,TRUE,5,"1,3,4,5,6",0.229336797822321,0.211734693877551,1,115,29,39,0,2535,1796,925.511318137169,0.00710734463276836
306277,Baseline,6,181,FALSE,1,3,0.833333333333333,1,6,99,17,97,0,4546,757.666666666667,1855.89672844872,0.0172369477911647
306278,Baseline,6,200,TRUE,6,"1,2,3,4,5,6",0.224373333333333,0.193877551020408,0,,11,82,760,2366,1562.5,695.258153494082,0.00911504424778761
306279,Baseline,6,200,TRUE,6,"1,2,3,4,5,6",0.140255236509918,0.206632653061225,0,,17,29,824,2573,2002.5,617.694665672288,0.00942777777777778
306280,Baseline,6,200,TRUE,5,"1,3,4,5,6",0.267871170463472,0.298469387755102,1,163,22,43,0,2522,1697.33333333333,950.773509657619,0.00964769647696477
306281,Baseline,6,200,TRUE,4,"2,4,5,6",0.472238177292744,0.265432098765432,2,168,21,78,0,2209,870.5,828.539860236066,0.00814414414414414
306282,Baseline,6,200,TRUE,2,"3,5",0.698921926621457,0.5,4,105,17,114,0,1144,319.5,508.681334432472,0.00911877394636015
306283,Baseline,6,200,TRUE,4,"1,3,5,6",0.461425127243504,0.561224489795918,2,145,20,49,0,3011,1244.33333333333,1145.52637100447,0.0102654320987654
306284,Baseline,6,200,TRUE,4,"1,4,5,6",0.45248731909349,0.28,2,109,12,60,0,3025,1193.83333333333,1123.48945997133,0.01034
306285,Baseline,6,200,TRUE,6,"1,2,3,4,5,6",0.130537159676232,0.188775510204082,0,,30,78,1060,2143,1510,405.680662590664,0.009249343832021
306286,Baseline,6,200,TRUE,6,"1,2,3,4,5,6",0.163725981620718,0.196428571428571,0,,23,69,980,2417,1662.5,536.577580597624,0.0101101928374656
306287,Baseline,6,200,TRUE,6,"1,2,3,4,5,6",0.181013147718484,0.196428571428571,0,,15,69,873,2290,1436.66666666667,517.300170758397,0.00802067183462532
306288,Baseline,6,200,TRUE,6,"1,2,3,4,5,6",0.130366346287784,0.191326530612245,0,,18,23,1032,2421,1994.16666666667,548.908523040649,0.00908571428571429
306289,Baseline,6,200,TRUE,6,"1,2,3,4,5,6",0.203655913978495,0.204081632653061,0,,18,47,768,2597,1808.33333333333,728.477224535309,0.00955963302752294
306290,Baseline,6,200,TRUE,5,"1,2,3,4,5",0.29173330490102,0.318877551020408,2,137,16,53,0,2452,1563.16666666667,921.334340327477,0.0153112947658402
306291,Baseline,6,200,TRUE,5,"1,2,3,5,6",0.334375342766261,0.22189349112426,1,135,10,57,0,2620,1519.5,996.965947261991,0.0103030303030303
306292,Baseline,6,200,TRUE,4,"1,4,5,6",0.510086524212438,0.272959183673469,2,91,16,81,0,3203,1162.16666666667,1205.31845031372,0.00771339563862928
306293,Baseline,6,200,TRUE,6,"1,2,3,4,5,6",0.265482233502538,0.188775510204082,0,,14,58,777,2900,1641.66666666667,914.828654266288,0.0085089058524173
306294,Baseline,6,200,TRUE,6,"1,2,3,4,5,6",0.205131522207848,0.211734693877551,0,,14,55,895,2745,1932.5,803.027209999761,0.00956125356125356
306295,Baseline,6,200,TRUE,4,"2,3,4,6",0.517939315501869,0.267857142857143,2,118,11,35,0,4140,1545.33333333333,1594.3989044987,0.0114611111111111
306296,Baseline,6,200,TRUE,4,"1,2,3,5",0.441379135633581,0.281065088757396,2,129,14,75,0,2200,1096.5,953.76260148949,0.00847368421052632
306297,Baseline,6,200,TRUE,6,"1,2,3,4,5,6",0.162259161314696,0.183673469387755,0,,14,26,1454,3187,2205.83333333333,710.851719183872,0.00855466666666667
306298,Baseline,6,200,TRUE,4,"1,2,3,4",0.503834603834604,0.266272189349112,2,82,12,63,0,2832,1202.5,1218.40810076099,0.0131135531135531
306299,Baseline,6,200,TRUE,5,"1,3,4,5,6",0.313229886450883,0.214285714285714,1,85,13,62,198,2442,1374.83333333333,834.762101839001,0.0107861635220126
306300,Baseline,6,200,TRUE,6,"1,2,3,4,5,6",0.264334862385321,0.176020408163265,0,,16,81,869,2911,1453.33333333333,846.610811805913,0.00865027322404372
306301,Baseline,6,200,TRUE,5,"1,2,3,4,5",0.224261279947095,0.272189349112426,2,149,27,54,0,2680,1848.16666666667,948.746629330859,0.00783018867924528
306302,Baseline,6,200,TRUE,6,"1,2,3,4,5,6",0.126849609900457,0.178571428571429,0,,18,32,1280,2812,2065,519.649112382577,0.00957894736842105
306303,Baseline,6,200,TRUE,6,"1,2,3,4,5,6",0.0932148148148146,0.182441700960219,0,,28,28,1106,2301,1875,401.914418751057,0.00821428571428571
306304,Baseline,6,200,TRUE,5,"1,2,4,5,6",0.3074,0.281065088757396,1,164,24,39,0,2832,1666.66666666667,1017.41253514328,0.0101169590643275
306305,Baseline,6,200,TRUE,6,"1,2,3,4,5,6",0.266682761950748,0.183673469387755,0,,8,65,890,3147,1725.83333333333,927.733456692528,0.009359375
306306,Baseline,6,200,TRUE,5,"1,2,4,5,6",0.335793357933579,0.247448979591837,1,152,18,52,0,2749,1355,909.490406766339,0.00968817204301075
306307,Baseline,6,200,TRUE,5,"2,3,4,5,6",0.352093169656909,0.275147928994083,1,168,13,54,0,3778,1765,1252.26386995713,0.007616
306308,Baseline,6,200,TRUE,4,"1,3,4,6",0.450679711260122,0.584183673469388,2,139,12,86,0,3070,1516.16666666667,1386.3650914051,0.0132364672364672
306309,Baseline,6,200,TRUE,5,"1,3,4,5,6",0.304590958861254,0.223593964334705,1,127,20,53,0,2456,1420.66666666667,889.320564625977,0.00823655913978495
306310,Baseline,6,200,TRUE,5,"2,3,4,5,6",0.28668101620846,0.267857142857143,1,126,10,49,0,2811,1703.5,1005.56088826088,0.00850434782608696
306311,Baseline,6,200,TRUE,6,"1,2,3,4,5,6",0.224723247232472,0.186224489795918,0,,8,62,785,2745,1806.66666666667,801.071948495681,0.00898162729658793
306312,Baseline,6,200,TRUE,5,"1,3,4,5,6",0.305457617158807,0.244897959183673,1,115,17,49,0,2539,1512.66666666667,933.429947380449,0.0130377358490566
306313,Baseline,6,200,TRUE,6,"1,2,3,4,5,6",0.200568585643212,0.25765306122449,0,,27,62,820,2555,1563.33333333333,617.682658544553,0.00794920634920635
306314,Baseline,6,200,TRUE,6,"1,2,3,4,5,6",0.258743310892456,0.186224489795918,0,,14,79,943,2842,1609.16666666667,898.423600906981,0.0111291291291291
306315,Baseline,6,200,TRUE,6,"1,2,3,4,5,6",0.144058530310339,0.206632653061225,0,,23,49,910,2369,1727.5,496.87453144632,0.0112746666666667
306316,Baseline,6,200,TRUE,6,"1,2,3,4,5,6",0.214964568570238,0.198979591836735,0,,14,43,983,3248,1999.16666666667,837.175111112763,0.0111822916666667
306317,Baseline,6,200,TRUE,6,"1,2,3,4,5,6",0.221498226950354,0.201530612244898,0,,8,82,646,2101,1253.33333333333,544.046566634389,0.0108617886178862
306318,Baseline,6,200,TRUE,5,"2,3,4,5,6",0.275051652892562,0.24234693877551,1,72,16,63,0,2284,1290.66666666667,744.615784594086,0.00837254901960784
306319,Baseline,6,200,TRUE,5,"1,2,3,4,5",0.308138447146866,0.255198487712665,1,197,10,43,0,2943,1781.66666666667,1094.90303984721,0.010504347826087
306320,Baseline,6,200,TRUE,4,"3,4,5,6",0.449928818385194,0.423868312757202,2,115,8,76,0,2807,1365.83333333333,1207.57582232615,0.0129181286549708
306321,Baseline,6,200,TRUE,5,"1,2,3,5,6",0.442269076305221,0.221938775510204,1,69,10,57,0,3579,1217.33333333333,1224.75004252569,0.0112037037037037
306322,Baseline,6,200,TRUE,4,"1,3,5,6",0.48938552926283,0.272976680384088,2,81,16,63,0,3071,1141,1142.03450035452,0.00870870870870871
306323,Baseline,6,200,TRUE,5,"1,2,3,4,5",0.298740920096852,0.211805555555556,1,179,16,44,0,2706,1720.83333333333,1032.05511803715,0.00793548387096774
306324,Baseline,6,200,TRUE,6,"1,2,3,4,5,6",0.211400312337324,0.176020408163265,0,,14,82,1056,2976,1600.83333333333,738.658626610877,0.00760401002506266
306325,Baseline,6,200,TRUE,4,"1,2,3,6",0.457825890843482,0.316326530612245,2,112,14,65,0,3282,1478,1332.19097730018,0.00939031339031339
306326,Baseline,6,200,TRUE,3,"3,5,6",0.534091856297408,0.330812854442344,4,72,12,90,0,1731,666.5,710.892889259697,0.0131794871794872
306327,Baseline,6,200,TRUE,5,"1,2,4,5,6",0.349589297132458,0.227810650887574,1,164,34,56,0,2172,1129.5,791.023071724207,0.00930555555555556
306328,Baseline,6,200,TRUE,6,"1,2,3,4,5,6",0.0952141660684374,0.201646090534979,0,,10,13,1893,2988,2321.66666666667,443.756539857912,0.0102113821138211
306329,Baseline,6,200,TRUE,6,"1,2,3,4,5,6",0.27335744424352,0.178571428571429,0,,9,45,923,3662,1843.33333333333,1039.10993964386,0.0129071038251366
306330,Baseline,6,200,TRUE,5,"1,2,4,5,6",0.36033411033411,0.278061224489796,1,146,12,69,0,2602,1430,999.660542384264,0.0157117117117117
306331,Baseline,6,200,TRUE,5,"1,2,4,5,6",0.2061015521208,0.22,1,194,27,35,188,2395,1714.5,790.630318163932,0.0118643067846608
306332,Baseline,6,200,TRUE,6,"1,2,3,4,5,6",0.163936186531677,0.183673469387755,0,,8,28,1005,2420,1810.83333333333,626.132706913372,0.0101052631578947
306333,Baseline,6,200,TRUE,5,"1,2,3,4,6",0.286728252501925,0.206632653061225,1,124,19,30,0,2884,1804.16666666667,1054.83750723354,0.00910204081632653
306334,Baseline,6,200,TRUE,6,"1,2,3,4,5,6",0.236309199782254,0.232142857142857,0,,9,57,595,2568,1530.83333333333,717.727083693145,0.0133623188405797
306335,Baseline,6,200,TRUE,5,"1,2,3,4,6",0.289789131308702,0.211734693877551,1,136,14,41,0,2636,1520.16666666667,904.235902111095,0.0070778816199377
306336,Baseline,6,200,TRUE,5,"1,3,4,5,6",0.365291777700537,0.214285714285714,1,85,18,61,0,3442,1438.5,1126.39864168952,0.00849425287356322
306337,Baseline,6,200,TRUE,5,"1,2,3,4,5",0.273568544562773,0.204861111111111,1,197,14,26,0,2983,2050.16666666667,1192.05661219032,0.00729476584022039
306338,Baseline,6,200,TRUE,5,"1,2,3,4,5",0.425152207001522,0.23469387755102,1,137,14,70,0,3615,1460,1271.98600621233,0.0109201101928375
306339,Baseline,6,200,TRUE,6,"1,2,3,4,5,6",0.215105105105105,0.183673469387755,0,,17,43,626,2665,1850,785.928749951292,0.00969747899159664
306340,Baseline,6,200,TRUE,3,"2,4,6",0.561382203576948,0.337868480725624,4,94,11,78,0,2049,754.833333333333,878.203943663809,0.0087183908045977
306341,Baseline,6,200,TRUE,5,"2,3,4,5,6",0.328206208737182,0.22189349112426,1,174,10,34,0,2739,1582,1032.22981937164,0.0105321637426901
306342,Baseline,6,200,TRUE,4,"2,3,4,6",0.483939802336029,0.284722222222222,2,114,12,62,0,2646,989.333333333333,980.265202211456,0.00924579124579125
306343,Baseline,6,200,TRUE,4,"2,3,5,6",0.502691947565543,0.292181069958848,2,96,10,81,0,2395,949.333333333333,941.062307536896,0.0102898550724638
306344,Baseline,6,200,TRUE,5,"1,2,4,5,6",0.361487470862471,0.22189349112426,1,146,13,50,0,3067,1525.33333333333,1079.60857104168,0.0095230352303523
306345,Baseline,6,200,TRUE,6,"1,2,3,4,5,6",0.176017000607164,0.214285714285714,0,,12,67,950,2219,1372.5,505.503610273953,0.00878461538461539
306346,Baseline,6,200,TRUE,5,"1,2,3,4,5",0.315934567495527,0.255102040816327,1,137,19,62,0,2716,1521.5,952.021375810438,0.00812535612535613
306347,Baseline,6,200,TRUE,4,"1,2,5,6",0.520454172815215,0.358024691358025,2,183,10,67,0,3520,1355.33333333333,1395.02540000771,0.0156068376068376
306348,Baseline,6,200,TRUE,5,"1,2,4,5,6",0.27349369178163,0.234567901234568,1,92,17,30,200,3173,1884.66666666667,1028.44866992314,0.0121275362318841
306349,Baseline,6,200,TRUE,5,"1,2,3,4,5",0.302584184263573,0.2064,1,191,6,61,0,2701,1681.16666666667,1014.17186249011,0.00812466124661247
306350,Baseline,6,200,TRUE,4,"3,4,5,6",0.475152589092341,0.294924554183813,2,115,11,81,0,3473,1410.83333333333,1328.37410644241,0.00872514619883041
306351,Baseline,6,200,TRUE,5,"1,3,4,5,6",0.280367649128733,0.21875,1,163,9,25,0,2991,1973.5,1132.19410879937,0.0100225988700565
306352,Baseline,6,200,TRUE,6,"1,2,3,4,5,6",0.246173070915339,0.198979591836735,0,,12,49,935,3163,1778.33333333333,872.147617474626,0.00914035087719298
306353,Baseline,6,200,TRUE,6,"1,2,3,4,5,6",0.231264262893656,0.201530612244898,0,,16,49,930,3236,1825.83333333333,844.889677216302,0.00992528735632184
306354,Baseline,6,200,TRUE,5,"1,3,4,5,6",0.363399247846658,0.219387755102041,1,61,4,60,0,2568,1373.83333333333,964.574189301511,0.00837222222222222
306355,Baseline,6,200,TRUE,4,"2,3,4,6",0.451486175969165,0.329081632653061,2,88,6,64,0,3293,1499,1331.57680965087,0.00937071651090343
306356,Baseline,6,200,TRUE,3,"2,3,4",0.567136961320664,0.338374291115312,3,100,14,45,0,2822,1157.66666666667,1359.62210436086,0.00963703703703704
306357,Baseline,6,200,TRUE,6,"1,2,3,4,5,6",0.251081282624907,0.201530612244898,0,,20,51,726,2877,1862.5,938.203336169724,0.0109902912621359
306358,Baseline,6,192,FALSE,1,5,0.811537343795408,1,7,66,24,94,0,4288,764.666666666667,1730.24006041551,0.0122878787878788
306359,Baseline,6,200,TRUE,6,"1,2,3,4,5,6",0.231387445021991,0.178571428571429,0,,12,37,880,3222,2084.16666666667,948.670947519036,0.0102188295165394
306360,Baseline,6,200,TRUE,6,"1,2,3,4,5,6",0.248133971291866,0.23469387755102,0,,12,60,387,2825,1741.66666666667,848.388040148296,0.010448087431694
306361,Baseline,6,200,TRUE,3,"3,4,6",0.58561218147918,0.451303155006859,3,60,6,73,0,2813,1072.66666666667,1297.78698817127,0.0159339933993399
306362,Baseline,6,200,TRUE,5,"1,2,3,4,6",0.320460208119595,0.227040816326531,1,82,22,76,0,2328,1137.16666666667,754.044936768802,0.0121822916666667
306363,Baseline,6,200,TRUE,5,"1,2,4,5,6",0.290705162605989,0.239644970414201,1,188,10,70,300,2753,1552.83333333333,879.221341111933,0.0128491228070175
306364,Baseline,6,200,TRUE,2,"1,2",0.656579910107662,0.5078125,5,95,10,93,0,1694,531.5,761.642895325625,0.00993939393939394
306365,Baseline,6,200,TRUE,6,"1,2,3,4,5,6",0.172121212121212,0.191326530612245,0,,9,65,1052,2627,1741.66666666667,583.105021987177,0.0094733893557423
306366,Baseline,6,200,TRUE,4,"3,4,5,6",0.456408434020374,0.2734375,2,186,19,51,0,2810,1407,1289.02366153613,0.00944047619047619
306367,Baseline,6,200,TRUE,6,"1,2,3,4,5,6",0.205916305916306,0.224489795918367,0,,9,44,1014,2738,1732.5,731.809743034349,0.0117931034482759
306368,Baseline,6,200,TRUE,2,"4,6",0.67710672988936,0.504132231404959,5,90,8,95,0,2229,667.833333333333,1011.7427373926,0.0148838951310861
306369,Baseline,6,200,TRUE,5,"1,2,3,5,6",0.364339172629328,0.217391304347826,1,183,8,89,0,2784,1351,959.933331018358,0.0093033033033033
306370,Baseline,6,200,TRUE,6,"1,2,3,4,5,6",0.237284946236559,0.198902606310014,0,,9,31,877,3221,2066.66666666667,956.988958487331,0.00814285714285714
306371,Baseline,6,200,TRUE,2,"4,6",0.781133160770779,0.706632653061224,4,110,17,121,0,3910,772.666666666667,1564.16708399923,0.0142385321100917
306372,Baseline,6,200,TRUE,6,"1,2,3,4,5,6",0.213825191093386,0.181122448979592,0,,14,57,971,2627,1671.66666666667,719.431349516176,0.0121744548286604
306373,Baseline,6,200,TRUE,5,"1,2,4,5,6",0.362982533392044,0.204081632653061,2,80,14,50,0,3333,1514,1119.35535019046,0.0127420289855072
306374,Baseline,6,200,TRUE,6,"1,2,3,4,5,6",0.198779591236583,0.178571428571429,0,,10,55,974,2942,1889.16666666667,727.547226416723,0.00928571428571429
306375,Baseline,6,200,TRUE,3,"2,4,5",0.702851978308897,0.681755829903978,3,113,20,114,0,3621,829.833333333333,1409.11112644343,0.0175497076023392
306376,Baseline,6,200,TRUE,6,"1,2,3,4,5,6",0.144322344322344,0.211734693877551,0,,16,39,933,2396,1820,528.175349670921,0.0091875
306377,Baseline,6,200,TRUE,5,"1,2,4,5,6",0.321540880503145,0.211734693877551,1,116,19,67,0,2155,1201.33333333333,760.222511286444,0.00960606060606061
306378,Baseline,6,200,TRUE,3,"2,5,6",0.588541666666667,0.517146776406036,3,78,14,104,0,2886,906.666666666667,1117.73693983274,0.0240192307692308
306379,Baseline,6,200,TRUE,3,"1,4,5",0.548513302034429,0.561224489795918,3,113,9,104,0,3199,1278,1446.77448138955,0.0172324929971989
306380,Baseline,6,200,TRUE,5,"1,2,3,4,5",0.3288863549981,0.221938775510204,1,125,24,53,0,2817,1461.66666666667,949.166722270996,0.0113217391304348
306381,Baseline,6,200,TRUE,3,"3,4,6",0.537979270855983,0.395085066162571,3,126,10,69,0,1875,766.5,860.328018839326,0.010891156462585
306382,Baseline,6,200,TRUE,6,"1,2,3,4,5,6",0.227275985663082,0.173469387755102,0,,22,50,801,2360,1550,715.02055914498,0.00948623853211009
306383,Baseline,6,200,TRUE,5,"1,2,3,4,5",0.261170423092131,0.244897959183673,1,101,19,70,200,2204,1405,728.133778917034,0.0100540540540541
306384,Baseline,6,200,TRUE,5,"1,2,3,4,6",0.367036533816425,0.201530612244898,1,88,18,59,0,3012,1472,1090.170078474,0.00802402402402402
306385,Baseline,6,200,TRUE,3,"1,3,4",0.597127222982216,0.364795918367347,4,100,6,64,0,2976,974.666666666667,1211.17375577027,0.00882051282051282
306386,Baseline,6,200,TRUE,3,"2,5,6",0.60709741912032,0.377162629757785,3,110,11,60,0,3535,1222.66666666667,1535.87469106912,0.0100495867768595
306387,Baseline,6,200,TRUE,5,"1,2,3,4,5",0.3304525926666,0.240054869684499,1,125,14,52,0,3154,1668.16666666667,1084.94025949205,0.0120054200542005
306388,Baseline,6,200,TRUE,6,"1,2,3,4,5,6",0.225877192982456,0.178571428571429,0,,11,44,911,2874,1773.33333333333,786.360138019894,0.00864880952380952
306389,Baseline,6,200,TRUE,4,"1,2,5,6",0.404883227176221,0.251479289940828,2,69,16,61,0,2015,1046.66666666667,857.588401662865,0.00916312056737589
306390,Baseline,6,200,TRUE,5,"1,2,3,4,5",0.276948848133181,0.267857142857143,1,107,22,57,0,2336,1608.5,933.002197210703,0.0109816272965879
306391,Baseline,6,200,TRUE,5,"1,3,4,5,6",0.300634428829626,0.212620027434842,1,73,7,51,0,2522,1506.16666666667,919.90008515418,0.00886363636363636
306392,Baseline,6,200,TRUE,3,"1,5,6",0.593900592041856,0.346260387811634,4,97,20,50,0,2372,807,987.157332951541,0.00900617283950617
306393,Baseline,6,200,TRUE,6,"1,2,3,4,5,6",0.214003108661862,0.211734693877551,0,,15,59,1204,3299,1965.83333333333,845.957780664418,0.00875252525252525
306394,Baseline,6,200,TRUE,5,"1,2,4,5,6",0.297017797017797,0.326530612244898,1,194,22,61,0,2640,1732.5,1059.49266160743,0.010010582010582
306395,Baseline,6,200,TRUE,5,"2,3,4,5,6",0.332165227695954,0.218106995884774,1,102,17,52,0,3065,1640.83333333333,1071.3599612953,0.00952750809061489
306396,Baseline,6,200,TRUE,4,"1,3,4,5",0.442232524315971,0.293388429752066,3,89,12,50,0,2664,1222.33333333333,1067.03489477461,0.00809345794392523
306397,Baseline,6,200,TRUE,6,"1,2,3,4,5,6",0.195069358604587,0.193877551020408,0,,8,35,1304,3148,2022.5,813.324719899746,0.0107111111111111
306398,Baseline,6,200,TRUE,5,"1,2,3,4,6",0.342691829760795,0.212620027434842,1,100,14,58,0,2896,1430.66666666667,980.45941612423,0.00930065359477124
306399,Baseline,6,200,TRUE,5,"1,3,4,5,6",0.34222533312594,0.223593964334705,1,145,9,71,0,2007,1071.5,717.606507774282,0.0125245901639344
306400,Baseline,6,200,TRUE,6,"1,2,3,4,5,6",0.230522522522523,0.191326530612245,0,,12,83,451,2246,1541.66666666667,704.01410970709,0.00916949152542373
306401,Baseline,6,200,TRUE,3,"1,2,3",0.614607697214544,0.335180055401662,4,93,16,105,0,2557,783.833333333333,1018.81468710785,0.00964485981308411
306402,Baseline,6,200,TRUE,5,"1,2,3,4,5",0.32673835125448,0.245562130177515,1,173,10,54,0,2742,1550,997.586086510833,0.00800520833333333
306403,Baseline,6,200,TRUE,6,"1,2,3,4,5,6",0.185931254996003,0.204081632653061,0,,12,83,776,1971,1390,515.800736719133,0.0116205962059621
306404,Baseline,6,200,TRUE,6,"1,2,3,4,5,6",0.23062970568104,0.209183673469388,0,,27,67,839,3081,1623.33333333333,792.398805316279,0.0103834808259587
306405,Baseline,6,200,TRUE,6,"1,2,3,4,5,6",0.149451887941535,0.206632653061225,0,,18,44,1243,2778,2052.5,607.05741079407,0.009375
306406,Baseline,6,200,TRUE,5,"1,2,3,4,6",0.31547619047619,0.216836734693878,2,70,6,48,0,2984,1782.66666666667,1108.57271600318,0.00675
306407,Baseline,6,200,TRUE,4,"1,2,5,6",0.447837294817847,0.336734693877551,2,123,14,61,0,3133,1465.5,1293.75743476125,0.0097037037037037
306408,Baseline,6,200,TRUE,5,"2,3,4,5,6",0.343809326567947,0.207133058984911,1,78,9,41,0,3105,1609.5,1088.96717122235,0.0086358024691358
306409,Baseline,6,200,TRUE,6,"1,2,3,4,5,6",0.261248527679623,0.201646090534979,0,,14,45,732,3182,1886.66666666667,958.174027338806,0.00927619047619048
306410,Baseline,6,200,TRUE,4,"1,3,5,6",0.514810776429967,0.321428571428571,3,81,12,89,0,3138,1222.83333333333,1242.14885044695,0.0136096096096096
306411,Baseline,6,200,TRUE,5,"1,2,3,4,6",0.402403204272363,0.227040816326531,1,118,6,78,0,2607,1248.33333333333,983.967004866864,0.00896755162241888
306412,Baseline,6,200,TRUE,6,"1,2,3,4,5,6",0.219127016402332,0.181122448979592,0,,8,36,962,3370,2049.16666666667,876.289544994499,0.00742076502732241
306413,Baseline,6,200,TRUE,5,"1,2,3,4,6",0.323533037475345,0.240054869684499,2,76,18,110,0,1593,901.333333333333,571.102325916001,0.0105981308411215
306414,Baseline,6,200,TRUE,3,"1,2,3",0.630595432794233,0.599489795918367,4,137,12,101,0,3101,917.166666666667,1231.65797470997,0.011969696969697
306415,Baseline,6,200,TRUE,4,"2,4,5,6",0.412539127232554,0.269230769230769,2,120,10,69,0,1829,905.166666666667,750.881726150442,0.00840522875816994
306416,Baseline,6,200,TRUE,6,"1,2,3,4,5,6",0.205211325400082,0.186224489795918,0,,17,54,929,3143,2030.83333333333,807.899106737139,0.00825268817204301
306417,Baseline,6,165,FALSE,1,6,0.833333333333333,1,5,85,20,91,0,1281,213.5,522.966060084209,0.00796774193548387
306418,Baseline,6,200,TRUE,6,"1,2,3,4,5,6",0.201882145998241,0.183673469387755,0,,17,66,848,2521,1579.16666666667,623.323163909915,0.00833333333333333
306419,Baseline,6,200,TRUE,6,"1,2,3,4,5,6",0.17360594795539,0.193877551020408,0,,11,40,960,2674,2017.5,703.177573590057,0.00915819209039548
306420,Baseline,6,200,TRUE,2,"1,2",0.726089324618736,0.928669410150891,4,75,11,129,0,4151,1020,1724.25995719903,0.019340206185567
306421,Baseline,6,200,TRUE,5,"1,3,4,5,6",0.348765432098765,0.227040816326531,1,139,16,66,0,2163,1206,821.932357314153,0.00921637426900585
306422,Baseline,6,200,TRUE,6,"1,2,3,4,5,6",0.122733548090198,0.193877551020408,0,,22,54,1291,2444,1810.83333333333,435.058348577138,0.0123216374269006
306423,Baseline,6,200,TRUE,5,"1,3,4,5,6",0.303939532753092,0.22189349112426,1,145,16,64,0,2304,1455.33333333333,883.28538234631,0.00905454545454545
306424,Baseline,6,200,TRUE,5,"1,2,4,5,6",0.350696003592277,0.254437869822485,1,104,18,58,0,2705,1484.66666666667,1015.68177431057,0.00972727272727273
306425,Baseline,6,200,TRUE,6,"1,2,3,4,5,6",0.278192564940115,0.183673469387755,0,,11,55,717,3436,1785.83333333333,990.409090561404,0.0111920903954802
306426,Baseline,6,200,TRUE,6,"1,2,3,4,5,6",0.212736888497135,0.170918367346939,0,,20,37,707,2759,1890.83333333333,821.634326611703,0.00864242424242424
306427,Baseline,6,200,TRUE,6,"1,2,3,4,5,6",0.239569005043558,0.176020408163265,0,,8,52,897,2862,1817.5,869.540050831473,0.00920606060606061
306428,Baseline,6,200,TRUE,5,"1,2,3,4,6",0.351885819098934,0.260204081632653,1,58,13,73,0,2649,1453.83333333333,998.041966385516,0.00977777777777778
306429,Baseline,6,200,TRUE,6,"1,2,3,4,5,6",0.183018315018315,0.181122448979592,0,,19,65,981,2650,1895.83333333333,704.414484992087,0.00789071038251366
306430,Baseline,6,200,TRUE,6,"1,2,3,4,5,6",0.239230769230769,0.188775510204082,0,,19,33,743,3261,1950,911.712893404497,0.0133394495412844
306431,Baseline,6,200,TRUE,6,"1,2,3,4,5,6",0.196663489037178,0.198902606310014,0,,12,38,926,2541,1748.33333333333,675.837751732372,0.00891131498470948
306432,Baseline,6,200,TRUE,5,"1,3,4,5,6",0.312627352271365,0.295138888888889,1,169,16,53,0,3102,1854,1149.98069549015,0.0111881720430108
306433,Baseline,6,200,TRUE,5,"1,2,3,4,5",0.371410301127776,0.237244897959184,1,95,16,58,0,3156,1433.5,1064.1933564912,0.00779649122807018
306434,Baseline,6,200,TRUE,5,"1,2,3,4,6",0.37354954954955,0.204389574759945,1,88,18,49,0,2946,1541.66666666667,1125.91876557177,0.00861805555555556
306435,Baseline,6,200,TRUE,5,"1,2,3,4,5",0.321779275978309,0.22189349112426,1,155,5,62,0,2256,1137.16666666667,739.74250024361,0.008
306436,Baseline,6,200,TRUE,5,"1,2,3,4,5",0.312809835415427,0.25765306122449,2,83,12,83,0,2014,1120.66666666667,704.243897145489,0.0134808259587021
306437,Baseline,6,200,TRUE,6,"1,2,3,4,5,6",0.255641646489104,0.204081632653061,0,,15,59,913,3507,1720.83333333333,954.515252191743,0.00883333333333333
306438,Baseline,6,200,TRUE,4,"1,3,4,5",0.467671780403221,0.2890625,2,83,12,92,0,2220,945.166666666667,869.051072530646,0.0107210884353742
306439,Baseline,6,200,TRUE,6,"1,2,3,4,5,6",0.19997385620915,0.183673469387755,0,,10,45,1166,3148,2125,842.404653358468,0.0107733333333333
306440,Baseline,6,200,TRUE,4,"2,4,5,6",0.428168314596596,0.262002743484225,3,104,12,53,0,2388,1230.5,1044.25087981768,0.00903703703703704
306441,Baseline,6,200,TRUE,4,"1,2,5,6",0.504261796042618,0.256515775034294,2,105,2,87,0,2915,1095,1104.6025529574,0.0154526315789474
306442,Baseline,6,200,TRUE,6,"1,2,3,4,5,6",0.200663349917081,0.196428571428571,0,,13,55,1097,3295,2010,798.90875574123,0.0110716510903427
306443,Baseline,6,200,TRUE,4,"1,2,4,6",0.469472529195078,0.489711934156379,2,130,12,87,0,2870,1417.66666666667,1333.31806657926,0.00924590163934426
306444,Baseline,6,200,TRUE,5,"1,3,4,5,6",0.316934660541092,0.355281207133059,1,85,10,63,0,3017,1741.33333333333,1088.50680598087,0.0113770491803279
306445,Baseline,6,200,TRUE,4,"2,3,4,6",0.420035720084429,0.2832,2,76,17,59,0,2757,1368.66666666667,1121.49537077362,0.0154159292035398
306446,Baseline,6,200,TRUE,6,"1,2,3,4,5,6",0.222630560928433,0.181122448979592,0,,18,101,738,2584,1292.5,659.609202482803,0.00764266666666667
306447,Baseline,6,200,TRUE,5,"1,3,4,5,6",0.309099517906336,0.224489795918367,1,109,18,59,0,2598,1290.66666666667,833.383385163555,0.00966071428571429
306448,Baseline,6,200,TRUE,6,"1,2,3,4,5,6",0.248084565251947,0.170918367346939,0,,6,45,643,2729,1747.5,867.568268207177,0.00836636636636637
306449,Baseline,6,200,TRUE,5,"1,2,3,4,6",0.359385219097449,0.20414201183432,1,166,12,67,0,2427,1274.16666666667,948.26017878358,0.0109929078014184
306450,Baseline,6,200,TRUE,5,"1,2,3,5,6",0.315607222359634,0.227040816326531,1,93,11,82,0,2548,1347.66666666667,852.529100187593,0.00854545454545455
306451,Baseline,6,200,TRUE,6,"1,2,3,4,5,6",0.234218629715165,0.170918367346939,0,,5,68,853,2463,1443.33333333333,717.841115196578,0.0106728395061728
306452,Baseline,6,166,FALSE,1,1,0.833333333333333,1,5,74,14,83,0,3080,513.333333333333,1257.4047346287,0.0130508474576271
306453,Baseline,6,200,TRUE,6,"1,2,3,4,5,6",0.19683190458442,0.170918367346939,0,,6,30,904,2983,2235.83333333333,925.46343345735,0.00854933333333334
306454,Baseline,6,200,TRUE,5,"1,2,3,4,6",0.323532422334818,0.201183431952663,1,166,16,78,0,2217,1085.5,720.132973831917,0.011
306455,Baseline,6,200,TRUE,5,"2,3,4,5,6",0.297192485770739,0.272959183673469,1,126,20,56,0,3208,1883.83333333333,1117.22843083528,0.0083728813559322
306456,Baseline,6,200,TRUE,4,"2,3,4,6",0.540674325207808,0.334710743801653,2,154,14,67,0,2947,1189.66666666667,1335.0896099763,0.0128417508417508
306457,Baseline,6,200,TRUE,6,"1,2,3,4,5,6",0.262328339575531,0.204081632653061,0,,22,55,847,3426,1780,952.049368467833,0.0128333333333333
306458,Baseline,6,200,TRUE,6,"1,2,3,4,5,6",0.239185750636132,0.178571428571429,0,,16,90,741,2613,1310,684.377089037908,0.00757575757575758
306459,Baseline,6,200,TRUE,4,"2,3,5,6",0.391617273497036,0.253772290809328,2,75,22,111,0,1396,787.333333333333,636.489643801584,0.00945868945868946
306460,Baseline,6,200,TRUE,4,"1,2,3,6",0.442097988020273,0.344387755102041,2,81,12,84,0,2188,1085.16666666667,954.967940125042,0.00980626780626781
306461,Baseline,6,200,TRUE,3,"1,2,5",0.567319768902286,0.428571428571429,4,95,0,92,0,2775,1105.83333333333,1288.66371356792,0.0125280528052805
306462,Baseline,6,200,TRUE,5,"1,2,3,4,5",0.328110260978933,0.225694444444444,1,197,20,58,0,2730,1590.16666666667,1036.47352434429,0.0111954022988506
306463,Baseline,6,200,TRUE,4,"1,3,4,5",0.423373903939275,0.25765306122449,4,77,9,120,0,1654,849,714.361253148573,0.00876785714285714
306464,Baseline,6,200,TRUE,5,"1,2,4,5,6",0.455662195972273,0.218934911242604,1,158,10,70,0,2962,1354.5,1205.78103318969,0.00780165289256198
306465,Baseline,6,200,TRUE,5,"1,2,3,5,6",0.341310909874946,0.234567901234568,1,123,12,65,0,3092,1546,1048.49434905487,0.00745238095238095
306466,Baseline,6,200,TRUE,6,"1,2,3,4,5,6",0.225399872040947,0.168367346938776,0,,14,32,944,3331,2170.83333333333,962.728085529173,0.00884444444444445
306467,Baseline,6,200,TRUE,5,"1,2,3,5,6",0.244036970781157,0.204081632653061,1,81,11,79,0,1570,1118,594.73859804119,0.00958576051779935
306468,Baseline,6,200,TRUE,6,"1,2,3,4,5,6",0.21786355475763,0.188775510204082,0,,16,57,1030,2757,1856.66666666667,814.28119631161,0.013228650137741
306469,Baseline,6,200,TRUE,5,"1,2,3,4,6",0.274313791934937,0.227040816326531,1,88,23,47,0,2137,1475.5,891.072780416953,0.0180673400673401
306470,Baseline,6,200,TRUE,6,"1,2,3,4,5,6",0.15878638110928,0.173469387755102,0,,24,23,974,2722,2023.33333333333,646.79259942169,0.0105786163522013
306471,Baseline,6,200,TRUE,6,"1,2,3,4,5,6",0.112406075139888,0.219387755102041,0,,10,48,1192,2109,1737.5,392.076905721314,0.00961517615176152
306472,Baseline,6,200,TRUE,5,"1,2,3,4,6",0.353781043623849,0.214285714285714,1,70,14,64,0,3388,1791.83333333333,1232.17262048248,0.0136858974358974
306473,Baseline,6,200,TRUE,5,"1,2,3,4,5",0.353499982042165,0.229591836734694,1,65,4,61,0,2818,1546.83333333333,1087.8355421049,0.00782
306474,Baseline,6,200,TRUE,5,"1,2,3,5,6",0.335902814193323,0.214285714285714,1,165,18,64,0,3387,1589.16666666667,1101.83073412692,0.00925136612021858
306475,Baseline,6,200,TRUE,5,"1,2,3,4,6",0.33600782778865,0.222222222222222,1,196,18,89,0,2310,1277.5,847.188939965578,0.00984347826086957
306476,Baseline,6,200,TRUE,5,"1,2,3,4,6",0.305867153062775,0.283163265306122,1,196,6,49,0,3570,1827.5,1155.97417791229,0.0101015873015873
306477,Baseline,6,200,TRUE,5,"1,2,4,5,6",0.388024050737172,0.223593964334705,1,134,10,70,0,2670,1349,1033.31505360176,0.00915846994535519
306478,Baseline,6,200,TRUE,6,"1,2,3,4,5,6",0.157791458253174,0.181122448979592,0,,18,35,1100,2960,2165.83333333333,686.244975695026,0.00946365914786967
306479,Baseline,6,172,FALSE,1,1,0.833333333333333,1,5,74,13,78,0,4027,671.166666666667,1644.01586569798,0.0102988505747126
306480,Baseline,6,200,TRUE,5,"1,2,4,5,6",0.33834067743802,0.2448,1,164,16,70,0,2217,1248.16666666667,822.675492929422,0.0103333333333333
306481,Baseline,6,200,TRUE,5,"1,3,4,5,6",0.299642674834099,0.206632653061225,1,115,7,26,0,2704,1741.33333333333,1049.73018755615,0.00925786163522013
306482,Baseline,6,200,TRUE,6,"1,2,3,4,5,6",0.281372990836713,0.186224489795918,0,,18,66,712,3593,1849.16666666667,1036.82195514305,0.00982424242424242
306483,Baseline,6,200,TRUE,6,"1,2,3,4,5,6",0.146945760926803,0.193877551020408,0,,18,41,743,2832,2110,710.233201138894,0.0109972899728997
306484,Baseline,6,200,TRUE,6,"1,2,3,4,5,6",0.262817147856518,0.191326530612245,0,,8,61,403,2894,1905,996.720020868448,0.00810864197530864
306485,Baseline,6,200,TRUE,6,"1,2,3,4,5,6",0.120132953466287,0.204081632653061,0,,20,29,1273,2561,2047.5,494.278362868536,0.00928415300546448
306486,Baseline,6,200,TRUE,3,"1,2,4",0.585818181818182,0.3664,3,107,19,119,0,2020,687.5,834.00665464971,0.00953894080996885
306487,Baseline,6,200,TRUE,6,"1,2,3,4,5,6",0.133173286774334,0.224489795918367,0,,14,59,1399,2570,1909.16666666667,521.364523789898,0.0110381679389313
306488,Baseline,6,200,TRUE,6,"1,2,3,4,5,6",0.199778346121057,0.170918367346939,0,,21,64,732,2532,1629.16666666667,631.044346038111,0.00888888888888889
306489,Baseline,6,200,TRUE,4,"3,4,5,6",0.437453491559942,0.288265306122449,2,114,8,56,0,3023,1418.5,1231.30706974337,0.0108333333333333
306490,Baseline,6,200,TRUE,6,"1,2,3,4,5,6",0.257266633970901,0.198979591836735,0,,4,73,729,2722,1699.16666666667,857.52210855853,0.0107747747747748
306491,Baseline,6,200,TRUE,5,"1,2,4,5,6",0.302128688921142,0.216,1,158,12,41,0,2562,1607.66666666667,971.652544208405,0.0103417366946779
306492,Baseline,6,200,TRUE,6,"1,2,3,4,5,6",0.157912189945616,0.183673469387755,0,,22,32,1364,3175,2094.16666666667,665.777265056916,0.00978711484593838
306493,Baseline,6,200,TRUE,6,"1,2,3,4,5,6",0.243245761132849,0.183673469387755,0,,21,87,717,2591,1490.83333333333,730.50268080731,0.00746153846153846
306494,Baseline,6,200,TRUE,6,"1,2,3,4,5,6",0.227098039215686,0.209183673469388,0,,11,68,791,2504,1416.66666666667,649.690285187232,0.0089702380952381
306495,Baseline,6,200,TRUE,6,"1,2,3,4,5,6",0.179000438404209,0.229591836734694,0,,18,65,1072,2728,1900.83333333333,664.734357970661,0.0127567567567568
306496,Baseline,6,200,TRUE,6,"1,2,3,4,5,6",0.245235948301773,0.206632653061225,0,,16,53,689,2845,1848.33333333333,887.548458770938,0.00900840336134454
306497,Baseline,6,200,TRUE,6,"1,2,3,4,5,6",0.274910084879873,0.188775510204082,0,,11,39,864,3811,1930.83333333333,1084.31995585559,0.0141059190031153
306498,Baseline,6,200,TRUE,6,"1,2,3,4,5,6",0.230393551446183,0.221938775510204,0,,15,65,899,2735,1757.5,810.081168772611,0.00766666666666667
306499,Baseline,6,200,TRUE,6,"1,2,3,4,5,6",0.143166089965398,0.206632653061225,0,,16,48,1169,2469,1926.66666666667,559.567213716696,0.0100777777777778
306500,Baseline,6,200,TRUE,5,"1,2,3,4,6",0.29938085474209,0.301020408163265,1,118,12,79,0,2356,1381.83333333333,823.541964120024,0.0081005291005291
306501,Baseline,6,200,TRUE,6,"1,2,3,4,5,6",0.147306601863102,0.229591836734694,0,,12,63,924,2021,1371.66666666667,400.516000512672,0.00975757575757576
306502,Baseline,6,200,TRUE,5,"1,2,3,5,6",0.269711294951883,0.221938775510204,1,111,6,107,0,1489,987.166666666667,553.821421278255,0.00965109034267913
306503,Baseline,6,200,TRUE,6,"1,2,3,4,5,6",0.214870762000671,0.206632653061225,0,,9,54,950,2705,1655,700.947073608272,0.00854131054131054
306504,Baseline,6,200,TRUE,5,"1,2,4,5,6",0.350028977754001,0.248285322359396,1,110,10,56,0,2671,1246.16666666667,883.247964428261,0.00922118380062305
306505,Baseline,6,200,TRUE,5,"1,2,4,5,6",0.236675985210569,0.243856332703214,1,194,21,44,0,2501,1848.16666666667,1002.00427477465,0.0113215339233038
306506,Baseline,6,200,TRUE,4,"1,2,3,5",0.454173351433625,0.272976680384088,2,75,4,66,0,3250,1350.5,1234.01324952368,0.00903244837758112
306507,Baseline,6,200,TRUE,6,"1,2,3,4,5,6",0.219547745538755,0.170918367346939,0,,10,37,1074,3264,2039.16666666667,877.53755855044,0.00951149425287356
306508,Baseline,6,200,TRUE,4,"1,2,3,5",0.410047434238896,0.34375,2,113,6,61,0,2464,1288.33333333333,1059.64100839231,0.0090233918128655
306509,Baseline,6,200,TRUE,6,"1,2,3,4,5,6",0.186848635235732,0.198979591836735,0,,8,54,1029,2596,1679.16666666667,618.302002800142,0.0081680216802168
306510,Baseline,6,200,TRUE,6,"1,2,3,4,5,6",0.228983186549239,0.176020408163265,0,,11,32,769,3130,2081.66666666667,930.831169797545,0.00935574229691877
306511,Baseline,6,200,TRUE,4,"1,2,5,6",0.432735887927483,0.267857142857143,2,105,10,72,0,2305,1078.66666666667,924.599949527722,0.00892666666666667
306512,Baseline,6,200,TRUE,6,"1,2,3,4,5,6",0.293333333333333,0.25765306122449,0,,14,83,586,3560,1825,1064.12254933349,0.0109827586206897
306513,Baseline,6,200,TRUE,5,"1,2,3,4,6",0.334850617863288,0.451530612244898,1,112,8,74,0,2870,1775.83333333333,1197.91759594167,0.010046783625731
306514,Baseline,6,200,TRUE,6,"1,2,3,4,5,6",0.137802824200026,0.209183673469388,0,,17,29,1380,2813,2144.16666666667,578.521708034078,0.00877134986225895
306515,Baseline,6,200,TRUE,4,"1,3,4,5",0.409780808197542,0.410714285714286,2,113,12,76,0,2656,1442.16666666667,1188.51275410349,0.0116666666666667
306516,Baseline,6,200,TRUE,3,"2,4,6",0.546144278606965,0.349489795918367,3,106,20,82,0,2149,893.333333333333,1006.37958378867,0.00973333333333333
306517,Baseline,6,200,TRUE,6,"1,2,3,4,5,6",0.198774913146828,0.214285714285714,0,,8,52,776,2354,1519.16666666667,600.084799563084,0.00982
306518,Baseline,6,193,FALSE,1,3,0.833333333333333,1,5,76,23,97,0,1919,319.833333333333,783.428469400153,0.011429718875502
306519,Baseline,6,200,TRUE,6,"1,2,3,4,5,6",0.20587550901687,0.196428571428571,0,,25,64,752,2266,1432.5,609.462304002471,0.0083716814159292
306520,Baseline,6,200,TRUE,6,"1,2,3,4,5,6",0.284699453551913,0.214285714285714,0,,6,69,440,2767,1372.5,805.896209198182,0.0101621621621622
306521,Baseline,6,200,TRUE,6,"1,2,3,4,5,6",0.223542116630669,0.198902606310014,0,,14,27,665,3358,1929.16666666667,884.593334061854,0.0128611111111111
306522,Baseline,6,200,TRUE,6,"1,2,3,4,5,6",0.204915254237288,0.214285714285714,0,,13,51,687,2689,1966.66666666667,829.81990013898,0.00742929292929293
306523,Baseline,6,200,TRUE,6,"1,2,3,4,5,6",0.174211758226628,0.209183673469388,0,,8,53,1119,2702,2017.5,720.718738482634,0.00876266666666667
306524,Baseline,6,200,TRUE,5,"2,3,4,5,6",0.305939336191837,0.283163265306122,1,156,24,68,0,2472,1399.33333333333,854.066429890946,0.00901928374655647
306525,Baseline,6,200,TRUE,6,"1,2,3,4,5,6",0.136113296616837,0.216836734693878,0,,18,42,1155,2637,2118.33333333333,585.47029528975,0.00911278195488722
306526,Baseline,6,200,TRUE,6,"1,2,3,4,5,6",0.182875381626422,0.176020408163265,0,,24,37,857,2708,2001.66666666667,759.698799963951,0.00770899470899471
306527,Baseline,6,200,TRUE,3,"4,5,6",0.611737240379971,0.512755102040816,3,66,19,89,0,3048,1035.16666666667,1313.07645118884,0.00865900383141763
306528,Baseline,6,200,TRUE,6,"1,2,3,4,5,6",0.246732928400515,0.201530612244898,0,,19,68,605,2566,1509.16666666667,760.584884589923,0.00930645161290323
306529,Baseline,6,200,TRUE,4,"1,2,3,5",0.421455231532751,0.322916666666667,3,99,16,49,0,2451,1354.5,1164.13019031378,0.00686604361370717
306530,Baseline,6,200,TRUE,5,"1,2,3,5,6",0.321713054071783,0.224489795918367,1,117,10,83,0,2461,1185.66666666667,792.95893126105,0.00867383512544803
306531,Baseline,6,200,TRUE,3,"1,3,6",0.551913875598086,0.363905325443787,3,111,11,114,0,1655,696.666666666667,793.525718969881,0.00912820512820513
306532,Baseline,6,200,TRUE,5,"1,3,4,5,6",0.277217268887846,0.209183673469388,1,79,15,67,0,2227,1420.66666666667,805.272293492497,0.00802824858757062
306533,Baseline,6,200,TRUE,6,"1,2,3,4,5,6",0.0709649871904354,0.206632653061225,0,,26,31,1353,2198,1951.66666666667,310.30286280772,0.0135320512820513
306534,Baseline,6,200,TRUE,6,"1,2,3,4,5,6",0.156136087484812,0.193877551020408,0,,21,36,1130,2645,2057.5,650.94723288451,0.01150656167979
306535,Baseline,6,200,TRUE,4,"1,2,3,4",0.490293347077267,0.292517006802721,2,143,16,86,0,2952,1293.5,1269.52900715187,0.00926666666666667
306536,Baseline,6,200,TRUE,5,"2,3,4,5,6",0.346893203883495,0.207133058984911,1,156,4,45,0,3132,1716.66666666667,1158.91633290185,0.0104481792717087
306537,Baseline,6,200,TRUE,4,"2,3,4,6",0.482575137410829,0.586734693877551,2,106,14,60,0,3155,1425.16666666667,1360.21475020184,0.0157864077669903
306538,Baseline,6,200,TRUE,6,"1,2,3,4,5,6",0.220763087843833,0.221938775510204,0,,12,46,814,2890,1878.33333333333,810.660142517607,0.0096358543417367
306539,Baseline,6,200,TRUE,4,"2,3,4,5",0.417459688078245,0.262002743484225,2,95,8,80,0,1802,840.666666666667,684.886462610166,0.00803571428571429
306540,Baseline,6,200,TRUE,4,"2,4,5,6",0.494988885121133,0.270233196159122,2,120,4,64,0,3333,1474.5,1445.77989334477,0.00897819314641744
306541,Baseline,6,200,TRUE,4,"2,4,5,6",0.40086668614276,0.255198487712665,3,144,11,51,0,2096,1141,926.935380703531,0.008046783625731
306542,Baseline,6,200,TRUE,5,"1,2,3,4,6",0.296446064472036,0.214285714285714,1,94,8,59,0,2352,1463.16666666667,875.910821183679,0.0112549019607843
306543,Baseline,6,173,FALSE,1,1,0.833333333333333,1,6,62,16,106,0,2445,407.5,998.167070184145,0.0115607843137255
306544,Baseline,6,200,TRUE,5,"1,2,4,5,6",0.368983792444691,0.211734693877551,1,86,13,43,0,3174,1803,1320.57002843469,0.0105321100917431
306545,Baseline,6,200,TRUE,4,"1,2,3,5",0.50220904545983,0.264746227709191,2,111,18,80,0,3722,1433.5,1440.15912315272,0.011377358490566
306546,Baseline,6,200,TRUE,6,"1,2,3,4,5,6",0.228128760529482,0.178571428571429,0,,8,38,822,3108,1846.66666666667,826.522756290876,0.0102280701754386
306547,Baseline,6,200,TRUE,5,"1,2,3,4,6",0.42910447761194,0.221938775510204,1,124,10,77,0,2970,1295.33333333333,1083.847898308,0.0113099415204678
306548,Baseline,6,200,TRUE,6,"1,2,3,4,5,6",0.186768552939557,0.186224489795918,0,,8,40,883,2777,2017.5,798.65630905916,0.00835483870967742
306549,Baseline,6,200,TRUE,5,"1,2,3,5,6",0.324712643678161,0.245541838134431,1,81,9,46,0,2472,1430.66666666667,915.042221248105,0.00712312312312312
306550,Baseline,6,200,TRUE,5,"1,2,3,5,6",0.350953689324254,0.207133058984911,1,189,12,52,0,2947,1395.16666666667,984.421742276483,0.00915686274509804
306551,Baseline,6,200,TRUE,4,"2,3,4,5",0.438391502276176,0.26984126984127,2,120,9,34,0,3295,1647.5,1426.64329809522,0.0110519877675841
306552,Baseline,6,200,TRUE,5,"1,2,3,4,5",0.263125211696963,0.259259259259259,1,149,20,61,0,2338,1476.16666666667,817.953890305967,0.0096969696969697
306553,Baseline,6,182,FALSE,1,3,0.833333333333333,1,5,96,10,70,0,3951,658.5,1612.98899562272,0.00986178861788618
306554,Baseline,6,200,TRUE,6,"1,2,3,4,5,6",0.139069394304051,0.183673469387755,0,,5,34,1364,2733,2077.5,574.163304295912,0.00971751412429379
306555,Baseline,6,200,TRUE,4,"2,3,4,6",0.525767226404169,0.288194444444444,3,118,17,71,0,2861,1151.33333333333,1223.98360555469,0.00947916666666667
306556,Baseline,6,200,TRUE,5,"1,3,4,5,6",0.324997604675673,0.232142857142857,1,67,8,78,0,2186,1159.66666666667,747.67657892077,0.00720512820512821
306557,Baseline,6,200,TRUE,5,"1,2,3,4,5",0.351300479123888,0.215363511659808,1,161,12,66,0,2939,1298.66666666667,956.357603967609,0.00852336448598131
306558,Baseline,6,200,TRUE,4,"1,4,5,6",0.429558948261238,0.399408284023669,2,86,14,88,0,2462,1310,1129.81998566143,0.00948209366391185
306559,Baseline,6,200,TRUE,6,"1,2,3,4,5,6",0.264469554300063,0.223593964334705,0,,4,47,664,2825,1770,928.584514193512,0.00705507246376812
306560,Baseline,6,200,TRUE,6,"1,2,3,4,5,6",0.305662188099808,0.181122448979592,0,,22,61,796,3709,1736.66666666667,1150.37483746241,0.015993769470405
306561,Baseline,6,200,TRUE,5,"1,2,3,4,6",0.267680758593441,0.24234693877551,1,76,24,121,0,1273,843.666666666667,479.42910494323,0.0073494623655914
306562,Baseline,6,200,TRUE,5,"1,2,3,5,6",0.374016128253416,0.244897959183673,1,81,14,74,0,2327,1150.5,841.154385353842,0.00795107033639144
306563,Baseline,6,200,TRUE,5,"1,3,4,5,6",0.283983619610966,0.321428571428571,1,115,11,90,0,2796,1465.16666666667,892.115332603732,0.0193960113960114
306564,Baseline,6,198,FALSE,1,3,0.833333333333333,1,6,77,16,104,0,3806,634.333333333333,1553.79299350546,0.0156831683168317
306565,Baseline,6,200,TRUE,5,"1,2,3,5,6",0.350974140984768,0.214285714285714,1,39,20,53,0,3202,1568.33333333333,1100.79365308248,0.0110870870870871
306566,Baseline,6,200,TRUE,5,"1,2,4,5,6",0.366963079203173,0.22117202268431,1,188,16,71,0,2477,1274.5,948.071885460169,0.0107222222222222
306567,Baseline,6,200,TRUE,3,"3,4,5",0.652593528462132,0.500685871056241,3,139,20,90,0,3014,791.5,1168.93006634272,0.00805376344086021
306568,Baseline,6,200,TRUE,5,"1,2,3,4,5",0.39051094890511,0.224852071005917,1,155,15,83,0,3279,1529.83333333333,1198.40350744925,0.00784347826086956
306569,Baseline,6,200,TRUE,6,"1,2,3,4,5,6",0.140551323902793,0.201530612244898,0,,21,49,1107,2103,1531.66666666667,445.442551477367,0.00802279202279202
306570,Baseline,6,200,TRUE,3,"1,3,6",0.603209961160612,0.365079365079365,3,94,26,58,0,3060,972.666666666667,1230.98784180294,0.00822028985507247
306571,Baseline,6,200,TRUE,6,"1,2,3,4,5,6",0.177180406212664,0.193877551020408,0,,16,25,946,2792,2092.5,749.376741032173,0.00808333333333333
306572,Baseline,6,200,TRUE,5,"1,2,3,4,5",0.409471592320522,0.211734693877551,2,77,12,50,0,3352,1565.5,1280.33069946792,0.0109278350515464
306573,Baseline,6,200,TRUE,5,"1,2,3,5,6",0.300321304024137,0.2288,1,165,12,43,0,2295,1417.83333333333,850.452448210167,0.0100872274143302
306574,Baseline,6,200,TRUE,6,"1,2,3,4,5,6",0.254838709677419,0.198979591836735,0,,10,63,787,2668,1653.33333333333,854.142532992396,0.0111184573002755
306575,Baseline,6,200,TRUE,6,"1,2,3,4,5,6",0.203614035087719,0.176020408163265,0,,20,48,774,2470,1583.33333333333,633.644590181804,0.00893888888888889
306576,Baseline,6,200,TRUE,6,"1,2,3,4,5,6",0.157013694987369,0.196428571428571,0,,18,50,1054,2848,2089.16666666667,657.253806886401,0.00894535519125683
306577,Baseline,6,200,TRUE,6,"1,2,3,4,5,6",0.202629193109701,0.170918367346939,0,,14,42,974,2820,1838.33333333333,726.473307607834,0.0099247311827957
306578,Baseline,6,200,TRUE,4,"1,3,4,6",0.452703164513704,0.313775510204082,3,106,14,96,0,1872,812.833333333333,727.922088321729,0.00902824858757062
306579,Baseline,6,200,TRUE,5,"2,3,4,5,6",0.324563550334476,0.247448979591837,1,102,6,71,0,2308,1362,873.436202592954,0.00841358024691358
306580,Baseline,6,200,TRUE,6,"1,2,3,4,5,6",0.179558011049724,0.201530612244898,0,,8,46,1114,3056,1960.83333333333,705.883677858234,0.0106666666666667
306581,Baseline,6,200,TRUE,6,"1,2,3,4,5,6",0.200631850419085,0.183673469387755,0,,15,37,686,2927,2154.16666666667,898.950814375662,0.00805747126436782
306582,Baseline,6,200,TRUE,5,"2,3,4,5,6",0.292022349837032,0.227040816326531,1,78,14,92,0,1904,1073.83333333333,634.982335712315,0.009744
306583,Baseline,6,200,TRUE,4,"1,3,4,6",0.462882830905332,0.265,2,178,14,75,0,2887,1155.5,1060.21483671943,0.00949333333333333
306584,Baseline,6,200,TRUE,6,"1,2,3,4,5,6",0.206113596312864,0.181122448979592,0,,16,33,930,3066,2049.16666666667,830.226093703798,0.00987155963302752
306585,Baseline,6,200,TRUE,6,"1,2,3,4,5,6",0.171155682903534,0.221938775510204,0,,21,34,1196,2946,1745,646.625084573743,0.0101320754716981
306586,Baseline,6,200,TRUE,6,"1,2,3,4,5,6",0.197040803024378,0.204081632653061,0,,10,59,1215,3193,2130.83333333333,819.535335825531,0.0102979797979798
306587,Baseline,6,200,TRUE,6,"1,2,3,4,5,6",0.198568281938326,0.186224489795918,0,,15,50,1049,2628,1513.33333333333,671.952875331795,0.00997333333333333
306588,Baseline,6,200,TRUE,4,"1,2,4,6",0.406183298853972,0.27891156462585,2,136,16,29,0,3400,1691.83333333333,1393.63846339955,0.0082042042042042
306589,Baseline,6,200,TRUE,6,"1,2,3,4,5,6",0.164676616915423,0.178571428571429,0,,17,99,691,1690,1060.83333333333,356.234426560189,0.00750641025641026
306590,Baseline,6,200,TRUE,4,"1,2,3,4",0.406490384615385,0.341836734693878,2,148,20,59,0,2668,1386.66666666667,1139.43488917387,0.00982389937106918
306591,Baseline,6,200,TRUE,4,"1,3,4,6",0.493610345883073,0.263888888888889,2,91,11,59,0,3570,1452,1410.21544453321,0.0101
306592,Baseline,6,200,TRUE,6,"1,2,3,4,5,6",0.246352530541012,0.215363511659808,0,,16,57,891,2853,1591.66666666667,836.264710882067,0.00878362573099415
306593,Baseline,6,200,TRUE,6,"1,2,3,4,5,6",0.224079320113314,0.181122448979592,0,,9,41,917,3109,2059.16666666667,914.68058176976,0.00986225895316804
306594,Baseline,6,200,TRUE,5,"1,2,4,5,6",0.34152824835413,0.206049149338374,1,194,12,52,0,3588,2016.83333333333,1342.62540072303,0.00994957983193277
306595,Baseline,6,200,TRUE,3,"1,2,3",0.506792193276588,0.335,3,93,14,74,0,1432,646.166666666667,657.709485005855,0.00882170542635659
306596,Baseline,6,200,TRUE,5,"1,2,4,5,6",0.329829273563644,0.229591836734694,1,128,6,50,0,2905,1799.5,1183.29586325652,0.00994968553459119
306597,Baseline,6,200,TRUE,3,"2,5,6",0.536026422764228,0.407407407407407,3,75,5,77,0,2520,1093.33333333333,1218.71205240068,0.013780303030303
306598,Baseline,6,200,TRUE,5,"2,3,4,5,6",0.327407981688633,0.215976331360947,1,156,15,55,0,2576,1504.83333333333,967.207613011119,0.00910714285714286
306599,Baseline,6,200,TRUE,5,"1,2,3,5,6",0.327884580572753,0.223593964334705,1,117,12,35,0,2572,1534.5,991.309790126174,0.00825333333333333
306600,Baseline,6,200,TRUE,5,"2,3,4,5,6",0.37568225546786,0.283163265306122,1,144,14,59,0,2781,1414.83333333333,1027.17504188267,0.013131498470948
306601,Baseline,6,200,TRUE,5,"1,3,4,5,6",0.28458138325533,0.229591836734694,1,85,10,43,200,2866,1709.33333333333,961.410560929443,0.00856269113149847
306602,Baseline,6,200,TRUE,4,"3,4,5,6",0.433237616654702,0.399408284023669,3,144,9,85,0,2588,1393,1229.44589144866,0.00738888888888889
306603,Baseline,6,200,TRUE,6,"1,2,3,4,5,6",0.162798534798535,0.216836734693878,0,,24,53,1190,2935,1895.83333333333,618.22598349363,0.00771091445427729
945938,Extreme_Capitalism,6,200,TRUE,6,"1,2,3,4,5,6",0.306731156791616,0.168367346938776,0,,22,65,667,2968,1378.33333333333,910.091790242427,0.0150123456790123
945939,Extreme_Capitalism,6,200,TRUE,6,"1,2,3,4,5,6",0.194884016523673,0.206632653061225,0,,18,46,783,2528,1748.33333333333,672.729266991311,0.00882222222222222
945940,Extreme_Capitalism,6,200,TRUE,5,"1,2,4,5,6",0.238343521515042,0.210884353741497,1,194,12,47,200,2004,1390.5,684.231466683607,0.00985380116959064
945941,Extreme_Capitalism,6,200,TRUE,6,"1,2,3,4,5,6",0.225381165919282,0.216836734693878,0,,16,55,947,3216,1858.33333333333,830.616076576096,0.0105057471264368
945942,Extreme_Capitalism,6,179,FALSE,1,1,0.833333333333333,1,7,97,21,60,0,1588,264.666666666667,648.298285256615,0.00997619047619048
945943,Extreme_Capitalism,6,200,TRUE,5,"2,3,4,5,6",0.298412204234122,0.227040816326531,1,66,14,86,0,1992,1070.66666666667,653.791302073274,0.00864174454828661
945944,Extreme_Capitalism,6,200,TRUE,3,"1,2,6",0.570137976346912,0.410150891632373,3,69,23,98,0,2616,1014.66666666667,1184.49646123012,0.00907645259938838
945945,Extreme_Capitalism,6,200,TRUE,6,"1,2,3,4,5,6",0.178233766233766,0.181122448979592,0,,6,51,935,2255,1604.16666666667,559.840125988364,0.00823768115942029
945946,Extreme_Capitalism,6,200,TRUE,5,"1,2,3,5,6",0.364344673300933,0.220850480109739,1,153,9,68,196,3153,1440.33333333333,1046.61581617452,0.00853005464480874
945947,Extreme_Capitalism,6,200,TRUE,6,"1,2,3,4,5,6",0.180329588014981,0.198979591836735,0,,18,39,1128,2551,1854.16666666667,689.644376955737,0.0078448275862069
945948,Extreme_Capitalism,6,200,TRUE,5,"1,3,4,5,6",0.391725391127066,0.237244897959184,1,127,15,87,0,3077,1253.5,1033.69952113755,0.00970621468926554
945949,Extreme_Capitalism,6,200,TRUE,5,"1,3,4,5,6",0.287011678786162,0.25765306122449,1,163,8,38,0,2737,1764.83333333333,1030.2619893341,0.00944444444444444
945950,Extreme_Capitalism,6,200,TRUE,4,"1,2,3,4",0.43187051334146,0.255,2,161,22,80,0,1683,820.333333333333,702.667678683648,0.00816666666666667
945951,Extreme_Capitalism,6,200,TRUE,4,"1,2,4,5",0.479305906232982,0.328402366863905,3,113,11,65,0,2603,1122.16666666667,1052.08011418649,0.00876825396825397
945952,Extreme_Capitalism,6,200,TRUE,5,"2,3,4,5,6",0.342345374317553,0.234567901234568,1,126,19,49,0,3090,1485.66666666667,1023.13609391257,0.0109915966386555
945953,Extreme_Capitalism,6,200,TRUE,5,"1,2,3,4,6",0.336930126002291,0.247448979591837,1,184,10,72,0,2366,1212.5,802.068762638217,0.0110233918128655
945954,Extreme_Capitalism,6,200,TRUE,2,"5,6",0.693898305084746,0.53125,6,92,10,75,0,2774,737.5,1146.91233317983,0.00769281045751634
945955,Extreme_Capitalism,6,200,TRUE,5,"1,2,3,5,6",0.264802423936372,0.275147928994083,1,123,13,48,0,2053,1320.16666666667,727.503791513602,0.00797435897435897
945956,Extreme_Capitalism,6,200,TRUE,3,"1,3,6",0.556077573261252,0.642857142857143,3,85,25,64,0,3336,1294.83333333333,1480.90464469076,0.012202614379085
945957,Extreme_Capitalism,6,200,TRUE,6,"1,2,3,4,5,6",0.151749915052667,0.188775510204082,0,,19,55,1049,2494,1635,502.33813313345,0.00807909604519774
945958,Extreme_Capitalism,6,200,TRUE,5,"2,3,4,5,6",0.242202935365509,0.301020408163265,1,156,11,58,0,2229,1574.66666666667,842.054550885313,0.009420054200542
945959,Extreme_Capitalism,6,186,FALSE,1,2,0.833333333333333,1,5,106,22,126,0,1211,201.833333333333,494.388679751738,0.00852107279693487
945960,Extreme_Capitalism,6,200,TRUE,6,"1,2,3,4,5,6",0.190522243713733,0.181122448979592,0,,11,43,1023,2780,1723.33333333333,648.487059752673,0.00969090909090909
945961,Extreme_Capitalism,6,200,TRUE,4,"2,3,4,5",0.446972748019868,0.296398891966759,2,143,7,60,0,2663,1241.5,1091.21798922122,0.00875163398692811
945962,Extreme_Capitalism,6,200,TRUE,5,"1,2,3,5,6",0.359832480913201,0.252551020408163,1,129,8,33,0,3366,1499,1107.45004402005,0.0184888888888889
945963,Extreme_Capitalism,6,200,TRUE,6,"1,2,3,4,5,6",0.162128712871287,0.221938775510204,0,,6,53,840,2021,1346.66666666667,434.336121761323,0.00880645161290323
945964,Extreme_Capitalism,6,200,TRUE,4,"1,2,3,6",0.410963944076527,0.275510204081633,2,88,5,76,0,1600,830.5,674.358880715602,0.0102418300653595
945965,Extreme_Capitalism,6,200,TRUE,4,"1,2,4,6",0.383187560738581,0.372781065088757,2,94,14,29,0,2516,1429.16666666667,1138.21657283079,0.00798275862068966
945966,Extreme_Capitalism,6,200,TRUE,5,"1,3,4,5,6",0.348310191249672,0.244897959183673,1,151,12,61,0,2383,1272.33333333333,885.559860577853,0.0103511904761905
945967,Extreme_Capitalism,6,200,TRUE,6,"1,2,3,4,5,6",0.171477357089829,0.214285714285714,0,,19,53,931,2565,1870.83333333333,624.845394210973,0.0096969696969697
945968,Extreme_Capitalism,6,200,TRUE,6,"1,2,3,4,5,6",0.194365507104361,0.196428571428571,0,,23,72,1136,2829,1700.83333333333,686.177649495134,0.00859431524547804
945969,Extreme_Capitalism,6,200,TRUE,6,"1,2,3,4,5,6",0.212788815305371,0.198979591836735,0,,12,41,795,2759,1887.5,786.805376189055,0.00886821705426357
945970,Extreme_Capitalism,6,200,TRUE,5,"1,2,3,4,6",0.339898459383754,0.214285714285714,1,118,13,82,0,2495,1269.33333333333,851.62988831221,0.00938888888888889
945971,Extreme_Capitalism,6,200,TRUE,6,"1,2,3,4,5,6",0.14648288973384,0.201530612244898,0,,16,34,1096,2390,1753.33333333333,510.078294643741,0.00865591397849462
945972,Extreme_Capitalism,6,200,TRUE,4,"1,3,4,6",0.424012855831038,0.28125,2,112,12,89,0,1395,726,614.396289051293,0.0091214953271028
945973,Extreme_Capitalism,6,200,TRUE,3,"1,2,4",0.586583924349882,0.355371900826446,4,112,12,55,0,2681,940,1131.62414254911,0.0113398058252427
945974,Extreme_Capitalism,6,200,TRUE,4,"1,2,4,6",0.37117329269982,0.278061224489796,2,92,16,56,0,2080,1203.16666666667,946.792567919007,0.0100421052631579
945975,Extreme_Capitalism,6,199,FALSE,1,4,0.815354189140597,1,6,44,20,79,0,3508,618,1418.06346825521,0.0118636363636364
945976,Extreme_Capitalism,6,200,TRUE,4,"1,3,5,6",0.45477683846923,0.333333333333333,4,99,13,48,0,2901,1222.33333333333,1112.30115826006,0.00933333333333333
945977,Extreme_Capitalism,6,200,TRUE,6,"1,2,3,4,5,6",0.183453931500241,0.174556213017752,0,,10,43,1029,2635,1727.5,632.597107170117,0.00872727272727273
945978,Extreme_Capitalism,6,200,TRUE,5,"1,3,4,5,6",0.278148307515777,0.295918367346939,1,157,11,58,0,2441,1549.33333333333,895.157788697985,0.0100172413793103
945979,Extreme_Capitalism,6,200,TRUE,6,"1,2,3,4,5,6",0.254986094557012,0.183673469387755,0,,6,92,706,2545,1398.33333333333,711.807464604486,0.00824188790560472
945980,Extreme_Capitalism,6,200,TRUE,6,"1,2,3,4,5,6",0.264333781965007,0.186224489795918,0,,23,83,535,2249,1238.33333333333,643.128188362683,0.0086025641025641
945981,Extreme_Capitalism,6,200,TRUE,6,"1,2,3,4,5,6",0.271952770208901,0.201530612244898,0,,11,85,680,3341,1529.16666666667,937.825872252769,0.0145416666666667
945982,Extreme_Capitalism,6,200,TRUE,6,"1,2,3,4,5,6",0.162353347135956,0.206632653061225,0,,10,43,875,2110,1610,521.238141351916,0.00814005602240896
945983,Extreme_Capitalism,6,200,TRUE,5,"1,2,3,4,5",0.3661384703019,0.206632653061225,1,77,10,82,0,2571,1072.83333333333,840.575854201551,0.0128060606060606
945984,Extreme_Capitalism,6,200,TRUE,6,"1,2,3,4,5,6",0.264213991769547,0.206632653061225,0,,22,53,798,3661,1687.5,1015.72255069975,0.00983768115942029
945985,Extreme_Capitalism,6,200,TRUE,5,"1,2,3,4,6",0.346425236069316,0.339285714285714,1,88,4,63,0,3318,1606.16666666667,1105.77672550414,0.0103063063063063
945986,Extreme_Capitalism,6,200,TRUE,4,"3,4,5,6",0.368604371847225,0.25,3,180,36,120,0,1189,693.833333333333,545.389188256117,0.00823008849557522
945987,Extreme_Capitalism,6,200,TRUE,4,"1,2,3,5",0.429441026312345,0.268595041322314,3,65,16,69,0,2441,1273.16666666667,1088.25758286661,0.0096165191740413
945988,Extreme_Capitalism,6,200,TRUE,5,"1,3,4,5,6",0.332435118296831,0.20226843100189,1,187,11,54,0,2469,1453.5,954.959004355684,0.007568
945989,Extreme_Capitalism,6,200,TRUE,6,"1,2,3,4,5,6",0.187231040564374,0.209183673469388,0,,28,68,697,2416,1575,581.362881512055,0.00969444444444444
945990,Extreme_Capitalism,6,200,TRUE,5,"1,3,4,5,6",0.361090909090909,0.221938775510204,1,49,14,79,0,2589,1375,970.145762244004,0.00942857142857143
945991,Extreme_Capitalism,6,200,TRUE,5,"2,3,4,5,6",0.276303067592511,0.375,1,186,13,28,200,3241,1896.16666666667,1038.03341307815,0.0144927536231884
945992,Extreme_Capitalism,6,200,TRUE,5,"1,2,3,5,6",0.370505579280893,0.216836734693878,1,147,14,86,198,3048,1209.83333333333,979.075771667682,0.00852542372881356
945993,Extreme_Capitalism,6,200,TRUE,5,"1,3,4,5,6",0.347827682371936,0.262755102040816,1,73,16,33,0,2750,1514,1021.52885421803,0.0104876543209877
945994,Extreme_Capitalism,6,200,TRUE,4,"2,4,5,6",0.42492453643812,0.311909262759924,2,80,8,85,0,2545,1288.33333333333,1068.35268833221,0.0082970297029703
945995,Extreme_Capitalism,6,200,TRUE,5,"1,2,3,5,6",0.379388061740199,0.211734693877551,1,99,20,81,0,2866,1220.16666666667,950.929527707846,0.0085607476635514
945996,Extreme_Capitalism,6,200,TRUE,5,"1,2,3,5,6",0.238653995345229,0.323979591836735,3,159,15,54,0,2314,1718.66666666667,935.348847578628,0.00960119047619048
945997,Extreme_Capitalism,6,200,TRUE,5,"1,2,3,5,6",0.300460333370457,0.221938775510204,1,81,12,58,0,2609,1496.5,901.41793858343,0.00783928571428571
945998,Extreme_Capitalism,6,200,TRUE,3,"1,3,5",0.651371308016878,0.698216735253772,3,65,12,74,0,3647,1053.33333333333,1472.55474148388,0.0312542372881356
945999,Extreme_Capitalism,6,200,TRUE,5,"1,2,4,5,6",0.418843702307209,0.223593964334705,1,80,6,69,0,3029,1237.66666666667,1045.4451045687,0.0124236111111111
946000,Extreme_Capitalism,6,200,TRUE,4,"1,2,3,4",0.425334649989028,0.293367346938775,2,71,19,70,0,1940,1012.66666666667,863.553047974858,0.00935119047619048
946001,Extreme_Capitalism,6,200,TRUE,6,"1,2,3,4,5,6",0.210696517412935,0.221938775510204,0,,10,69,671,2945,1786.66666666667,751.969857551928,0.00867716535433071
946002,Extreme_Capitalism,6,200,TRUE,3,"1,4,5",0.551193467336683,0.36,3,77,10,48,0,2525,1061.33333333333,1206.80398850297,0.00885714285714286
946003,Extreme_Capitalism,6,200,TRUE,6,"1,2,3,4,5,6",0.271526479750779,0.173469387755102,0,,14,70,736,2868,1783.33333333333,973.66702042673,0.0106225895316804
946004,Extreme_Capitalism,6,200,TRUE,4,"2,3,5,6",0.37290006719785,0.363905325443787,2,150,8,43,0,2882,1736.16666666667,1370.27244249699,0.00920967741935484
946005,Extreme_Capitalism,6,200,TRUE,5,"1,2,3,4,5",0.390189760114572,0.219387755102041,1,71,13,53,0,3104,1551.66666666667,1178.06530662212,0.00953107344632768
946006,Extreme_Capitalism,6,200,TRUE,5,"1,2,3,4,5",0.345066528425782,0.2224,1,173,14,39,400,3657,1607.5,1143.02576523891,0.00977346278317152
946007,Extreme_Capitalism,6,200,TRUE,5,"1,2,3,4,6",0.272898873622973,0.252551020408163,3,166,13,55,0,2818,1795.33333333333,1013.10289046408,0.00963733333333333
946008,Extreme_Capitalism,6,200,TRUE,6,"1,2,3,4,5,6",0.203170629954109,0.198979591836735,0,,10,78,775,2015,1331.66666666667,544.326985061982,0.00989473684210526
946009,Extreme_Capitalism,6,200,TRUE,6,"1,2,3,4,5,6",0.290383123933613,0.170918367346939,0,,9,53,788,3214,1790.83333333333,1041.07951985747,0.00888115942028986
946010,Extreme_Capitalism,6,200,TRUE,5,"1,2,4,5,6",0.335813970089588,0.221938775510204,1,110,17,39,0,3063,1556.5,1034.77857534837,0.0117560975609756
946011,Extreme_Capitalism,6,200,TRUE,5,"2,3,4,5,6",0.313377244569905,0.206632653061225,1,102,24,48,0,2511,1417,906.517953490167,0.00943548387096774
946012,Extreme_Capitalism,6,200,TRUE,6,"1,2,3,4,5,6",0.181787521079258,0.170918367346939,0,,19,30,984,2820,1976.66666666667,721.759147269134,0.00850712250712251
946013,Extreme_Capitalism,6,200,TRUE,6,"1,2,3,4,5,6",0.187746358183376,0.209183673469388,0,,12,66,812,2410,1620.83333333333,590.829050290071,0.0109047619047619
946014,Extreme_Capitalism,6,200,TRUE,6,"1,2,3,4,5,6",0.251027703306524,0.191326530612245,0,,6,89,703,2573,1554.16666666667,806.125651909593,0.00769444444444445
946015,Extreme_Capitalism,6,200,TRUE,4,"2,3,4,6",0.456570996978852,0.263313609467456,3,106,5,69,0,2870,1324,1191.80787042207,0.0102202380952381
946016,Extreme_Capitalism,6,200,TRUE,5,"1,2,3,4,6",0.429177865949912,0.206632653061225,1,58,12,57,0,2747,1302.16666666667,1109.95412818128,0.0107106918238994
946017,Extreme_Capitalism,6,200,TRUE,4,"1,2,3,6",0.466601920794216,0.267361111111111,2,111,14,59,0,2470,1029.66666666667,952.730951878161,0.00831410256410256
946018,Extreme_Capitalism,6,200,TRUE,6,"1,2,3,4,5,6",0.243328618576143,0.170918367346939,0,,10,36,879,2676,1767.5,892.212026370414,0.009
946019,Extreme_Capitalism,6,200,TRUE,6,"1,2,3,4,5,6",0.160545454545455,0.209183673469388,0,,12,37,1019,2388,1833.33333333333,622.420972225926,0.00758530183727034
946020,Extreme_Capitalism,6,200,TRUE,6,"1,2,3,4,5,6",0.30034771613719,0.201530612244898,0,,8,62,514,3139,1757.5,1024.95829183436,0.00818181818181818
946021,Extreme_Capitalism,6,200,TRUE,6,"1,2,3,4,5,6",0.158999532491819,0.209183673469388,0,,22,63,1125,2395,1782.5,571.136673660517,0.00819283746556474
946022,Extreme_Capitalism,6,200,TRUE,6,"1,2,3,4,5,6",0.25909710060323,0.193877551020408,0,,20,55,713,2381,1427.5,762.7132488688,0.00721100917431193
946023,Extreme_Capitalism,6,200,TRUE,5,"1,2,3,4,5",0.376726694149129,0.216836734693878,1,101,4,39,0,3175,1536.33333333333,1133.77240514429,0.00858666666666667
946024,Extreme_Capitalism,6,200,TRUE,5,"1,3,4,5,6",0.29254404813064,0.207100591715976,1,145,17,47,0,2546,1551.33333333333,912.212182919449,0.00979393939393939
946025,Extreme_Capitalism,6,200,TRUE,4,"2,3,4,6",0.363952428907112,0.311385459533608,2,138,17,68,0,1926,1158.5,861.732383051722,0.00837101449275362
946026,Extreme_Capitalism,6,200,TRUE,6,"1,2,3,4,5,6",0.161459744168548,0.181122448979592,0,,22,27,937,2435,1845.83333333333,597.771667668071,0.00957861635220126
946027,Extreme_Capitalism,6,200,TRUE,6,"1,2,3,4,5,6",0.175968992248062,0.191326530612245,0,,14,71,943,2280,1397.5,530.680600738335,0.00975067750677507
946028,Extreme_Capitalism,6,200,TRUE,4,"1,2,4,5",0.454346389026607,0.420918367346939,2,131,15,76,0,2669,1344.66666666667,1227.81980219683,0.01
946029,Extreme_Capitalism,6,200,TRUE,5,"1,2,3,5,6",0.367916666666667,0.240054869684499,1,75,13,52,0,3231,1466.66666666667,1080.90455946243,0.0138171091445428
946030,Extreme_Capitalism,6,200,TRUE,6,"1,2,3,4,5,6",0.216269655924023,0.176020408163265,0,,12,55,913,2696,1784.16666666667,769.260012392862,0.00840896358543417
946031,Extreme_Capitalism,6,200,TRUE,4,"1,2,3,6",0.402394650145056,0.3408,2,111,11,60,0,2241,1129.83333333333,892.715277491467,0.00983333333333333
946032,Extreme_Capitalism,6,200,TRUE,5,"1,2,4,5,6",0.228295096716149,0.207100591715976,1,146,23,17,0,2779,1852.5,959.320332318668,0.0102440476190476
946033,Extreme_Capitalism,6,200,TRUE,4,"1,4,5,6",0.437354988399072,0.2864,4,104,23,39,0,2206,1149.33333333333,997.895719334774,0.00969523809523809
946034,Extreme_Capitalism,6,200,TRUE,5,"2,3,4,5,6",0.298288142694679,0.262759924385633,1,168,12,25,0,3166,1856.33333333333,1103.56271533007,0.0121960784313726
946035,Extreme_Capitalism,6,200,TRUE,6,"1,2,3,4,5,6",0.185108119135047,0.206632653061225,0,,18,31,1205,3155,2042.5,749.672128333447,0.00927868852459017
946036,Extreme_Capitalism,6,200,TRUE,3,"2,4,5",0.566078963230862,0.368998628257887,3,110,10,81,0,2020,737.333333333333,861.975328339893,0.00893470790378007
946037,Extreme_Capitalism,6,200,TRUE,5,"1,2,4,5,6",0.372954301969042,0.211805555555556,1,200,17,77,0,2960,1503.83333333333,1154.21738276057,0.0085
946038,Extreme_Capitalism,6,200,TRUE,5,"1,2,3,4,5",0.33979641299079,0.226337448559671,1,167,10,47,0,2216,1375.33333333333,939.110998054366,0.00921159420289855
946039,Extreme_Capitalism,6,200,TRUE,6,"1,2,3,4,5,6",0.122240802675585,0.23469387755102,0,,20,28,1188,2439,1993.33333333333,496.02365534989,0.00884330484330484
946040,Extreme_Capitalism,6,200,TRUE,5,"1,2,4,5,6",0.281914717106355,0.21875,1,188,12,40,0,2678,1674.16666666667,966.585623039504,0.00838983050847458
946041,Extreme_Capitalism,6,200,TRUE,6,"1,2,3,4,5,6",0.203372127723068,0.193877551020408,0,,8,45,828,2788,1861.66666666667,730.026209575154,0.00855466666666667
946042,Extreme_Capitalism,6,200,TRUE,5,"1,2,3,4,6",0.331306251520311,0.218106995884774,1,130,23,63,0,2512,1370.33333333333,887.897441525015,0.013039039039039
946043,Extreme_Capitalism,6,200,TRUE,5,"1,2,3,4,6",0.383460104399702,0.225,1,196,4,24,0,4083,1862.5,1417.10010232164,0.0151884057971015
946044,Extreme_Capitalism,6,200,TRUE,6,"1,2,3,4,5,6",0.162507026419337,0.191326530612245,0,,9,38,939,2575,1976.66666666667,645.675047269652,0.00955013550135501
946045,Extreme_Capitalism,6,200,TRUE,5,"1,2,3,4,5",0.449274299956018,0.231824417009602,1,89,8,82,0,3005,1136.83333333333,1049.92864836934,0.00847368421052632
946046,Extreme_Capitalism,6,200,TRUE,4,"1,3,4,6",0.526939720850856,0.409090909090909,2,151,10,77,0,2191,911.5,963.734143838434,0.0130756302521008
946047,Extreme_Capitalism,6,200,TRUE,5,"1,2,4,5,6",0.389292543021032,0.215363511659808,1,122,26,37,0,3583,1743.33333333333,1312.4309759628,0.0104811594202899
946048,Extreme_Capitalism,6,200,TRUE,6,"1,2,3,4,5,6",0.238674162567346,0.185185185185185,0,,8,84,701,2438,1185.83333333333,644.346309577906,0.00927170868347339
946049,Extreme_Capitalism,6,200,TRUE,5,"1,2,3,4,5",0.314380580179837,0.216,1,191,17,39,0,2971,1748.5,1081.36779127178,0.0106253687315634
946050,Extreme_Capitalism,6,200,TRUE,4,"1,4,5,6",0.419985800496983,0.272976680384088,2,67,20,97,0,1691,782.5,664.998872179495,0.00866066066066066
946051,Extreme_Capitalism,6,192,FALSE,1,6,0.833333333333333,1,5,62,11,103,0,3905,650.833333333333,1594.20957426139,0.0106360153256705
946052,Extreme_Capitalism,6,200,TRUE,4,"1,2,3,4",0.537592617846266,0.405612244897959,2,130,20,63,0,3519,1222.16666666667,1336.91068013786,0.0187741935483871
946053,Extreme_Capitalism,6,200,TRUE,4,"1,2,3,4",0.507896599247588,0.2864,2,179,18,69,0,3955,1491.5,1526.43542280701,0.00981182795698925
946054,Extreme_Capitalism,6,200,TRUE,4,"1,2,4,5",0.360849529152475,0.265432098765432,2,146,7,30,0,2805,1663.66666666667,1300.2766885039,0.00824293785310734
946055,Extreme_Capitalism,6,200,TRUE,4,"3,4,5,6",0.38397603170001,0.2544,2,103,16,61,0,2041,1149.66666666667,916.738712320292,0.00843809523809524
946056,Extreme_Capitalism,6,200,TRUE,3,"3,4,5",0.514025097542972,0.3856,3,102,23,67,0,2743,1053.66666666667,1097.99283543503,0.00873717948717949
946057,Extreme_Capitalism,6,200,TRUE,4,"1,3,4,6",0.409651557200123,0.269230769230769,2,100,10,77,0,2082,1081,892.427476044973,0.0105357142857143
946058,Extreme_Capitalism,6,200,TRUE,3,"3,5,6",0.546635367762128,0.4176,3,115,5,84,0,2641,1065,1173.97563858881,0.0106306306306306
946059,Extreme_Capitalism,6,200,TRUE,5,"2,3,4,5,6",0.289348025711662,0.214285714285714,1,150,8,77,0,2252,1210,727.898619314531,0.00743152454780362
946060,Extreme_Capitalism,6,200,TRUE,3,"2,5,6",0.489102889001521,0.34297520661157,3,99,2,64,0,1391,657.666666666667,657.168674441096,0.00817361111111111
946061,Extreme_Capitalism,6,200,TRUE,5,"1,2,3,4,5",0.356180144641683,0.201646090534979,1,77,8,32,0,3528,1690,1194.78483418564,0.0108717948717949
946062,Extreme_Capitalism,6,200,TRUE,5,"1,2,4,5,6",0.326898734177215,0.287981859410431,1,200,13,58,0,2947,1580,1021.27312703312,0.00977207977207977
946063,Extreme_Capitalism,6,200,TRUE,6,"1,2,3,4,5,6",0.221421709894332,0.209183673469388,0,,26,66,808,2806,1445.83333333333,710.598175248619,0.00933854166666667
946064,Extreme_Capitalism,6,200,TRUE,3,"1,2,4",0.600158901020042,0.588477366255144,3,94,12,78,0,2953,1083.83333333333,1354.81680188381,0.0117731958762887
946065,Extreme_Capitalism,6,200,TRUE,3,"1,3,5",0.496069037528407,0.351473922902494,3,103,15,56,0,2193,904.5,899.255414217785,0.0101533333333333
946066,Extreme_Capitalism,6,200,TRUE,6,"1,2,3,4,5,6",0.219159503342884,0.191326530612245,0,,5,71,860,2438,1454.16666666667,634.934773552896,0.0119276485788114
946067,Extreme_Capitalism,6,200,TRUE,4,"2,3,4,5",0.414937673416988,0.283163265306122,2,96,16,62,0,2583,1341.5,1088.28612965525,0.0122279202279202
946068,Extreme_Capitalism,6,200,TRUE,5,"1,2,3,4,6",0.290002074258453,0.214285714285714,1,118,20,72,0,2114,1339.16666666667,788.210737472325,0.00987719298245614
946069,Extreme_Capitalism,6,200,TRUE,6,"1,2,3,4,5,6",0.144577671196376,0.186224489795918,0,,24,25,1249,2829,2085,601.968105467391,0.00828726287262873
946070,Extreme_Capitalism,6,200,TRUE,3,"1,3,4",0.515589906196327,0.3728,3,88,6,88,0,1821,841,924.573415148846,0.0094327485380117
946071,Extreme_Capitalism,6,200,TRUE,4,"2,3,4,6",0.478828593032048,0.33,2,160,12,72,0,2129,955.166666666667,906.896998929132,0.010018691588785
946072,Extreme_Capitalism,6,200,TRUE,6,"1,2,3,4,5,6",0.0928611579539067,0.204389574759945,0,,20,37,1628,2450,1976.66666666667,368.442487597002,0.00852298850574713
946073,Extreme_Capitalism,6,200,TRUE,5,"1,2,4,5,6",0.25786101850036,0.2288,1,182,12,38,0,2385,1699.66666666667,952.892368878388,0.00754639175257732
946074,Extreme_Capitalism,6,200,TRUE,6,"1,2,3,4,5,6",0.175054644808743,0.173469387755102,0,,18,31,1133,2804,2033.33333333333,708.576789534251,0.00954166666666667
946075,Extreme_Capitalism,6,200,TRUE,6,"1,2,3,4,5,6",0.140857744591231,0.188775510204082,0,,10,56,1047,1965,1450.83333333333,412.271472050476,0.0115014492753623
946076,Extreme_Capitalism,6,200,TRUE,4,"1,2,3,6",0.531523315092839,0.259259259259259,2,100,16,67,0,3562,1187.83333333333,1318.20399281244,0.0142330097087379
946077,Extreme_Capitalism,6,200,TRUE,6,"1,2,3,4,5,6",0.165268817204301,0.224489795918367,0,,22,66,714,2368,1550,532.218376232914,0.00939181286549708
946078,Extreme_Capitalism,6,200,TRUE,4,"1,2,4,6",0.411309728429013,0.285318559556787,2,142,16,49,0,2964,1454.5,1173.0344837216,0.00999457994579946
946079,Extreme_Capitalism,6,200,TRUE,6,"1,2,3,4,5,6",0.242836337156381,0.191326530612245,0,,12,61,881,2806,1525.83333333333,774.193106832311,0.00982142857142857
946080,Extreme_Capitalism,6,200,TRUE,6,"1,2,3,4,5,6",0.160530546623794,0.204081632653061,0,,29,19,1194,3082,2073.33333333333,657.532863563995,0.00816524216524217
946081,Extreme_Capitalism,6,200,TRUE,5,"1,3,4,5,6",0.313752203878827,0.227040816326531,1,121,10,64,0,1642,1039.83333333333,654.381361796519,0.012018018018018
946082,Extreme_Capitalism,6,200,TRUE,6,"1,2,3,4,5,6",0.185089903181189,0.181122448979592,0,,23,30,1224,3196,2008.33333333333,738.958907292325,0.0139039548022599
946083,Extreme_Capitalism,6,200,TRUE,4,"1,2,3,4",0.48802622106021,0.334319526627219,2,131,6,53,0,3611,1466.16666666667,1417.01226764861,0.010716049382716
946084,Extreme_Capitalism,6,200,TRUE,6,"1,2,3,4,5,6",0.258566157090142,0.181122448979592,0,,16,61,672,2754,1580.83333333333,803.448670835086,0.0101261261261261
946085,Extreme_Capitalism,6,200,TRUE,5,"1,2,3,5,6",0.381700927045546,0.275147928994083,2,153,14,65,0,2128,1102.66666666667,836.970887586102,0.00801234567901235
946086,Extreme_Capitalism,6,200,TRUE,5,"1,2,4,5,6",0.295285742313406,0.201646090534979,1,146,25,32,0,3095,1982.16666666667,1196.75585090137,0.0102261904761905
946087,Extreme_Capitalism,6,200,TRUE,4,"1,3,5,6",0.494352363413137,0.291666666666667,2,127,4,80,0,3384,1357.5,1327.57127868902,0.00896363636363637
946088,Extreme_Capitalism,6,200,TRUE,4,"1,2,4,6",0.481031128404669,0.251479289940828,2,82,18,77,0,2469,1028,969.956493869699,0.00765408805031447
946089,Extreme_Capitalism,6,200,TRUE,6,"1,2,3,4,5,6",0.17358024691358,0.196428571428571,0,,14,35,1043,2541,1800,605.860049846497,0.00830909090909091
946090,Extreme_Capitalism,6,200,TRUE,5,"1,2,3,4,6",0.268967093235832,0.262002743484225,1,142,14,53,0,2313,1458.66666666667,809.909789215235,0.0106798679867987
946091,Extreme_Capitalism,6,200,TRUE,6,"1,2,3,4,5,6",0.185312783318223,0.188775510204082,0,,13,35,964,2875,1838.33333333333,668.206155813209,0.00808602150537634
946092,Extreme_Capitalism,6,200,TRUE,3,"1,3,5",0.590368816640448,0.375739644970414,4,83,21,85,0,2786,953.5,1159.48673989831,0.0117286135693215
946093,Extreme_Capitalism,6,200,TRUE,2,"5,6",0.649613122872176,0.582644628099174,4,126,12,76,0,2617,897.5,1315.31558950694,0.0090679012345679
946094,Extreme_Capitalism,6,200,TRUE,5,"1,3,4,5,6",0.343584370762973,0.237244897959184,1,103,16,61,0,2468,1352.16666666667,903.90539696733,0.0091900826446281
946095,Extreme_Capitalism,6,200,TRUE,5,"1,2,3,5,6",0.300861907438636,0.221938775510204,1,99,18,74,0,2308,1482.5,907.04327349912,0.008957928802589
946096,Extreme_Capitalism,6,200,TRUE,3,"1,2,3",0.548593776002663,0.351239669421488,3,75,10,125,0,1709,667.666666666667,759.633771410057,0.00856
946097,Extreme_Capitalism,6,200,TRUE,6,"1,2,3,4,5,6",0.182462462462462,0.178571428571429,0,,16,35,1108,2673,1850,662.385386312228,0.00839420289855073
946098,Extreme_Capitalism,6,200,TRUE,5,"1,2,3,5,6",0.262232243517475,0.211734693877551,1,99,12,35,0,2164,1478.33333333333,819.486831295456,0.00664
946099,Extreme_Capitalism,6,200,TRUE,5,"1,2,3,5,6",0.30027214998488,0.211734693877551,1,105,12,87,0,2106,1102.33333333333,683.995516554507,0.00838320209973753
946100,Extreme_Capitalism,6,200,TRUE,5,"2,3,4,5,6",0.285001970234306,0.230769230769231,1,168,13,33,0,3293,1832.83333333333,1079.78153654648,0.0116025641025641
946101,Extreme_Capitalism,6,200,TRUE,5,"1,2,3,4,6",0.391851519904399,0.212620027434842,1,124,15,55,0,3300,1487.66666666667,1162.03522608683,0.011954415954416
946102,Extreme_Capitalism,6,200,TRUE,6,"1,2,3,4,5,6",0.160661444734552,0.183673469387755,0,,16,33,1124,2614,1915,605.776856606457,0.00787155963302752
946103,Extreme_Capitalism,6,200,TRUE,5,"1,2,3,4,6",0.28579418344519,0.218106995884774,1,106,18,70,0,2374,1291.33333333333,769.747404455947,0.00956756756756757
946104,Extreme_Capitalism,6,200,TRUE,5,"1,2,3,4,5",0.414250531736259,0.224489795918367,1,83,10,51,0,3042,1488.83333333333,1214.56797531742,0.00982072829131653
946105,Extreme_Capitalism,6,200,TRUE,6,"1,2,3,4,5,6",0.12950093680804,0.176020408163265,0,,18,49,997,2034,1630.83333333333,425.223431464761,0.0100655737704918
946106,Extreme_Capitalism,6,200,TRUE,4,"1,2,3,4",0.355666119215535,0.429355281207133,2,88,13,64,0,2786,1725.16666666667,1343.56338394088,0.00886486486486487
946107,Extreme_Capitalism,6,200,TRUE,5,"1,2,3,4,5",0.295855122990509,0.237244897959184,1,83,7,50,0,2343,1434.16666666667,860.54573769595,0.00846296296296296
946108,Extreme_Capitalism,6,200,TRUE,6,"1,2,3,4,5,6",0.275742082090612,0.181122448979592,0,,12,39,595,3299,1955.83333333333,1044.61809608424,0.0116638655462185
946109,Extreme_Capitalism,6,200,TRUE,4,"2,3,4,5",0.385062419285407,0.262002743484225,2,114,14,96,0,1390,774.333333333333,616.968610762871,0.00830476190476191
946110,Extreme_Capitalism,6,200,TRUE,6,"1,2,3,4,5,6",0.244376987568661,0.186224489795918,0,,9,58,1042,3288,1921.66666666667,955.223673631818,0.00970992366412214
946111,Extreme_Capitalism,6,200,TRUE,5,"1,2,3,4,6",0.352828976428543,0.221938775510204,1,100,16,54,0,2847,1383.5,961.25891413292,0.00676543209876543
946112,Extreme_Capitalism,6,200,TRUE,6,"1,2,3,4,5,6",0.098391812865497,0.209183673469388,0,,26,81,818,1431,1140,224.473606466328,0.00894545454545455
946113,Extreme_Capitalism,6,200,TRUE,6,"1,2,3,4,5,6",0.239083139083139,0.193877551020408,0,,17,56,512,2313,1430,671.098204438069,0.012695652173913
946114,Extreme_Capitalism,6,200,TRUE,5,"1,2,3,5,6",0.32761066969353,0.231824417009602,1,153,23,55,0,2514,1174.66666666667,808.243445173957,0.00835988200589971
946115,Extreme_Capitalism,6,200,TRUE,3,"4,5,6",0.548595794736068,0.34375,3,86,18,67,0,2029,755.666666666667,831.487983477011,0.00798130841121495
946116,Extreme_Capitalism,6,200,TRUE,6,"1,2,3,4,5,6",0.128110896196002,0.179698216735254,0,,10,28,991,2627,2154.16666666667,608.937900501083,0.00897478991596639
946117,Extreme_Capitalism,6,200,TRUE,5,"1,2,3,5,6",0.298199107969368,0.23469387755102,2,123,14,57,0,2275,1320.33333333333,805.122516556745,0.00800564971751413
946118,Extreme_Capitalism,6,200,TRUE,6,"1,2,3,4,5,6",0.192770690219169,0.201530612244898,0,,21,60,989,2794,1698.33333333333,680.604633151044,0.00722689075630252
946119,Extreme_Capitalism,6,200,TRUE,5,"1,2,3,4,5",0.342235528942116,0.234567901234568,1,125,16,49,0,2480,1391.66666666667,929.15502832771,0.00972168284789644
946120,Extreme_Capitalism,6,200,TRUE,3,"2,3,6",0.528196896736223,0.368620037807183,3,93,18,49,0,2271,1038.33333333333,1152.07511329195,0.0101410256410256
946121,Extreme_Capitalism,6,200,TRUE,5,"1,3,4,5,6",0.351597090449083,0.227810650887574,1,145,20,54,0,2591,1405.33333333333,964.805818114022,0.00861946902654867
946122,Extreme_Capitalism,6,200,TRUE,5,"2,3,4,5,6",0.34130608516954,0.237244897959184,1,102,10,56,0,2741,1459.83333333333,976.836816805482,0.00735
946123,Extreme_Capitalism,6,200,TRUE,6,"1,2,3,4,5,6",0.261752457104781,0.181122448979592,0,,17,63,786,2886,1667.5,869.831420448813,0.00866666666666667
946124,Extreme_Capitalism,6,200,TRUE,5,"1,3,4,5,6",0.340017454083859,0.211734693877551,1,109,15,68,0,2617,1400.5,958.257324521968,0.0075719298245614
946125,Extreme_Capitalism,6,200,TRUE,2,"3,5",0.674422141119221,0.504132231404959,5,47,17,107,0,1147,365.333333333333,566.890348009795,0.00859925093632959
946126,Extreme_Capitalism,6,200,TRUE,6,"1,2,3,4,5,6",0.145445530528403,0.183673469387755,0,,24,36,1159,2626,1960.83333333333,553.688510506283,0.00797101449275362
946127,Extreme_Capitalism,6,200,TRUE,5,"1,3,4,5,6",0.328426679431945,0.216836734693878,1,127,5,68,0,2314,1392.66666666667,909.726918732576,0.00777586206896552
946128,Extreme_Capitalism,6,200,TRUE,6,"1,2,3,4,5,6",0.11723259762309,0.178571428571429,0,,6,27,1119,2374,1963.33333333333,481.949236607619,0.00810619469026549
946129,Extreme_Capitalism,6,200,TRUE,6,"1,2,3,4,5,6",0.286383960767344,0.176020408163265,0,,7,39,841,3405,1925.83333333333,1115.38305826593,0.0117254901960784
946130,Extreme_Capitalism,6,200,TRUE,5,"1,2,3,4,6",0.311271434546215,0.227810650887574,1,172,20,47,0,3012,1594,996.557073127275,0.00930601092896175
946131,Extreme_Capitalism,6,200,TRUE,5,"1,2,4,5,6",0.248381222177256,0.266540642722117,1,176,20,45,0,2445,1647.33333333333,876.87870692968,0.00844252873563219
946132,Extreme_Capitalism,6,200,TRUE,5,"1,2,3,5,6",0.334678794769755,0.207100591715976,1,159,14,44,0,2594,1465.83333333333,959.422829969491,0.00731372549019608
946133,Extreme_Capitalism,6,200,TRUE,6,"1,2,3,4,5,6",0.241841890790546,0.211734693877551,0,,22,56,761,3496,1704.16666666667,932.796958971601,0.0114632768361582
946134,Extreme_Capitalism,6,200,TRUE,6,"1,2,3,4,5,6",0.147758887171561,0.206632653061225,0,,7,34,1247,2762,2156.66666666667,641.344733093417,0.00828070175438596
946135,Extreme_Capitalism,6,200,TRUE,6,"1,2,3,4,5,6",0.117301293900185,0.183673469387755,0,,16,9,1382,2820,2254.16666666667,529.700449940027,0.0091005291005291
946136,Extreme_Capitalism,6,200,TRUE,4,"1,2,3,5",0.394146512443042,0.257396449704142,2,105,9,72,0,1729,951,766.835314784081,0.0151089743589744
946137,Extreme_Capitalism,6,200,TRUE,6,"1,2,3,4,5,6",0.143801897983393,0.183673469387755,0,,11,35,1219,2587,1873.33333333333,520.212905132761,0.00754802259887006
946138,Extreme_Capitalism,6,200,TRUE,5,"1,2,3,4,6",0.308866705813271,0.232142857142857,1,118,12,58,0,2107,1135.33333333333,705.910381469678,0.00894117647058824
946139,Extreme_Capitalism,6,200,TRUE,4,"1,4,5,6",0.483628124543195,0.262002743484225,2,104,11,84,0,2925,1140.16666666667,1105.65191930673,0.0092875816993464
946140,Extreme_Capitalism,6,200,TRUE,6,"1,2,3,4,5,6",0.151132416284563,0.186224489795918,0,,19,27,1399,2877,1999.16666666667,594.717215714046,0.00954938271604938
946141,Extreme_Capitalism,6,200,TRUE,6,"1,2,3,4,5,6",0.264829931972789,0.186224489795918,0,,6,59,779,2776,1633.33333333333,883.783608507573,0.00789866666666667
946142,Extreme_Capitalism,6,200,TRUE,6,"1,2,3,4,5,6",0.221841794569067,0.204081632653061,0,,11,65,675,2259,1411.66666666667,623.470822626582,0.00984848484848485
946143,Extreme_Capitalism,6,200,TRUE,5,"1,2,3,4,5",0.33063046074549,0.436224489795918,1,167,13,48,0,2998,1767.66666666667,1156.07762138477,0.0098010752688172
946144,Extreme_Capitalism,6,200,TRUE,4,"1,2,3,6",0.503358349611048,0.336805555555556,2,171,12,44,0,3997,1621.16666666667,1621.66919150197,0.0117275362318841
946145,Extreme_Capitalism,6,200,TRUE,3,"4,5,6",0.545513212417635,0.3408,4,116,15,86,0,1871,817.833333333334,927.055428044444,0.0111231884057971
946146,Extreme_Capitalism,6,200,TRUE,5,"1,2,4,5,6",0.312059058840643,0.221938775510204,1,164,12,42,0,2714,1527.66666666667,950.77708568658,0.0145263157894737
946147,Extreme_Capitalism,6,200,TRUE,4,"1,2,3,6",0.491434689507495,0.260416666666667,2,70,12,67,0,2475,1011.83333333333,977.190957114661,0.0131032448377581
946148,Extreme_Capitalism,6,200,TRUE,5,"1,2,3,4,6",0.293535198671266,0.214285714285714,1,112,7,61,0,2176,1304.5,771.502365518085,0.00740659340659341
946149,Extreme_Capitalism,6,200,TRUE,4,"1,2,4,5",0.436862384517711,0.2832,2,86,14,41,0,2437,1268.83333333333,1100.4339901451,0.0103125
946150,Extreme_Capitalism,6,200,TRUE,4,"1,2,3,4",0.407274273345702,0.270233196159122,3,100,12,33,0,2569,1437.33333333333,1190.22647704824,0.00849158249158249
946151,Extreme_Capitalism,6,200,TRUE,6,"1,2,3,4,5,6",0.178446234012316,0.215363511659808,0,,24,47,992,2501,1759.16666666667,612.076928716209,0.0095187969924812
946152,Extreme_Capitalism,6,200,TRUE,6,"1,2,3,4,5,6",0.148143866409762,0.211734693877551,0,,18,19,1136,3045,2162.5,641.827624833958,0.00778395061728395
946153,Extreme_Capitalism,6,200,TRUE,5,"2,3,4,5,6",0.278233462443989,0.229591836734694,1,96,12,43,0,2272,1463,831.417825163738,0.00852830188679245
946154,Extreme_Capitalism,6,200,TRUE,4,"3,4,5,6",0.471114873531374,0.259259259259259,2,115,4,93,0,2689,1082.83333333333,1020.28082735425,0.00957777777777778
946155,Extreme_Capitalism,6,200,TRUE,4,"1,2,3,5",0.565599145983453,0.584183673469388,2,65,7,85,0,3377,1040.83333333333,1263.36034711664,0.0270495049504951
946156,Extreme_Capitalism,6,200,TRUE,6,"1,2,3,4,5,6",0.19339352896915,0.183673469387755,0,,12,56,966,2606,1845.83333333333,700.976865999632,0.00808888888888889
946157,Extreme_Capitalism,6,200,TRUE,5,"2,3,4,5,6",0.344894914659295,0.224489795918367,2,120,18,82,0,2773,1266.16666666667,902.133785348197,0.00905149051490515
946158,Extreme_Capitalism,6,200,TRUE,6,"1,2,3,4,5,6",0.162388019788742,0.209183673469388,0,,4,38,1150,2702,2077.5,688.087421771391,0.0106363636363636
946159,Extreme_Capitalism,6,200,TRUE,4,"1,2,3,5",0.397298371076678,0.25765306122449,3,105,14,88,0,1668,839,685.120135450711,0.00891515151515151
946160,Extreme_Capitalism,6,200,TRUE,4,"1,3,4,6",0.446987804130661,0.27810650887574,2,97,16,74,0,1840,906.5,796.722975694815,0.0096474358974359
946161,Extreme_Capitalism,6,200,TRUE,5,"1,2,3,5,6",0.345374496074687,0.224952741020794,1,153,14,59,0,2305,1047.33333333333,750.015910942339,0.0106006006006006
946162,Extreme_Capitalism,6,200,TRUE,3,"1,4,5",0.569326161661437,0.359504132231405,3,98,10,69,0,2954,1115.5,1299.17262132482,0.0106529209621993
946163,Extreme_Capitalism,6,200,TRUE,5,"1,2,4,5,6",0.300925423851354,0.216836734693878,1,92,10,47,0,2715,1536.83333333333,926.624717275913,0.00738775510204082
946164,Extreme_Capitalism,6,200,TRUE,6,"1,2,3,4,5,6",0.322202433956664,0.182441700960219,0,,16,41,526,3333,1871.66666666667,1198.33445526141,0.0114166666666667
946165,Extreme_Capitalism,6,200,TRUE,5,"1,2,4,5,6",0.31981981981982,0.240054869684499,1,110,8,53,0,2520,1517,975.191468379415,0.00838938053097345
946166,Extreme_Capitalism,6,200,TRUE,2,"3,5",0.744963019637847,0.555555555555556,4,85,12,68,0,1921,435.666666666667,778.672888103,0.00913080168776371
946167,Extreme_Capitalism,6,200,TRUE,6,"1,2,3,4,5,6",0.247076175602984,0.209183673469388,0,,16,75,581,2890,1600.83333333333,789.532118831569,0.00801101928374656
946168,Extreme_Capitalism,6,200,TRUE,4,"1,4,5,6",0.419902238515803,0.257396449704142,2,133,12,59,0,1974,1000.16666666667,839.472790903116,0.00834567901234568
946169,Extreme_Capitalism,6,200,TRUE,5,"1,3,4,5,6",0.400028563267638,0.221938775510204,1,67,18,90,0,2715,1167,932.891419190894,0.00836111111111111
946170,Extreme_Capitalism,6,200,TRUE,6,"1,2,3,4,5,6",0.199598853868195,0.188775510204082,0,,13,65,815,2393,1454.16666666667,579.706966205053,0.0105149051490515
946171,Extreme_Capitalism,6,200,TRUE,6,"1,2,3,4,5,6",0.181681920679135,0.193415637860082,0,,16,38,1042,2891,2094.16666666667,748.441959450876,0.00947701149425287
946172,Extreme_Capitalism,6,200,TRUE,4,"1,2,4,6",0.451990407673861,0.408,2,140,15,73,0,2800,1158.33333333333,1037.74229299314,0.0174041297935103
946173,Extreme_Capitalism,6,200,TRUE,5,"1,2,3,4,6",0.353450851508814,0.243856332703214,1,184,12,92,0,2415,1115.66666666667,796.641868512236,0.0072258064516129
946174,Extreme_Capitalism,6,200,TRUE,6,"1,2,3,4,5,6",0.215528531337699,0.204081632653061,0,,14,44,897,2905,1781.66666666667,754.49683012367,0.00780577427821522
946175,Extreme_Capitalism,6,200,TRUE,6,"1,2,3,4,5,6",0.224018889431689,0.196428571428571,0,,8,49,625,2644,1705.83333333333,742.64619211753,0.00931578947368421
946176,Extreme_Capitalism,6,200,TRUE,6,"1,2,3,4,5,6",0.272439136426275,0.198979591836735,0,,12,43,587,3358,1814.16666666667,976.779896735527,0.0104297520661157
946177,Extreme_Capitalism,6,200,TRUE,5,"1,2,3,5,6",0.360912615010976,0.207133058984911,2,123,12,80,0,2416,1189.5,844.464268042171,0.00789408099688474
946178,Extreme_Capitalism,6,200,TRUE,5,"1,3,4,5,6",0.195562845875998,0.3184,1,169,28,33,0,2240,1676.5,831.461303970305,0.0106091954022989
946179,Extreme_Capitalism,6,200,TRUE,6,"1,2,3,4,5,6",0.306609195402299,0.198979591836735,0,,19,75,612,3211,1546.66666666667,966.979558556781,0.00818487394957983
946180,Extreme_Capitalism,6,200,TRUE,5,"1,2,3,5,6",0.385264065000615,0.207133058984911,1,147,12,48,0,2991,1353.83333333333,1039.52208570413,0.01038
946181,Extreme_Capitalism,6,200,TRUE,6,"1,2,3,4,5,6",0.150225751206601,0.239795918367347,0,,10,73,1078,2411,1784.16666666667,524.375978346326,0.011952380952381
946182,Extreme_Capitalism,6,200,TRUE,5,"1,2,3,5,6",0.252360800909055,0.283163265306122,1,141,19,73,198,2441,1417.83333333333,733.19722221696,0.00988996763754045
946183,Extreme_Capitalism,6,200,TRUE,5,"1,2,4,5,6",0.284136439385881,0.2864,1,170,6,30,0,2590,1566.83333333333,910.024706624313,0.00948623853211009
946184,Extreme_Capitalism,6,200,TRUE,5,"2,3,4,5,6",0.335644278362343,0.209876543209877,1,96,12,50,0,2931,1694.83333333333,1129.62355086403,0.00808562691131499
946185,Extreme_Capitalism,6,200,TRUE,2,"3,4",0.751908396946565,0.670138888888889,4,54,19,101,0,2970,655,1197.35959510917,0.0158795180722892
946186,Extreme_Capitalism,6,200,TRUE,4,"1,2,5,6",0.468050977807075,0.2736,2,140,7,67,0,2852,1264.16666666667,1166.91017934829,0.0104558404558405
946187,Extreme_Capitalism,6,200,TRUE,5,"1,2,3,4,6",0.361335654769307,0.252551020408163,2,94,5,84,0,2575,1340.16666666667,945.947655352381,0.0100996884735203
946188,Extreme_Capitalism,6,200,TRUE,5,"1,3,4,5,6",0.33376037091264,0.219387755102041,1,55,14,108,0,1718,910.666666666667,596.39908338852,0.0116601307189542
946189,Extreme_Capitalism,6,200,TRUE,6,"1,2,3,4,5,6",0.186573694284933,0.206632653061225,0,,12,35,736,2934,2031.66666666667,765.135456417141,0.0127777777777778
946190,Extreme_Capitalism,6,200,TRUE,4,"2,4,5,6",0.453821576556338,0.263313609467456,4,114,19,75,0,2675,1112.83333333333,1014.37693520045,0.0102923976608187
946191,Extreme_Capitalism,6,200,TRUE,3,"2,3,5",0.587424712538784,0.419501133786848,3,114,11,66,0,2503,913.166666666667,1099.65674947534,0.0108163265306122
946192,Extreme_Capitalism,6,200,TRUE,6,"1,2,3,4,5,6",0.203170691637917,0.186224489795918,0,,20,29,719,2900,1690.83333333333,711.742205202605,0.0122485875706215
946193,Extreme_Capitalism,6,200,TRUE,2,"2,4",0.6667215453847,0.68,4,47,14,67,0,3038,1012.33333333333,1568.30018385087,0.00994501718213058
946194,Extreme_Capitalism,6,200,TRUE,6,"1,2,3,4,5,6",0.227394957983193,0.193877551020408,0,,4,50,1049,3045,1983.33333333333,911.980847752115,0.00768660968660969
946195,Extreme_Capitalism,6,200,TRUE,3,"2,4,6",0.503980772119573,0.334319526627219,3,72,11,110,0,1505,739.666666666667,810.43807083988,0.0098969696969697
946196,Extreme_Capitalism,6,200,TRUE,5,"1,2,3,4,5",0.270116044883476,0.257396449704142,1,167,27,26,0,2677,1737.83333333333,970.458740321641,0.0089595015576324
946197,Extreme_Capitalism,6,200,TRUE,4,"2,4,5,6",0.472591834413738,0.256235827664399,2,84,18,101,0,2599,977,958.573106236556,0.00807650273224044
946198,Extreme_Capitalism,6,200,TRUE,5,"1,2,4,5,6",0.331834739705815,0.211734693877551,1,104,16,83,0,2229,1204.83333333333,784.155192973092,0.00866066066066066
946199,Extreme_Capitalism,6,200,TRUE,4,"1,4,5,6",0.405880336019201,0.267857142857143,2,85,11,57,0,1824,972.166666666667,794.808509432723,0.0138333333333333
946200,Extreme_Capitalism,6,200,TRUE,5,"1,2,3,4,6",0.347773851590106,0.219387755102041,1,70,5,94,0,2682,1179.16666666667,868.104928373677,0.00820125786163522
946201,Extreme_Capitalism,6,200,TRUE,2,"1,5",0.700554101893181,0.86734693877551,4,115,9,88,0,4109,1082.83333333333,1713.24585704057,0.0150114942528736
946202,Extreme_Capitalism,6,200,TRUE,2,"2,4",0.732991744947339,0.689349112426036,5,68,14,81,0,3274,780.666666666667,1345.40204647781,0.0128888888888889
946203,Extreme_Capitalism,6,200,TRUE,6,"1,2,3,4,5,6",0.194543126900304,0.211734693877551,0,,7,62,986,2580,1735.83333333333,658.285171234068,0.00804301075268817
946204,Extreme_Capitalism,6,200,TRUE,5,"2,3,4,5,6",0.306302757456387,0.294924554183813,1,120,8,65,0,2414,1480.83333333333,905.66029319313,0.00925079365079365
946205,Extreme_Capitalism,6,200,TRUE,6,"1,2,3,4,5,6",0.14820770519263,0.24234693877551,0,,18,80,828,2126,1658.33333333333,497.662000424652,0.00786163522012579
946206,Extreme_Capitalism,6,200,TRUE,5,"1,2,3,4,6",0.28462291870715,0.224489795918367,2,184,17,32,0,2725,1701.66666666667,987.101548305273,0.00871515151515152
946207,Extreme_Capitalism,6,200,TRUE,5,"1,2,3,4,6",0.289078704227477,0.364795918367347,1,88,12,84,0,2500,1473.16666666667,859.008362396238,0.0164011299435028
946208,Extreme_Capitalism,6,200,TRUE,6,"1,2,3,4,5,6",0.185970974429855,0.204081632653061,0,,18,86,848,2257,1205.83333333333,532.298944829564,0.00795
946209,Extreme_Capitalism,6,200,TRUE,6,"1,2,3,4,5,6",0.152659139257077,0.214285714285714,0,,22,74,806,2299,1697.5,531.785953180413,0.00854802259887006
946210,Extreme_Capitalism,6,200,TRUE,6,"1,2,3,4,5,6",0.178627367221985,0.183673469387755,0,,15,46,1079,2658,1950.83333333333,694.047668872007,0.0100252525252525
946211,Extreme_Capitalism,6,200,TRUE,2,"3,4",0.727318502242974,0.546313799621928,4,125,13,92,0,2483,606.833333333333,1029.24951623339,0.0107387387387387
946212,Extreme_Capitalism,6,200,TRUE,5,"1,2,3,4,6",0.285919337380583,0.244897959183673,1,124,6,73,0,1981,1180.5,686.152679802389,0.00888888888888889
946213,Extreme_Capitalism,6,200,TRUE,5,"1,3,4,5,6",0.292329493508868,0.239795918367347,1,103,11,72,0,1971,1215.33333333333,714.000746965062,0.0124817927170868
946214,Extreme_Capitalism,6,200,TRUE,4,"1,2,4,6",0.45245999319033,0.301038062283737,2,184,10,49,0,2952,1305.33333333333,1162.58464924782,0.0147447447447447
946215,Extreme_Capitalism,6,200,TRUE,6,"1,2,3,4,5,6",0.194589732945897,0.193877551020408,0,,12,56,840,2889,2007.5,781.528950199543,0.00884153005464481
946216,Extreme_Capitalism,6,200,TRUE,6,"1,2,3,4,5,6",0.212662473794549,0.191326530612245,0,,18,65,668,2014,1325,547.331709295195,0.0166070460704607
946217,Extreme_Capitalism,6,200,TRUE,6,"1,2,3,4,5,6",0.282202842377261,0.204081632653061,0,,9,74,701,3693,1720,1056.96849527316,0.0139022988505747
946218,Extreme_Capitalism,6,200,TRUE,6,"1,2,3,4,5,6",0.282428651371013,0.178571428571429,0,,10,74,751,2889,1489.16666666667,903.163643348572,0.00831372549019608
946219,Extreme_Capitalism,6,200,TRUE,6,"1,2,3,4,5,6",0.20336417157275,0.206632653061225,0,,23,48,888,3187,1981.66666666667,791.844850123221,0.00725619834710744
946220,Extreme_Capitalism,6,200,TRUE,5,"2,3,4,5,6",0.338643597743532,0.229166666666667,1,174,10,50,0,3242,1762.83333333333,1165.53445537516,0.00838983050847458
946221,Extreme_Capitalism,6,200,TRUE,6,"1,2,3,4,5,6",0.195126050420168,0.176020408163265,0,,14,40,940,2857,1983.33333333333,754.0723219073,0.00918734793187348
946222,Extreme_Capitalism,6,200,TRUE,5,"1,2,3,5,6",0.330278952539621,0.227272727272727,1,189,15,62,200,2421,1300.5,836.190588323021,0.0094
946223,Extreme_Capitalism,6,200,TRUE,5,"1,2,3,4,5",0.421138485768928,0.2256,1,191,20,59,0,3863,1481.5,1324.01310416476,0.0104683195592286
946224,Extreme_Capitalism,6,200,TRUE,5,"1,2,3,4,5",0.386502958789554,0.206632653061225,1,113,15,64,0,2946,1567.83333333333,1190.07334507864,0.00773831775700935
946225,Extreme_Capitalism,6,200,TRUE,4,"2,4,5,6",0.458653143274854,0.344387755102041,2,122,5,67,0,2337,1216,1160.42974798132,0.0107378640776699
946226,Extreme_Capitalism,6,200,TRUE,6,"1,2,3,4,5,6",0.134509137271568,0.229591836734694,0,,14,51,1293,2543,1960.83333333333,521.501070628495,0.0134205128205128
946227,Extreme_Capitalism,6,200,TRUE,6,"1,2,3,4,5,6",0.162961002293983,0.188775510204082,0,,8,60,1057,2309,1574.16666666667,503.168129621369,0.0084
946228,Extreme_Capitalism,6,200,TRUE,5,"1,3,4,5,6",0.330912753100816,0.216,1,187,4,54,0,2686,1572.16666666667,1030.79783016199,0.00951070336391437
946229,Extreme_Capitalism,6,200,TRUE,5,"1,2,3,4,6",0.26550087692149,0.283163265306122,1,70,11,76,0,1623,1077,602.195649270235,0.013384126984127
946230,Extreme_Capitalism,6,200,TRUE,6,"1,2,3,4,5,6",0.232450114491331,0.176020408163265,0,,25,46,972,3080,1698.33333333333,806.112316409238,0.00915422885572139
946231,Extreme_Capitalism,6,200,TRUE,4,"1,4,5,6",0.473422668900056,0.363511659807956,3,122,24,61,0,2408,995,929.929029550105,0.00984126984126984
946232,Extreme_Capitalism,6,200,TRUE,4,"1,2,4,6",0.438420838420838,0.302469135802469,2,188,11,33,0,2628,1365,1187.37222470462,0.0102222222222222
946233,Extreme_Capitalism,6,200,TRUE,4,"2,3,4,6",0.468841642228739,0.274305555555556,2,90,10,36,0,2956,1364,1250.79702589989,0.00991666666666667
946234,Extreme_Capitalism,6,200,TRUE,6,"1,2,3,4,5,6",0.226012938372489,0.176020408163265,0,,10,57,821,2484,1631.66666666667,736.022191694426,0.008224
946235,Extreme_Capitalism,6,200,TRUE,4,"1,2,3,4",0.443863268012377,0.308641975308642,2,124,8,61,0,2536,1131.16666666667,996.074378079602,0.00844012944983819
946236,Extreme_Capitalism,6,200,TRUE,5,"1,2,3,4,6",0.307637619337802,0.25,1,88,12,88,0,1800,1094,669.55089425674,0.0148787878787879
946237,Extreme_Capitalism,6,200,TRUE,5,"1,2,4,5,6",0.386423781040421,0.278463648834019,1,146,16,84,0,3489,1532.5,1181.96865440671,0.00994871794871795
946238,Extreme_Capitalism,6,200,TRUE,6,"1,2,3,4,5,6",0.109993373094765,0.224489795918367,0,,6,30,1428,2714,2095.83333333333,454.513109455235,0.0105144356955381
946239,Extreme_Capitalism,6,200,TRUE,6,"1,2,3,4,5,6",0.197327346589694,0.204081632653061,0,,20,83,770,2195,1299.16666666667,520.387323699057,0.00926829268292683
946240,Extreme_Capitalism,6,167,FALSE,1,4,0.833333333333333,1,5,108,15,96,0,4198,699.666666666667,1713.8263233673,0.0123739837398374
946241,Extreme_Capitalism,6,200,TRUE,6,"1,2,3,4,5,6",0.275106483672503,0.214285714285714,0,,16,53,758,3112,1760.83333333333,983.655918838832,0.00848
946242,Extreme_Capitalism,6,200,TRUE,4,"1,2,4,5",0.422120605887396,0.288265306122449,2,86,14,81,0,2394,1166.33333333333,979.985033899328,0.00776638176638177
946243,Extreme_Capitalism,6,200,TRUE,6,"1,2,3,4,5,6",0.31792863359443,0.173469387755102,0,,13,65,688,3040,1595.83333333333,1061.24896544904,0.0100769230769231
946244,Extreme_Capitalism,6,200,TRUE,6,"1,2,3,4,5,6",0.253977968176255,0.183673469387755,0,,24,74,707,2775,1361.66666666667,753.629528791612,0.0087304347826087
946245,Extreme_Capitalism,6,200,TRUE,6,"1,2,3,4,5,6",0.158958628283782,0.183673469387755,0,,14,40,908,2332,1765.83333333333,569.978040512673,0.00852222222222222
946246,Extreme_Capitalism,6,200,TRUE,5,"2,3,4,5,6",0.291865586025684,0.229591836734694,1,132,17,49,0,2496,1501.16666666667,880.22824691478,0.0119304347826087
946247,Extreme_Capitalism,6,200,TRUE,5,"1,2,3,4,6",0.262995861512062,0.248520710059172,1,136,10,44,0,2545,1651.16666666667,911.519043501926,0.00745911949685535
946248,Extreme_Capitalism,6,200,TRUE,5,"1,3,4,5,6",0.275300504071345,0.202479338842975,1,181,30,23,0,2524,1719.33333333333,997.25115525963,0.0110242424242424
946249,Extreme_Capitalism,6,200,TRUE,5,"1,2,3,4,5",0.313427450980392,0.49234693877551,2,161,9,48,0,2862,1770.83333333333,1113.09468001005,0.00935652173913044
946250,Extreme_Capitalism,6,200,TRUE,5,"1,2,3,5,6",0.330015612802498,0.229591836734694,1,99,18,71,0,2456,1138.66666666667,790.900668015059,0.00859033078880407
946251,Extreme_Capitalism,6,200,TRUE,5,"1,2,4,5,6",0.27135251290933,0.298469387755102,2,122,16,73,0,2538,1732.16666666667,1002.86557756594,0.0100766961651917
946252,Extreme_Capitalism,6,200,TRUE,6,"1,2,3,4,5,6",0.329650507328072,0.181122448979592,0,,16,63,691,3655,1478.33333333333,1115.37557202346,0.0155536231884058
946253,Extreme_Capitalism,6,200,TRUE,4,"1,3,5,6",0.439380498262734,0.2704,3,73,7,106,0,1566,751.5,653.082460337131,0.00848780487804878
946254,Extreme_Capitalism,6,200,TRUE,4,"2,3,4,5",0.432262920220773,0.2928,2,71,14,56,0,2046,996.5,850.146752037553,0.0083525641025641
946255,Extreme_Capitalism,6,200,TRUE,6,"1,2,3,4,5,6",0.19195294117647,0.204081632653061,0,,15,64,1001,2693,1770.83333333333,662.341125604221,0.0102113821138211
946256,Extreme_Capitalism,6,200,TRUE,6,"1,2,3,4,5,6",0.231242840778923,0.183673469387755,0,,14,31,759,3354,1940,887.149141914706,0.0114417344173442
946257,Extreme_Capitalism,6,200,TRUE,6,"1,2,3,4,5,6",0.312741240397227,0.183673469387755,0,,7,56,631,2995,1482.5,969.18393507115,0.0104833333333333
946258,Extreme_Capitalism,6,200,TRUE,5,"2,3,4,5,6",0.298343491170495,0.224952741020794,1,198,11,36,0,2863,1777.5,1060.05447973206,0.00691891891891892
946259,Extreme_Capitalism,6,200,TRUE,6,"1,2,3,4,5,6",0.17569696969697,0.206632653061225,0,,21,45,1215,2801,1833.33333333333,651.580437602808,0.00831638418079096
946260,Extreme_Capitalism,6,200,TRUE,5,"1,2,3,4,6",0.342885407544355,0.224852071005917,1,136,11,46,0,2807,1712.83333333333,1200.23687939784,0.0102202898550725
946261,Extreme_Capitalism,6,200,TRUE,6,"1,2,3,4,5,6",0.249142053445851,0.191326530612245,0,,26,38,890,3144,1975,963.473715261605,0.00804242424242424
946262,Extreme_Capitalism,6,200,TRUE,6,"1,2,3,4,5,6",0.277509115332949,0.206632653061225,0,,29,65,588,2977,1447.5,840.322735620071,0.0104485981308411
946263,Extreme_Capitalism,6,200,TRUE,6,"1,2,3,4,5,6",0.197351694915254,0.193877551020408,0,,22,49,802,2427,1573.33333333333,612.893356683417,0.00882898550724638
946264,Extreme_Capitalism,6,200,TRUE,4,"3,4,5,6",0.491294192589447,0.395408163265306,2,132,13,49,0,3698,1569.83333333333,1521.68280750841,0.0116374269005848
946265,Extreme_Capitalism,6,200,TRUE,5,"1,2,3,5,6",0.291033851784081,0.204389574759945,1,141,8,27,0,3029,1821.66666666667,1065.24319601989,0.00958641975308642
946266,Extreme_Capitalism,6,200,TRUE,4,"1,3,4,6",0.465192603428228,0.512755102040816,2,118,17,70,0,3028,1481.16666666667,1360.91357795661,0.01
946267,Extreme_Capitalism,6,200,TRUE,6,"1,2,3,4,5,6",0.225381944444444,0.191326530612245,0,,16,47,808,2848,1600,728.350190499048,0.00953225806451613
946268,Extreme_Capitalism,6,200,TRUE,4,"2,4,5,6",0.49198717948718,0.346938775510204,2,120,15,56,0,3831,1490.66666666667,1459.01743192693,0.0122090395480226
946269,Extreme_Capitalism,6,200,TRUE,5,"1,3,4,5,6",0.348267939201131,0.25765306122449,1,103,10,61,0,2554,1257.33333333333,864.01658934691,0.00993510324483776
946270,Extreme_Capitalism,6,200,TRUE,6,"1,2,3,4,5,6",0.160884749708964,0.23469387755102,0,,18,55,940,2006,1431.66666666667,467.921645862496,0.00910714285714286
946271,Extreme_Capitalism,6,200,TRUE,5,"1,2,3,4,6",0.301096001623706,0.216836734693878,1,124,12,51,0,2593,1642.33333333333,1005.86911010661,0.00845402298850575
946272,Extreme_Capitalism,6,200,TRUE,5,"1,2,3,4,6",0.325547939409325,0.207133058984911,1,136,20,71,0,2466,1313,842.486795148743,0.0109320987654321
946273,Extreme_Capitalism,6,200,TRUE,5,"1,2,3,5,6",0.276442721791559,0.234567901234568,1,123,14,57,0,2123,1290,740.421501578662,0.00880480480480481
946274,Extreme_Capitalism,6,200,TRUE,5,"1,2,3,5,6",0.313277332812398,0.220850480109739,1,135,11,21,0,2788,1706.33333333333,1058.15512410358,0.00831372549019608
946275,Extreme_Capitalism,6,200,TRUE,6,"1,2,3,4,5,6",0.116408896744734,0.221938775510204,0,,16,36,1365,2526,1885.83333333333,429.96158743156,0.0123555555555556
946276,Extreme_Capitalism,6,200,TRUE,4,"2,3,4,6",0.469470496287612,0.336734693877551,2,70,11,109,0,2401,1137.33333333333,1048.94798091548,0.00917204301075269
946277,Extreme_Capitalism,6,200,TRUE,5,"1,2,4,5,6",0.346903429637242,0.221938775510204,2,122,18,57,0,2981,1459.5,1004.04476991815,0.0129190938511327
946278,Extreme_Capitalism,6,200,TRUE,6,"1,2,3,4,5,6",0.188502810424118,0.178571428571429,0,,4,54,920,2349,1630.83333333333,622.880860732345,0.0103697478991597
946279,Extreme_Capitalism,6,200,TRUE,6,"1,2,3,4,5,6",0.118228663446055,0.168724279835391,0,,18,103,539,1083,862.5,202.193718992455,0.009042071197411
946280,Extreme_Capitalism,6,200,TRUE,5,"2,3,4,5,6",0.298427672955975,0.255102040816327,1,138,11,46,0,2375,1413.33333333333,842.624155045811,0.00848048048048048
946281,Extreme_Capitalism,6,200,TRUE,5,"1,2,3,4,5",0.382157148734059,0.22189349112426,1,125,4,55,0,2963,1485.5,1104.65338455101,0.00735042735042735
946282,Extreme_Capitalism,6,200,TRUE,6,"1,2,3,4,5,6",0.0754237288135593,0.198902606310014,0,,22,32,1615,2292,1966.66666666667,293.133871578613,0.00925268817204301
946283,Extreme_Capitalism,6,200,TRUE,6,"1,2,3,4,5,6",0.122049286640726,0.227040816326531,0,,16,32,1052,2292,1713.33333333333,416.191141984866,0.0102204301075269
946284,Extreme_Capitalism,6,178,FALSE,1,2,0.795901179112858,1,6,99,21,81,0,1581,296.833333333333,634.17676295073,0.00905050505050505
946285,Extreme_Capitalism,6,200,TRUE,5,"1,2,3,4,5",0.414509331727875,0.224489795918367,1,197,15,69,0,3341,1384.16666666667,1177.8735783889,0.0113010752688172
946286,Extreme_Capitalism,6,200,TRUE,4,"1,2,3,6",0.456750269017465,0.285318559556787,2,183,23,58,0,2812,1342.33333333333,1212.44590257325,0.0116156156156156
946287,Extreme_Capitalism,6,200,TRUE,5,"2,3,4,5,6",0.225546815360616,0.338374291115312,1,174,16,48,150,2410,1673.83333333333,813.592383609057,0.0111032448377581
946288,Extreme_Capitalism,6,200,TRUE,6,"1,2,3,4,5,6",0.136754915621613,0.211734693877551,0,,6,58,1178,2393,1794.16666666667,487.884993278812,0.0114338624338624
946289,Extreme_Capitalism,6,200,TRUE,6,"1,2,3,4,5,6",0.230689759951382,0.176020408163265,0,,12,56,917,2977,1828.33333333333,825.297926004099,0.00958045977011494
946290,Extreme_Capitalism,6,200,TRUE,5,"1,2,4,5,6",0.321789393487694,0.216,2,152,15,38,0,2980,1677.16666666667,1068.59073862104,0.0101474926253687
946291,Extreme_Capitalism,6,200,TRUE,3,"2,4,6",0.574816148881885,0.36,4,114,16,78,0,2069,740.333333333333,875.669496252248,0.00832974910394265
946292,Extreme_Capitalism,6,200,TRUE,4,"1,4,5,6",0.424418897796602,0.280612244897959,2,74,19,94,0,2320,1101.83333333333,932.646646199227,0.0079009900990099
946293,Extreme_Capitalism,6,200,TRUE,5,"1,3,4,5,6",0.327353503542909,0.34156378600823,1,151,11,56,0,2740,1481.83333333333,956.658646888568,0.0103792048929664
946294,Extreme_Capitalism,6,200,TRUE,6,"1,2,3,4,5,6",0.116186046511628,0.227040816326531,0,,21,44,1328,2331,1791.66666666667,411.220459931977,0.00859130434782609
946295,Extreme_Capitalism,6,200,TRUE,5,"1,2,3,5,6",0.343240155653136,0.215976331360947,1,135,8,48,0,2676,1556.16666666667,1053.05430375962,0.00932721712538226
946296,Extreme_Capitalism,6,200,TRUE,5,"1,3,4,5,6",0.27479305953518,0.247933884297521,1,181,8,49,0,2340,1396,792.665629379753,0.00890756302521008
946297,Extreme_Capitalism,6,200,TRUE,3,"2,3,6",0.545471014492754,0.34375,3,72,16,55,0,2136,920,1039.30611467459,0.00909385113268609
946298,Extreme_Capitalism,6,200,TRUE,6,"1,2,3,4,5,6",0.157420718816068,0.186224489795918,0,,14,34,911,2597,1970.83333333333,632.43099755362,0.00782758620689655
946299,Extreme_Capitalism,6,200,TRUE,2,"1,2",0.698915908299766,0.86734693877551,4,75,9,115,0,4000,1117.16666666667,1778.64222559419,0.00991277258566978
946300,Extreme_Capitalism,6,200,TRUE,6,"1,2,3,4,5,6",0.24413597733711,0.191326530612245,0,,18,51,667,2639,1470.83333333333,709.755004678845,0.00899479166666667
946301,Extreme_Capitalism,6,200,TRUE,3,"1,2,3",0.549415432579891,0.418685121107267,3,93,21,70,0,2465,1069.16666666667,1220.14858384816,0.010791277258567
946302,Extreme_Capitalism,6,200,TRUE,5,"2,3,4,5,6",0.314218523878437,0.245541838134431,1,132,18,29,0,3160,1842.66666666667,1146.57536458214,0.00888135593220339
946303,Extreme_Capitalism,6,200,TRUE,6,"1,2,3,4,5,6",0.136601974804222,0.218106995884774,0,,6,71,1157,2296,1631.66666666667,438.591685587708,0.00691954022988506
946304,Extreme_Capitalism,6,200,TRUE,4,"2,4,5,6",0.455320103150577,0.2672,3,120,9,61,0,2351,991,899.263698811422,0.00826666666666667
946305,Extreme_Capitalism,6,200,TRUE,5,"1,3,4,5,6",0.393234855577516,0.226337448559671,1,103,12,44,0,3192,1602.16666666667,1237.55507621547,0.0102905982905983
946306,Extreme_Capitalism,6,200,TRUE,5,"1,2,3,4,5",0.31794450759968,0.272959183673469,1,113,19,62,0,2131,1319.5,849.598669961294,0.00924919093851133
946307,Extreme_Capitalism,6,200,TRUE,5,"1,2,3,4,5",0.32366469965199,0.253772290809328,1,185,8,38,0,3066,1835.83333333333,1188.08289553661,0.0099358024691358
946308,Extreme_Capitalism,6,200,TRUE,3,"2,4,6",0.578843626806833,0.371900826446281,3,76,17,60,0,2498,887.833333333333,1055.88264815114,0.0087283950617284
946309,Extreme_Capitalism,6,200,TRUE,6,"1,2,3,4,5,6",0.267262530669471,0.181122448979592,0,,12,56,634,2544,1585,845.1175066226,0.0103123123123123
946310,Extreme_Capitalism,6,172,FALSE,1,6,0.833333333333333,1,5,79,12,58,0,3964,660.666666666667,1618.29622339875,0.0117201646090535
946311,Extreme_Capitalism,6,200,TRUE,5,"1,2,3,4,5",0.283208779371171,0.218934911242604,1,173,20,41,0,2686,1650.33333333333,946.283396592515,0.00854901960784314
946312,Extreme_Capitalism,6,200,TRUE,6,"1,2,3,4,5,6",0.224055605923239,0.170918367346939,0,,21,36,697,2723,1838.33333333333,809.269217669044,0.0104984984984985
946313,Extreme_Capitalism,6,200,TRUE,5,"1,2,3,4,5",0.328935034970077,0.212620027434842,1,113,7,43,0,2833,1541,990.764553261773,0.00901333333333333
946314,Extreme_Capitalism,6,200,TRUE,5,"1,2,4,5,6",0.323548147361716,0.22117202268431,1,200,9,43,0,2890,1569.83333333333,1007.6436704841,0.00790740740740741
946315,Extreme_Capitalism,6,200,TRUE,6,"1,2,3,4,5,6",0.285234055922086,0.178571428571429,0,,8,56,784,3416,1768.33333333333,1026.60346125788,0.0108850574712644
946316,Extreme_Capitalism,6,200,TRUE,5,"1,2,3,4,6",0.249318383726986,0.247448979591837,1,100,20,23,0,2725,1813.5,974.090088236196,0.00811864406779661
946317,Extreme_Capitalism,6,200,TRUE,5,"1,2,3,4,6",0.363846509477577,0.227040816326531,1,106,13,46,0,3518,1682.33333333333,1209.39466952135,0.0104533333333333
946318,Extreme_Capitalism,6,160,FALSE,1,2,0.833333333333333,1,5,95,16,61,0,4109,684.833333333333,1677.49222551601,0.02175
946319,Extreme_Capitalism,6,200,TRUE,5,"1,2,3,5,6",0.327888323307111,0.209829867674858,1,189,12,35,0,3051,1800.83333333333,1167.26953471196,0.0103660130718954
946320,Extreme_Capitalism,6,200,TRUE,4,"1,2,4,6",0.471422229620998,0.260330578512397,2,104,7,52,0,2194,1001.16666666667,922.645417626222,0.00906422018348624
946321,Extreme_Capitalism,6,200,TRUE,6,"1,2,3,4,5,6",0.182339874120696,0.188775510204082,0,,11,28,946,2965,2250.83333333333,838.300045727463,0.00970833333333333
946322,Extreme_Capitalism,6,200,TRUE,2,"4,6",0.72218422252622,0.598765432098765,4,85,12,99,0,1949,487.333333333333,815.384980648201,0.00995424836601307
946323,Extreme_Capitalism,6,200,TRUE,5,"1,2,4,5,6",0.348479313179286,0.252551020408163,1,140,19,58,0,3350,1824.83333333333,1239.51432693078,0.00820671834625323
946324,Extreme_Capitalism,6,200,TRUE,4,"1,2,3,6",0.428196870225856,0.267361111111111,2,106,10,38,0,2535,1345.5,1168.41769072537,0.00837853107344633
946325,Extreme_Capitalism,6,200,TRUE,6,"1,2,3,4,5,6",0.213700564971751,0.198979591836735,0,,21,32,920,2963,1966.66666666667,816.024182648202,0.00891733333333333
946326,Extreme_Capitalism,6,200,TRUE,5,"1,2,3,4,5",0.319045185469103,0.227040816326531,1,53,13,52,0,2383,1304.5,825.739365659649,0.00936601307189543
946327,Extreme_Capitalism,6,200,TRUE,6,"1,2,3,4,5,6",0.248068376068376,0.193877551020408,0,,21,63,690,2599,1625,804.373545064729,0.0108947368421053
946328,Extreme_Capitalism,6,200,TRUE,5,"1,2,3,4,5",0.297385620915033,0.211805555555556,1,179,10,46,0,2448,1538.5,921.86371010036,0.00940289855072464
946329,Extreme_Capitalism,6,200,TRUE,6,"1,2,3,4,5,6",0.272836631742336,0.170918367346939,0,,17,50,705,2628,1431.66666666667,823.365208559766,0.0080952380952381
946330,Extreme_Capitalism,6,200,TRUE,6,"1,2,3,4,5,6",0.225418719211823,0.193877551020408,0,,18,79,848,2723,1691.66666666667,741.210271560417,0.00867806267806268
946331,Extreme_Capitalism,6,200,TRUE,5,"1,2,4,5,6",0.271093491906178,0.260204081632653,1,80,17,56,0,2599,1681.66666666667,940.344334096115,0.00866666666666667
946332,Extreme_Capitalism,6,200,TRUE,6,"1,2,3,4,5,6",0.267724867724868,0.173469387755102,0,,18,67,661,2747,1470,787.681153767183,0.00797777777777778
946333,Extreme_Capitalism,6,200,TRUE,6,"1,2,3,4,5,6",0.200860685630926,0.183673469387755,0,,4,32,1033,2982,1904.16666666667,752.118452550306,0.00857627118644068
946334,Extreme_Capitalism,6,200,TRUE,5,"1,2,3,4,5",0.265783774779277,0.272959183673469,1,125,14,69,0,2723,1667.5,931.305911073263,0.00787533875338753
946335,Extreme_Capitalism,6,200,TRUE,6,"1,2,3,4,5,6",0.243782654127482,0.204081632653061,0,,6,84,563,2455,1329.16666666667,657.09159686201,0.00750131233595801
946336,Extreme_Capitalism,6,200,TRUE,3,"1,5,6",0.535618153364632,0.352537722908093,4,103,11,51,0,2004,887.5,990.585634864548,0.00887179487179487
946337,Extreme_Capitalism,6,200,TRUE,6,"1,2,3,4,5,6",0.205646437994723,0.201530612244898,0,,4,65,703,2563,1579.16666666667,655.949515333815,0.00987777777777778
946338,Extreme_Capitalism,6,200,TRUE,5,"1,2,4,5,6",0.291560058677038,0.244897959183673,1,140,19,68,196,2856,1628.5,960.677209056195,0.00857377049180328
946339,Extreme_Capitalism,6,200,TRUE,5,"1,2,4,5,6",0.318228732483824,0.275510204081633,1,110,15,53,0,2536,1399.5,882.689696325951,0.00813725490196078
946340,Extreme_Capitalism,6,200,TRUE,4,"2,4,5,6",0.392924596832776,0.242603550295858,2,74,12,60,0,2127,1147.16666666667,893.740100178271,0.0119679487179487
946341,Extreme_Capitalism,6,200,TRUE,3,"3,4,5",0.620753985559917,0.599489795918367,4,132,11,82,0,3536,1146.5,1482.69076344327,0.0154965986394558
946342,Extreme_Capitalism,6,200,TRUE,4,"1,2,3,5",0.384175691937425,0.264,2,111,16,81,0,1266,738.666666666667,589.998531071618,0.00834234234234234
946343,Extreme_Capitalism,6,200,TRUE,6,"1,2,3,4,5,6",0.198874531054606,0.181122448979592,0,,18,38,938,2978,1999.16666666667,813.208316894673,0.00915485564304462
946344,Extreme_Capitalism,6,200,TRUE,6,"1,2,3,4,5,6",0.1552570768342,0.173469387755102,0,,18,32,1262,2703,1923.33333333333,590.542349596256,0.009504
946345,Extreme_Capitalism,6,200,TRUE,4,"1,2,3,5",0.438078777792003,0.281207133058985,3,111,8,62,0,2764,1301.83333333333,1126.93609697563,0.0102550724637681
946346,Extreme_Capitalism,6,200,TRUE,5,"1,2,3,4,5",0.342793880837359,0.224489795918367,1,101,16,67,0,2717,1380,939.23415610805,0.0102314049586777
946347,Extreme_Capitalism,6,200,TRUE,5,"1,2,3,4,5",0.3417269880384,0.229080932784636,1,173,14,90,150,2124,1082.16666666667,721.999561403376,0.0110439276485788
946348,Extreme_Capitalism,6,200,TRUE,5,"1,2,3,4,5",0.298353909465021,0.247448979591837,1,95,12,69,0,1902,1134,678.464442693941,0.00954740061162079
946349,Extreme_Capitalism,6,200,TRUE,6,"1,2,3,4,5,6",0.215170187793427,0.178571428571429,0,,10,38,792,2780,1893.33333333333,816.290552846636,0.00883760683760684
946350,Extreme_Capitalism,6,200,TRUE,5,"1,2,3,5,6",0.288926792926322,0.295918367346939,1,105,20,74,0,2384,1416.83333333333,832.921224766584,0.00880373831775701
946351,Extreme_Capitalism,6,200,TRUE,6,"1,2,3,4,5,6",0.251811594202898,0.176020408163265,0,,18,37,729,3134,1993.33333333333,980.272139085196,0.00959016393442623
946352,Extreme_Capitalism,6,200,TRUE,6,"1,2,3,4,5,6",0.211448275862069,0.170918367346939,0,,14,33,994,2756,1812.5,749.395156109245,0.00767195767195767
946353,Extreme_Capitalism,6,200,TRUE,5,"1,2,4,5,6",0.374663860633696,0.24234693877551,1,56,21,51,0,2878,1425.5,1031.92204162911,0.0139354838709677
946354,Extreme_Capitalism,6,200,TRUE,5,"1,2,3,4,5",0.351170759565962,0.231824417009602,1,119,20,48,0,2885,1459.16666666667,1012.59753439689,0.0120258899676375
946355,Extreme_Capitalism,6,200,TRUE,5,"1,3,4,5,6",0.335306465155332,0.216836734693878,1,139,17,89,0,2765,1323.33333333333,903.820926216398,0.00795638629283489
946356,Extreme_Capitalism,6,200,TRUE,4,"1,2,3,6",0.425634149066935,0.292517006802721,2,105,22,79,0,2372,994.333333333333,852.012362977596,0.0075811209439528
946357,Extreme_Capitalism,6,200,TRUE,6,"1,2,3,4,5,6",0.219987319702013,0.193877551020408,0,,11,40,1008,2838,1752.5,767.569084838622,0.00981333333333333
946358,Extreme_Capitalism,6,200,TRUE,4,"1,2,5,6",0.422236784622106,0.329081632653061,2,122,20,96,-15,2290,1129.5,955.390757753078,0.0131536231884058
946359,Extreme_Capitalism,6,200,TRUE,4,"1,3,4,6",0.45511690753143,0.267857142857143,2,151,15,80,0,2042,945.666666666667,854.283013214395,0.0145357142857143
946360,Extreme_Capitalism,6,200,TRUE,6,"1,2,3,4,5,6",0.225979288608735,0.188775510204082,0,,14,35,780,2954,1850.83333333333,813.566571748537,0.00962459546925566
946361,Extreme_Capitalism,6,200,TRUE,5,"1,2,3,4,6",0.327241449099372,0.247448979591837,1,82,14,64,0,2515,1372.5,880.042442158331,0.00865986394557823
946362,Extreme_Capitalism,6,200,TRUE,4,"1,2,4,5",0.413732481553013,0.262002743484225,2,110,22,63,0,2337,1121.83333333333,938.510184636622,0.00764444444444445
946363,Extreme_Capitalism,6,200,TRUE,5,"1,3,4,5,6",0.335711925999339,0.218934911242604,1,133,26,42,150,3018,1681.66666666667,1097.15717500578,0.00855737704918033
946364,Extreme_Capitalism,6,200,TRUE,6,"1,2,3,4,5,6",0.22466440239366,0.176020408163265,0,,18,43,798,2713,1717.5,753.837847285476,0.00871515151515152
946365,Extreme_Capitalism,6,200,TRUE,4,"1,2,3,5",0.455074487895717,0.308673469387755,2,71,14,100,0,2885,1193.33333333333,1094.46784633751,0.00923270440251572
946366,Extreme_Capitalism,6,200,TRUE,6,"1,2,3,4,5,6",0.166119770303527,0.191326530612245,0,,13,30,1150,2806,2031.66666666667,663.472280254923,0.00765104166666667
946367,Extreme_Capitalism,6,200,TRUE,3,"1,5,6",0.548882069267865,0.349112426035503,3,91,14,68,0,1803,760.333333333333,861.249015480811,0.0101428571428571
946368,Extreme_Capitalism,6,200,TRUE,4,"1,2,4,6",0.460042577581266,0.264,2,118,22,58,0,3105,1357,1231.39644306779,0.0113215339233038
946369,Extreme_Capitalism,6,200,TRUE,5,"2,3,4,5,6",0.373648545759098,0.233727810650888,1,132,9,54,0,3158,1459.33333333333,1079.14812081876,0.0107458745874587
946370,Extreme_Capitalism,6,200,TRUE,6,"1,2,3,4,5,6",0.179308357348703,0.190672153635117,0,,16,57,1026,2472,1445.83333333333,564.015041170594,0.0101002949852507
946371,Extreme_Capitalism,6,200,TRUE,5,"1,2,3,4,6",0.320374564146806,0.23469387755102,1,82,7,50,0,2900,1545.5,981.147644343093,0.00958156028368794
946372,Extreme_Capitalism,6,200,TRUE,6,"1,2,3,4,5,6",0.223981237173849,0.201530612244898,0,,28,34,1028,3739,1895,954.102719836811,0.0171505376344086
946373,Extreme_Capitalism,6,200,TRUE,3,"1,2,4",0.524959926723151,0.351239669421488,3,106,16,52,0,1658,727.833333333333,805.10382353251,0.00906024096385542
946374,Extreme_Capitalism,6,200,TRUE,6,"1,2,3,4,5,6",0.194975369458128,0.186224489795918,0,,17,71,1008,2808,1691.66666666667,660.71557168472,0.00804255319148936
946375,Extreme_Capitalism,6,200,TRUE,5,"1,2,3,5,6",0.260421174094908,0.218106995884774,1,63,13,59,196,2151,1155.5,631.93219572989,0.0088187134502924
946376,Extreme_Capitalism,6,200,TRUE,5,"1,3,4,5,6",0.318607698607698,0.26530612244898,1,169,18,41,0,2923,1695.83333333333,1070.09072824068,0.00939495798319328
946377,Extreme_Capitalism,6,200,TRUE,6,"1,2,3,4,5,6",0.261896243291592,0.186224489795918,0,,6,56,840,3064,1863.33333333333,964.792136507479,0.00829885057471264
946378,Extreme_Capitalism,6,200,TRUE,5,"1,3,4,5,6",0.337725602938828,0.237311385459534,1,139,15,58,0,2862,1391.33333333333,945.469759784345,0.0101964285714286
946379,Extreme_Capitalism,6,200,TRUE,4,"3,4,5,6",0.434962689121654,0.281207133058985,2,103,6,83,0,1639,811.5,696.176055319342,0.00800641025641026
946380,Extreme_Capitalism,6,200,TRUE,5,"1,2,3,5,6",0.307268049525647,0.260355029585799,1,171,17,40,0,2774,1727.5,1055.35638530309,0.00825238095238095
946381,Extreme_Capitalism,6,200,TRUE,6,"1,2,3,4,5,6",0.158617021276596,0.186224489795918,0,,9,37,902,2199,1566.66666666667,480.092352226805,0.0100108401084011
946382,Extreme_Capitalism,6,200,TRUE,6,"1,2,3,4,5,6",0.288806497175141,0.183673469387755,0,,13,71,548,2894,1573.33333333333,932.371957250253,0.0075343137254902
946383,Extreme_Capitalism,6,200,TRUE,6,"1,2,3,4,5,6",0.165138632162662,0.204081632653061,0,,13,26,1054,3321,2254.16666666667,748.130046627367,0.0106867167919799
946384,Extreme_Capitalism,6,200,TRUE,4,"1,2,3,6",0.401375161151697,0.322314049586777,2,88,8,41,0,2882,1551.33333333333,1266.54106394805,0.00883333333333333
946385,Extreme_Capitalism,6,200,TRUE,4,"1,2,3,5",0.458839984015528,0.300411522633745,2,71,19,81,0,2113,973.166666666667,886.257167342903,0.00828405797101449
946386,Extreme_Capitalism,6,174,FALSE,1,1,0.819007307720136,1,5,105,20,96,0,4409,767.833333333333,1785.55743863553,0.00765543071161049
946387,Extreme_Capitalism,6,200,TRUE,6,"1,2,3,4,5,6",0.178015448603684,0.178571428571429,0,,10,32,804,2715,1870,664.075899276581,0.00806451612903226
946388,Extreme_Capitalism,6,200,TRUE,4,"1,3,4,6",0.393430384471818,0.275147928994083,3,115,8,84,0,1595,893,719.652694012883,0.00928666666666667
946389,Extreme_Capitalism,6,200,TRUE,5,"1,2,3,5,6",0.347502679528403,0.385204081632653,1,159,14,92,0,2450,1295.83333333333,878.886435591463,0.00900280112044818
946390,Extreme_Capitalism,6,200,TRUE,4,"1,2,4,6",0.509331443420742,0.334183673469388,2,122,14,81,0,2744,940.666666666667,1008.63049064891,0.0104610591900312
946391,Extreme_Capitalism,6,200,TRUE,6,"1,2,3,4,5,6",0.183657107616404,0.170918367346939,0,,16,36,949,2421,1801.66666666667,672.37925805803,0.00798412698412698
946392,Extreme_Capitalism,6,200,TRUE,6,"1,2,3,4,5,6",0.257617532697066,0.178571428571429,0,,13,69,929,2842,1571.66666666667,889.621192793127,0.00733333333333333
946393,Extreme_Capitalism,6,200,TRUE,3,"1,3,6",0.60556592039801,0.408284023668639,3,99,10,78,0,2141,714.666666666667,893.641464272259,0.0114250764525994
946394,Extreme_Capitalism,6,200,TRUE,5,"1,2,3,5,6",0.286320099437011,0.248285322359396,1,123,8,53,0,2282,1519.66666666667,892.2835124929,0.00891089108910891
946395,Extreme_Capitalism,6,200,TRUE,6,"1,2,3,4,5,6",0.206070889894419,0.185185185185185,0,,8,50,800,2392,1473.33333333333,605.607023297011,0.00980626780626781
946396,Extreme_Capitalism,6,200,TRUE,6,"1,2,3,4,5,6",0.294760820045558,0.188775510204082,0,,14,80,448,3107,1463.33333333333,903.706294471089,0.0124564564564565
946397,Extreme_Capitalism,6,200,TRUE,5,"1,2,3,4,6",0.304111567107463,0.237244897959184,1,88,16,55,0,2701,1462,897.430777274771,0.00800634920634921
946398,Extreme_Capitalism,6,200,TRUE,5,"1,2,4,5,6",0.336605108816829,0.2064,1,176,14,79,0,2080,1146.16666666667,792.926078942209,0.00787570621468927
946399,Extreme_Capitalism,6,200,TRUE,6,"1,2,3,4,5,6",0.233539823008849,0.193877551020408,0,,13,37,517,2804,1883.33333333333,864.846730158973,0.010625730994152
946400,Extreme_Capitalism,6,200,TRUE,6,"1,2,3,4,5,6",0.238321995464853,0.193877551020408,0,,16,47,721,2761,1715,799.324965205016,0.0105806451612903
946401,Extreme_Capitalism,6,200,TRUE,5,"1,2,3,4,6",0.278829116166986,0.206632653061225,2,178,11,49,196,2607,1567.66666666667,861.265270788662,0.0129622641509434
946402,Extreme_Capitalism,6,200,TRUE,6,"1,2,3,4,5,6",0.150909090909091,0.209183673469388,0,,16,34,1196,2572,1879.16666666667,552.681976064596,0.00971428571428572
946403,Extreme_Capitalism,6,200,TRUE,5,"1,2,4,5,6",0.337733711048159,0.246527777777778,1,200,9,50,0,2652,1470.83333333333,977.31170394438,0.0101061946902655
946404,Extreme_Capitalism,6,200,TRUE,5,"1,2,3,4,6",0.369772510557145,0.283163265306122,1,190,7,68,0,3033,1631.33333333333,1179.77127726804,0.00997050147492625
946405,Extreme_Capitalism,6,200,TRUE,5,"2,3,4,5,6",0.276508295625943,0.239795918367347,1,72,16,77,0,2595,1473.33333333333,850.19025321787,0.00769005847953216
946406,Extreme_Capitalism,6,200,TRUE,4,"1,2,5,6",0.443014705882353,0.302469135802469,2,159,14,77,0,2624,1178.66666666667,1011.96633672601,0.00769418960244648
946407,Extreme_Capitalism,6,200,TRUE,4,"3,4,5,6",0.484408602150538,0.380102040816327,2,126,14,71,0,2951,1136.66666666667,1106.85675074359,0.0147592592592593
946408,Extreme_Capitalism,6,200,TRUE,3,"3,4,5",0.617087620829436,0.594387755102041,3,47,18,80,0,3152,1069,1376.26363753461,0.0118078078078078
946409,Extreme_Capitalism,6,200,TRUE,6,"1,2,3,4,5,6",0.180133067198935,0.219387755102041,0,,8,42,1062,2824,2087.5,758.984518946204,0.00795767195767196
946410,Extreme_Capitalism,6,200,TRUE,5,"1,2,3,4,6",0.274851855372817,0.263313609467456,1,166,8,35,0,2688,1753.16666666667,989.057615443441,0.00841584158415842
946411,Extreme_Capitalism,6,200,TRUE,5,"1,3,4,5,6",0.329319327013409,0.224489795918367,1,67,12,67,0,2807,1301,905.31585648325,0.0120746666666667
946412,Extreme_Capitalism,6,200,TRUE,5,"1,2,3,4,5",0.406660375874813,0.227040816326531,1,95,15,57,0,3161,1413,1128.48003969942,0.00919883040935673
946413,Extreme_Capitalism,6,200,TRUE,6,"1,2,3,4,5,6",0.267797833935018,0.181122448979592,0,,15,101,550,2367,1154.16666666667,654.38319558701,0.0100162601626016
946414,Extreme_Capitalism,6,200,TRUE,6,"1,2,3,4,5,6",0.176409240924092,0.173469387755102,0,,10,16,1039,3267,2104.16666666667,742.92325758901,0.0102222222222222
946415,Extreme_Capitalism,6,200,TRUE,6,"1,2,3,4,5,6",0.271004098360656,0.178571428571429,0,,19,52,834,3196,1626.66666666667,915.36783134796,0.010396694214876
946416,Extreme_Capitalism,6,200,TRUE,4,"1,3,4,6",0.387735236859182,0.589285714285714,2,139,15,56,0,3269,1797.83333333333,1436.88989371721,0.00789655172413793
946417,Extreme_Capitalism,6,200,TRUE,5,"2,3,4,5,6",0.286160841148053,0.23469387755102,1,78,12,28,0,2695,1564,921.69148851446,0.0121320754716981
946418,Extreme_Capitalism,6,200,TRUE,6,"1,2,3,4,5,6",0.162904439428141,0.201530612244898,0,,9,58,1009,2521,1845.83333333333,586.598130466392,0.00882424242424242
946419,Extreme_Capitalism,6,200,TRUE,5,"1,2,3,4,5",0.323335109216835,0.207133058984911,1,113,14,37,150,3048,1564.16666666667,1020.17673305495,0.00903703703703704
946420,Extreme_Capitalism,6,200,TRUE,6,"1,2,3,4,5,6",0.183930800784733,0.193877551020408,0,,11,58,937,2233,1557.5,567.900607500996,0.00818181818181818
946421,Extreme_Capitalism,6,200,TRUE,6,"1,2,3,4,5,6",0.252856246076585,0.191326530612245,0,,12,54,627,2922,1770,873.907775454596,0.00978151260504202
946422,Extreme_Capitalism,6,200,TRUE,6,"1,2,3,4,5,6",0.189390962671906,0.183673469387755,0,,8,67,1164,2802,1696.66666666667,678.104318425024,0.0104237726098191
946423,Extreme_Capitalism,6,200,TRUE,5,"1,2,3,4,5",0.271529584417317,0.227040816326531,1,89,25,48,0,2471,1665.66666666667,947.590558557158,0.0093494623655914
946424,Extreme_Capitalism,6,200,TRUE,4,"1,2,3,4",0.413157232704402,0.327846364883402,2,101,14,67,0,2189,1104.16666666667,914.86204788846,0.0104908424908425
946425,Extreme_Capitalism,6,200,TRUE,6,"1,2,3,4,5,6",0.194501366120218,0.214285714285714,0,,22,49,1017,2473,1626.66666666667,667.296835498766,0.00766381766381766
946426,Extreme_Capitalism,6,200,TRUE,6,"1,2,3,4,5,6",0.205635738831615,0.196428571428571,0,,8,39,921,2765,1616.66666666667,671.902572302463,0.00824089635854342
946427,Extreme_Capitalism,6,200,TRUE,6,"1,2,3,4,5,6",0.273660490736104,0.196428571428571,0,,12,54,948,3387,1664.16666666667,973.340108423909,0.010672619047619
946428,Extreme_Capitalism,6,200,TRUE,1,1,0.833333333333333,1,5,86,18,112,0,3858,643,1575.02190460958,0.00897689768976898
946429,Extreme_Capitalism,6,200,TRUE,6,"1,2,3,4,5,6",0.247639182522903,0.173469387755102,0,,17,63,767,3098,1576.66666666667,827.477774122463,0.00735802469135803
946430,Extreme_Capitalism,6,200,TRUE,4,"2,4,5,6",0.494029650499765,0.310650887573965,3,122,24,85,0,2220,828.166666666667,828.198386056546,0.00908496732026144
946431,Extreme_Capitalism,6,200,TRUE,5,"1,2,3,4,6",0.240127664178297,0.211734693877551,1,88,22,90,0,1508,1027,542.876044783706,0.00872677595628415
946432,Extreme_Capitalism,6,200,TRUE,5,"1,2,4,5,6",0.329188355504145,0.220850480109739,1,134,25,74,0,1951,1152.66666666667,745.063397749928,0.0127231638418079
946433,Extreme_Capitalism,6,200,TRUE,5,"1,2,3,4,5",0.268234300197127,0.237244897959184,1,125,11,61,0,1871,1183.66666666667,658.626348293679,0.00988235294117647
946434,Extreme_Capitalism,6,200,TRUE,3,"1,3,6",0.595950664308711,0.418367346938776,3,73,11,75,0,3762,1225.16666666667,1505.45865657834,0.0107222222222222
946435,Extreme_Capitalism,6,200,TRUE,5,"2,3,4,5,6",0.328389830508475,0.218106995884774,1,102,5,61,0,2634,1494.66666666667,997.745391704049,0.00763030303030303
946436,Extreme_Capitalism,6,200,TRUE,5,"1,3,4,5,6",0.255553115965894,0.395408163265306,1,187,21,68,-10,2331,1508.16666666667,823.803718531706,0.00981770833333333
946437,Extreme_Capitalism,6,200,TRUE,3,"3,5,6",0.586533437826541,0.4752,3,150,14,72,0,2604,850.666666666667,1026.73222734395,0.0100555555555556
802990,Democratic_Socialism,6,200,TRUE,6,"1,2,3,4,5,6",0.0854241816967267,0.227040816326531,0,,8,63,3487,5681,4158.33333333333,790.923173681658,0.0116906666666667
802991,Democratic_Socialism,6,200,TRUE,6,"1,2,3,4,5,6",0.0659193428936915,0.209183673469388,0,,24,109,3469,4862,4125.83333333333,531.89225099325,0.0105619834710744
802992,Democratic_Socialism,6,200,TRUE,6,"1,2,3,4,5,6",0.0497874063575623,0.201530612244898,0,,18,63,3470,4587,4115.83333333333,404.590368974184,0.0103448275862069
802993,Democratic_Socialism,6,200,TRUE,6,"1,2,3,4,5,6",0.0408124525436597,0.193877551020408,0,,13,91,3616,4409,4097.33333333333,368.379514450338,0.00915942028985507
802994,Democratic_Socialism,6,200,TRUE,6,"1,2,3,4,5,6",0.0646495781959766,0.198979591836735,0,,12,96,3306,4691,4109.33333333333,528.049492629873,0.00905982905982906
802995,Democratic_Socialism,6,200,TRUE,6,"1,2,3,4,5,6",0.0451249836408847,0.216836734693878,0,,20,117,3820,4692,4245,377.141883115625,0.0119611111111111
802996,Democratic_Socialism,6,200,TRUE,6,"1,2,3,4,5,6",0.0311876347758535,0.191326530612245,0,,20,119,3871,4630,4147.83333333333,268.01225096377,0.0101264367816092
802997,Democratic_Socialism,6,200,TRUE,6,"1,2,3,4,5,6",0.0323338735818475,0.221938775510204,0,,18,147,3695,4528,4113.33333333333,270.985362458319,0.00878678678678679
802998,Democratic_Socialism,6,200,TRUE,6,"1,2,3,4,5,6",0.0580936951532334,0.216836734693878,0,,13,119,3361,4695,4115,470.105094633104,0.00990229885057471
802999,Democratic_Socialism,6,200,TRUE,6,"1,2,3,4,5,6",0.045369026501102,0.288265306122449,0,,22,134,3749,4745,4134,376.042550783818,0.00770760233918129
803000,Democratic_Socialism,6,200,TRUE,6,"1,2,3,4,5,6",0.0304038136415288,0.196428571428571,0,,26,58,3713,4354,4009,247.281216431819,0.00786559139784946
803001,Democratic_Socialism,6,200,TRUE,6,"1,2,3,4,5,6",0.0287242798353908,0.198979591836735,0,,12,116,3563,4303,4050,257.372881244315,0.00775063613231552
803002,Democratic_Socialism,6,200,TRUE,6,"1,2,3,4,5,6",0.0447121658527396,0.186224489795918,0,,16,119,3788,4762,4129.5,377.049466250783,0.00988725490196078
803003,Democratic_Socialism,6,200,TRUE,6,"1,2,3,4,5,6",0.0223605167065843,0.193877551020408,0,,21,85,4075,4609,4244.83333333333,200.516749092605,0.00808771929824562
803004,Democratic_Socialism,6,200,TRUE,6,"1,2,3,4,5,6",0.0281848397992275,0.178571428571429,0,,34,80,3656,4424,4128.5,254.97901874468,0.009515625
803005,Democratic_Socialism,6,200,TRUE,6,"1,2,3,4,5,6",0.0304052245597131,0.186224489795918,0,,20,69,3613,4377,4151.33333333333,280.477212383942,0.00796266666666667
803006,Democratic_Socialism,6,200,TRUE,6,"1,2,3,4,5,6",0.0565598358067572,0.23469387755102,0,,16,131,3594,4853,4222.66666666667,471.191114800212,0.00897018970189702
803007,Democratic_Socialism,6,200,TRUE,6,"1,2,3,4,5,6",0.0577485087473477,0.183673469387755,0,,20,73,3635,4876,4163.16666666667,486.580483236501,0.00870833333333333
803008,Democratic_Socialism,6,200,TRUE,6,"1,2,3,4,5,6",0.043599082692567,0.204081632653061,0,,22,69,3601,4660,4118.33333333333,362.521539589949,0.0104831804281346
803009,Democratic_Socialism,6,200,TRUE,6,"1,2,3,4,5,6",0.0614212241161105,0.193877551020408,0,,16,100,3528,4800,4126.33333333333,500.149844213378,0.00902185792349727
803010,Democratic_Socialism,6,200,TRUE,6,"1,2,3,4,5,6",0.0313073270745656,0.198979591836735,0,,22,97,3704,4504,4118.66666666667,261.711036577877,0.00912684365781711
803011,Democratic_Socialism,6,200,TRUE,6,"1,2,3,4,5,6",0.0451836053919557,0.188775510204082,0,,18,53,3647,4673,4063.66666666667,366.87309340788,0.0100936639118457
803012,Democratic_Socialism,6,200,TRUE,6,"1,2,3,4,5,6",0.0394606188187632,0.201530612244898,0,,24,72,3833,4684,4196.16666666667,329.037029324462,0.0115076923076923
803013,Democratic_Socialism,6,200,TRUE,6,"1,2,3,4,5,6",0.0416148902339626,0.181122448979592,0,,12,51,3641,4512,4157.83333333333,341.72762057912,0.00865476190476191
803014,Democratic_Socialism,6,200,TRUE,6,"1,2,3,4,5,6",0.0322007982169699,0.198979591836735,0,,19,143,3800,4625,4287.33333333333,282.130229976631,0.00765289256198347
803015,Democratic_Socialism,6,200,TRUE,6,"1,2,3,4,5,6",0.0204957734517031,0.173469387755102,0,,24,78,3993,4401,4186.5,167.854401193415,0.00897560975609756
803016,Democratic_Socialism,6,200,TRUE,6,"1,2,3,4,5,6",0.0448659918250898,0.204081632653061,0,,26,92,3445,4480,4050.33333333333,372.508612875819,0.00797175141242938
803017,Democratic_Socialism,6,200,TRUE,6,"1,2,3,4,5,6",0.0748987854251011,0.244897959183673,0,,8,151,3377,5002,4199,612.760964814176,0.00976969696969697
803018,Democratic_Socialism,6,200,TRUE,6,"1,2,3,4,5,6",0.0556523663319779,0.181122448979592,0,,20,82,3487,4490,4017,444.65942023081,0.00855072463768116
803019,Democratic_Socialism,6,200,TRUE,6,"1,2,3,4,5,6",0.0648101689245693,0.201530612244898,0,,24,42,3684,4997,4318.16666666667,553.025647385966,0.00977222222222222
803020,Democratic_Socialism,6,200,TRUE,6,"1,2,3,4,5,6",0.056502079211918,0.176020408163265,0,,26,79,3461,4835,4128.16666666667,461.492108997182,0.0105730027548209
803021,Democratic_Socialism,6,200,TRUE,6,"1,2,3,4,5,6",0.0364300903774588,0.196428571428571,0,,20,70,3698,4505,4180,303.503541989216,0.00921367521367521
803022,Democratic_Socialism,6,200,TRUE,5,"1,2,3,5,6",0.194084515262943,0.278061224489796,1,75,16,114,0,4919,3807.33333333333,1886.77774702445,0.00924919093851133
803023,Democratic_Socialism,6,200,TRUE,6,"1,2,3,4,5,6",0.0457156078175185,0.219387755102041,0,,12,85,3523,4552,4082,376.173895957707,0.00831436314363144
803024,Democratic_Socialism,6,200,TRUE,6,"1,2,3,4,5,6",0.0470163345613965,0.204081632653061,0,,14,72,3745,4755,4207.16666666667,386.8205871805,0.0082280701754386
803025,Democratic_Socialism,6,200,TRUE,6,"1,2,3,4,5,6",0.0441721154746144,0.224489795918367,0,,32,80,3432,4587,4154.83333333333,391.300097964039,0.00808130081300813
803026,Democratic_Socialism,6,200,TRUE,6,"1,2,3,4,5,6",0.0209211010675283,0.176020408163265,0,,26,69,3859,4302,4074.83333333333,166.530978099171,0.00903703703703704
803027,Democratic_Socialism,6,200,TRUE,6,"1,2,3,4,5,6",0.0703128228439192,0.215363511659808,0,,10,49,3343,4720,4033.16666666667,551.954134567961,0.00989173789173789
803028,Democratic_Socialism,6,200,TRUE,6,"1,2,3,4,5,6",0.0731469011592594,0.221938775510204,0,,4,120,3454,4939,4207.66666666667,598.18414110261,0.00726666666666667
803029,Democratic_Socialism,6,200,TRUE,6,"1,2,3,4,5,6",0.0463782901448684,0.188775510204082,0,,18,59,3542,4640,4084.16666666667,376.698508978555,0.00917687074829932
803030,Democratic_Socialism,6,200,TRUE,6,"1,2,3,4,5,6",0.0977905935640173,0.247448979591837,0,,12,79,3084,5675,4219.33333333333,850.901326045898,0.0117538461538462
803031,Democratic_Socialism,6,200,TRUE,6,"1,2,3,4,5,6",0.029665116155793,0.204081632653061,0,,12,83,3830,4462,4192.16666666667,244.637214394431,0.0076
803032,Democratic_Socialism,6,200,TRUE,6,"1,2,3,4,5,6",0.0481755306463152,0.201530612244898,0,,17,133,3504,4918,4193,447.908919312844,0.0108044077134986
803033,Democratic_Socialism,6,200,TRUE,6,"1,2,3,4,5,6",0.0497794710035093,0.239795918367347,0,,8,144,3659,4668,4068.5,403.244218805428,0.00934435261707989
803034,Democratic_Socialism,6,200,TRUE,6,"1,2,3,4,5,6",0.044573564390078,0.188775510204082,0,,21,67,3604,4561,4087.5,356.201487925023,0.00943631436314363
803035,Democratic_Socialism,6,200,TRUE,6,"1,2,3,4,5,6",0.0468222456310941,0.214285714285714,0,,9,96,3615,4771,4113.66666666667,390.809245881756,0.0102307692307692
803036,Democratic_Socialism,6,200,TRUE,6,"1,2,3,4,5,6",0.0585143658023826,0.186224489795918,0,,12,62,3403,4526,4043.16666666667,466.469898993136,0.00972357723577236
803037,Democratic_Socialism,6,200,TRUE,6,"1,2,3,4,5,6",0.0425792720709071,0.229591836734694,0,,14,117,3445,4487,4124.33333333333,369.770559491513,0.00653721682847896
803038,Democratic_Socialism,6,200,TRUE,6,"1,2,3,4,5,6",0.0353480007867599,0.26530612244898,0,,22,88,3598,4294,3954.33333333333,275.70322208249,0.00816959064327486
803039,Democratic_Socialism,6,200,TRUE,6,"1,2,3,4,5,6",0.0451545887816203,0.188775510204082,0,,22,75,3717,4832,4091.5,397.201082576571,0.0110608695652174
803040,Democratic_Socialism,6,200,TRUE,6,"1,2,3,4,5,6",0.0434430652995141,0.239795918367347,0,,22,76,3379,4490,4014.83333333333,365.455013191318,0.00816071428571429
803041,Democratic_Socialism,6,200,TRUE,6,"1,2,3,4,5,6",0.111673784828147,0.285714285714286,0,,10,90,2784,5784,4097.5,971.249041183568,0.0125663716814159
803042,Democratic_Socialism,6,200,TRUE,6,"1,2,3,4,5,6",0.0622249405941986,0.227040816326531,0,,4,89,3446,4898,3951.16666666667,520.745779307588,0.0091965811965812
803043,Democratic_Socialism,6,200,TRUE,6,"1,2,3,4,5,6",0.0622865506586436,0.221938775510204,0,,4,107,3504,5118,4099.33333333333,549.036489376313,0.0117520661157025
803044,Democratic_Socialism,6,200,TRUE,6,"1,2,3,4,5,6",0.0488594089983856,0.204081632653061,0,,32,84,3540,4538,3957.5,381.012729446143,0.00807909604519774
803045,Democratic_Socialism,6,200,TRUE,6,"1,2,3,4,5,6",0.0394605663783578,0.227040816326531,0,,18,93,3510,4478,4123.66666666667,338.683136082484,0.0105745257452575
803046,Democratic_Socialism,6,200,TRUE,6,"1,2,3,4,5,6",0.0566208030807494,0.198979591836735,0,,10,84,3558,4750,4154.83333333333,457.047663451709,0.00743010752688172
803047,Democratic_Socialism,6,200,TRUE,6,"1,2,3,4,5,6",0.0253305441574812,0.201530612244898,0,,10,83,3860,4350,4143,212.721414060738,0.00977591036414566
803048,Democratic_Socialism,6,200,TRUE,6,"1,2,3,4,5,6",0.0809561805971142,0.221938775510204,0,,14,72,2876,4998,4177.5,714.325626027794,0.00858133333333333
803049,Democratic_Socialism,6,200,TRUE,6,"1,2,3,4,5,6",0.0379517991316853,0.183673469387755,0,,26,85,3568,4571,4133.16666666667,327.701337602804,0.00800584795321637
803050,Democratic_Socialism,6,200,TRUE,6,"1,2,3,4,5,6",0.0554161100090413,0.204389574759945,0,,27,69,3396,4855,4116.83333333333,471.372640982341,0.00823008849557522
803051,Democratic_Socialism,6,200,TRUE,6,"1,2,3,4,5,6",0.0516201656347992,0.196428571428571,0,,10,118,3362,4558,4145.66666666667,442.895322470972,0.011801652892562
803052,Democratic_Socialism,6,200,TRUE,6,"1,2,3,4,5,6",0.0675587467362924,0.176020408163265,0,,10,77,3477,5082,4085.33333333333,569.690676303085,0.00978362573099415
803053,Democratic_Socialism,6,200,TRUE,6,"1,2,3,4,5,6",0.0235899302886884,0.178571428571429,0,,32,90,3924,4390,4120.16666666667,202.208226011373,0.00769312169312169
803054,Democratic_Socialism,6,200,TRUE,6,"1,2,3,4,5,6",0.0330275839149219,0.198979591836735,0,,18,64,3756,4565,4179.16666666667,272.419835303281,0.00836021505376344
803055,Democratic_Socialism,6,200,TRUE,6,"1,2,3,4,5,6",0.0210743146886387,0.239795918367347,0,,22,63,3926,4466,4207.33333333333,179.644834789834,0.0074435261707989
803056,Democratic_Socialism,6,200,TRUE,6,"1,2,3,4,5,6",0.0464576304822384,0.211734693877551,0,,10,89,3515,4800,4199.16666666667,412.359753936616,0.0097465564738292
803057,Democratic_Socialism,6,200,TRUE,6,"1,2,3,4,5,6",0.0478792343688181,0.181122448979592,0,,24,71,3355,4439,4072.16666666667,408.79844259325,0.0084390243902439
803058,Democratic_Socialism,6,200,TRUE,6,"1,2,3,4,5,6",0.0467942557073808,0.188775510204082,0,,8,90,3552,4519,3988.5,364.510493676108,0.00936158192090396
803059,Democratic_Socialism,6,200,TRUE,6,"1,2,3,4,5,6",0.0690090686984968,0.201530612244898,0,,18,49,2971,4802,4024.83333333333,595.070892135271,0.00744173441734417
803060,Democratic_Socialism,6,200,TRUE,6,"1,2,3,4,5,6",0.0488024795717104,0.178571428571429,0,,17,49,3478,4453,3943.33333333333,372.137967246916,0.0091768115942029
803061,Democratic_Socialism,6,200,TRUE,6,"1,2,3,4,5,6",0.040188538824113,0.185185185185185,0,,14,65,3524,4397,4031,326.705371856662,0.0101957186544342
803062,Democratic_Socialism,6,200,TRUE,6,"1,2,3,4,5,6",0.0832930692006226,0.211734693877551,0,,20,103,3264,5501,4139.33333333333,745.412547967008,0.0090320987654321
803063,Democratic_Socialism,6,200,TRUE,6,"1,2,3,4,5,6",0.032228951907264,0.191326530612245,0,,18,105,3844,4478,4155.16666666667,261.274887171857,0.00823976608187135
803064,Democratic_Socialism,6,200,TRUE,6,"1,2,3,4,5,6",0.067279435988667,0.224489795918367,0,,8,88,3618,4958,4215.83333333333,557.43211843835,0.00780165289256198
803065,Democratic_Socialism,6,200,TRUE,6,"1,2,3,4,5,6",0.0455266199037867,0.191326530612245,0,,26,108,3804,4865,4134.33333333333,399.715732323193,0.00816969696969697
803066,Democratic_Socialism,6,200,TRUE,6,"1,2,3,4,5,6",0.0404960667843954,0.188775510204082,0,,14,105,3677,4576,4152.66666666667,329.891901486937,0.00782113821138211
803067,Democratic_Socialism,6,200,TRUE,6,"1,2,3,4,5,6",0.0553018372703411,0.191326530612245,0,,14,84,3398,4709,4233.33333333333,480.445071435504,0.00840579710144928
803068,Democratic_Socialism,6,200,TRUE,6,"1,2,3,4,5,6",0.0396225925349114,0.255102040816327,0,,16,82,3827,4708,4280.66666666667,337.404603801825,0.008
803069,Democratic_Socialism,6,200,TRUE,6,"1,2,3,4,5,6",0.0830330641264581,0.193877551020408,0,,10,155,3331,4938,4024.16666666667,663.253018588432,0.012
803070,Democratic_Socialism,6,200,TRUE,6,"1,2,3,4,5,6",0.0546147792341718,0.183673469387755,0,,20,63,3401,4691,4094.33333333333,451.199143025191,0.00980729166666667
803071,Democratic_Socialism,6,200,TRUE,6,"1,2,3,4,5,6",0.0493065399260679,0.221938775510204,0,,4,187,3406,4437,3997.66666666667,388.877701426383,0.00978477690288714
803072,Democratic_Socialism,6,200,TRUE,6,"1,2,3,4,5,6",0.0342514413749759,0.196428571428571,0,,18,67,3644,4401,4066.33333333333,272.453054060083,0.00823931623931624
803073,Democratic_Socialism,6,200,TRUE,6,"1,2,3,4,5,6",0.0528200303172861,0.186224489795918,0,,20,80,3799,5046,4251.33333333333,457.870141706867,0.0126814814814815
803074,Democratic_Socialism,6,200,TRUE,6,"1,2,3,4,5,6",0.0908511619078607,0.186224489795918,0,,9,47,2943,5130,4097.66666666667,741.222413764362,0.0122305295950156
803075,Democratic_Socialism,6,200,TRUE,6,"1,2,3,4,5,6",0.00915061471306711,0.178571428571429,0,,23,90,4054,4262,4161.83333333333,77.2047062468776,0.00908474576271186
803076,Democratic_Socialism,6,200,TRUE,6,"1,2,3,4,5,6",0.0530783812742108,0.201530612244898,0,,6,67,3487,4732,4044.33333333333,434.027034488252,0.0106888888888889
803077,Democratic_Socialism,6,200,TRUE,6,"1,2,3,4,5,6",0.0394379334117361,0.232142857142857,0,,12,131,3733,4521,4109.83333333333,319.211163129779,0.00862385321100918
803078,Democratic_Socialism,6,200,TRUE,6,"1,2,3,4,5,6",0.0704431583184133,0.204081632653061,0,,12,91,3266,5016,4002.83333333333,583.441999402397,0.00907507507507508
803079,Democratic_Socialism,6,200,TRUE,6,"1,2,3,4,5,6",0.0618015669341587,0.181122448979592,0,,12,66,3559,5073,4091.5,537.187769778874,0.00856140350877193
803080,Democratic_Socialism,6,200,TRUE,6,"1,2,3,4,5,6",0.0453607019494182,0.206632653061225,0,,24,104,3517,4742,4197.83333333333,398.766807378281,0.00893112947658402
803081,Democratic_Socialism,6,200,TRUE,6,"1,2,3,4,5,6",0.0602467629313266,0.206632653061225,0,,22,90,3363,4676,4097.5,492.666520072148,0.00792655367231638
803082,Democratic_Socialism,6,200,TRUE,6,"1,2,3,4,5,6",0.0660324115133435,0.267489711934156,0,,8,102,3524,5141,4134.33333333333,564.311497904009,0.0103053435114504
803083,Democratic_Socialism,6,200,TRUE,6,"1,2,3,4,5,6",0.0705576968457484,0.201530612244898,0,,14,75,3596,5062,4237.66666666667,601.705132657738,0.00932063492063492
803084,Democratic_Socialism,6,200,TRUE,6,"1,2,3,4,5,6",0.0533669565677826,0.204081632653061,0,,14,90,3268,4635,4196.83333333333,487.976809558269,0.00773846153846154
803085,Democratic_Socialism,6,200,TRUE,6,"1,2,3,4,5,6",0.0245860720525832,0.196428571428571,0,,22,106,3756,4314,4006.33333333333,194.13569137762,0.00847787610619469
803086,Democratic_Socialism,6,200,TRUE,6,"1,2,3,4,5,6",0.0640088461589394,0.201530612244898,0,,16,99,3317,4899,4195.16666666667,536.027393578599,0.00997311827956989
803087,Democratic_Socialism,6,200,TRUE,6,"1,2,3,4,5,6",0.0489879287018429,0.181122448979592,0,,6,67,3648,4728,4229.5,403.422235381244,0.00886039886039886
803088,Democratic_Socialism,6,200,TRUE,6,"1,2,3,4,5,6",0.0432103652100484,0.211734693877551,0,,8,60,3619,4768,4210.66666666667,373.207002435199,0.00876363636363636
803089,Democratic_Socialism,6,200,TRUE,6,"1,2,3,4,5,6",0.0609176566980745,0.209183673469388,0,,22,67,3663,5159,4068.33333333333,563.508887832895,0.0124404761904762
803090,Democratic_Socialism,6,200,TRUE,6,"1,2,3,4,5,6",0.0230520319234273,0.219387755102041,0,,17,113,3810,4404,4086.16666666667,193.74768815825,0.00841994750656168
803091,Democratic_Socialism,6,200,TRUE,6,"1,2,3,4,5,6",0.0451164855901982,0.224489795918367,0,,20,94,3277,4484,4003.83333333333,396.28041418504,0.0103222222222222
803092,Democratic_Socialism,6,200,TRUE,6,"1,2,3,4,5,6",0.0397159317466209,0.204081632653061,0,,14,87,3639,4511,4040.5,311.179530175107,0.00840220385674931
803093,Democratic_Socialism,6,200,TRUE,6,"1,2,3,4,5,6",0.05127229012222,0.183673469387755,0,,14,66,3546,4663,4159.16666666667,428.158576542228,0.00812266666666667
803094,Democratic_Socialism,6,200,TRUE,6,"1,2,3,4,5,6",0.0185215316194813,0.198979591836735,0,,13,77,3951,4471,4097.33333333333,187.017289753292,0.00893333333333333
803095,Democratic_Socialism,6,200,TRUE,6,"1,2,3,4,5,6",0.0349861166203886,0.178571428571429,0,,8,101,3823,4623,4201.66666666667,285.642900606101,0.00915044247787611
803096,Democratic_Socialism,6,200,TRUE,6,"1,2,3,4,5,6",0.0581259036379977,0.173469387755102,0,,16,65,3448,4746,4265.16666666667,500.492723889835,0.0096639566395664
803097,Democratic_Socialism,6,200,TRUE,6,"1,2,3,4,5,6",0.0192969102390617,0.220850480109739,0,,22,98,3737,4153,3941.33333333333,150.707221680538,0.00745345345345345
803098,Democratic_Socialism,6,200,TRUE,6,"1,2,3,4,5,6",0.0613929870856822,0.300411522633745,0,,12,87,3430,4929,4168.5,513.307997210252,0.00971428571428572
803099,Democratic_Socialism,6,200,TRUE,6,"1,2,3,4,5,6",0.0460593792172739,0.196428571428571,0,,18,125,3655,4580,4116.66666666667,377.043056780876,0.00742699724517906
803100,Democratic_Socialism,6,200,TRUE,6,"1,2,3,4,5,6",0.0202840024282736,0.168367346938776,0,,22,74,3933,4434,4209.66666666667,172.199496708517,0.0087244094488189
803101,Democratic_Socialism,6,200,TRUE,6,"1,2,3,4,5,6",0.0261213936881848,0.214285714285714,0,,6,68,3783,4332,4061.16666666667,204.629828389379,0.00787533875338753
803102,Democratic_Socialism,6,200,TRUE,6,"1,2,3,4,5,6",0.073249086885814,0.23469387755102,0,,14,116,3143,4750,4167.66666666667,616.830824997152,0.00904761904761905
803103,Democratic_Socialism,6,200,TRUE,6,"1,2,3,4,5,6",0.0499606399017998,0.183673469387755,0,,12,82,3671,4665,4163.83333333333,410.32446510861,0.00952066115702479
803104,Democratic_Socialism,6,200,TRUE,6,"1,2,3,4,5,6",0.0548335974643421,0.201530612244898,0,,12,107,3678,4835,4206.66666666667,448.821865183356,0.00850918635170604
803105,Democratic_Socialism,6,200,TRUE,6,"1,2,3,4,5,6",0.070962939117138,0.227040816326531,0,,4,75,3551,5116,4141.83333333333,603.954440886618,0.0105310734463277
803106,Democratic_Socialism,6,200,TRUE,6,"1,2,3,4,5,6",0.0589996524714624,0.181122448979592,0,,9,76,3623,4849,4156.33333333333,479.430773591628,0.0113076923076923
803107,Democratic_Socialism,6,200,TRUE,6,"1,2,3,4,5,6",0.0456583963172543,0.295918367346939,0,,8,152,3742,4760,4211.83333333333,373.174713326971,0.00880225988700565
803108,Democratic_Socialism,6,200,TRUE,6,"1,2,3,4,5,6",0.0591001558743494,0.227040816326531,0,,2,97,3650,5030,4205.66666666667,496.79318299134,0.00887901234567901
803109,Democratic_Socialism,6,200,TRUE,6,"1,2,3,4,5,6",0.0256086659304833,0.191326530612245,0,,20,38,3946,4509,4226,214.12052680675,0.00804984423676013
803110,Democratic_Socialism,6,200,TRUE,6,"1,2,3,4,5,6",0.062389770723104,0.209183673469388,0,,14,61,3455,4652,4032,494.339963992393,0.00848214285714286
803111,Democratic_Socialism,6,200,TRUE,6,"1,2,3,4,5,6",0.0232093079626712,0.181122448979592,0,,18,86,3829,4356,4125.5,190.76241768231,0.00755026455026455
803112,Democratic_Socialism,6,200,TRUE,6,"1,2,3,4,5,6",0.052006552006552,0.181122448979592,0,,16,80,3514,4671,4205.66666666667,433.985560435675,0.00914049586776859
803113,Democratic_Socialism,6,200,TRUE,6,"1,2,3,4,5,6",0.0289925363080321,0.207133058984911,0,,18,85,3645,4339,4123.66666666667,257.371068045083,0.0112704402515723
803114,Democratic_Socialism,6,200,TRUE,6,"1,2,3,4,5,6",0.0331920616162027,0.188775510204082,0,,36,44,3555,4423,4089.83333333333,290.866578806618,0.0076984126984127
803115,Democratic_Socialism,6,200,TRUE,6,"1,2,3,4,5,6",0.0618356131413214,0.219387755102041,0,,14,95,3587,5104,4154.83333333333,540.501773046737,0.0111950617283951
803116,Democratic_Socialism,6,200,TRUE,6,"1,2,3,4,5,6",0.0348025567624799,0.170918367346939,0,,17,48,3760,4540,4250.16666666667,299.384312659609,0.00959228650137741
803117,Democratic_Socialism,6,200,TRUE,6,"1,2,3,4,5,6",0.0474465287282291,0.211734693877551,0,,16,90,3485,4600,4140.33333333333,395.541991028344,0.00896045197740113
803118,Democratic_Socialism,6,200,TRUE,6,"1,2,3,4,5,6",0.0567512170125544,0.206632653061225,0,,33,86,3130,4529,4119.83333333333,516.513471912076,0.0112298850574713
803119,Democratic_Socialism,6,200,TRUE,6,"1,2,3,4,5,6",0.0298546209761161,0.227040816326531,0,,18,53,3790,4459,4066,240.913262399562,0.00845502645502646
803120,Democratic_Socialism,6,200,TRUE,6,"1,2,3,4,5,6",0.0619472584016723,0.216836734693878,0,,17,97,3421,4708,4146,499.795558203552,0.00735735735735736
803121,Democratic_Socialism,6,200,TRUE,6,"1,2,3,4,5,6",0.0511086282803293,0.183673469387755,0,,10,111,3582,4721,4176.83333333333,412.534806612323,0.00783636363636364
803122,Democratic_Socialism,6,200,TRUE,6,"1,2,3,4,5,6",0.06900035659099,0.201530612244898,0,,12,71,3382,5128,4206.5,581.201772192756,0.0094021164021164
803123,Democratic_Socialism,6,200,TRUE,6,"1,2,3,4,5,6",0.0522886552781428,0.168367346938776,0,,18,88,3469,4642,4058.66666666667,425.39800971169,0.00845584045584046
803124,Democratic_Socialism,6,200,TRUE,6,"1,2,3,4,5,6",0.0746709532052867,0.186224489795918,0,,8,97,2977,4837,4043.66666666667,618.04196189795,0.010747311827957
803125,Democratic_Socialism,6,200,TRUE,6,"1,2,3,4,5,6",0.0578191776274843,0.221938775510204,0,,18,53,3426,4830,4016.83333333333,479.496993386472,0.00867267267267267
803126,Democratic_Socialism,6,200,TRUE,6,"1,2,3,4,5,6",0.0717600311214848,0.188775510204082,0,,14,41,3082,4564,3998.66666666667,573.774055414382,0.0103146666666667
803127,Democratic_Socialism,6,200,TRUE,6,"1,2,3,4,5,6",0.0398581675683738,0.191326530612245,0,,16,69,3788,4676,4097.16666666667,333.28811359943,0.00994782608695652
803128,Democratic_Socialism,6,200,TRUE,6,"1,2,3,4,5,6",0.0485852778717169,0.214285714285714,0,,12,126,3416,4453,3942.66666666667,370.118179324749,0.00883460559796438
803129,Democratic_Socialism,6,200,TRUE,6,"1,2,3,4,5,6",0.072760736196319,0.24234693877551,0,,16,99,3424,4923,4075,596.565838780599,0.01225
803130,Democratic_Socialism,6,200,TRUE,6,"1,2,3,4,5,6",0.0404036277473649,0.196428571428571,0,,20,116,3784,4704,4079.66666666667,344.892833597143,0.0128555555555556
803131,Democratic_Socialism,6,200,TRUE,6,"1,2,3,4,5,6",0.0754910824360975,0.186224489795918,0,,10,115,2944,4710,4055.66666666667,644.14770562866,0.00917133956386293
803132,Democratic_Socialism,6,200,TRUE,6,"1,2,3,4,5,6",0.0856535907272202,0.191326530612245,0,,6,71,2760,4695,4040.5,716.121707533014,0.00812794612794613
803133,Democratic_Socialism,6,200,TRUE,6,"1,2,3,4,5,6",0.053104806615673,0.181122448979592,0,,22,88,3385,4795,4118.16666666667,454.225678123405,0.0113114754098361
803134,Democratic_Socialism,6,200,TRUE,6,"1,2,3,4,5,6",0.0465922678357911,0.336734693877551,0,,14,105,3715,4628,4181.66666666667,378.756738113881,0.0094931129476584
803135,Democratic_Socialism,6,200,TRUE,6,"1,2,3,4,5,6",0.0319314005716618,0.188775510204082,0,,20,85,3755,4431,4081.66666666667,253.34850831743,0.0083921568627451
803136,Democratic_Socialism,6,200,TRUE,6,"1,2,3,4,5,6",0.0239565943238731,0.216836734693878,0,,10,96,3719,4281,3993.33333333333,189.302579661944,0.00945631067961165
803137,Democratic_Socialism,6,200,TRUE,6,"1,2,3,4,5,6",0.0477871557647567,0.209183673469388,0,,18,73,3790,4974,4107.33333333333,446.626316585428,0.00994666666666667
803138,Democratic_Socialism,6,200,TRUE,6,"1,2,3,4,5,6",0.0769109307849678,0.191326530612245,0,,15,63,3268,4892,4046.16666666667,621.175471720082,0.0117286135693215
803139,Democratic_Socialism,6,200,TRUE,6,"1,2,3,4,5,6",0.0448188260462628,0.23469387755102,0,,14,120,3515,4527,4155,374.543455422732,0.00828985507246377
803140,Democratic_Socialism,6,200,TRUE,6,"1,2,3,4,5,6",0.0424839165228306,0.211734693877551,0,,12,68,3769,4681,4248.66666666667,348.343317241291,0.00976923076923077
803141,Democratic_Socialism,6,200,TRUE,6,"1,2,3,4,5,6",0.0842730416478725,0.204081632653061,0,,28,76,2830,4791,4064.5,702.256861839028,0.0103690476190476
803142,Democratic_Socialism,6,200,TRUE,6,"1,2,3,4,5,6",0.0488316757566034,0.193877551020408,0,,4,95,3661,4697,4156,393.218514314878,0.00931720430107527
803143,Democratic_Socialism,6,200,TRUE,6,"1,2,3,4,5,6",0.0416331671758587,0.193877551020408,0,,9,109,3617,4690,4146,351.216172748352,0.00785875706214689
803144,Democratic_Socialism,6,200,TRUE,6,"1,2,3,4,5,6",0.0720247655917521,0.221938775510204,0,,16,144,3128,4818,4046.83333333333,576.990958912414,0.0102202898550725
803145,Democratic_Socialism,6,200,TRUE,6,"1,2,3,4,5,6",0.075762650367021,0.275510204081633,0,,6,81,3104,4892,3981,597.958861461221,0.0109306930693069
803146,Democratic_Socialism,6,200,TRUE,6,"1,2,3,4,5,6",0.0273650321941554,0.178571428571429,0,,28,98,3719,4367,4038,219.626956451161,0.00767231638418079
803147,Democratic_Socialism,6,200,TRUE,6,"1,2,3,4,5,6",0.0524786598805753,0.193877551020408,0,,22,71,3481,4717,4158.83333333333,427.952061178196,0.00933333333333333
803148,Democratic_Socialism,6,200,TRUE,6,"1,2,3,4,5,6",0.0627531988287673,0.204081632653061,0,,18,72,3228,4784,4155.16666666667,532.358306656961,0.00925396825396825
803149,Democratic_Socialism,6,200,TRUE,6,"1,2,3,4,5,6",0.0325826940526273,0.178571428571429,0,,6,98,3644,4470,4041,268.749697674249,0.0099375
803150,Democratic_Socialism,6,200,TRUE,6,"1,2,3,4,5,6",0.0340601688663005,0.198979591836735,0,,16,75,3733,4448,4066.33333333333,270.455664881819,0.00825555555555556
803151,Democratic_Socialism,6,200,TRUE,6,"1,2,3,4,5,6",0.0386507904144409,0.196428571428571,0,,20,84,3629,4449,4087.16666666667,307.220062278925,0.00842690058479532
803152,Democratic_Socialism,6,200,TRUE,6,"1,2,3,4,5,6",0.0390125873365412,0.186224489795918,0,,26,56,3465,4417,4087,337.480073485828,0.0081864406779661
803153,Democratic_Socialism,6,200,TRUE,6,"1,2,3,4,5,6",0.0638010662061972,0.191326530612245,0,,14,107,3424,4690,4053.83333333333,505.110845920642,0.0088785046728972
803154,Democratic_Socialism,6,200,TRUE,6,"1,2,3,4,5,6",0.106134625395427,0.201530612244898,0,,17,135,3418,5948,4162.16666666667,975.928361441897,0.0141084010840108
803155,Democratic_Socialism,6,200,TRUE,6,"1,2,3,4,5,6",0.0417493422696473,0.178571428571429,0,,4,33,3367,4216,3779.83333333333,306.962809908084,0.00897391304347826
803156,Democratic_Socialism,6,200,TRUE,6,"1,2,3,4,5,6",0.0379197835428935,0.260204081632653,0,,23,120,3808,4549,4188.66666666667,314.53054965562,0.00746556473829201
803157,Democratic_Socialism,6,200,TRUE,6,"1,2,3,4,5,6",0.0316326256021096,0.191326530612245,0,,14,110,3766,4570,4129,265.941346916947,0.00822047244094488
803158,Democratic_Socialism,6,200,TRUE,6,"1,2,3,4,5,6",0.0593840610308813,0.216836734693878,0,,10,160,3360,4537,3947,457.459943601623,0.00826016260162602
803159,Democratic_Socialism,6,200,TRUE,6,"1,2,3,4,5,6",0.0444556791371755,0.181122448979592,0,,16,81,3757,4731,4120.83333333333,369.667643521402,0.0118032786885246
803160,Democratic_Socialism,6,200,TRUE,6,"1,2,3,4,5,6",0.0644572757528368,0.216836734693878,0,,20,75,3220,4699,4156.5,540.980129025087,0.0089159891598916
803161,Democratic_Socialism,6,200,TRUE,6,"1,2,3,4,5,6",0.0658746095493084,0.229591836734694,0,,24,89,3563,5216,3984,623.121817945737,0.0112163742690058
803162,Democratic_Socialism,6,200,TRUE,6,"1,2,3,4,5,6",0.0279763796208028,0.183673469387755,0,,33,60,3810,4443,4196,236.865362600782,0.00883478260869565
803163,Democratic_Socialism,6,200,TRUE,6,"1,2,3,4,5,6",0.0596110912957899,0.176020408163265,0,,15,94,3450,4769,4205.5,488.554909912898,0.0101989247311828
803164,Democratic_Socialism,6,200,TRUE,6,"1,2,3,4,5,6",0.0421134484734387,0.198979591836735,0,,18,95,3467,4457,4072.33333333333,350.316238085914,0.0110708661417323
803165,Democratic_Socialism,6,200,TRUE,6,"1,2,3,4,5,6",0.0467594841077113,0.186224489795918,0,,16,83,3345,4482,4118,413.232138149975,0.00743434343434344
803166,Democratic_Socialism,6,200,TRUE,6,"1,2,3,4,5,6",0.0212632025338262,0.193877551020408,0,,12,52,4001,4474,4192.16666666667,175.525971487603,0.0102072829131653
803167,Democratic_Socialism,6,200,TRUE,6,"1,2,3,4,5,6",0.0433999972622616,0.196428571428571,0,,18,62,3598,4464,4058.5,344.731054591837,0.00890439276485788
803168,Democratic_Socialism,6,200,TRUE,6,"1,2,3,4,5,6",0.0855066530194473,0.196428571428571,0,,12,105,3274,4960,4070.83333333333,676.650697676923,0.011775956284153
803169,Democratic_Socialism,6,200,TRUE,6,"1,2,3,4,5,6",0.0396994719028616,0.176020408163265,0,,22,72,3817,4622,4218.5,328.707620842596,0.00824731182795699
803170,Democratic_Socialism,6,200,TRUE,6,"1,2,3,4,5,6",0.0639452188401675,0.198979591836735,0,,17,75,3503,5001,4101.16666666667,529.525227601733,0.011808
803171,Democratic_Socialism,6,200,TRUE,6,"1,2,3,4,5,6",0.0190669688208174,0.221938775510204,0,,6,112,4127,4496,4265.66666666667,174.574530406548,0.00858479532163743
803172,Democratic_Socialism,6,200,TRUE,6,"1,2,3,4,5,6",0.0601189995423095,0.206632653061225,0,,9,62,3588,4761,4127,497.42537128699,0.0084
803173,Democratic_Socialism,6,200,TRUE,6,"1,2,3,4,5,6",0.0602410438152881,0.209183673469388,0,,32,104,3390,4831,4185.5,503.04979872772,0.0103224043715847
803174,Democratic_Socialism,6,200,TRUE,6,"1,2,3,4,5,6",0.0366795366795365,0.209183673469388,0,,10,54,3788,4589,4100.83333333333,302.854035249106,0.00787767584097859
803175,Democratic_Socialism,6,200,TRUE,6,"1,2,3,4,5,6",0.042818249319363,0.173469387755102,0,,20,43,3419,4417,4040.33333333333,355.319386843255,0.0113388888888889
803176,Democratic_Socialism,6,200,TRUE,6,"1,2,3,4,5,6",0.0461896593972064,0.188775510204082,0,,24,51,3583,4768,4081,392.451780477551,0.0128403361344538
803177,Democratic_Socialism,6,200,TRUE,6,"1,2,3,4,5,6",0.0434140817729607,0.176020408163265,0,,24,113,3768,4659,4121.16666666667,354.760435599387,0.0089023569023569
803178,Democratic_Socialism,6,200,TRUE,6,"1,2,3,4,5,6",0.0382776105866347,0.188775510204082,0,,18,95,3626,4414,4042.83333333333,299.128344806484,0.00779271708683473
803179,Democratic_Socialism,6,200,TRUE,6,"1,2,3,4,5,6",0.0443747318747318,0.211734693877551,0,,22,86,3672,4576,4144,357.914514933385,0.00696666666666667
803180,Democratic_Socialism,6,200,TRUE,6,"1,2,3,4,5,6",0.0369882626254439,0.23469387755102,0,,16,145,3545,4399,4113.16666666667,316.638226793081,0.00932753623188406
803181,Democratic_Socialism,6,200,TRUE,6,"1,2,3,4,5,6",0.0222858701582105,0.170918367346939,0,,20,60,3825,4257,4073.33333333333,182.233549783421,0.0113690476190476
803182,Democratic_Socialism,6,200,TRUE,6,"1,2,3,4,5,6",0.0439880975686151,0.219387755102041,0,,20,109,3573,4832,4256.83333333333,403.105651990476,0.00882258064516129
803183,Democratic_Socialism,6,200,TRUE,6,"1,2,3,4,5,6",0.0474726775956282,0.196428571428571,0,,12,121,3448,4522,4066.66666666667,385.537373890868,0.00816797900262467
803184,Democratic_Socialism,6,200,TRUE,6,"1,2,3,4,5,6",0.0437377663827088,0.201530612244898,0,,26,92,3602,4516,4030.33333333333,350.16148655537,0.0100611111111111
803185,Democratic_Socialism,6,200,TRUE,6,"1,2,3,4,5,6",0.0506226815050344,0.244897959183673,0,,3,130,3809,4769,4193.33333333333,431.160604260949,0.008
803186,Democratic_Socialism,6,200,TRUE,6,"1,2,3,4,5,6",0.0747872667281155,0.214285714285714,0,,16,93,3516,5032,4158.83333333333,644.714329503127,0.00866101694915254
803187,Democratic_Socialism,6,200,TRUE,6,"1,2,3,4,5,6",0.0381727834940182,0.229591836734694,0,,25,153,3717,4423,4114.33333333333,318.653207526092,0.00914285714285714
803188,Democratic_Socialism,6,200,TRUE,6,"1,2,3,4,5,6",0.0420612504845765,0.191326530612245,0,,26,119,3536,4436,4012.66666666667,327.28804846292,0.00772413793103448
803189,Democratic_Socialism,6,200,TRUE,6,"1,2,3,4,5,6",0.0739180469360075,0.188775510204082,0,,16,96,3486,4829,4055.16666666667,608.27145804046,0.00991111111111111
803190,Democratic_Socialism,6,200,TRUE,6,"1,2,3,4,5,6",0.0249078840602843,0.188775510204082,0,,24,61,3884,4440,4176.5,203.69658809121,0.00806565656565657
803191,Democratic_Socialism,6,200,TRUE,6,"1,2,3,4,5,6",0.0447301157720643,0.181122448979592,0,,16,70,3680,4705,4064.5,368.247063803637,0.00981512605042017
803192,Democratic_Socialism,6,200,TRUE,6,"1,2,3,4,5,6",0.0272710593908896,0.183673469387755,0,,18,57,3994,4701,4239.33333333333,247.066522755849,0.00947058823529412
803193,Democratic_Socialism,6,200,TRUE,6,"1,2,3,4,5,6",0.0563187916767092,0.209183673469388,0,,25,84,3512,4874,4149,462.522648094123,0.00687749287749288
803194,Democratic_Socialism,6,200,TRUE,6,"1,2,3,4,5,6",0.0379645876535333,0.221938775510204,0,,16,117,3882,4725,4179.33333333333,326.363396640412,0.00912429378531074
803195,Democratic_Socialism,6,200,TRUE,6,"1,2,3,4,5,6",0.0376110058710517,0.23469387755102,0,,14,104,3639,4571,4135.16666666667,311.735411313291,0.00891111111111111
803196,Democratic_Socialism,6,200,TRUE,6,"1,2,3,4,5,6",0.0624739518212887,0.191326530612245,0,,12,42,3233,4603,3999,489.1572344349,0.00762289562289562
803197,Democratic_Socialism,6,200,TRUE,6,"1,2,3,4,5,6",0.0617701206275931,0.186224489795918,0,,12,96,3234,4493,4043.66666666667,506.903804154858,0.0105191256830601
803198,Democratic_Socialism,6,200,TRUE,6,"1,2,3,4,5,6",0.0596993586863281,0.188775510204082,0,,18,101,3375,4779,4080.16666666667,481.261432764632,0.00998888888888889
803199,Democratic_Socialism,6,200,TRUE,6,"1,2,3,4,5,6",0.0250515407986109,0.183673469387755,0,,14,53,3730,4291,4096,210.807969488822,0.00957062146892655
803200,Democratic_Socialism,6,200,TRUE,6,"1,2,3,4,5,6",0.0587540656166916,0.191326530612245,0,,16,87,3242,4520,4116.5,505.169575489261,0.00891525423728814
803201,Democratic_Socialism,6,200,TRUE,6,"1,2,3,4,5,6",0.0766452264874977,0.183673469387755,0,,16,71,3014,4783,4068.16666666667,625.128920037033,0.00982795698924731
803202,Democratic_Socialism,6,200,TRUE,6,"1,2,3,4,5,6",0.040623148596973,0.178571428571429,0,,20,45,3579,4485,4126,339.170163782135,0.0104661654135338
803203,Democratic_Socialism,6,200,TRUE,6,"1,2,3,4,5,6",0.0276355520546145,0.188775510204082,0,,12,49,3948,4511,4231.66666666667,230.248271799522,0.00951111111111111
803204,Democratic_Socialism,6,200,TRUE,6,"1,2,3,4,5,6",0.0552008512902367,0.247448979591837,0,,18,62,3776,4872,4176.66666666667,492.446003808201,0.0123222222222222
803205,Democratic_Socialism,6,200,TRUE,6,"1,2,3,4,5,6",0.0567035273226249,0.223593964334705,0,,20,75,3051,4562,4129.66666666667,546.926929915383,0.0082
803206,Democratic_Socialism,6,200,TRUE,6,"1,2,3,4,5,6",0.0455688159566827,0.211734693877551,0,,16,71,3613,4518,4022,361.642917807055,0.00799449035812672
803207,Democratic_Socialism,6,200,TRUE,6,"1,2,3,4,5,6",0.0838554805110261,0.207133058984911,0,,10,72,3090,4703,4096.33333333333,717.964808794043,0.00937254901960784
803208,Democratic_Socialism,6,200,TRUE,6,"1,2,3,4,5,6",0.0737974752421373,0.183673469387755,0,,10,77,3306,4985,4084,589.281257126001,0.0102849462365591
803209,Democratic_Socialism,6,200,TRUE,6,"1,2,3,4,5,6",0.0409866370886811,0.191326530612245,0,,18,105,3798,4810,4207.33333333333,354.496074261291,0.0108172043010753
803210,Democratic_Socialism,6,200,TRUE,6,"1,2,3,4,5,6",0.0560998074185715,0.196428571428571,0,,15,123,3478,4594,3981,433.58321000703,0.00869069069069069
803211,Democratic_Socialism,6,200,TRUE,6,"1,2,3,4,5,6",0.00971383192943631,0.183673469387755,0,,28,69,3835,4042,3917.66666666667,76.3221243589738,0.00695061728395062
803212,Democratic_Socialism,6,200,TRUE,6,"1,2,3,4,5,6",0.0398602509131332,0.206632653061225,0,,14,134,3842,4796,4198,342.652593744743,0.00781710914454277
803213,Democratic_Socialism,6,200,TRUE,6,"1,2,3,4,5,6",0.0605241935483871,0.209876543209877,0,,16,117,3444,4598,4133.33333333333,513.756232727805,0.00993785310734463
803214,Democratic_Socialism,6,200,TRUE,6,"1,2,3,4,5,6",0.0195367085886273,0.196428571428571,0,,16,71,3915,4336,4134.66666666667,159.207621258113,0.00864797507788162
803215,Democratic_Socialism,6,200,TRUE,6,"1,2,3,4,5,6",0.0584859686284283,0.191326530612245,0,,28,47,3315,4578,4012.83333333333,475.957736218949,0.010469696969697
803216,Democratic_Socialism,6,200,TRUE,6,"1,2,3,4,5,6",0.0594793527087729,0.186224489795918,0,,24,141,3491,4623,4106,479.92332720967,0.0114534534534535
803217,Democratic_Socialism,6,200,TRUE,6,"1,2,3,4,5,6",0.0498375568551006,0.173469387755102,0,,18,70,3879,4867,4275,431.362956221324,0.0121769911504425
803218,Democratic_Socialism,6,200,TRUE,6,"1,2,3,4,5,6",0.0868252865104997,0.183673469387755,0,,20,118,3354,5466,4076.83333333333,749.490337940835,0.0173923303834808
803219,Democratic_Socialism,6,200,TRUE,6,"1,2,3,4,5,6",0.0693809581597291,0.191326530612245,0,,16,84,3483,4831,4120.16666666667,559.053277127204,0.0129949494949495
803220,Democratic_Socialism,6,200,TRUE,6,"1,2,3,4,5,6",0.0404674443951074,0.193877551020408,0,,23,100,3621,4611,4128.83333333333,331.827917250292,0.00975350140056022
803221,Democratic_Socialism,6,200,TRUE,6,"1,2,3,4,5,6",0.0506328273370784,0.201530612244898,0,,22,62,3735,4816,4183.16666666667,414.156210464924,0.00927823691460055
803222,Democratic_Socialism,6,200,TRUE,6,"1,2,3,4,5,6",0.0531827297236276,0.186224489795918,0,,26,32,3357,4750,4183.16666666667,464.612706096881,0.00709144542772861
803223,Democratic_Socialism,6,200,TRUE,6,"1,2,3,4,5,6",0.0130518150520764,0.188775510204082,0,,18,95,3725,3997,3824.5,101.379978299465,0.00883989501312336
803224,Democratic_Socialism,6,200,TRUE,6,"1,2,3,4,5,6",0.0478056738153025,0.209183673469388,0,,22,80,3608,4747,4188.83333333333,392.096119168077,0.00805509641873278
803225,Democratic_Socialism,6,200,TRUE,6,"1,2,3,4,5,6",0.0562085410502708,0.201530612244898,0,,34,88,3181,4543,4112.16666666667,498.592184722812,0.00838482384823848
803226,Democratic_Socialism,6,200,TRUE,6,"1,2,3,4,5,6",0.0241428532213346,0.280612244897959,0,,31,79,3827,4329,4047.66666666667,196.301468834715,0.00873563218390805
803227,Democratic_Socialism,6,200,TRUE,6,"1,2,3,4,5,6",0.0418880693684405,0.183673469387755,0,,18,71,3680,4640,4203,345.454483253583,0.0100753623188406
803228,Democratic_Socialism,6,200,TRUE,6,"1,2,3,4,5,6",0.0460478408419547,0.186224489795918,0,,6,55,3693,4613,4043.5,371.729337018213,0.00737333333333333
803229,Democratic_Socialism,6,200,TRUE,6,"1,2,3,4,5,6",0.0521122603667779,0.196428571428571,0,,18,55,3748,4883,4141.16666666667,446.409415969989,0.00933333333333333
803230,Democratic_Socialism,6,200,TRUE,6,"1,2,3,4,5,6",0.0471407500228427,0.191326530612245,0,,18,88,3408,4605,4256.16666666667,444.042978400365,0.0101055555555556
803231,Democratic_Socialism,6,200,TRUE,6,"1,2,3,4,5,6",0.0463800015722033,0.170918367346939,0,,15,143,3910,5026,4240.33333333333,424.4632689252,0.0123480392156863
803232,Democratic_Socialism,6,200,TRUE,6,"1,2,3,4,5,6",0.0283601560108089,0.206632653061225,0,,10,86,3946,4534,4173.5,240.00645824644,0.00845402298850575
803233,Democratic_Socialism,6,200,TRUE,6,"1,2,3,4,5,6",0.0524768058316765,0.191326530612245,0,,32,46,3278,4639,4024,444.087829150946,0.00984408602150538
803234,Democratic_Socialism,6,200,TRUE,6,"1,2,3,4,5,6",0.025035649904485,0.173469387755102,0,,10,43,3806,4403,4129.66666666667,203.619907343724,0.00796325459317585
803235,Democratic_Socialism,6,200,TRUE,6,"1,2,3,4,5,6",0.0594165947005523,0.188775510204082,0,,24,72,3293,4628,4052.83333333333,473.962621592322,0.00921311475409836
803236,Democratic_Socialism,6,200,TRUE,6,"1,2,3,4,5,6",0.0401657158380875,0.255102040816327,0,,24,71,3789,4707,4090,341.846164231808,0.012251968503937
803237,Democratic_Socialism,6,200,TRUE,6,"1,2,3,4,5,6",0.0668068586218051,0.193877551020408,0,,28,91,3093,4567,4121.33333333333,581.806382456111,0.00964885496183206
803238,Democratic_Socialism,6,200,TRUE,6,"1,2,3,4,5,6",0.0920398009950247,0.178571428571429,0,,18,64,3154,5417,4031.16666666667,775.907060585652,0.0134490358126722
803239,Democratic_Socialism,6,200,TRUE,6,"1,2,3,4,5,6",0.0388192862566439,0.191326530612245,0,,18,67,3675,4446,4097.33333333333,310.231311551021,0.0129047619047619
803240,Democratic_Socialism,6,200,TRUE,6,"1,2,3,4,5,6",0.0485690097766125,0.186224489795918,0,,13,71,3470,4470,4068.66666666667,390.206953636999,0.00839102564102564
803241,Democratic_Socialism,6,200,TRUE,6,"1,2,3,4,5,6",0.0328461323429574,0.227040816326531,0,,31,132,3872,4582,4173.5,267.349770899472,0.00789285714285714
803242,Democratic_Socialism,6,200,TRUE,6,"1,2,3,4,5,6",0.0543988327615441,0.219387755102041,0,,6,103,3600,4664,4226.5,471.205581461001,0.00923114355231144
803243,Democratic_Socialism,6,200,TRUE,6,"1,2,3,4,5,6",0.0706189165879501,0.204081632653061,0,,8,76,3343,4898,4058.16666666667,569.520997564328,0.0100780141843972
803244,Democratic_Socialism,6,200,TRUE,6,"1,2,3,4,5,6",0.075279261777562,0.181122448979592,0,,21,67,3529,5230,4118,635.652735383086,0.0119808153477218
803245,Democratic_Socialism,6,200,TRUE,6,"1,2,3,4,5,6",0.0241037630817189,0.186224489795918,0,,20,78,3709,4222,3992,186.705115087938,0.0121432506887052
803246,Democratic_Socialism,6,200,TRUE,6,"1,2,3,4,5,6",0.0652033700165275,0.183673469387755,0,,14,92,3427,4725,4134.5,526.714628617812,0.00877586206896552
803247,Democratic_Socialism,6,200,TRUE,6,"1,2,3,4,5,6",0.0516188149053145,0.214285714285714,0,,15,87,3459,4591,4092.5,413.941904136317,0.00835294117647059
803248,Democratic_Socialism,6,200,TRUE,6,"1,2,3,4,5,6",0.0622808812495737,0.219387755102041,0,,12,93,3384,4726,4072.5,495.814380590156,0.00786086956521739
803249,Democratic_Socialism,6,200,TRUE,6,"1,2,3,4,5,6",0.0739855133260619,0.193877551020408,0,,12,69,3103,4625,3973,577.406269449856,0.0100582010582011
803250,Democratic_Socialism,6,200,TRUE,6,"1,2,3,4,5,6",0.0460019267822736,0.214285714285714,0,,23,130,3507,4702,4152,392.188730077752,0.00956770833333333
803251,Democratic_Socialism,6,200,TRUE,6,"1,2,3,4,5,6",0.0269290345574427,0.173469387755102,0,,18,108,3757,4351,4052.83333333333,213.797489851183,0.00864387464387465
803252,Democratic_Socialism,6,200,TRUE,6,"1,2,3,4,5,6",0.0718671729821443,0.188775510204082,0,,24,99,3081,4750,4125.66666666667,599.525367825805,0.00863414634146342
803253,Democratic_Socialism,6,200,TRUE,6,"1,2,3,4,5,6",0.0412042249745321,0.188775510204082,0,,12,65,3597,4438,4144.66666666667,362.415599369932,0.008734375
803254,Democratic_Socialism,6,200,TRUE,6,"1,2,3,4,5,6",0.0324694789622846,0.206632653061225,0,,22,115,3790,4412,4077.33333333333,263.2076493316,0.00911695906432749
803255,Democratic_Socialism,6,200,TRUE,6,"1,2,3,4,5,6",0.0918148847044338,0.198979591836735,0,,18,111,3300,5792,4151.16666666667,855.846111556667,0.0137849462365591
803256,Democratic_Socialism,6,200,TRUE,6,"1,2,3,4,5,6",0.071700758039712,0.188775510204082,0,,18,50,3254,4651,4082.16666666667,586.162235790286,0.00832748538011696
803257,Democratic_Socialism,6,200,TRUE,6,"1,2,3,4,5,6",0.0215832943743182,0.264746227709191,0,,16,67,3583,4069,3921.5,181.6113983207,0.00869135802469136
803258,Democratic_Socialism,6,200,TRUE,6,"1,2,3,4,5,6",0.0368390254282369,0.209183673469388,0,,26,81,3896,4849,4177.33333333333,347.41886342953,0.00935757575757576
803259,Democratic_Socialism,6,200,TRUE,6,"1,2,3,4,5,6",0.0238173209436872,0.178571428571429,0,,22,90,3671,4314,4071.5,214.208076411698,0.012
803260,Democratic_Socialism,6,200,TRUE,6,"1,2,3,4,5,6",0.0275201231523881,0.183673469387755,0,,26,87,3934,4615,4258.5,232.315948656135,0.00987654320987654
803261,Democratic_Socialism,6,200,TRUE,6,"1,2,3,4,5,6",0.0928231073990791,0.198979591836735,0,,20,87,3535,6051,4150.66666666667,948.03410627818,0.0152413793103448
803262,Democratic_Socialism,6,200,TRUE,6,"1,2,3,4,5,6",0.0377234114848792,0.206632653061225,0,,16,77,3684,4451,4087.5,303.531711687593,0.0103801169590643
803263,Democratic_Socialism,6,200,TRUE,6,"1,2,3,4,5,6",0.0548679044386771,0.183673469387755,0,,10,68,3153,4642,4174.16666666667,523.809666450197,0.0120530973451327
803264,Democratic_Socialism,6,200,TRUE,6,"1,2,3,4,5,6",0.0355648535564852,0.176020408163265,0,,22,53,3753,4528,4102.83333333333,285.65252784925,0.0120428134556575
803265,Democratic_Socialism,6,200,TRUE,6,"1,2,3,4,5,6",0.0258727842628621,0.191326530612245,0,,30,123,3561,4306,4112,273.419823714375,0.00820054200542005
803266,Democratic_Socialism,6,200,TRUE,6,"1,2,3,4,5,6",0.030564976424849,0.232142857142857,0,,13,87,3593,4255,4029.66666666667,260.743296494208,0.00838532110091743
803267,Democratic_Socialism,6,200,TRUE,6,"1,2,3,4,5,6",0.0540195836418991,0.173469387755102,0,,20,80,3368,4645,4051,432.82097915882,0.0070997150997151
803268,Democratic_Socialism,6,200,TRUE,6,"1,2,3,4,5,6",0.0425057667884818,0.209183673469388,0,,18,72,3773,4679,4287,357.289798343026,0.00820266666666667
803269,Democratic_Socialism,6,200,TRUE,6,"1,2,3,4,5,6",0.0436021153636461,0.188775510204082,0,,6,83,3730,4639,4076,355.634081606361,0.0106017699115044
803270,Democratic_Socialism,6,200,TRUE,6,"1,2,3,4,5,6",0.105960219759246,0.232142857142857,0,,10,110,2740,5308,4075.16666666667,858.652995491582,0.0114851485148515
803271,Democratic_Socialism,6,200,TRUE,6,"1,2,3,4,5,6",0.0394563315839052,0.191326530612245,0,,22,97,3749,4560,4128.33333333333,315.72055154308,0.0110498687664042
803272,Democratic_Socialism,6,200,TRUE,6,"1,2,3,4,5,6",0.0741509763603865,0.219387755102041,0,,16,61,3407,5356,4133.83333333333,660.908894377029,0.0110785907859079
803273,Democratic_Socialism,6,200,TRUE,6,"1,2,3,4,5,6",0.0565739611607201,0.229591836734694,0,,4,91,3621,4992,4236.83333333333,478.223971238024,0.00803921568627451
803274,Democratic_Socialism,6,200,TRUE,6,"1,2,3,4,5,6",0.0651120026746908,0.216836734693878,0,,20,74,2946,4523,3988,557.682346860648,0.00783333333333333
803275,Democratic_Socialism,6,200,TRUE,6,"1,2,3,4,5,6",0.0770221747115094,0.193877551020408,0,,14,122,3038,4797,4053.66666666667,620.723663691555,0.0103594202898551
803276,Democratic_Socialism,6,200,TRUE,6,"1,2,3,4,5,6",0.0472598994385094,0.211734693877551,0,,12,96,3501,4508,4165.5,402.950493237073,0.0083015873015873
803277,Democratic_Socialism,6,200,TRUE,6,"1,2,3,4,5,6",0.041121444051244,0.244897959183673,0,,22,98,3762,4807,4050.33333333333,385.634369146043,0.0106548672566372
803278,Democratic_Socialism,6,200,TRUE,6,"1,2,3,4,5,6",0.0464779540726843,0.204081632653061,0,,14,145,3182,4449,4086.16666666667,455.138843284845,0.00836206896551724
803279,Democratic_Socialism,6,200,TRUE,6,"1,2,3,4,5,6",0.0449479579216519,0.209183673469388,0,,10,99,3635,4750,3997.83333333333,394.600261868472,0.00796261682242991
803280,Democratic_Socialism,6,200,TRUE,6,"1,2,3,4,5,6",0.0474373103664094,0.206632653061225,0,,14,97,3477,4501,4083.16666666667,384.280323028212,0.00850292397660819
803281,Democratic_Socialism,6,200,TRUE,6,"1,2,3,4,5,6",0.0489323372012929,0.244897959183673,0,,10,69,3774,4897,4194,412.82441788247,0.00933918128654971
803282,Democratic_Socialism,6,200,TRUE,6,"1,2,3,4,5,6",0.0637914981726213,0.191326530612245,0,,16,53,2903,4565,3997.83333333333,571.680825869354,0.00958333333333333
803283,Democratic_Socialism,6,200,TRUE,6,"1,2,3,4,5,6",0.0417236662106701,0.221938775510204,0,,14,67,3655,4549,4020.5,329.756122005339,0.00833888888888889
803284,Democratic_Socialism,6,200,TRUE,6,"1,2,3,4,5,6",0.0795967342254218,0.186224489795918,0,,16,120,3481,5625,4259.66666666667,732.088428174265,0.010870523415978
803285,Democratic_Socialism,6,200,TRUE,6,"1,2,3,4,5,6",0.0534004724605246,0.186224489795918,0,,20,85,3269,4605,4021.5,443.121540889179,0.00920634920634921
803286,Democratic_Socialism,6,200,TRUE,6,"1,2,3,4,5,6",0.0595372657372908,0.303571428571429,0,,7,89,3454,4604,3981.16666666667,461.916190089357,0.00876436781609196
803287,Democratic_Socialism,6,200,TRUE,6,"1,2,3,4,5,6",0.0454962468723936,0.198979591836735,0,,14,71,3487,4584,3996.66666666667,364.330985048852,0.00852599388379205
803288,Democratic_Socialism,6,200,TRUE,6,"1,2,3,4,5,6",0.0800688969677164,0.206632653061225,0,,8,59,3393,5292,4080.16666666667,678.225159269889,0.0143899371069182
803289,Democratic_Socialism,6,200,TRUE,6,"1,2,3,4,5,6",0.0382194484450844,0.201530612244898,0,,18,60,3821,4599,4166,316.20626179758,0.00815094339622642
803290,Democratic_Socialism,6,200,TRUE,6,"1,2,3,4,5,6",0.0202995055068553,0.198979591836735,0,,21,53,3808,4181,3954.66666666667,166.575708513176,0.00772727272727273
803291,Democratic_Socialism,6,200,TRUE,6,"1,2,3,4,5,6",0.107500068132886,0.26530612244898,0,,8,101,3148,5557,4077,877.499629629551,0.0140746268656716
803292,Democratic_Socialism,6,200,TRUE,6,"1,2,3,4,5,6",0.0312387720068665,0.170918367346939,0,,18,120,3632,4459,4174.83333333333,285.606314122546,0.00854742547425474
803293,Democratic_Socialism,6,200,TRUE,6,"1,2,3,4,5,6",0.0506830490663648,0.201646090534979,0,,5,83,3349,4621,4123.66666666667,433.646707201458,0.00972131147540984
803294,Democratic_Socialism,6,200,TRUE,6,"1,2,3,4,5,6",0.0429318454426608,0.170918367346939,0,,20,44,3601,4557,4122.16666666667,343.342637414386,0.00868484848484848
803295,Democratic_Socialism,6,200,TRUE,6,"1,2,3,4,5,6",0.0553056634635043,0.188775510204082,0,,26,55,3446,4668,4075.83333333333,440.317801896161,0.00914114114114114
803296,Democratic_Socialism,6,200,TRUE,6,"1,2,3,4,5,6",0.0848808853873568,0.214285714285714,0,,16,85,3277,5272,4146.33333333333,697.958069418691,0.00965242165242165
803297,Democratic_Socialism,6,200,TRUE,6,"1,2,3,4,5,6",0.0332362734392904,0.183673469387755,0,,10,113,3761,4504,4121.16666666667,265.02333230617,0.00817847769028871
803298,Democratic_Socialism,6,200,TRUE,6,"1,2,3,4,5,6",0.0743477774045458,0.173469387755102,0,,16,41,3384,5072,3969.33333333333,614.985419881371,0.00848888888888889
803299,Democratic_Socialism,6,200,TRUE,6,"1,2,3,4,5,6",0.056866117868698,0.224489795918367,0,,6,123,3323,4668,4069.5,466.323814532348,0.00882051282051282
803300,Democratic_Socialism,6,200,TRUE,6,"1,2,3,4,5,6",0.0890789993788468,0.191326530612245,0,,8,57,2690,4553,3935.33333333333,724.109568136388,0.0101406727828746
803301,Democratic_Socialism,6,200,TRUE,6,"1,2,3,4,5,6",0.0343846507654904,0.188775510204082,0,,26,65,3760,4589,4227.5,288.923346235641,0.00877134986225895
803302,Democratic_Socialism,6,200,TRUE,6,"1,2,3,4,5,6",0.0316227244193346,0.186224489795918,0,,26,73,3938,4546,4248,269.852552331824,0.01
803303,Democratic_Socialism,6,200,TRUE,6,"1,2,3,4,5,6",0.0334021754096103,0.214285714285714,0,,10,66,3586,4306,4035,272.351243801089,0.00805405405405405
803304,Democratic_Socialism,6,200,TRUE,6,"1,2,3,4,5,6",0.0480846431244471,0.221938775510204,0,,24,144,3618,4510,4082.5,393.985659637505,0.00961904761904762
803305,Democratic_Socialism,6,200,TRUE,6,"1,2,3,4,5,6",0.0209644462607272,0.196428571428571,0,,18,63,3884,4291,4078.33333333333,166.714926346343,0.00815343915343915
803306,Democratic_Socialism,6,200,TRUE,6,"1,2,3,4,5,6",0.055952907140274,0.173469387755102,0,,18,85,3503,4732,4147.83333333333,451.629678682288,0.00803603603603604
803307,Democratic_Socialism,6,200,TRUE,6,"1,2,3,4,5,6",0.0534688346883467,0.214285714285714,0,,20,69,3357,4581,4100,442.917599560009,0.00946464646464647
803308,Democratic_Socialism,6,200,TRUE,6,"1,2,3,4,5,6",0.0564440780434186,0.204081632653061,0,,23,81,3449,4786,4043.33333333333,455.242645922663,0.00891743119266055
803309,Democratic_Socialism,6,200,TRUE,6,"1,2,3,4,5,6",0.061732045469479,0.201530612244898,0,,8,84,3155,4713,4227.5,566.362339849676,0.00946770025839793
803310,Democratic_Socialism,6,200,TRUE,6,"1,2,3,4,5,6",0.0286219362014857,0.196428571428571,0,,18,40,3936,4594,4195.5,238.657704673451,0.00967536231884058
803311,Democratic_Socialism,6,200,TRUE,6,"1,2,3,4,5,6",0.0448715324682412,0.181122448979592,0,,12,103,3568,4741,4071.5,384.169623994402,0.00839024390243903
803312,Democratic_Socialism,6,200,TRUE,6,"1,2,3,4,5,6",0.0360923308065286,0.178571428571429,0,,12,83,3657,4424,4067.5,287.56825276793,0.00912684365781711
803313,Democratic_Socialism,6,200,TRUE,6,"1,2,3,4,5,6",0.0405093524407589,0.198979591836735,0,,30,84,3617,4524,4140.33333333333,330.391081396981,0.0111988304093567
803314,Democratic_Socialism,6,200,TRUE,6,"1,2,3,4,5,6",0.0316658985853338,0.214285714285714,0,,14,95,3723,4418,3978.16666666667,258.297825516721,0.00755769230769231
803315,Democratic_Socialism,6,200,TRUE,6,"1,2,3,4,5,6",0.0427898565961562,0.232142857142857,0,,11,68,3590,4412,3963.16666666667,332.451149293647,0.00947565543071161
803316,Democratic_Socialism,6,200,TRUE,6,"1,2,3,4,5,6",0.0334977892807073,0.176020408163265,0,,18,54,3704,4464,4121.33333333333,277.779528883369,0.00753276353276353
803317,Democratic_Socialism,6,200,TRUE,6,"1,2,3,4,5,6",0.056082988910259,0.206632653061225,0,,22,86,3620,4669,4072.83333333333,456.212852369009,0.00982352941176471
803318,Democratic_Socialism,6,200,TRUE,6,"1,2,3,4,5,6",0.0720036201050911,0.224489795918367,0,,18,93,3546,5576,4112.83333333333,731.613946468127,0.0123581267217631
803319,Democratic_Socialism,6,200,TRUE,6,"1,2,3,4,5,6",0.0231711683042284,0.178571428571429,0,,31,83,3944,4436,4189.83333333333,191.522757568563,0.00791823899371069
803320,Democratic_Socialism,6,200,TRUE,6,"1,2,3,4,5,6",0.064633534136546,0.211734693877551,0,,16,109,3230,4453,3984,518.371681325282,0.0114535519125683
803321,Democratic_Socialism,6,200,TRUE,6,"1,2,3,4,5,6",0.036606581289226,0.204081632653061,0,,20,108,3642,4511,4151.5,304.97786804947,0.00856451612903226
803322,Democratic_Socialism,6,200,TRUE,6,"1,2,3,4,5,6",0.0251801348105678,0.176020408163265,0,,15,56,4015,4571,4302.33333333333,208.796232405345,0.00778593272171254
803323,Democratic_Socialism,6,200,TRUE,6,"1,2,3,4,5,6",0.0365824064711831,0.204081632653061,0,,16,72,3792,4573,4120.83333333333,297.823717434772,0.00934502923976608
803324,Democratic_Socialism,6,200,TRUE,6,"1,2,3,4,5,6",0.0689598284253072,0.295918367346939,0,,8,123,3351,4687,4041,545.159426223192,0.00839766081871345
803325,Democratic_Socialism,6,200,TRUE,6,"1,2,3,4,5,6",0.0464038203173842,0.229591836734694,0,,14,93,3839,4952,4176.5,418.153440736771,0.010374358974359
803326,Democratic_Socialism,6,200,TRUE,6,"1,2,3,4,5,6",0.057207765386204,0.193877551020408,0,,16,66,3527,4838,4035,471.224787123937,0.0101913580246914
803327,Democratic_Socialism,6,200,TRUE,6,"1,2,3,4,5,6",0.0506543728265732,0.214285714285714,0,,24,57,3295,4201,3850.16666666667,408.475417456995,0.00862462462462463
803328,Democratic_Socialism,6,200,TRUE,6,"1,2,3,4,5,6",0.0270949528334365,0.214285714285714,0,,28,84,3631,4282,4034.16666666667,230.095994460283,0.00849717514124294
803329,Democratic_Socialism,6,200,TRUE,6,"1,2,3,4,5,6",0.0814178228756817,0.206632653061225,0,,12,100,3170,5117,4024.16666666667,658.268460938747,0.0096260162601626
803330,Democratic_Socialism,6,200,TRUE,6,"1,2,3,4,5,6",0.0451654212577926,0.196428571428571,0,,6,87,3503,4350,3947.83333333333,348.960408451541,0.00733333333333333
803331,Democratic_Socialism,6,200,TRUE,6,"1,2,3,4,5,6",0.0491683077051996,0.221938775510204,0,,26,115,3410,4531,3977.83333333333,384.916311250467,0.00964516129032258
803332,Democratic_Socialism,6,200,TRUE,6,"1,2,3,4,5,6",0.0550710531438583,0.198979591836735,0,,10,95,3589,4916,4280.83333333333,466.697939428349,0.00983333333333333
803333,Democratic_Socialism,6,200,TRUE,6,"1,2,3,4,5,6",0.0345748637427137,0.204081632653061,0,,25,67,3650,4401,4107.83333333333,287.085643435311,0.00818461538461538
803334,Democratic_Socialism,6,200,TRUE,6,"1,2,3,4,5,6",0.0485631831856359,0.198979591836735,0,,28,51,3387,4465,4081.16666666667,414.617132625591,0.00807588075880759
803335,Democratic_Socialism,6,200,TRUE,6,"1,2,3,4,5,6",0.053191489361702,0.239795918367347,0,,21,120,3639,4807,4010.66666666667,448.213639536624,0.00956639566395664
803336,Democratic_Socialism,6,200,TRUE,6,"1,2,3,4,5,6",0.0508584062545783,0.226337448559671,0,,22,69,3271,4614,4171.16666666667,470.100592072236,0.00691379310344828
803337,Democratic_Socialism,6,200,TRUE,6,"1,2,3,4,5,6",0.0417272580384553,0.221938775510204,0,,24,116,3762,4775,4126,358.100544540217,0.00994074074074074
803338,Democratic_Socialism,6,200,TRUE,6,"1,2,3,4,5,6",0.044700460829493,0.193877551020408,0,,12,49,3658,4584,4159.16666666667,363.192740382661,0.00842165242165242
803339,Democratic_Socialism,6,200,TRUE,6,"1,2,3,4,5,6",0.0349190351407647,0.176020408163265,0,,8,82,3522,4402,4134.16666666667,323.201742982099,0.00980952380952381
803340,Democratic_Socialism,6,200,TRUE,6,"1,2,3,4,5,6",0.0523537448764129,0.188775510204082,0,,23,83,3000,4370,4025.5,512.924458375695,0.010235632183908
803341,Democratic_Socialism,6,200,TRUE,6,"1,2,3,4,5,6",0.0483458526450376,0.198979591836735,0,,20,75,3521,4635,4171.33333333333,397.980234015041,0.00869211195928753
803342,Democratic_Socialism,6,200,TRUE,6,"1,2,3,4,5,6",0.0619021008794687,0.191326530612245,0,,16,67,3614,4958,4175.5,513.14666519427,0.0086984126984127
803343,Democratic_Socialism,6,200,TRUE,6,"1,2,3,4,5,6",0.0874131556494535,0.209183673469388,0,,8,162,3241,5526,4102.16666666667,770.451664068984,0.0125833333333333
803344,Democratic_Socialism,6,200,TRUE,6,"1,2,3,4,5,6",0.0734807370184254,0.176020408163265,0,,4,44,3409,4811,4145.83333333333,598.789918641477,0.00977595628415301
803345,Democratic_Socialism,6,200,TRUE,6,"1,2,3,4,5,6",0.0324699038749983,0.209183673469388,0,,16,84,4007,4674,4259.5,279.308252652871,0.00927725856697819
803346,Democratic_Socialism,6,200,TRUE,6,"1,2,3,4,5,6",0.0332462942448699,0.196428571428571,0,,10,105,3707,4511,4212.66666666667,289.18759770548,0.008375
803347,Democratic_Socialism,6,200,TRUE,6,"1,2,3,4,5,6",0.0721268036849403,0.188775510204082,0,,7,54,3314,5152,4046.5,617.592341273756,0.0102090395480226
803348,Democratic_Socialism,6,200,TRUE,6,"1,2,3,4,5,6",0.0358045720620241,0.216836734693878,0,,16,66,3457,4358,4109.5,334.865196758337,0.0106449864498645
803349,Democratic_Socialism,6,200,TRUE,6,"1,2,3,4,5,6",0.0177755032412146,0.186224489795918,0,,20,72,3901,4298,4070.83333333333,142.204664714863,0.00814942528735632
803350,Democratic_Socialism,6,200,TRUE,6,"1,2,3,4,5,6",0.0280623088842267,0.198979591836735,0,,20,83,3811,4515,4051.5,246.457907156577,0.0102016806722689
803351,Democratic_Socialism,6,200,TRUE,6,"1,2,3,4,5,6",0.0308460283998249,0.214285714285714,0,,28,90,3599,4462,4190.16666666667,301.570168728054,0.008
803352,Democratic_Socialism,6,200,TRUE,6,"1,2,3,4,5,6",0.0392945036915504,0.176020408163265,0,,14,71,3765,4650,4063.33333333333,329.366462571202,0.00885358255451713
803353,Democratic_Socialism,6,200,TRUE,6,"1,2,3,4,5,6",0.0566026622688185,0.216836734693878,0,,10,83,3620,4908,4244.5,464.66794595711,0.00938888888888889
803354,Democratic_Socialism,6,200,TRUE,6,"1,2,3,4,5,6",0.043913547309133,0.204081632653061,0,,21,34,3668,4679,4123,356.922400529863,0.0101458333333333
803355,Democratic_Socialism,6,200,TRUE,6,"1,2,3,4,5,6",0.0615756995425045,0.24234693877551,0,,20,91,3563,4780,4177.33333333333,503.480155186544,0.00793510324483776
803356,Democratic_Socialism,6,200,TRUE,6,"1,2,3,4,5,6",0.0273300724347152,0.214285714285714,0,,12,87,3910,4445,4157,222.26470704995,0.009921875
803357,Democratic_Socialism,6,200,TRUE,6,"1,2,3,4,5,6",0.024352786309785,0.229591836734694,0,,10,93,3969,4471,4178.16666666667,200.216299702763,0.0088945868945869
803358,Democratic_Socialism,6,200,TRUE,6,"1,2,3,4,5,6",0.0887312032559,0.216836734693878,0,,10,101,3192,4984,4204.33333333333,747.737030423575,0.00990547263681592
803359,Democratic_Socialism,6,200,TRUE,6,"1,2,3,4,5,6",0.0769469396563351,0.278061224489796,0,,20,100,3567,5234,4119,651.075418058461,0.00900740740740741
803360,Democratic_Socialism,6,200,TRUE,6,"1,2,3,4,5,6",0.0340200262639527,0.25,0,,17,129,3682,4447,4061.33333333333,268.844688745504,0.00813445378151261
803361,Democratic_Socialism,6,200,TRUE,6,"1,2,3,4,5,6",0.0610636426874565,0.206632653061225,0,,16,78,3377,4735,4232.83333333333,522.604024732557,0.00976344086021505
803362,Democratic_Socialism,6,200,TRUE,6,"1,2,3,4,5,6",0.0446477207806872,0.182441700960219,0,,18,20,3624,4618,4181.5,368.453931991504,0.0100242424242424
803363,Democratic_Socialism,6,200,TRUE,6,"1,2,3,4,5,6",0.0309008044367569,0.201530612244898,0,,10,102,3780,4384,4047,247.224594245799,0.009366391184573
803364,Democratic_Socialism,6,200,TRUE,6,"1,2,3,4,5,6",0.0454509633949327,0.201530612244898,0,,14,113,3772,4634,4229.83333333333,380.293264030099,0.0098562091503268
803365,Democratic_Socialism,6,200,TRUE,6,"1,2,3,4,5,6",0.0514076965827606,0.186224489795918,0,,14,80,3498,4606,4098.5,430.959742899496,0.00980116959064328
803366,Democratic_Socialism,6,200,TRUE,6,"1,2,3,4,5,6",0.0501462843768286,0.193877551020408,0,,13,88,3542,4675,4272.5,435.25015795517,0.0134410256410256
803367,Democratic_Socialism,6,200,TRUE,6,"1,2,3,4,5,6",0.0398847066802306,0.183673469387755,0,,10,96,3747,4645,4095.83333333333,327.166267617349,0.00798982188295165
803368,Democratic_Socialism,6,200,TRUE,6,"1,2,3,4,5,6",0.0513869568775058,0.179698216735254,0,,15,65,3416,4503,4073.66666666667,414.365378219111,0.00718207282913165
803369,Democratic_Socialism,6,200,TRUE,6,"1,2,3,4,5,6",0.0733111936954745,0.188775510204082,0,,12,121,3182,5140,4215.66666666667,635.541239154995,0.0111461988304094
803370,Democratic_Socialism,6,200,TRUE,6,"1,2,3,4,5,6",0.0515105090576788,0.179698216735254,0,,18,89,3391,4615,4134,435.654450224028,0.00855376344086022
803371,Democratic_Socialism,6,200,TRUE,6,"1,2,3,4,5,6",0.0355603302658072,0.193877551020408,0,,16,102,3586,4446,4111.16666666667,297.848563311403,0.00776859504132231
803372,Democratic_Socialism,6,200,TRUE,6,"1,2,3,4,5,6",0.0438757219677355,0.204081632653061,0,,12,82,3665,4677,4184.16666666667,358.987697096525,0.00859016393442623
803373,Democratic_Socialism,6,200,TRUE,6,"1,2,3,4,5,6",0.0483492195054565,0.193877551020408,0,,13,79,3479,4399,4021.66666666667,409.85786154064,0.00868717948717949
803374,Democratic_Socialism,6,200,TRUE,6,"1,2,3,4,5,6",0.0533636614281774,0.178571428571429,0,,24,104,3491,4615,4030,420.116174408937,0.0094969696969697
803375,Democratic_Socialism,6,200,TRUE,6,"1,2,3,4,5,6",0.0401748908621551,0.191326530612245,0,,20,83,3544,4578,4110.5,339.055010285942,0.00898870056497175
803376,Democratic_Socialism,6,200,TRUE,6,"1,2,3,4,5,6",0.042951784045302,0.188775510204082,0,,20,121,3722,4773,4042,382.47718886229,0.00854644808743169
803377,Democratic_Socialism,6,200,TRUE,6,"1,2,3,4,5,6",0.0582975530451457,0.255102040816327,0,,14,113,3589,4877,3998.16666666667,492.942762059315,0.00980246913580247
803378,Democratic_Socialism,6,200,TRUE,6,"1,2,3,4,5,6",0.0439253088655478,0.178571428571429,0,,14,71,3670,4526,4141.5,368.581469962884,0.0122203389830508
803379,Democratic_Socialism,6,200,TRUE,6,"1,2,3,4,5,6",0.0703294507251342,0.201530612244898,0,,14,67,3080,4505,3892,539.304366754062,0.00908045977011494
803380,Democratic_Socialism,6,200,TRUE,6,"1,2,3,4,5,6",0.0241042652750245,0.206632653061225,0,,20,103,3839,4350,4119.83333333333,192.382344997317,0.00717133956386293
803381,Democratic_Socialism,6,200,TRUE,6,"1,2,3,4,5,6",0.0762078310438277,0.211734693877551,0,,20,110,2919,4785,4161.5,672.667153947627,0.00909950248756219
803382,Democratic_Socialism,6,200,TRUE,6,"1,2,3,4,5,6",0.0463672499282875,0.219387755102041,0,,30,124,3451,4674,4067.16666666667,393.168369361863,0.00769146005509642
803383,Democratic_Socialism,6,200,TRUE,6,"1,2,3,4,5,6",0.0679144531839833,0.206632653061225,0,,10,96,3275,4765,4047.16666666667,537.368185387511,0.00798387096774194
803384,Democratic_Socialism,6,200,TRUE,6,"1,2,3,4,5,6",0.0329603298136385,0.201530612244898,0,,14,44,3720,4391,3961.83333333333,273.600743176379,0.00875268817204301
803385,Democratic_Socialism,6,200,TRUE,6,"1,2,3,4,5,6",0.0411439905650262,0.170918367346939,0,,12,81,3696,4484,4145.33333333333,348.95940547099,0.00967261904761905
803386,Democratic_Socialism,6,200,TRUE,6,"1,2,3,4,5,6",0.0605534919792643,0.237244897959184,0,,20,66,3320,4845,4083.16666666667,502.920040032873,0.0103064516129032
803387,Democratic_Socialism,6,200,TRUE,6,"1,2,3,4,5,6",0.0645098747108455,0.191326530612245,0,,14,61,3577,4763,4154.83333333333,549.816848292835,0.0116996996996997
803388,Democratic_Socialism,6,200,TRUE,6,"1,2,3,4,5,6",0.05576,0.181122448979592,0,,12,46,3564,5020,4166.66666666667,483.700596099143,0.00818867924528302
803389,Democratic_Socialism,6,200,TRUE,6,"1,2,3,4,5,6",0.0463143512807247,0.232142857142857,0,,16,70,3703,4881,4188.16666666667,400.966540582461,0.012828125
803390,Democratic_Socialism,6,200,TRUE,6,"1,2,3,4,5,6",0.0788878568832532,0.173469387755102,0,,10,98,3061,4978,4127.16666666667,649.992128157462,0.0131693121693122
803391,Democratic_Socialism,6,200,TRUE,6,"1,2,3,4,5,6",0.0341820091778624,0.186224489795918,0,,10,127,3372,4235,4019.33333333333,326.752301700641,0.00778645833333333
803392,Democratic_Socialism,6,200,TRUE,6,"1,2,3,4,5,6",0.0608041032428854,0.181122448979592,0,,8,41,3251,4456,4029.33333333333,507.629655030778,0.00915819209039548
803393,Democratic_Socialism,6,200,TRUE,6,"1,2,3,4,5,6",0.0543081488484465,0.181122448979592,0,,24,91,3471,4771,4231,457.730051449542,0.0085025641025641
803394,Democratic_Socialism,6,200,TRUE,6,"1,2,3,4,5,6",0.0566498351625422,0.224489795918367,0,,10,65,3554,4693,3993.83333333333,452.184659919669,0.00960655737704918
803395,Democratic_Socialism,6,200,TRUE,6,"1,2,3,4,5,6",0.0360289878942599,0.221938775510204,0,,6,109,3655,4521,4047.66666666667,291.801073792861,0.00840476190476191
803396,Democratic_Socialism,6,200,TRUE,6,"1,2,3,4,5,6",0.0445913033959993,0.293367346938776,0,,14,115,3596,4454,4060.33333333333,359.670219321348,0.0084702380952381
803397,Democratic_Socialism,6,200,TRUE,6,"1,2,3,4,5,6",0.0255833333333333,0.196428571428571,0,,26,106,3731,4422,4000,227.668179594778,0.00763387978142077
803398,Democratic_Socialism,6,200,TRUE,6,"1,2,3,4,5,6",0.0765177728845548,0.198979591836735,0,,10,31,3382,4970,4238.66666666667,628.456415884719,0.0115168195718654
803399,Democratic_Socialism,6,200,TRUE,6,"1,2,3,4,5,6",0.0685567437619166,0.206632653061225,0,,14,60,3172,4747,4021,550.841538012521,0.00996969696969697
803400,Democratic_Socialism,6,200,TRUE,6,"1,2,3,4,5,6",0.0451352157756257,0.191326530612245,0,,12,72,3467,4599,4096.33333333333,375.41798926885,0.00778711484593838
803401,Democratic_Socialism,6,200,TRUE,6,"1,2,3,4,5,6",0.0630402301258151,0.214285714285714,0,,20,67,3099,4414,3978.5,521.20696465032,0.00919774011299435
803402,Democratic_Socialism,6,200,TRUE,6,"1,2,3,4,5,6",0.0419085656249569,0.255102040816327,0,,22,61,3522,4463,4047.83333333333,333.878670577602,0.008023598820059
803403,Democratic_Socialism,6,200,TRUE,6,"1,2,3,4,5,6",0.050046610733786,0.214285714285714,0,,10,63,3684,5005,4171.66666666667,448.286366808836,0.0104542772861357
803404,Democratic_Socialism,6,200,TRUE,6,"1,2,3,4,5,6",0.0783839686249228,0.224489795918367,0,,10,85,3261,4859,4136.33333333333,648.122725004043,0.00830817610062893
803405,Democratic_Socialism,6,200,TRUE,6,"1,2,3,4,5,6",0.0376555863713708,0.211734693877551,0,,22,138,3566,4465,4146.5,327.270377516817,0.00980335731414868
803406,Democratic_Socialism,6,200,TRUE,6,"1,2,3,4,5,6",0.055712843904421,0.173469387755102,0,,11,61,3542,4853,4238.5,461.782091467393,0.00985250737463127
803407,Democratic_Socialism,6,200,TRUE,6,"1,2,3,4,5,6",0.0339402202972943,0.182441700960219,0,,24,94,3910,4783,4156,321.409396253439,0.0103908045977011
803408,Democratic_Socialism,6,200,TRUE,6,"1,2,3,4,5,6",0.0474721576796731,0.181122448979592,0,,18,115,3723,4889,4160.33333333333,409.603548161715,0.0106233062330623
803409,Democratic_Socialism,6,200,TRUE,6,"1,2,3,4,5,6",0.0497437945032275,0.221938775510204,0,,8,122,3701,4626,4174.16666666667,418.483651612183,0.00827821522309711
803410,Democratic_Socialism,6,200,TRUE,6,"1,2,3,4,5,6",0.040784645780412,0.219387755102041,0,,10,53,3782,4800,4133.5,359.383778153661,0.00889784946236559
803411,Democratic_Socialism,6,200,TRUE,6,"1,2,3,4,5,6",0.0424882052960265,0.176020408163265,0,,16,76,3611,4574,4074.33333333333,339.392201835379,0.0080231884057971
803412,Democratic_Socialism,6,200,TRUE,6,"1,2,3,4,5,6",0.0582498247350405,0.239795918367347,0,,4,95,3422,4714,4041.5,456.388321498261,0.00911640211640212
803413,Democratic_Socialism,6,200,TRUE,6,"1,2,3,4,5,6",0.0505950035463787,0.224489795918367,0,,16,99,3669,4800,4229.66666666667,413.671689467223,0.00860952380952381
803414,Democratic_Socialism,6,200,TRUE,6,"1,2,3,4,5,6",0.0451615603549305,0.209183673469388,0,,22,126,3222,4330,3982,397.180563472081,0.0088023598820059
803415,Democratic_Socialism,6,200,TRUE,6,"1,2,3,4,5,6",0.0565050317761027,0.183673469387755,0,,22,64,3436,4672,4134.83333333333,459.971049813645,0.00766990291262136
803416,Democratic_Socialism,6,200,TRUE,6,"1,2,3,4,5,6",0.0654381113541622,0.188775510204082,0,,16,57,3145,4679,4038.16666666667,529.379416549857,0.0105480225988701
803417,Democratic_Socialism,6,200,TRUE,6,"1,2,3,4,5,6",0.0683444608803421,0.181122448979592,0,,12,129,3237,4884,4168.83333333333,568.214542815182,0.00972010178117048
803418,Democratic_Socialism,6,200,TRUE,6,"1,2,3,4,5,6",0.0718276844242745,0.227040816326531,0,,14,95,3328,4742,4076.5,580.04439485267,0.0103250688705234
803419,Democratic_Socialism,6,200,TRUE,6,"1,2,3,4,5,6",0.101325041319999,0.278061224489796,0,,18,126,2896,5114,3966.33333333333,797.200769359054,0.0112604166666667
803420,Democratic_Socialism,6,200,TRUE,6,"1,2,3,4,5,6",0.0536381354555791,0.193877551020408,0,,10,115,3518,4748,4104.66666666667,431.624682642996,0.00818888888888889
803421,Democratic_Socialism,6,200,TRUE,6,"1,2,3,4,5,6",0.0329180254759316,0.188775510204082,0,,8,77,3759,4478,3986.33333333333,278.540960482775,0.00991803278688525
803422,Democratic_Socialism,6,200,TRUE,6,"1,2,3,4,5,6",0.0460195006964534,0.201530612244898,0,,18,86,3461,4467,4148,401.448377752358,0.00950282485875706
803423,Democratic_Socialism,6,200,TRUE,6,"1,2,3,4,5,6",0.0408623681751434,0.201530612244898,0,,16,109,3803,4730,4161.66666666667,340.229138473863,0.00921468926553672
803424,Democratic_Socialism,6,200,TRUE,6,"1,2,3,4,5,6",0.0429790287855831,0.221938775510204,0,,14,79,3885,4857,4180.33333333333,391.640992066289,0.00941666666666667
803425,Democratic_Socialism,6,200,TRUE,6,"1,2,3,4,5,6",0.0294633225458467,0.191326530612245,0,,26,122,3869,4501,4120,243.835190241278,0.0103155216284987
803426,Democratic_Socialism,6,200,TRUE,6,"1,2,3,4,5,6",0.0289674318972928,0.176020408163265,0,,10,45,3710,4230,3942.16666666667,227.787108209983,0.00870028011204482
803427,Democratic_Socialism,6,200,TRUE,6,"1,2,3,4,5,6",0.0974513329684934,0.201530612244898,0,,10,72,3210,5571,4263.66666666667,822.574414060313,0.0118397932816537
803428,Democratic_Socialism,6,200,TRUE,6,"1,2,3,4,5,6",0.0410556003223206,0.198979591836735,0,,8,97,3500,4440,4136.66666666667,355.032205111968,0.00821122112211221
803429,Democratic_Socialism,6,200,TRUE,6,"1,2,3,4,5,6",0.0368503539599685,0.232142857142857,0,,16,98,3793,4512,4182.83333333333,306.486813201917,0.00782028985507246
803430,Democratic_Socialism,6,200,TRUE,6,"1,2,3,4,5,6",0.029456356941737,0.201530612244898,0,,22,91,3730,4344,4104,248.187832094968,0.0110877192982456
803431,Democratic_Socialism,6,200,TRUE,6,"1,2,3,4,5,6",0.0283422605661636,0.188775510204082,0,,14,69,3619,4275,4076.16666666667,247.363228202307,0.00917514124293785
803432,Democratic_Socialism,6,200,TRUE,6,"1,2,3,4,5,6",0.0317281667872551,0.23469387755102,0,,22,113,3789,4596,4146.33333333333,268.768053657176,0.00925490196078431
803433,Democratic_Socialism,6,200,TRUE,6,"1,2,3,4,5,6",0.0491773159678275,0.198979591836735,0,,12,71,3277,4538,4082.16666666667,431.786251132047,0.00841830065359477
803434,Democratic_Socialism,6,200,TRUE,6,"1,2,3,4,5,6",0.0506003430531732,0.229080932784636,0,,17,85,3500,4542,4081,414.022704691422,0.0106397849462366
803435,Democratic_Socialism,6,200,TRUE,6,"1,2,3,4,5,6",0.0379808396956736,0.186224489795918,0,,6,100,3854,4567,4169.5,323.015634296546,0.00936507936507936
803436,Democratic_Socialism,6,200,TRUE,6,"1,2,3,4,5,6",0.0652885686298188,0.198979591836735,0,,8,114,3354,4731,4140.16666666667,530.992812255182,0.010625730994152
803437,Democratic_Socialism,6,200,TRUE,6,"1,2,3,4,5,6",0.0520378457059678,0.204081632653061,0,,16,65,3595,4822,4122,427.292873799693,0.0123190883190883
803438,Democratic_Socialism,6,200,TRUE,6,"1,2,3,4,5,6",0.0474604438113591,0.188775510204082,0,,14,40,3509,4621,3978.16666666667,379.906523590563,0.00907471264367816
803439,Democratic_Socialism,6,200,TRUE,6,"1,2,3,4,5,6",0.0458338429757681,0.252551020408163,0,,10,77,3740,4650,4087.83333333333,381.077113805942,0.0097258064516129
803440,Democratic_Socialism,6,200,TRUE,6,"1,2,3,4,5,6",0.0243648084945012,0.188775510204082,0,,12,76,3897,4342,4102,198.286661175178,0.0073781512605042
803441,Democratic_Socialism,6,200,TRUE,6,"1,2,3,4,5,6",0.0280133746534006,0.173469387755102,0,,18,45,3770,4359,4087.33333333333,226.561838504782,0.00964848484848485
803442,Democratic_Socialism,6,200,TRUE,6,"1,2,3,4,5,6",0.045966228893058,0.272959183673469,0,,20,155,3741,4841,4086.33333333333,403.281374063651,0.00772649572649573
803443,Democratic_Socialism,6,200,TRUE,6,"1,2,3,4,5,6",0.0466086470517784,0.201530612244898,0,,8,70,3758,4678,4174.83333333333,385.628015925538,0.00785046728971963
803444,Democratic_Socialism,6,200,TRUE,6,"1,2,3,4,5,6",0.0243012802690286,0.209183673469388,0,,28,39,3964,4462,4196.16666666667,198.684087603076,0.00919354838709677
803445,Democratic_Socialism,6,200,TRUE,6,"1,2,3,4,5,6",0.0477375996517291,0.178571428571429,0,,12,53,3431,4730,4083.66666666667,415.612158949503,0.0100727272727273
803446,Democratic_Socialism,6,200,TRUE,6,"1,2,3,4,5,6",0.0655975888307721,0.204081632653061,0,,14,97,3686,5175,4110.5,584.133803164994,0.0111834625322997
803447,Democratic_Socialism,6,200,TRUE,6,"1,2,3,4,5,6",0.0396844660194173,0.214285714285714,0,,12,125,3754,4718,4120,337.257764921729,0.00772881355932204
803448,Democratic_Socialism,6,200,TRUE,6,"1,2,3,4,5,6",0.0383737982727717,0.173469387755102,0,,26,86,3642,4684,4091.33333333333,337.850657342363,0.00786153846153846
803449,Democratic_Socialism,6,200,TRUE,6,"1,2,3,4,5,6",0.0432344284464243,0.227040816326531,0,,17,95,3669,4604,4190.33333333333,352.354177875993,0.0078117048346056
803450,Democratic_Socialism,6,200,TRUE,6,"1,2,3,4,5,6",0.0507877111635346,0.183673469387755,0,,14,120,3688,4898,4097.66666666667,440.240237446178,0.00795441595441596
803451,Democratic_Socialism,6,200,TRUE,6,"1,2,3,4,5,6",0.0631209110734188,0.211734693877551,0,,18,50,3307,5055,4127,558.193156532754,0.00803406326034063
803452,Democratic_Socialism,6,200,TRUE,6,"1,2,3,4,5,6",0.0841824357108198,0.173469387755102,0,,14,62,3336,5473,4122,733.196563003401,0.0135977961432507
803453,Democratic_Socialism,6,200,TRUE,6,"1,2,3,4,5,6",0.0583640658020137,0.209183673469388,0,,21,88,3613,5161,4022.16666666667,570.259736143686,0.0128154269972452
803454,Democratic_Socialism,6,200,TRUE,6,"1,2,3,4,5,6",0.0205916752665978,0.221938775510204,0,,22,90,3844,4266,4037.5,162.300646948803,0.00789080459770115
803455,Democratic_Socialism,6,200,TRUE,6,"1,2,3,4,5,6",0.0697693111486215,0.188775510204082,0,,12,63,3339,5035,4147,572.571392928428,0.0102840579710145
803456,Democratic_Socialism,6,200,TRUE,6,"1,2,3,4,5,6",0.0614488307634347,0.168367346938776,0,,16,73,3482,4721,4129,497.521858816274,0.0108196721311475
803457,Democratic_Socialism,6,200,TRUE,6,"1,2,3,4,5,6",0.0974473673410761,0.193877551020408,0,,24,74,3022,5484,4061.16666666667,818.912307067531,0.0152232415902141
803458,Democratic_Socialism,6,200,TRUE,6,"1,2,3,4,5,6",0.0712715727775968,0.198979591836735,0,,26,113,2725,4623,4094.66666666667,691.290001856433,0.00988888888888889
803459,Democratic_Socialism,6,200,TRUE,6,"1,2,3,4,5,6",0.0475585320261964,0.193877551020408,0,,18,138,3631,4610,4131.16666666667,382.114860567692,0.0128011204481793
803460,Democratic_Socialism,6,200,TRUE,6,"1,2,3,4,5,6",0.0548423718452535,0.185185185185185,0,,16,110,3155,4202,3817,436.995194481587,0.0101451612903226
803461,Democratic_Socialism,6,200,TRUE,6,"1,2,3,4,5,6",0.0578883670757857,0.186224489795918,0,,20,99,3620,5009,4223.16666666667,485.282357670941,0.00782795698924731
803462,Democratic_Socialism,6,200,TRUE,6,"1,2,3,4,5,6",0.0237670585056073,0.25765306122449,0,,20,151,3797,4415,4111.66666666667,200.123628456678,0.00885217391304348
803463,Democratic_Socialism,6,200,TRUE,6,"1,2,3,4,5,6",0.0657641420554622,0.173469387755102,0,,18,98,3255,4515,4068.83333333333,587.678285005212,0.00801694915254237
803464,Democratic_Socialism,6,200,TRUE,6,"1,2,3,4,5,6",0.039715967384848,0.183673469387755,0,,6,105,3781,4683,4115.33333333333,330.019797385955,0.00903581267217631
803465,Democratic_Socialism,6,200,TRUE,6,"1,2,3,4,5,6",0.0520890657410151,0.219387755102041,0,,9,79,3456,4500,3937.16666666667,401.079751005541,0.0102536873156342
803466,Democratic_Socialism,6,200,TRUE,6,"1,2,3,4,5,6",0.0459004999064345,0.183673469387755,0,,26,78,3424,4542,4156.33333333333,401.796299966372,0.00777049180327869
803467,Democratic_Socialism,6,200,TRUE,6,"1,2,3,4,5,6",0.0659556003471347,0.190672153635117,0,,28,38,3314,4801,3969,523.126753282606,0.0106242424242424
803468,Democratic_Socialism,6,200,TRUE,6,"1,2,3,4,5,6",0.0590396934339967,0.209183673469388,0,,9,124,2935,4434,3885.33333333333,507.775015796038,0.00858258258258258
803469,Democratic_Socialism,6,200,TRUE,6,"1,2,3,4,5,6",0.0426237452405676,0.206632653061225,0,,12,75,3452,4642,4012.5,377.904088361055,0.00834146341463415
803470,Democratic_Socialism,6,200,TRUE,6,"1,2,3,4,5,6",0.0528739412877231,0.209183673469388,0,,16,119,3445,4819,4053.66666666667,447.611736515774,0.0106055555555556
803471,Democratic_Socialism,6,200,TRUE,6,"1,2,3,4,5,6",0.0351010411963495,0.186224489795918,0,,20,97,3746,4543,4060.5,284.421342377818,0.00955555555555556
803472,Democratic_Socialism,6,200,TRUE,6,"1,2,3,4,5,6",0.0435408639221253,0.206632653061225,0,,6,72,3718,4530,4109.16666666667,355.797367425149,0.00831182795698925
803473,Democratic_Socialism,6,200,TRUE,6,"1,2,3,4,5,6",0.0703168351672148,0.191326530612245,0,,16,87,3511,5115,4104.83333333333,589.852665219601,0.0105846994535519
803474,Democratic_Socialism,6,200,TRUE,6,"1,2,3,4,5,6",0.0595299809918783,0.190672153635117,0,,16,66,3587,4908,4179.5,488.356734365361,0.00856637168141593
803475,Democratic_Socialism,6,200,TRUE,6,"1,2,3,4,5,6",0.0308213113190838,0.209183673469388,0,,20,90,3608,4324,4078.16666666667,262.313108072522,0.0097258064516129
803476,Democratic_Socialism,6,200,TRUE,6,"1,2,3,4,5,6",0.0359010936757014,0.183673469387755,0,,14,99,3807,4663,4206,297.320029597738,0.00948924731182796
803477,Democratic_Socialism,6,200,TRUE,6,"1,2,3,4,5,6",0.0670418681512184,0.178571428571429,0,,16,72,3214,4630,4101.5,561.164770811568,0.0115238095238095
803478,Democratic_Socialism,6,200,TRUE,6,"1,2,3,4,5,6",0.0637952160247188,0.23469387755102,0,,16,137,3570,4787,4171.33333333333,522.584602401053,0.009296
803479,Democratic_Socialism,6,200,TRUE,6,"1,2,3,4,5,6",0.0471394462252825,0.193877551020408,0,,7,95,3693,4710,4211.5,387.766295595685,0.00816272965879265
803480,Democratic_Socialism,6,200,TRUE,6,"1,2,3,4,5,6",0.0390853706780598,0.260204081632653,0,,24,92,3768,4585,4213,340.14820299393,0.00779063360881543
803481,Democratic_Socialism,6,200,TRUE,6,"1,2,3,4,5,6",0.0310102912674364,0.191326530612245,0,,12,101,3794,4568,4070.33333333333,269.263192186876,0.0114757834757835
803482,Democratic_Socialism,6,200,TRUE,6,"1,2,3,4,5,6",0.0345673933909227,0.196428571428571,0,,14,69,3642,4383,4051.66666666667,276.693813929164,0.00751111111111111
803483,Democratic_Socialism,6,200,TRUE,6,"1,2,3,4,5,6",0.0512103528394661,0.188775510204082,0,,14,98,3517,4831,4112.66666666667,431.76135383643,0.00969642857142857
803484,Democratic_Socialism,6,200,TRUE,6,"1,2,3,4,5,6",0.0631492842535786,0.188775510204082,0,,6,42,3527,4899,4075,514.742654148653,0.00974110032362459
803485,Democratic_Socialism,6,200,TRUE,6,"1,2,3,4,5,6",0.0607241501900619,0.190672153635117,0,,20,70,3310,4602,4063,490.892248869342,0.0086070460704607
803486,Democratic_Socialism,6,200,TRUE,6,"1,2,3,4,5,6",0.0433910259008552,0.216836734693878,0,,14,120,3633,4649,4111.83333333333,350.374323640684,0.00907438016528926
803487,Democratic_Socialism,6,200,TRUE,6,"1,2,3,4,5,6",0.0285931633237022,0.196428571428571,0,,18,75,3654,4201,3980.16666666667,229.552971374075,0.0102079510703364
803488,Democratic_Socialism,6,200,TRUE,6,"1,2,3,4,5,6",0.0298513459220571,0.198979591836735,0,,26,69,3781,4425,4148.33333333333,248.294717355538,0.00835483870967742
803489,Democratic_Socialism,6,200,TRUE,6,"1,2,3,4,5,6",0.0447099248841296,0.179698216735254,0,,19,60,3433,4545,4171.33333333333,396.856481195238,0.00894642857142857
152462,Rent_Control_Only,6,200,TRUE,6,"1,2,3,4,5,6",0.265343215104994,0.173469387755102,0,,18,61,819,3014,1574.16666666667,860.902646451192,0.007601246105919
152463,Rent_Control_Only,6,200,TRUE,5,"1,2,4,5,6",0.368469535465193,0.255102040816327,1,74,23,65,0,3109,1688.66666666667,1231.92185899377,0.00979885057471264
152464,Rent_Control_Only,6,200,TRUE,6,"1,2,3,4,5,6",0.23733412556942,0.196428571428571,0,,19,73,617,2251,1402.5,642.922312569723,0.00909090909090909
152465,Rent_Control_Only,6,200,TRUE,4,"2,3,4,5",0.417382605625515,0.256515775034294,2,107,6,29,0,2674,1416.16666666667,1180.1922583489,0.00855451713395639
152466,Rent_Control_Only,6,200,TRUE,3,"3,4,6",0.574185463659148,0.374149659863946,4,82,17,107,0,1523,554.166666666667,652.437710947694,0.00744781144781145
152467,Rent_Control_Only,6,200,TRUE,5,"1,2,4,5,6",0.358103185641433,0.210059171597633,1,164,8,52,0,2961,1677.66666666667,1195.52225686796,0.00791304347826087
152468,Rent_Control_Only,6,200,TRUE,5,"1,2,3,4,5",0.360499076579478,0.247448979591837,1,95,8,62,0,2694,1293.5,916.79370634838,0.00925233644859813
152469,Rent_Control_Only,6,200,TRUE,5,"1,2,3,4,6",0.260513106525376,0.237244897959184,1,88,10,56,0,2319,1494.16666666667,816.032454419962,0.0101968253968254
152470,Rent_Control_Only,6,200,TRUE,4,"2,4,5,6",0.451338199513382,0.405895691609977,2,62,15,63,0,2652,1324.33333333333,1182.56156992635,0.00951282051282051
152471,Rent_Control_Only,6,200,TRUE,5,"1,2,4,5,6",0.369986922406277,0.215363511659808,1,164,10,47,0,2797,1529.33333333333,1098.76160593036,0.00832727272727273
152472,Rent_Control_Only,6,200,TRUE,4,"3,4,5,6",0.498068432671082,0.277882797731569,3,121,8,58,0,3227,1409.33333333333,1383.71466230096,0.00914920634920635
152473,Rent_Control_Only,6,200,TRUE,6,"1,2,3,4,5,6",0.203942322442092,0.196428571428571,0,,14,53,804,2715,1810.83333333333,712.80668253508,0.00867272727272727
152474,Rent_Control_Only,6,200,TRUE,6,"1,2,3,4,5,6",0.207094878253568,0.201530612244898,0,,14,64,746,2116,1323.33333333333,534.879301026565,0.0108148148148148
152475,Rent_Control_Only,6,200,TRUE,6,"1,2,3,4,5,6",0.181007170251793,0.211734693877551,0,,16,51,1159,2740,1665.83333333333,640.347848178368,0.00916923076923077
152476,Rent_Control_Only,6,200,TRUE,5,"1,2,4,5,6",0.262247098695697,0.224376731301939,1,200,15,57,0,2376,1622.83333333333,893.616789606522,0.0077037037037037
152477,Rent_Control_Only,6,200,TRUE,2,"2,6",0.76006216006216,0.614366729678639,5,84,17,98,0,3347,715,1343.45137612048,0.0103269230769231
152478,Rent_Control_Only,6,200,TRUE,6,"1,2,3,4,5,6",0.198323036187114,0.201530612244898,0,,14,36,931,2992,1888.33333333333,758.736757160655,0.007
152479,Rent_Control_Only,6,200,TRUE,6,"1,2,3,4,5,6",0.153557285265602,0.219387755102041,0,,14,38,1190,2750,2034.16666666667,607.448900457205,0.00837777777777778
152480,Rent_Control_Only,6,200,TRUE,3,"1,5,6",0.591044498231242,0.355,3,93,14,70,0,2455,895.166666666667,1087.42014266183,0.0104678362573099
152481,Rent_Control_Only,6,200,TRUE,5,"1,2,4,5,6",0.290064304627411,0.24234693877551,1,110,13,71,0,2155,1321.83333333333,772.073420515605,0.00876729559748428
152482,Rent_Control_Only,6,200,TRUE,6,"1,2,3,4,5,6",0.217967023627401,0.244897959183673,0,,10,84,824,2665,1634.16666666667,700.970018379293,0.00844252873563219
152483,Rent_Control_Only,6,200,TRUE,6,"1,2,3,4,5,6",0.184194756554307,0.188775510204082,0,,19,36,1081,2595,1854.16666666667,684.575026324118,0.00819642857142857
152484,Rent_Control_Only,6,200,TRUE,6,"1,2,3,4,5,6",0.148095238095238,0.191326530612245,0,,11,36,1242,2605,1983.33333333333,584.797970812713,0.00791954022988506
152485,Rent_Control_Only,6,200,TRUE,5,"1,2,4,5,6",0.475453277545328,0.211734693877551,1,104,14,59,0,3629,1195,1265.28399974077,0.0117355371900826
152486,Rent_Control_Only,6,200,TRUE,6,"1,2,3,4,5,6",0.19842579856335,0.232142857142857,0,,10,60,1158,2942,1817.5,724.296003026387,0.00945238095238095
152487,Rent_Control_Only,6,200,TRUE,3,"2,4,5",0.538178472861086,0.410714285714286,4,101,10,99,0,2528,1087,1214.14167212892,0.0096957928802589
152488,Rent_Control_Only,6,200,TRUE,5,"1,2,3,4,6",0.348500642829841,0.283163265306122,1,136,8,38,0,2697,1598.83333333333,1127.32096878691,0.00896476964769648
152489,Rent_Control_Only,6,200,TRUE,4,"1,4,5,6",0.509912871080503,0.267361111111111,2,175,14,75,0,2684,1064.83333333333,1068.91391920335,0.0106230529595016
152490,Rent_Control_Only,6,200,TRUE,6,"1,2,3,4,5,6",0.17228103946102,0.193877551020408,0,,21,46,1052,2647,1731.66666666667,585.36302126686,0.00766381766381766
152491,Rent_Control_Only,6,200,TRUE,6,"1,2,3,4,5,6",0.203638151425762,0.224489795918367,0,,20,35,820,2665,1977.5,848.119743904126,0.00975806451612903
152492,Rent_Control_Only,6,200,TRUE,6,"1,2,3,4,5,6",0.251947075627725,0.178571428571429,0,,16,42,984,3199,1847.5,950.149198810376,0.0088503937007874
152493,Rent_Control_Only,6,200,TRUE,5,"1,2,3,4,5",0.349243815018795,0.210884353741497,1,197,10,75,0,2607,1271,879.28516421011,0.00963302752293578
152494,Rent_Control_Only,6,200,TRUE,5,"1,2,3,4,5",0.347090392086187,0.214285714285714,1,89,20,74,0,2638,1387.16666666667,970.514794666556,0.00943636363636364
152495,Rent_Control_Only,6,200,TRUE,4,"1,3,4,6",0.430057407700005,0.319615912208505,2,121,20,73,0,2061,1054.83333333333,909.484560983124,0.0087985347985348
152496,Rent_Control_Only,6,200,TRUE,6,"1,2,3,4,5,6",0.272576624138437,0.170918367346939,0,,13,53,783,3013,1894.16666666667,1054.70705253481,0.0103099415204678
152497,Rent_Control_Only,6,200,TRUE,4,"1,4,5,6",0.387294265049262,0.272959183673469,2,61,12,81,0,1810,975.5,780.719347781263,0.00943119266055046
152498,Rent_Control_Only,6,200,TRUE,5,"2,3,4,5,6",0.331732760893308,0.242798353909465,1,138,16,60,0,2648,1475.16666666667,956.779476507866,0.00882384823848239
152499,Rent_Control_Only,6,200,TRUE,6,"1,2,3,4,5,6",0.205382360778044,0.186224489795918,0,,8,39,1009,3107,2085,827.952897210946,0.00967816091954023
152500,Rent_Control_Only,6,200,TRUE,3,"1,2,5",0.531467844869907,0.363321799307959,3,105,12,66,0,2587,1131.66666666667,1222.20631100754,0.00798058252427185
152501,Rent_Control_Only,6,200,TRUE,6,"1,2,3,4,5,6",0.115929705215419,0.227040816326531,0,,10,37,1363,2488,1960,440.068631011119,0.0103874643874644
152502,Rent_Control_Only,6,200,TRUE,6,"1,2,3,4,5,6",0.217350349437861,0.232142857142857,0,,18,52,969,3165,1828.33333333333,798.678825728257,0.0096745406824147
152503,Rent_Control_Only,6,200,TRUE,6,"1,2,3,4,5,6",0.231746744499326,0.181122448979592,0,,24,62,977,2949,1855.83333333333,846.650911926909,0.00974525745257453
152504,Rent_Control_Only,6,200,TRUE,3,"1,2,4",0.616160769187769,0.346153846153846,3,122,13,83,0,3072,993.833333333333,1272.60369584041,0.00944761904761905
152505,Rent_Control_Only,6,200,TRUE,6,"1,2,3,4,5,6",0.140383480825959,0.206632653061225,0,,16,52,974,2370,1883.33333333333,539.733143939361,0.00900854700854701
152506,Rent_Control_Only,6,200,TRUE,6,"1,2,3,4,5,6",0.208048256486531,0.229591836734694,0,,16,64,840,2590,1680.83333333333,689.289320000438,0.0101949685534591
152507,Rent_Control_Only,6,200,TRUE,4,"2,3,4,5",0.458769278462373,0.260770975056689,2,89,24,66,0,1782,716.833333333333,667.721623632683,0.00952293577981651
152508,Rent_Control_Only,6,200,TRUE,5,"2,3,4,5,6",0.272303454121636,0.283163265306122,2,174,21,69,198,2421,1573,885.418545096047,0.00804938271604938
152509,Rent_Control_Only,6,200,TRUE,6,"1,2,3,4,5,6",0.130609597924773,0.193877551020408,0,,14,26,1363,2699,2141.66666666667,559.443175547496,0.00908187134502924
152510,Rent_Control_Only,6,200,TRUE,5,"1,2,3,5,6",0.325444622188764,0.2512,1,171,7,60,0,3156,1771.16666666667,1135.52743985633,0.00895628415300546
152511,Rent_Control_Only,6,200,TRUE,6,"1,2,3,4,5,6",0.271981242672919,0.191326530612245,0,,17,69,522,2531,1421.66666666667,752.497884825377,0.00783606557377049
152512,Rent_Control_Only,6,200,TRUE,6,"1,2,3,4,5,6",0.16633813495072,0.191326530612245,0,,22,25,1294,3295,2198.33333333333,714.015032521492,0.00886309523809524
152513,Rent_Control_Only,6,200,TRUE,5,"2,3,4,5,6",0.387599083361509,0.25,1,186,13,76,0,3344,1478.83333333333,1144.27993369921,0.00893827160493827
152514,Rent_Control_Only,6,200,TRUE,6,"1,2,3,4,5,6",0.118210098109595,0.211734693877551,0,,18,17,1188,2912,2321.66666666667,599.035446920019,0.00844077134986226
152515,Rent_Control_Only,6,200,TRUE,6,"1,2,3,4,5,6",0.214478404362175,0.188775510204082,0,,14,47,1034,3227,1935.83333333333,813.846525253175,0.00993066666666667
152516,Rent_Control_Only,6,200,TRUE,4,"2,3,5,6",0.452732412060301,0.263313609467456,2,96,18,52,0,2669,1061.33333333333,993.450082624521,0.0106209150326797
152517,Rent_Control_Only,6,200,TRUE,5,"2,3,4,5,6",0.305400487946078,0.216836734693878,1,108,28,62,150,2764,1343.5,850.430890784195,0.00927333333333333
152518,Rent_Control_Only,6,200,TRUE,5,"1,2,4,5,6",0.286648624267027,0.229080932784636,1,104,11,72,204,2618,1601.16666666667,900.791300283627,0.00974923547400612
152519,Rent_Control_Only,6,200,TRUE,6,"1,2,3,4,5,6",0.228584558823529,0.201530612244898,0,,6,56,812,2864,1813.33333333333,810.39044087814,0.00963950617283951
152520,Rent_Control_Only,6,200,TRUE,3,"1,4,5",0.642260334212841,0.64030612244898,4,71,18,92,0,3293,1010.66666666667,1376.9929072681,0.0100373831775701
152521,Rent_Control_Only,6,200,TRUE,6,"1,2,3,4,5,6",0.103742084052965,0.216836734693878,0,,14,41,1217,2325,1930,426.428892079324,0.0108852459016393
152522,Rent_Control_Only,6,200,TRUE,5,"1,2,3,4,6",0.362313401717955,0.247448979591837,1,70,21,75,0,2968,1332.33333333333,982.720645283626,0.00938133333333333
152523,Rent_Control_Only,6,200,TRUE,5,"1,2,3,4,5",0.355146640669429,0.234567901234568,1,107,8,79,0,2787,1367.66666666667,952.627874181029,0.00850918635170604
152524,Rent_Control_Only,6,200,TRUE,5,"1,2,3,5,6",0.352503912363067,0.233727810650888,1,165,4,58,0,3380,1562,1114.75252859099,0.0102738095238095
152525,Rent_Control_Only,6,200,TRUE,6,"1,2,3,4,5,6",0.232092301725809,0.198902606310014,0,,11,90,816,2689,1432.5,693.848038117858,0.0101520467836257
152526,Rent_Control_Only,6,200,TRUE,6,"1,2,3,4,5,6",0.164196525515744,0.198979591836735,0,,16,41,1000,2720,2046.66666666667,668.295643160021,0.00851366120218579
152527,Rent_Control_Only,6,200,TRUE,5,"1,2,3,4,6",0.375486854917235,0.229080932784636,1,112,14,74,0,2980,1369.33333333333,1014.42666894491,0.00929761904761905
152528,Rent_Control_Only,6,200,TRUE,6,"1,2,3,4,5,6",0.240426838630431,0.196428571428571,0,,12,45,549,2906,1809.16666666667,845.904348414563,0.00854938271604938
152529,Rent_Control_Only,6,200,TRUE,5,"1,3,4,5,6",0.379012667013708,0.210059171597633,1,151,20,51,0,2483,1280.66666666667,966.234064120421,0.0084952380952381
152530,Rent_Control_Only,6,200,TRUE,6,"1,2,3,4,5,6",0.150891031259129,0.181122448979592,0,,17,49,1238,2578,1901.66666666667,566.233049783097,0.00939344262295082
152531,Rent_Control_Only,6,200,TRUE,5,"1,3,4,5,6",0.258168356671495,0.252551020408163,1,121,10,43,0,2162,1380.66666666667,751.817708401888,0.00964942528735632
152532,Rent_Control_Only,6,200,TRUE,4,"1,4,5,6",0.418870559483285,0.312,3,134,18,64,0,2387,1273,1066.25775495421,0.00910119047619048
152533,Rent_Control_Only,6,200,TRUE,6,"1,2,3,4,5,6",0.174470774091627,0.214285714285714,0,,17,44,803,2566,1758.33333333333,609.004980822544,0.00973333333333333
152534,Rent_Control_Only,6,200,TRUE,4,"1,2,3,5",0.420902203856749,0.3,2,143,16,38,0,3096,1613.33333333333,1358.12984160818,0.00807766990291262
152535,Rent_Control_Only,6,200,TRUE,6,"1,2,3,4,5,6",0.185636596289188,0.209183673469388,0,,22,51,1173,2759,1736.66666666667,693.535771728226,0.00888
152536,Rent_Control_Only,6,200,TRUE,5,"1,3,4,5,6",0.292643447198035,0.219387755102041,1,67,14,69,0,1632,995.333333333333,597.378830112573,0.00865465465465466
152537,Rent_Control_Only,6,200,TRUE,3,"4,5,6",0.587273933963829,0.860082304526749,4,56,20,54,0,3922,1339.33333333333,1624.55786805723,0.0115576923076923
152538,Rent_Control_Only,6,200,TRUE,5,"2,3,4,5,6",0.272380829350213,0.242798353909465,1,108,15,55,0,2097,1290.16666666667,724.459913774853,0.00856060606060606
152539,Rent_Control_Only,6,200,TRUE,5,"1,2,3,5,6",0.30469446370209,0.208333333333333,1,171,11,27,0,2909,1682.83333333333,1026.32069387042,0.00970247933884298
152540,Rent_Control_Only,6,200,TRUE,5,"1,2,3,4,6",0.311240554156171,0.209183673469388,1,148,20,99,196,2302,1058.66666666667,696.078060756598,0.00808963585434174
152541,Rent_Control_Only,6,200,TRUE,5,"1,2,3,4,6",0.350197592133076,0.263313609467456,1,172,9,63,0,2356,1209,821.924327417068,0.00929663608562691
152542,Rent_Control_Only,6,200,TRUE,6,"1,2,3,4,5,6",0.231011127237542,0.196428571428571,0,,18,45,536,2650,1722.5,778.900956476496,0.00922033898305085
152543,Rent_Control_Only,6,200,TRUE,5,"1,3,4,5,6",0.333410601143564,0.252551020408163,2,97,10,62,0,2790,1438,944.984232672694,0.00779124579124579
152544,Rent_Control_Only,6,200,TRUE,6,"1,2,3,4,5,6",0.188442061364313,0.176020408163265,0,,11,32,1015,2790,1865,700.133415857292,0.00822018348623853
152545,Rent_Control_Only,6,200,TRUE,5,"1,2,3,4,6",0.389069956931673,0.206632653061225,1,106,10,36,0,3366,1431.83333333333,1135.26356704805,0.00994174757281553
152546,Rent_Control_Only,6,200,TRUE,6,"1,2,3,4,5,6",0.229712163416899,0.183673469387755,0,,8,88,643,2289,1196.66666666667,585.575500398255,0.00810752688172043
152547,Rent_Control_Only,6,200,TRUE,6,"1,2,3,4,5,6",0.180019733596448,0.193877551020408,0,,19,62,909,2498,1689.16666666667,591.632797152648,0.00818390804597701
152548,Rent_Control_Only,6,200,TRUE,3,"2,5,6",0.561414428833956,0.381656804733728,3,57,19,84,0,2336,937.166666666667,1079.38656961566,0.00943492063492064
152549,Rent_Control_Only,6,200,TRUE,6,"1,2,3,4,5,6",0.2723044397463,0.188775510204082,0,,10,64,761,2815,1576.66666666667,881.365455793831,0.00809061488673139
152550,Rent_Control_Only,6,200,TRUE,5,"1,2,3,5,6",0.4139117077406,0.218106995884774,1,165,12,52,0,3327,1663.66666666667,1345.5101139221,0.0109345794392523
152551,Rent_Control_Only,6,200,TRUE,6,"1,2,3,4,5,6",0.168071882178084,0.239795918367347,0,,25,36,902,3101,2055.83333333333,719.632799882459,0.00885217391304348
152552,Rent_Control_Only,6,200,TRUE,5,"1,3,4,5,6",0.25450771619609,0.232142857142857,1,133,8,40,0,2489,1753.16666666667,964.363918169208,0.00967857142857143
152553,Rent_Control_Only,6,200,TRUE,6,"1,2,3,4,5,6",0.208206312548114,0.196428571428571,0,,10,53,976,2751,1804.16666666667,750.493015734768,0.00753982300884956
152554,Rent_Control_Only,6,200,TRUE,3,"1,3,6",0.59693905290056,0.345,3,97,20,86,0,2752,1021.83333333333,1269.307278269,0.00887285223367698
152555,Rent_Control_Only,6,200,TRUE,5,"1,2,4,5,6",0.27658341237222,0.255102040816327,1,122,6,70,0,1721,1054.33333333333,597.327938963738,0.00941358024691358
152556,Rent_Control_Only,6,200,TRUE,6,"1,2,3,4,5,6",0.139539860888176,0.209183673469388,0,,25,39,1035,2839,2076.66666666667,598.897208765132,0.00871604938271605
152557,Rent_Control_Only,6,200,TRUE,5,"1,2,3,5,6",0.295507412422317,0.216,1,183,21,42,0,2634,1600.16666666667,945.79118555137,0.00981132075471698
152558,Rent_Control_Only,6,200,TRUE,6,"1,2,3,4,5,6",0.209866137828458,0.219387755102041,0,,28,79,947,2588,1680.83333333333,702.44527663489,0.00942450142450143
152559,Rent_Control_Only,6,200,TRUE,3,"3,5,6",0.622600046264168,0.378472222222222,3,84,11,91,0,2391,720.5,951.096367357168,0.0108095238095238
152560,Rent_Control_Only,6,200,TRUE,5,"1,2,3,5,6",0.308933164045968,0.226337448559671,1,147,18,52,0,2801,1706.5,1048.66176625259,0.0105416666666667
152561,Rent_Control_Only,6,200,TRUE,4,"1,2,4,6",0.509599096555618,0.260330578512397,2,116,8,69,0,3409,1475.83333333333,1511.42018203631,0.00951622418879056
152562,Rent_Control_Only,6,200,TRUE,5,"1,2,3,4,6",0.299774342085201,0.318877551020408,1,82,11,69,0,2890,1821.83333333333,1120.44873451072,0.0111909385113269
152563,Rent_Control_Only,6,200,TRUE,6,"1,2,3,4,5,6",0.138023005941095,0.214285714285714,0,,20,28,976,2789,2197.5,651.366793749881,0.0106512820512821
152564,Rent_Control_Only,6,200,TRUE,6,"1,2,3,4,5,6",0.0832562053007992,0.196428571428571,0,,16,35,1612,2553,1980.83333333333,333.876873512777,0.0081025641025641
152565,Rent_Control_Only,6,200,TRUE,6,"1,2,3,4,5,6",0.218272318561336,0.193877551020408,0,,12,47,873,2770,1730,739.309136965045,0.0115287356321839
152566,Rent_Control_Only,6,200,TRUE,5,"1,2,3,4,5",0.341303613644039,0.224952741020794,1,197,12,61,0,3038,1645,1108.49122684846,0.00763532763532764
152567,Rent_Control_Only,6,200,TRUE,5,"1,2,3,5,6",0.352157746076013,0.226337448559671,1,129,6,52,0,3011,1553.83333333333,1081.35145381447,0.00734567901234568
152568,Rent_Control_Only,6,200,TRUE,2,"1,6",0.692071731949033,0.526627218934911,4,69,19,81,0,1221,353.166666666667,556.576110398809,0.00894202898550725
152569,Rent_Control_Only,6,200,TRUE,5,"1,2,3,5,6",0.329400196656834,0.224489795918367,1,147,11,61,0,2513,1243,825.112840767855,0.00775257731958763
152570,Rent_Control_Only,6,200,TRUE,5,"1,2,3,4,6",0.290540540540541,0.223593964334705,1,136,11,60,0,2467,1603.33333333333,958.419254119337,0.00764583333333333
152571,Rent_Control_Only,6,200,TRUE,6,"1,2,3,4,5,6",0.197796270611805,0.227040816326531,0,,16,60,901,2567,1802.5,696.456674890836,0.00876111111111111
152572,Rent_Control_Only,6,200,TRUE,4,"1,3,4,5",0.394404186795491,0.301587301587302,2,133,14,60,0,2468,1380,1117.22638708545,0.00788172043010753
152573,Rent_Control_Only,6,200,TRUE,4,"1,4,5,6",0.423116981489372,0.267361111111111,2,133,11,76,0,2174,1173.5,1010.95672508768,0.00901529051987768
152574,Rent_Control_Only,6,200,TRUE,6,"1,2,3,4,5,6",0.193717898064006,0.209183673469388,0,,8,51,1225,3098,2109.16666666667,814.279661213926,0.0081578947368421
152575,Rent_Control_Only,6,200,TRUE,5,"1,2,3,4,6",0.352391483456919,0.215976331360947,1,160,13,71,0,2404,1281.16666666667,895.081318465907,0.00835802469135803
152576,Rent_Control_Only,6,200,TRUE,4,"3,4,5,6",0.397783315163786,0.3664,2,102,10,82,0,1932,1070.16666666667,866.596657428741,0.00831541218637993
152577,Rent_Control_Only,6,200,TRUE,5,"2,3,4,5,6",0.359108573241336,0.248520710059172,1,120,10,60,0,2750,1401,976.76076907296,0.0098018018018018
152578,Rent_Control_Only,6,200,TRUE,4,"3,4,5,6",0.48638045290076,0.268595041322314,3,84,6,40,0,3402,1366.5,1314.77811816291,0.00858503401360544
152579,Rent_Control_Only,6,200,TRUE,6,"1,2,3,4,5,6",0.227761022547752,0.186224489795918,0,,19,36,719,2971,1934.16666666667,853.481204635853,0.00806010928961749
152580,Rent_Control_Only,6,200,TRUE,6,"1,2,3,4,5,6",0.181732001024853,0.183673469387755,0,,20,35,1193,2944,2168.33333333333,794.231368473109,0.0091588785046729
152581,Rent_Control_Only,6,200,TRUE,4,"3,4,5,6",0.461849067112225,0.253772290809328,2,91,6,66,0,3146,1396.5,1271.54799358892,0.00939455782312925
152582,Rent_Control_Only,6,200,TRUE,6,"1,2,3,4,5,6",0.183339805825243,0.215363511659808,0,,9,43,1027,3233,2145.83333333333,765.242031429708,0.00944927536231884
152583,Rent_Control_Only,6,200,TRUE,5,"1,2,3,4,6",0.322645754748197,0.237244897959184,1,64,15,52,0,3063,1679,1071.97033541045,0.0101855072463768
152584,Rent_Control_Only,6,200,TRUE,4,"3,4,5,6",0.422967282150956,0.262759924385633,2,79,12,95,0,1867,857.5,705.631277651438,0.0107175141242938
152585,Rent_Control_Only,6,200,TRUE,6,"1,2,3,4,5,6",0.215684523809524,0.178571428571429,0,,6,45,921,2850,1866.66666666667,780.269098879782,0.00749640287769784
152586,Rent_Control_Only,6,200,TRUE,6,"1,2,3,4,5,6",0.232530454042082,0.196428571428571,0,,14,49,870,3106,2006.66666666667,904.127793327175,0.00790933333333333
152587,Rent_Control_Only,6,200,TRUE,4,"1,2,3,4",0.51583193789009,0.310650887573965,2,154,12,84,0,2606,1094.83333333333,1129.41691445926,0.00910724637681159
152588,Rent_Control_Only,6,200,TRUE,6,"1,2,3,4,5,6",0.198785425101214,0.176954732510288,0,,28,34,1196,3475,2264.16666666667,887.488460018871,0.00875555555555556
152589,Rent_Control_Only,6,200,TRUE,5,"1,2,3,4,6",0.349455192350456,0.2064,1,184,9,66,0,2734,1499,1026.94537342548,0.00837931034482759
152590,Rent_Control_Only,6,200,TRUE,3,"2,4,6",0.618670886075949,0.339506172839506,3,74,12,95,0,2506,737.333333333333,985.799506322998,0.00940251572327044
152591,Rent_Control_Only,6,200,TRUE,5,"1,2,3,4,6",0.293749094596552,0.2224,1,166,13,49,0,2353,1534,924.288915869924,0.00764401294498382
152592,Rent_Control_Only,6,200,TRUE,5,"1,2,3,5,6",0.293151937003445,0.221938775510204,1,87,12,58,0,2629,1580.33333333333,933.365666106627,0.0104624624624625
152593,Rent_Control_Only,6,200,TRUE,5,"1,2,3,5,6",0.349386798952735,0.229591836734694,1,87,18,62,0,2898,1612.66666666667,1109.88533942325,0.00951566951566952
152594,Rent_Control_Only,6,200,TRUE,6,"1,2,3,4,5,6",0.173910429816652,0.183673469387755,0,,16,40,1013,2608,1848.33333333333,624.767690159044,0.00932193732193732
152595,Rent_Control_Only,6,200,TRUE,5,"1,2,3,4,5",0.304248582578602,0.221938775510204,1,131,8,47,0,2738,1509,926.404231423842,0.00887179487179487
152596,Rent_Control_Only,6,200,TRUE,6,"1,2,3,4,5,6",0.189117395029991,0.196428571428571,0,,15,39,1023,2721,1945,735.301026791069,0.00854385964912281
152597,Rent_Control_Only,6,200,TRUE,6,"1,2,3,4,5,6",0.116622458001768,0.237244897959184,0,,18,62,1323,2417,1885,438.733176315628,0.00957062146892655
152598,Rent_Control_Only,6,200,TRUE,4,"1,2,4,6",0.428456783799474,0.41838134430727,2,122,20,53,0,3047,1626.83333333333,1419.50264764342,0.00806666666666667
152599,Rent_Control_Only,6,200,TRUE,5,"2,3,4,5,6",0.378256574885788,0.206049149338374,1,198,5,57,150,2601,1349.83333333333,1001.48917451297,0.0110186666666667
152600,Rent_Control_Only,6,200,TRUE,5,"2,3,4,5,6",0.326093497310918,0.255102040816327,1,114,16,70,0,2680,1477.16666666667,958.818735041544,0.00907964601769912
152601,Rent_Control_Only,6,200,TRUE,3,"2,4,6",0.537900674095474,0.36,3,98,8,52,0,2088,807.666666666667,872.137756702843,0.0131739130434783
152602,Rent_Control_Only,6,200,TRUE,6,"1,2,3,4,5,6",0.151673360107095,0.193877551020408,0,,17,43,991,2331,1660,489.399632202559,0.00732748538011696
152603,Rent_Control_Only,6,200,TRUE,6,"1,2,3,4,5,6",0.208962097059865,0.191326530612245,0,,21,68,922,2436,1568.33333333333,654.966462245714,0.00692528735632184
152604,Rent_Control_Only,6,200,TRUE,6,"1,2,3,4,5,6",0.227674943566591,0.183673469387755,0,,13,31,759,2813,1845.83333333333,830.232116137811,0.00840677966101695
152605,Rent_Control_Only,6,200,TRUE,4,"2,4,5,6",0.464542711234912,0.26984126984127,2,140,11,89,0,2488,957.333333333333,920.816956113791,0.00817663817663818
152606,Rent_Control_Only,6,200,TRUE,6,"1,2,3,4,5,6",0.222042264383773,0.176020408163265,0,,13,63,918,2791,1800.83333333333,780.301843305952,0.00871666666666667
152607,Rent_Control_Only,6,200,TRUE,6,"1,2,3,4,5,6",0.174097568343151,0.182441700960219,0,,14,43,841,2470,1839.16666666667,635.967740271994,0.0107924528301887
152608,Rent_Control_Only,6,200,TRUE,4,"2,3,5,6",0.416170212765957,0.278061224489796,3,99,12,103,0,1569,783.333333333333,651.381199196497,0.00862745098039216
152609,Rent_Control_Only,6,200,TRUE,3,"1,3,5",0.567564643514011,0.36094674556213,3,91,8,74,0,2648,1027,1192.80811533121,0.0105705705705706
152610,Rent_Control_Only,6,200,TRUE,4,"1,2,3,4",0.412588044067184,0.260416666666667,2,107,19,84,0,2011,922.833333333333,784.939594278863,0.0100112994350282
152611,Rent_Control_Only,6,200,TRUE,2,"1,5",0.678010917775503,0.5,4,63,18,50,0,2579,651.333333333333,1013.25567684897,0.0108755020080321
152612,Rent_Control_Only,6,200,TRUE,6,"1,2,3,4,5,6",0.250120399036808,0.186224489795918,0,,9,48,690,2662,1615,794.271490109018,0.00787931034482759
152613,Rent_Control_Only,6,200,TRUE,5,"1,2,3,4,6",0.305264205110713,0.217391304347826,1,190,16,55,0,3145,1954.5,1235.73698657926,0.00744954128440367
152614,Rent_Control_Only,6,200,TRUE,6,"1,2,3,4,5,6",0.163865546218487,0.188775510204082,0,,10,50,1098,2595,1884.16666666667,600.574863498854,0.00816969696969697
152615,Rent_Control_Only,6,200,TRUE,5,"1,2,3,4,6",0.260785849487631,0.255102040816327,1,166,10,46,0,2453,1702.33333333333,943.720014976193,0.0101561561561562
152616,Rent_Control_Only,6,200,TRUE,6,"1,2,3,4,5,6",0.142111801242236,0.178571428571429,0,,10,76,1021,1897,1341.66666666667,395.44843743106,0.00777777777777778
152617,Rent_Control_Only,6,200,TRUE,3,"4,5,6",0.584126984126984,0.3888,5,96,8,100,0,2418,805,986.6654954948,0.00711728395061728
152618,Rent_Control_Only,6,200,TRUE,5,"1,2,3,4,5",0.304001385761303,0.245541838134431,1,125,17,67,0,3011,1924.33333333333,1233.77626280727,0.0096140350877193
152619,Rent_Control_Only,6,200,TRUE,5,"2,3,4,5,6",0.328404378271806,0.229024943310658,1,198,15,59,0,2719,1634.33333333333,1057.04998305031,0.00914018691588785
152620,Rent_Control_Only,6,200,TRUE,6,"1,2,3,4,5,6",0.194685990338164,0.188775510204082,0,,16,30,959,3338,2185,829.555061463674,0.00898639455782313
152621,Rent_Control_Only,6,200,TRUE,6,"1,2,3,4,5,6",0.216517778945525,0.191326530612245,0,,15,54,798,2495,1585.83333333333,669.523835771862,0.0107387387387387
152622,Rent_Control_Only,6,200,TRUE,6,"1,2,3,4,5,6",0.26025641025641,0.176020408163265,0,,16,44,926,3330,1906.66666666667,983.590090772913,0.00980459770114942
152623,Rent_Control_Only,6,200,TRUE,3,"1,2,4",0.602102102102102,0.410207939508507,4,64,14,72,0,2332,832.5,1037.92210690398,0.0104444444444444
152624,Rent_Control_Only,6,200,TRUE,5,"1,2,3,4,5",0.240852471778902,0.260204081632653,1,47,15,37,216,2559,1712.66666666667,848.559642374457,0.00958702064896755
152625,Rent_Control_Only,6,200,TRUE,5,"1,2,3,4,5",0.233020134228188,0.221938775510204,1,119,18,68,0,1945,1241.66666666667,653.349727685461,0.00855555555555556
152626,Rent_Control_Only,6,200,TRUE,6,"1,2,3,4,5,6",0.224737945492662,0.191326530612245,0,,11,61,1041,2848,1855,852.693614377404,0.00726495726495727
152627,Rent_Control_Only,6,200,TRUE,4,"3,4,5,6",0.487095531587057,0.286694101508916,2,96,9,91,0,2429,865.333333333333,890.10778373558,0.00765109034267913
152628,Rent_Control_Only,6,200,TRUE,6,"1,2,3,4,5,6",0.174122096164236,0.214285714285714,0,,17,72,891,2143,1542.5,534.898027665087,0.0118476190476191
152629,Rent_Control_Only,6,200,TRUE,3,"2,5,6",0.548209729919944,0.335,3,147,16,106,0,1517,631.5,713.485178542624,0.0106280991735537
152630,Rent_Control_Only,6,200,TRUE,5,"1,2,3,5,6",0.315457485084483,0.223593964334705,1,165,20,67,0,2308,1219.83333333333,778.799439308136,0.00834426229508197
152631,Rent_Control_Only,6,200,TRUE,5,"1,2,4,5,6",0.264976144195087,0.211734693877551,1,104,11,75,0,1381,943.166666666667,536.460778311581,0.00790476190476191
152632,Rent_Control_Only,6,200,TRUE,6,"1,2,3,4,5,6",0.187845076225793,0.181122448979592,0,,22,31,758,2617,2022.5,840.742231602529,0.00848
152633,Rent_Control_Only,6,200,TRUE,6,"1,2,3,4,5,6",0.188616311598881,0.178571428571429,0,,13,73,685,1853,1290.83333333333,472.416094842954,0.0119473684210526
152634,Rent_Control_Only,6,200,TRUE,5,"1,2,4,5,6",0.32345652015453,0.221938775510204,1,98,13,73,0,2766,1524.33333333333,997.20041449383,0.00965676567656766
152635,Rent_Control_Only,6,200,TRUE,6,"1,2,3,4,5,6",0.198789712556732,0.183673469387755,0,,9,30,1347,3649,2203.33333333333,879.219350712134,0.0112086720867209
152636,Rent_Control_Only,6,200,TRUE,5,"1,2,3,4,6",0.285779648609078,0.244897959183673,1,106,14,47,0,3048,1821.33333333333,1055.42136924864,0.00847712418300654
152637,Rent_Control_Only,6,200,TRUE,6,"1,2,3,4,5,6",0.196210163652024,0.188775510204082,0,,15,32,1218,3175,1935,759.292565484478,0.0100530973451327
152638,Rent_Control_Only,6,200,TRUE,4,"1,2,4,6",0.509406724410916,0.2736,2,142,9,87,0,3256,1193,1225.84158846076,0.00899694189602447
152639,Rent_Control_Only,6,200,TRUE,6,"1,2,3,4,5,6",0.224251805985552,0.191326530612245,0,,11,30,1069,3347,2153.33333333333,945.38218021426,0.00848850574712644
152640,Rent_Control_Only,6,200,TRUE,6,"1,2,3,4,5,6",0.213197051870393,0.198979591836735,0,,16,43,886,2884,1997.5,844.171487317595,0.00780729166666667
152641,Rent_Control_Only,6,200,TRUE,4,"1,3,4,6",0.467213114754098,0.300411522633745,2,73,17,76,0,3262,1352.16666666667,1254.37449219388,0.00910457516339869
152642,Rent_Control_Only,6,200,TRUE,5,"1,2,3,5,6",0.353613269922283,0.245541838134431,1,159,11,77,0,2740,1436.83333333333,1006.90762568702,0.00885875706214689
152643,Rent_Control_Only,6,200,TRUE,4,"1,3,4,6",0.455391820881883,0.278463648834019,2,139,12,84,0,2108,972.666666666667,869.051360200688,0.00862962962962963
152644,Rent_Control_Only,6,200,TRUE,3,"1,2,4",0.570816501407761,0.3504,3,76,16,83,0,2366,907.666666666667,1059.91748106476,0.0076078431372549
152645,Rent_Control_Only,6,200,TRUE,6,"1,2,3,4,5,6",0.130576208178439,0.198979591836735,0,,18,45,1180,2318,1793.33333333333,462.895092506571,0.00831978319783198
152646,Rent_Control_Only,6,200,TRUE,6,"1,2,3,4,5,6",0.246454413892909,0.173469387755102,0,,14,42,833,3119,1727.5,848.002771221887,0.00983040935672515
152647,Rent_Control_Only,6,200,TRUE,4,"1,3,4,6",0.437234944868533,0.315,2,79,19,87,0,2403,1179,1022.45704066235,0.00953719008264463
152648,Rent_Control_Only,6,200,TRUE,5,"1,2,4,5,6",0.335791773979552,0.251028806584362,2,158,8,51,0,2598,1423.66666666667,940.967941359676,0.00737971014492754
152649,Rent_Control_Only,6,200,TRUE,6,"1,2,3,4,5,6",0.195531637312459,0.220850480109739,0,,10,88,1061,2938,1703.33333333333,699.305846298075,0.00783597883597884
152650,Rent_Control_Only,6,200,TRUE,5,"1,2,4,5,6",0.316431609581374,0.216836734693878,1,98,14,38,0,2408,1489,945.455234265483,0.00870833333333333
152651,Rent_Control_Only,6,200,TRUE,6,"1,2,3,4,5,6",0.225551330798479,0.173469387755102,0,,7,27,794,3198,2191.66666666667,982.202558878089,0.00841873278236915
152652,Rent_Control_Only,6,200,TRUE,6,"1,2,3,4,5,6",0.203543488265071,0.196428571428571,0,,15,61,1007,2831,1810.83333333333,721.216310593893,0.00911845730027548
152653,Rent_Control_Only,6,200,TRUE,2,"4,5",0.66887074829932,0.755102040816326,4,78,15,71,0,3103,1020.83333333333,1581.67561992549,0.00798765432098766
152654,Rent_Control_Only,6,200,TRUE,4,"1,3,5,6",0.392341275370396,0.2576,2,91,18,68,0,2050,1196.16666666667,973.216197289516,0.00876811594202899
152655,Rent_Control_Only,6,200,TRUE,5,"1,3,4,5,6",0.321957348546591,0.225694444444444,1,169,15,57,0,2718,1636,1064.98168998345,0.008625
152656,Rent_Control_Only,6,200,TRUE,6,"1,2,3,4,5,6",0.265701482247501,0.173469387755102,0,,16,46,746,2828,1611.66666666667,865.36065699029,0.00940555555555556
152657,Rent_Control_Only,6,200,TRUE,5,"1,2,4,5,6",0.280492920818039,0.212620027434842,1,116,12,55,175,3013,1589.16666666667,917.490581241392,0.00965573770491803
152658,Rent_Control_Only,6,200,TRUE,6,"1,2,3,4,5,6",0.158940318143763,0.183673469387755,0,,5,19,1387,3050,2322.5,745.446644636623,0.00856022408963585
152659,Rent_Control_Only,6,200,TRUE,4,"3,4,5,6",0.453691756272401,0.275147928994083,3,61,9,45,0,2639,1162.5,1038.21399528228,0.011063829787234
152660,Rent_Control_Only,6,200,TRUE,6,"1,2,3,4,5,6",0.211323039660914,0.198979591836735,0,,10,49,1026,2756,1835,767.674931204608,0.00964406779661017
152661,Rent_Control_Only,6,200,TRUE,4,"1,3,4,6",0.426755555555556,0.2578125,2,127,21,55,0,3091,1562.5,1320.8604392592,0.00720489296636086
152662,Rent_Control_Only,6,200,TRUE,6,"1,2,3,4,5,6",0.199280800500313,0.191326530612245,0,,20,59,1017,2726,1776.66666666667,712.999485740815,0.00898989898989899
152663,Rent_Control_Only,6,200,TRUE,5,"1,2,3,4,6",0.326792388718994,0.267361111111111,1,184,16,109,0,2701,1308,875.857294312264,0.00803305785123967
152664,Rent_Control_Only,6,200,TRUE,6,"1,2,3,4,5,6",0.129718875502008,0.198979591836735,0,,14,63,1133,2598,1867.5,485.014948223248,0.0097030303030303
152665,Rent_Control_Only,6,200,TRUE,6,"1,2,3,4,5,6",0.185130890052356,0.183673469387755,0,,18,55,972,2443,1591.66666666667,585.408803031409,0.010525641025641
152666,Rent_Control_Only,6,200,TRUE,6,"1,2,3,4,5,6",0.190763052208835,0.191326530612245,0,,23,47,1086,2695,1867.5,698.727629337784,0.00861279461279461
152667,Rent_Control_Only,6,200,TRUE,5,"1,3,4,5,6",0.323525073746313,0.224489795918367,1,145,10,66,0,2704,1506.66666666667,968.437642115726,0.0080952380952381
152668,Rent_Control_Only,6,200,TRUE,6,"1,2,3,4,5,6",0.119665871121718,0.209183673469388,0,,5,47,1296,2315,1745.83333333333,408.162426818867,0.00829012345679012
152669,Rent_Control_Only,6,200,TRUE,5,"1,2,3,4,5",0.309322630615406,0.354591836734694,2,173,16,72,0,2606,1578,966.935158115579,0.00975700934579439
152670,Rent_Control_Only,6,200,TRUE,6,"1,2,3,4,5,6",0.146477024070022,0.214285714285714,0,,18,47,1234,2549,1904.16666666667,545.060883449424,0.00894444444444445
152671,Rent_Control_Only,6,200,TRUE,5,"1,2,4,5,6",0.298460425707791,0.272976680384088,1,104,12,89,0,1955,1075.33333333333,651.079616227283,0.00996153846153846
152672,Rent_Control_Only,6,200,TRUE,5,"1,2,3,4,6",0.348960376618282,0.218106995884774,1,88,10,68,0,2468,1274.5,885.831756034971,0.0097196261682243
152673,Rent_Control_Only,6,200,TRUE,6,"1,2,3,4,5,6",0.242687453600594,0.252551020408163,0,,16,57,662,3052,1870.83333333333,881.69255790591,0.00927586206896552
152674,Rent_Control_Only,6,200,TRUE,5,"1,2,3,4,5",0.347099368179207,0.229591836734694,1,131,12,54,0,2726,1450.83333333333,980.361038937527,0.00860714285714286
152675,Rent_Control_Only,6,200,TRUE,5,"1,2,4,5,6",0.380259333780461,0.221938775510204,1,92,8,91,0,2958,1242.5,980.731716627947,0.00764145658263305
152676,Rent_Control_Only,6,200,TRUE,6,"1,2,3,4,5,6",0.205379113018598,0.178571428571429,0,,14,47,1016,2810,1941.66666666667,802.987089975092,0.00910909090909091
152677,Rent_Control_Only,6,200,TRUE,4,"1,2,3,5",0.427710301394512,0.278061224489796,2,75,15,101,0,2697,1235,1059.45986238271,0.0097953795379538
152678,Rent_Control_Only,6,200,TRUE,6,"1,2,3,4,5,6",0.175137614678899,0.196159122085048,0,,12,37,908,2399,1816.66666666667,659.216403517591,0.0104237726098191
152679,Rent_Control_Only,6,200,TRUE,5,"1,3,4,5,6",0.381058578650015,0.225694444444444,1,169,9,68,0,2446,1121,853.323854114017,0.00866666666666667
152680,Rent_Control_Only,6,200,TRUE,5,"1,2,3,4,6",0.357875664737164,0.211734693877551,1,106,16,107,0,2813,1180.5,914.787570969348,0.00862330623306233
152681,Rent_Control_Only,6,200,TRUE,6,"1,2,3,4,5,6",0.194210059546434,0.196428571428571,0,,11,32,1100,3075,2192.5,837.033033995672,0.0103188405797101
152682,Rent_Control_Only,6,200,TRUE,5,"2,3,4,5,6",0.261573258136529,0.277882797731569,1,198,14,46,0,2732,1891.33333333333,1047.01512246322,0.0117981651376147
152683,Rent_Control_Only,6,200,TRUE,5,"1,3,4,5,6",0.3755825448383,0.244897959183673,1,91,21,74,0,2668,1180.16666666667,895.061431783689,0.00783030303030303
152684,Rent_Control_Only,6,200,TRUE,5,"1,2,4,5,6",0.28328677839851,0.219387755102041,1,140,13,77,0,2035,1193.33333333333,695.716513147896,0.0102767295597484
152685,Rent_Control_Only,6,200,TRUE,5,"1,2,3,4,6",0.296170683600327,0.219387755102041,1,100,21,79,0,2226,1154.83333333333,716.597911430578,0.00797507788161994
152686,Rent_Control_Only,6,200,TRUE,5,"1,2,4,5,6",0.297092947464477,0.229591836734694,1,86,12,95,0,1379,852.333333333333,510.802766894098,0.00832020997375328
152687,Rent_Control_Only,6,200,TRUE,5,"1,3,4,5,6",0.383120825743777,0.221938775510204,1,121,8,54,0,3076,1647,1232.52066919788,0.0101621621621622
152688,Rent_Control_Only,6,200,TRUE,4,"1,2,3,6",0.45663082437276,0.280612244897959,2,106,8,83,0,1999,930,836.365948613405,0.0105694444444444
152689,Rent_Control_Only,6,200,TRUE,6,"1,2,3,4,5,6",0.180927686545664,0.204389574759945,0,,23,37,1049,2878,1928.33333333333,677.490270532845,0.0100797720797721
152690,Rent_Control_Only,6,200,TRUE,6,"1,2,3,4,5,6",0.222017121455324,0.181122448979592,0,,16,21,1018,3335,2076.66666666667,891.540614143106,0.0100797720797721
152691,Rent_Control_Only,6,200,TRUE,5,"1,2,3,5,6",0.370680218921032,0.209183673469388,1,105,13,79,0,2525,1065.83333333333,828.876930953364,0.0100854700854701
152692,Rent_Control_Only,6,200,TRUE,6,"1,2,3,4,5,6",0.189736346516007,0.201530612244898,0,,17,52,1076,2643,1770,666.125813942081,0.00747701149425287
152693,Rent_Control_Only,6,200,TRUE,6,"1,2,3,4,5,6",0.149623633006675,0.209183673469388,0,,30,39,1303,2750,1955.83333333333,576.10534337625,0.00802116402116402
152694,Rent_Control_Only,6,200,TRUE,6,"1,2,3,4,5,6",0.21552,0.188775510204082,0,,6,34,952,3583,2083.33333333333,907.983406603153,0.00992248062015504
152695,Rent_Control_Only,6,200,TRUE,6,"1,2,3,4,5,6",0.201762744163887,0.196428571428571,0,,18,50,920,2510,1749.16666666667,712.301176937584,0.0107430025445293
152696,Rent_Control_Only,6,200,TRUE,5,"1,2,4,5,6",0.346124863418861,0.206632653061225,1,74,11,49,0,2889,1474.5,1018.91800455189,0.00899688473520249
152697,Rent_Control_Only,6,200,TRUE,5,"1,3,4,5,6",0.300207179210017,0.201530612244898,1,91,16,62,198,2672,1233.5,804.453541231562,0.00954740061162079
152698,Rent_Control_Only,6,200,TRUE,4,"2,3,4,6",0.374560126198277,0.285123966942149,2,162,9,43,0,3049,1831.33333333333,1448.66720355873,0.00954202898550725
152699,Rent_Control_Only,6,200,TRUE,6,"1,2,3,4,5,6",0.248240356539112,0.219387755102041,0,,14,57,917,3069,1807.5,889.781040481309,0.00875942028985507
152700,Rent_Control_Only,6,200,TRUE,5,"1,2,3,4,6",0.315010040160643,0.212620027434842,1,94,24,37,0,3303,1770.66666666667,1107.68455196715,0.00838260869565218
152701,Rent_Control_Only,6,200,TRUE,3,"2,3,4",0.593886701662292,0.375739644970414,3,112,14,55,0,2732,1016,1250.46503349754,0.00978378378378378
152702,Rent_Control_Only,6,200,TRUE,6,"1,2,3,4,5,6",0.202459791863765,0.196159122085048,0,,18,55,1033,2620,1761.66666666667,704.731059814073,0.00879510703363914
152703,Rent_Control_Only,6,200,TRUE,5,"1,2,3,4,5",0.326113483831605,0.2448,1,131,22,101,0,2016,1092.66666666667,699.429958370863,0.0109847094801223
152704,Rent_Control_Only,6,200,TRUE,6,"1,2,3,4,5,6",0.139426176660219,0.206632653061225,0,,13,61,1287,2415,1723.33333333333,509.597749864211,0.00751761517615176
152705,Rent_Control_Only,6,200,TRUE,6,"1,2,3,4,5,6",0.114709745206199,0.181122448979592,0,,18,31,1199,2756,2115,512.9210465559,0.00917312661498708
152706,Rent_Control_Only,6,200,TRUE,6,"1,2,3,4,5,6",0.210480349344978,0.206632653061225,0,,23,59,1002,3029,1526.66666666667,761.547021966908,0.00820689655172414
152707,Rent_Control_Only,6,200,TRUE,6,"1,2,3,4,5,6",0.217571569595262,0.204081632653061,0,,17,71,918,2752,1688.33333333333,718.233016970584,0.00718157181571816
152708,Rent_Control_Only,6,200,TRUE,6,"1,2,3,4,5,6",0.19546595776104,0.173469387755102,0,,7,32,871,2694,1880.83333333333,718.196189537836,0.00892655367231639
152709,Rent_Control_Only,6,200,TRUE,4,"2,3,4,6",0.525186617260083,0.281065088757396,2,124,22,85,0,2971,1034.5,1116.55573080792,0.00999415204678363
152710,Rent_Control_Only,6,200,TRUE,6,"1,2,3,4,5,6",0.211021179009848,0.214285714285714,0,,14,57,1045,3045,2059.16666666667,857.332938050712,0.0111428571428571
152711,Rent_Control_Only,6,200,TRUE,5,"2,3,4,5,6",0.277038099139697,0.25765306122449,1,186,15,55,0,2745,1627.33333333333,929.610384336721,0.010848
152712,Rent_Control_Only,6,200,TRUE,6,"1,2,3,4,5,6",0.138953571941929,0.173469387755102,0,,26,56,1079,2518,1932.5,530.498162108032,0.00894017094017094
152713,Rent_Control_Only,6,200,TRUE,6,"1,2,3,4,5,6",0.270390357978054,0.191326530612245,0,,8,72,635,2765,1544.16666666667,851.566419409941,0.00974436090225564
152714,Rent_Control_Only,6,200,TRUE,2,"1,4",0.766628549647417,0.702479338842975,4,91,23,61,0,2798,583,1120.666765814,0.0103968253968254
152715,Rent_Control_Only,6,200,TRUE,4,"3,4,5,6",0.505462852602304,0.298469387755102,2,90,6,73,0,2990,1118.66666666667,1132.41099723849,0.0107637540453074
152716,Rent_Control_Only,6,200,TRUE,5,"2,3,4,5,6",0.363593666129898,0.242798353909465,2,156,8,56,0,2987,1656,1173.68053575068,0.00739181286549708
152717,Rent_Control_Only,6,200,TRUE,6,"1,2,3,4,5,6",0.212942155638785,0.173469387755102,0,,13,96,873,2352,1335,609.241167354932,0.0100192307692308
152718,Rent_Control_Only,6,200,TRUE,6,"1,2,3,4,5,6",0.222042304886944,0.206632653061225,0,,12,60,1015,3059,1904.16666666667,865.946514899544,0.00735574229691877
152719,Rent_Control_Only,6,200,TRUE,6,"1,2,3,4,5,6",0.177219251336898,0.227040816326531,0,,21,39,1386,3345,2337.5,814.64759252084,0.0113057851239669
152720,Rent_Control_Only,6,200,TRUE,5,"1,2,3,5,6",0.352032520325203,0.229591836734694,1,153,11,64,0,2148,1127.5,771.53217690515,0.0104420289855072
152721,Rent_Control_Only,6,200,TRUE,3,"2,4,5",0.555959709009513,0.43801652892562,3,132,15,74,0,2089,893.5,1032.13153231553,0.00844912280701755
152722,Rent_Control_Only,6,200,TRUE,4,"2,4,5,6",0.462189054726368,0.274305555555556,2,66,18,83,0,2897,1116.66666666667,1071.76950258284,0.0104384384384384
152723,Rent_Control_Only,6,200,TRUE,3,"1,3,6",0.629401517979346,0.351239669421488,3,100,13,69,0,3062,893,1206.81978770652,0.00863492063492063
152724,Rent_Control_Only,6,200,TRUE,6,"1,2,3,4,5,6",0.231624686993666,0.198979591836735,0,,18,37,669,3159,1885.83333333333,865.574356520956,0.00925308641975309
152725,Rent_Control_Only,6,200,TRUE,5,"1,2,3,5,6",0.289009622068562,0.214285714285714,1,117,17,44,0,2665,1518.5,895.076477179464,0.00805084745762712
152726,Rent_Control_Only,6,200,TRUE,6,"1,2,3,4,5,6",0.17074057907755,0.178571428571429,0,,22,46,1007,2533,1909.16666666667,658.552174597174,0.00842424242424242
152727,Rent_Control_Only,6,200,TRUE,5,"2,3,4,5,6",0.334944899775915,0.213610586011342,1,192,13,51,0,3163,1809.83333333333,1194.23572491643,0.0101693989071038
152728,Rent_Control_Only,6,200,TRUE,3,"1,4,6",0.53056255247691,0.357277882797732,3,88,8,95,0,1600,661.666666666667,700.315833511328,0.0076
152729,Rent_Control_Only,6,200,TRUE,5,"1,2,3,4,6",0.383244757549541,0.232142857142857,1,94,12,66,0,3221,1348.5,1068.49815161281,0.0079047619047619
152730,Rent_Control_Only,6,200,TRUE,5,"2,3,4,5,6",0.279689640888379,0.216836734693878,1,84,15,33,0,2802,1743.5,998.000951903354,0.0090314465408805
152731,Rent_Control_Only,6,200,TRUE,6,"1,2,3,4,5,6",0.261166587414804,0.198979591836735,0,,16,35,798,3238,1752.5,921.817932131937,0.00742772861356932
152732,Rent_Control_Only,6,200,TRUE,4,"1,2,3,5",0.449129057798892,0.26530612244898,3,105,9,54,0,3030,1403.33333333333,1234.51879964084,0.00954133333333333
152733,Rent_Control_Only,6,200,TRUE,6,"1,2,3,4,5,6",0.178542360340362,0.198902606310014,0,,23,67,960,2689,1501.66666666667,610.188386210904,0.00937891737891738
152734,Rent_Control_Only,6,200,TRUE,5,"1,2,3,4,5",0.32813511557942,0.232142857142857,1,119,20,53,0,2686,1458.83333333333,937.906054286178,0.00803988603988604
152735,Rent_Control_Only,6,200,TRUE,6,"1,2,3,4,5,6",0.192354740061162,0.216836734693878,0,,20,55,938,2777,1635,660.603966079526,0.00995402298850575
152736,Rent_Control_Only,6,200,TRUE,6,"1,2,3,4,5,6",0.172041259500543,0.221938775510204,0,,12,30,897,2819,2046.66666666667,701.862284687436,0.0106885245901639
152737,Rent_Control_Only,6,200,TRUE,6,"1,2,3,4,5,6",0.232923892100193,0.186224489795918,0,,16,36,897,3489,2306.66666666667,1062.05925760603,0.00817156862745098
152738,Rent_Control_Only,6,200,TRUE,5,"2,3,4,5,6",0.32184084176116,0.2128,1,198,32,103,0,2376,1087.66666666667,759.180259666087,0.00956923076923077
152739,Rent_Control_Only,6,200,TRUE,6,"1,2,3,4,5,6",0.244586167800454,0.204081632653061,0,,10,42,843,3175,1960,948.121089312963,0.00910769230769231
152740,Rent_Control_Only,6,200,TRUE,6,"1,2,3,4,5,6",0.206769825918762,0.211734693877551,0,,12,43,926,2960,2154.16666666667,906.545181812063,0.00964227642276423
152741,Rent_Control_Only,6,200,TRUE,6,"1,2,3,4,5,6",0.241636904761905,0.176020408163265,0,,17,41,1137,3626,1866.66666666667,965.484679664399,0.00980685358255452
152742,Rent_Control_Only,6,200,TRUE,5,"1,2,3,4,6",0.367843190084871,0.201530612244898,1,94,11,84,0,2874,1237.16666666667,944.131435059053,0.00773809523809524
152743,Rent_Control_Only,6,200,TRUE,4,"1,3,5,6",0.530279583204374,0.352537722908093,2,171,24,81,0,2516,1077,1153.61484040385,0.00943730886850153
152744,Rent_Control_Only,6,200,TRUE,5,"2,3,4,5,6",0.29610971172684,0.224489795918367,1,102,23,65,0,2228,1191,724.047512253167,0.00872592592592593
152745,Rent_Control_Only,6,200,TRUE,6,"1,2,3,4,5,6",0.26876696670953,0.198979591836735,0,,6,56,783,3416,1944.16666666667,1013.68445123059,0.0119382716049383
152746,Rent_Control_Only,6,200,TRUE,6,"1,2,3,4,5,6",0.184018264840182,0.201530612244898,0,,4,75,885,2337,1581.66666666667,577.44044425955,0.00896666666666667
152747,Rent_Control_Only,6,200,TRUE,5,"2,3,4,5,6",0.343421586054199,0.218934911242604,1,162,18,57,0,3149,1781.5,1199.95445746912,0.00826455026455026
152748,Rent_Control_Only,6,200,TRUE,5,"2,3,4,5,6",0.392828742861274,0.21900826446281,1,192,14,70,0,2864,1537,1179.47818970933,0.00926415094339623
152749,Rent_Control_Only,6,200,TRUE,6,"1,2,3,4,5,6",0.265352951480119,0.193877551020408,0,,14,70,854,2947,1585.83333333333,885.039076350116,0.00924031007751938
152750,Rent_Control_Only,6,200,TRUE,4,"1,2,4,5",0.399751603455307,0.288194444444444,2,161,10,46,0,2820,1498.5,1215.83975095405,0.00778917378917379
152751,Rent_Control_Only,6,200,TRUE,6,"1,2,3,4,5,6",0.199166257969593,0.183673469387755,0,,11,74,1068,2617,1699.16666666667,691.125579519863,0.00963387978142076
152752,Rent_Control_Only,6,200,TRUE,6,"1,2,3,4,5,6",0.244550740949165,0.181122448979592,0,,8,67,732,2532,1480.83333333333,709.458502427497,0.00854487179487179
152753,Rent_Control_Only,6,200,TRUE,5,"1,2,3,5,6",0.302978883861237,0.20414201183432,1,177,14,80,0,2082,1178.66666666667,719.780707345416,0.00964444444444445
152754,Rent_Control_Only,6,200,TRUE,5,"1,2,4,5,6",0.371608730047931,0.252551020408163,1,116,15,72,0,2473,1193.83333333333,892.457375265994,0.00839655172413793
152755,Rent_Control_Only,6,200,TRUE,2,"2,4",0.766069165308709,0.773156899810964,4,72,16,93,0,2939,613.666666666667,1177.3061907026,0.0126292134831461
152756,Rent_Control_Only,6,200,TRUE,4,"1,3,5,6",0.386873227377321,0.292899408284024,2,129,21,42,0,1959,1038.16666666667,833.436600268231,0.0109811320754717
152757,Rent_Control_Only,6,200,TRUE,4,"1,4,5,6",0.453662438578448,0.28,2,68,16,87,0,2372,972.333333333333,893.097232481809,0.00993939393939394
152758,Rent_Control_Only,6,200,TRUE,6,"1,2,3,4,5,6",0.211638733705773,0.188775510204082,0,,22,47,878,2707,1790,742.672740848888,0.00895145631067961
152759,Rent_Control_Only,6,200,TRUE,6,"1,2,3,4,5,6",0.245457703665103,0.178571428571429,0,,9,79,786,2678,1599.16666666667,780.563749265021,0.00854022988505747
152760,Rent_Control_Only,6,200,TRUE,4,"1,2,5,6",0.481822684497276,0.382716049382716,3,122,16,79,0,2499,1121.66666666667,1080.97893904861,0.0096639566395664
152761,Rent_Control_Only,6,200,TRUE,2,"5,6",0.71172480620155,0.747599451303155,4,123,16,69,0,3496,917.333333333333,1497.00215987375,0.00985478547854786
152762,Rent_Control_Only,6,200,TRUE,6,"1,2,3,4,5,6",0.184518828451883,0.191326530612245,0,,13,59,1016,2796,1792.5,649.722940952526,0.0101866666666667
152763,Rent_Control_Only,6,200,TRUE,5,"1,3,4,5,6",0.282306594701905,0.245541838134431,1,151,19,47,0,2704,1791,1081.27998224327,0.00814414414414414
152764,Rent_Control_Only,6,200,TRUE,6,"1,2,3,4,5,6",0.135206401163848,0.170918367346939,0,,7,71,1129,2242,1527.5,424.058368623943,0.0082984126984127
152765,Rent_Control_Only,6,200,TRUE,5,"1,3,4,5,6",0.347682119205298,0.2544,1,169,8,62,0,2645,1459.66666666667,995.705311157205,0.00802067183462532
152766,Rent_Control_Only,6,200,TRUE,6,"1,2,3,4,5,6",0.222705314009662,0.227040816326531,0,,6,40,628,2741,1897.5,847.033352353967,0.00890519877675841
152767,Rent_Control_Only,6,200,TRUE,4,"1,3,4,5",0.478238917499748,0.254437869822485,2,95,10,61,0,2978,1100.33333333333,1096.5901087766,0.00916838487972509
152768,Rent_Control_Only,6,154,FALSE,1,4,0.833333333333333,1,5,96,16,64,0,1043,173.833333333333,425.802966953809,0.00866666666666667
152769,Rent_Control_Only,6,200,TRUE,4,"2,4,5,6",0.46950591868245,0.268595041322314,2,122,12,69,0,2748,1295.33333333333,1206.60277915587,0.00961333333333333
152770,Rent_Control_Only,6,200,TRUE,6,"1,2,3,4,5,6",0.100512820512821,0.214285714285714,0,,19,26,1588,2588,2166.66666666667,456.528494912056,0.00814325068870524
152771,Rent_Control_Only,6,200,TRUE,6,"1,2,3,4,5,6",0.187849901649266,0.211734693877551,0,,18,57,1123,2700,1835.83333333333,682.935843741319,0.00887262872628726
152772,Rent_Control_Only,6,200,TRUE,5,"1,2,3,5,6",0.3161853188929,0.206632653061225,1,99,15,29,0,3069,1846.66666666667,1152.85240454564,0.00891666666666667
152773,Rent_Control_Only,6,200,TRUE,5,"1,2,3,5,6",0.24630785497459,0.288265306122449,1,99,11,51,198,2509,1628.83333333333,824.532695935502,0.010785046728972
152774,Rent_Control_Only,6,200,TRUE,4,"1,3,4,6",0.448051948051948,0.497448979591837,2,145,11,91,0,2746,1373.16666666667,1222.42585323882,0.0104033613445378
152775,Rent_Control_Only,6,200,TRUE,4,"1,4,5,6",0.443005649717514,0.263313609467456,2,116,12,54,0,2479,1229.16666666667,1076.3760340451,0.00937820512820513
152776,Rent_Control_Only,6,200,TRUE,6,"1,2,3,4,5,6",0.171264367816092,0.193877551020408,0,,16,59,1099,2612,1595,572.875553676364,0.00978446115288221
152777,Rent_Control_Only,6,200,TRUE,6,"1,2,3,4,5,6",0.19668397922493,0.176020408163265,0,,11,50,934,2865,2085.83333333333,868.136721183171,0.00838655462184874
152778,Rent_Control_Only,6,200,TRUE,6,"1,2,3,4,5,6",0.200514138817481,0.201530612244898,0,,17,40,944,3052,1945,770.573812168568,0.00914435695538058
152779,Rent_Control_Only,6,200,TRUE,6,"1,2,3,4,5,6",0.128241933505091,0.211734693877551,0,,15,21,1514,3036,2264.16666666667,559.387313644729,0.00811475409836066
152780,Rent_Control_Only,6,200,TRUE,5,"1,2,3,4,5",0.384466754312577,0.23469387755102,1,71,12,93,0,2722,1394.5,1049.75058942589,0.010380062305296
152781,Rent_Control_Only,6,200,TRUE,6,"1,2,3,4,5,6",0.283092509549909,0.178571428571429,0,,10,63,717,3381,1672.5,975.27467925708,0.0101073446327684
152782,Rent_Control_Only,6,200,TRUE,5,"1,2,3,4,6",0.323320625739451,0.214285714285714,1,88,11,90,0,2339,1267.83333333333,817.35853006295,0.00802604166666667
152783,Rent_Control_Only,6,200,TRUE,6,"1,2,3,4,5,6",0.233170413815575,0.211734693877551,0,,12,60,762,2697,1705,768.265058427103,0.00916129032258065
152784,Rent_Control_Only,6,200,TRUE,6,"1,2,3,4,5,6",0.258532978408755,0.193877551020408,0,,16,44,823,3184,1878.33333333333,946.651924767846,0.00851724137931035
152785,Rent_Control_Only,6,200,TRUE,6,"1,2,3,4,5,6",0.190768437338834,0.186224489795918,0,,17,60,1112,2742,1615.83333333333,670.836616969189,0.0092436974789916
152786,Rent_Control_Only,6,200,TRUE,4,"1,3,4,5",0.408756889161053,0.538265306122449,2,139,18,55,0,3157,1633,1342.62012497951,0.00996039603960396
152787,Rent_Control_Only,6,200,TRUE,6,"1,2,3,4,5,6",0.255976886962802,0.196428571428571,0,,16,67,880,2830,1538.33333333333,862.039132909096,0.00760206718346253
152788,Rent_Control_Only,6,200,TRUE,6,"1,2,3,4,5,6",0.123854660347551,0.204081632653061,0,,17,40,1331,2697,2110,532.587645369286,0.00720489296636086
152789,Rent_Control_Only,6,200,TRUE,4,"2,3,4,5",0.367557382665296,0.25765306122449,2,59,9,108,0,1488,810.833333333333,594.616655221384,0.0111597222222222
152790,Rent_Control_Only,6,200,TRUE,4,"1,3,4,5",0.437268320501853,0.26984126984127,2,71,12,41,0,2910,1558.66666666667,1383.488007417,0.00761616161616162
152791,Rent_Control_Only,6,200,TRUE,6,"1,2,3,4,5,6",0.198854382332643,0.188775510204082,0,,23,40,982,2937,2012.5,817.65218766906,0.00846327683615819
152792,Rent_Control_Only,6,200,TRUE,3,"3,5,6",0.519864559819413,0.42,5,127,12,74,0,2506,1107.5,1171.78048285504,0.0109415807560137
152793,Rent_Control_Only,6,200,TRUE,6,"1,2,3,4,5,6",0.32330262708973,0.176020408163265,0,,8,80,646,3363,1628.33333333333,1056.83029227339,0.00948275862068965
152794,Rent_Control_Only,6,200,TRUE,4,"1,2,3,5",0.442385117312231,0.305785123966942,2,143,18,54,0,2556,1200.5,1029.63678061732,0.00983018867924528
152795,Rent_Control_Only,6,200,TRUE,6,"1,2,3,4,5,6",0.241508041906448,0.209183673469388,0,,14,54,839,2894,1882.5,903.273768023848,0.00863888888888889
152796,Rent_Control_Only,6,200,TRUE,5,"1,2,3,5,6",0.307203667321545,0.231824417009602,1,135,10,56,0,2189,1272.5,778.565539951519,0.00794285714285714
152797,Rent_Control_Only,6,200,TRUE,4,"2,3,4,6",0.459034653465347,0.28125,2,130,22,46,0,2967,1346.66666666667,1222.01893056804,0.0120897435897436
152798,Rent_Control_Only,6,200,TRUE,4,"2,3,4,5",0.495177918190888,0.285123966942149,2,83,11,79,0,2640,1002.33333333333,994.650223277845,0.00788652482269504
152799,Rent_Control_Only,6,200,TRUE,5,"2,3,4,5,6",0.331634097989238,0.216836734693878,1,72,12,73,0,2166,1177,768.022395506798,0.00779591836734694
152800,Rent_Control_Only,6,200,TRUE,4,"2,3,4,6",0.502340900430072,0.3024,2,132,12,89,0,2595,1020.5,1021.92910713024,0.00933333333333333
152801,Rent_Control_Only,6,200,TRUE,4,"1,2,3,6",0.47820190363466,0.274305555555556,2,129,7,95,0,2776,1126.5,1072.35362637518,0.00817647058823529
152802,Rent_Control_Only,6,200,TRUE,5,"1,2,3,5,6",0.282799389778795,0.223593964334705,1,93,18,68,300,2396,1165.33333333333,700.130749693703,0.00829090909090909
152803,Rent_Control_Only,6,200,TRUE,5,"1,2,4,5,6",0.38915460958986,0.232142857142857,1,116,6,55,0,3530,1393.83333333333,1169.11341052383,0.0119378531073446
152804,Rent_Control_Only,6,200,TRUE,6,"1,2,3,4,5,6",0.197745750184775,0.191326530612245,0,,18,72,928,2427,1503.33333333333,601.432844685645,0.00774940898345154
152805,Rent_Control_Only,6,200,TRUE,6,"1,2,3,4,5,6",0.286884735202492,0.227040816326531,0,,12,39,583,3160,1783.33333333333,993.318210175705,0.00912021857923497
152806,Rent_Control_Only,6,200,TRUE,6,"1,2,3,4,5,6",0.265736573657366,0.168367346938776,0,,18,62,959,3204,1851.66666666667,1000.79881428121,0.01
152807,Rent_Control_Only,6,200,TRUE,5,"1,2,4,5,6",0.280206146211109,0.278463648834019,1,146,16,63,0,2636,1746.33333333333,1009.8052617543,0.0101432506887052
152808,Rent_Control_Only,6,200,TRUE,6,"1,2,3,4,5,6",0.188727712299788,0.188775510204082,0,,17,40,1032,3069,1838.33333333333,708.557878134642,0.0113712737127371
152809,Rent_Control_Only,6,200,TRUE,5,"1,2,4,5,6",0.349632690541782,0.239583333333333,1,200,29,78,0,2524,1210,859.144458167542,0.0104971751412429
152810,Rent_Control_Only,6,200,TRUE,5,"1,3,4,5,6",0.284201049687775,0.25,1,97,12,45,0,2211,1450.16666666667,852.248887747392,0.00935873015873016
152811,Rent_Control_Only,6,200,TRUE,5,"1,2,3,4,5",0.31682371868536,0.232142857142857,1,101,14,62,200,2856,1450.33333333333,903.816057982301,0.00840117994100295
152812,Rent_Control_Only,6,200,TRUE,5,"1,2,4,5,6",0.288686459739091,0.211734693877551,1,62,19,40,0,2433,1482,864.488056597661,0.00957971014492754
152813,Rent_Control_Only,6,200,TRUE,6,"1,2,3,4,5,6",0.206673114119923,0.201530612244898,0,,19,41,848,2602,1723.33333333333,700.181595492674,0.00949019607843137
152814,Rent_Control_Only,6,200,TRUE,5,"1,2,3,5,6",0.279975530179445,0.214285714285714,2,153,30,36,0,2544,1634.66666666667,938.281762940465,0.00722741433021807
152815,Rent_Control_Only,6,200,TRUE,5,"1,2,3,4,6",0.389754394926148,0.221938775510204,1,100,11,50,0,3210,1305.16666666667,1067.88715071709,0.00848351648351648
152816,Rent_Control_Only,6,200,TRUE,3,"1,3,6",0.639398508838067,0.40625,3,159,14,94,0,2059,663.166666666667,903.591814187505,0.00996039603960396
152817,Rent_Control_Only,6,200,TRUE,4,"2,3,4,5",0.462151827228088,0.262002743484225,2,119,25,55,0,3240,1278.5,1208.19779009896,0.0106833333333333
152818,Rent_Control_Only,6,200,TRUE,5,"1,3,4,5,6",0.230006466910972,0.354591836734694,1,163,26,78,190,2411,1546.33333333333,747.438470154344,0.0105497076023392
152819,Rent_Control_Only,6,200,TRUE,4,"1,3,5,6",0.379411171607179,0.253772290809328,3,93,4,108,0,1395,826.5,656.324538623995,0.00907142857142857
152820,Rent_Control_Only,6,200,TRUE,5,"1,2,3,5,6",0.281411938892254,0.275147928994083,1,147,18,58,0,2748,1651,952.975970316146,0.00767878787878788
152821,Rent_Control_Only,6,200,TRUE,2,"4,5",0.672740856233353,0.6953125,4,126,17,50,0,2855,855.166666666667,1274.98869276032,0.00952188552188552
152822,Rent_Control_Only,6,200,TRUE,6,"1,2,3,4,5,6",0.172439633638634,0.191326530612245,0,,10,23,908,2636,2001.66666666667,695.517840653039,0.00851633986928105
152823,Rent_Control_Only,6,200,TRUE,6,"1,2,3,4,5,6",0.199555206698064,0.209183673469388,0,,10,32,557,2855,2123.33333333333,904.053464495694,0.00903244837758112
152824,Rent_Control_Only,6,200,TRUE,6,"1,2,3,4,5,6",0.170586611456177,0.170918367346939,0,,17,16,1086,2670,2012.5,721.371402260999,0.00867787114845938
152825,Rent_Control_Only,6,200,TRUE,5,"1,2,3,4,5",0.318756131057485,0.20414201183432,1,179,18,46,0,2306,1415.83333333333,898.257739552889,0.00971771771771772
152826,Rent_Control_Only,6,200,TRUE,5,"1,3,4,5,6",0.321952573558569,0.253772290809328,1,115,20,51,0,2494,1401,888.324715405352,0.0091764705882353
152827,Rent_Control_Only,6,200,TRUE,6,"1,2,3,4,5,6",0.261742424242424,0.186224489795918,0,,8,47,835,3438,1906.66666666667,1005.84723823584,0.00941954022988506
152828,Rent_Control_Only,6,200,TRUE,5,"2,3,4,5,6",0.28207343412527,0.237311385459534,1,144,25,37,202,2454,1543.33333333333,860.935460221419,0.00851594202898551
152829,Rent_Control_Only,6,200,TRUE,4,"3,4,5,6",0.388876696294671,0.278463648834019,2,91,12,40,0,2589,1518.83333333333,1229.60374375921,0.0108316831683168
152830,Rent_Control_Only,6,200,TRUE,6,"1,2,3,4,5,6",0.170170903346259,0.221938775510204,0,,10,46,1072,2754,1934.16666666667,637.739889505641,0.00855932203389831
152831,Rent_Control_Only,6,200,TRUE,5,"1,2,3,4,6",0.280832030571478,0.245562130177515,1,112,15,89,200,2431,1279.33333333333,730.552850016114,0.0104984984984985
152832,Rent_Control_Only,6,200,TRUE,4,"1,3,4,6",0.443618739903069,0.267489711934156,2,121,11,58,0,2075,1031.66666666667,902.390750543614,0.00779047619047619
152833,Rent_Control_Only,6,200,TRUE,4,"2,4,5,6",0.421064283701646,0.393491124260355,2,162,11,57,0,2568,1380.16666666667,1163.35470371966,0.00968141592920354
152834,Rent_Control_Only,6,200,TRUE,6,"1,2,3,4,5,6",0.223893434025592,0.198979591836735,0,,14,83,595,2052,1324.16666666667,576.796469013695,0.00806267806267806
152835,Rent_Control_Only,6,200,TRUE,5,"2,3,4,5,6",0.271465286936526,0.229591836734694,1,114,24,35,0,2497,1642.83333333333,924.937493383562,0.0101812865497076
152836,Rent_Control_Only,6,200,TRUE,6,"1,2,3,4,5,6",0.208753807442723,0.183673469387755,0,,11,50,988,3165,2097.5,861.501654090113,0.0101792717086835
152837,Rent_Control_Only,6,200,TRUE,5,"2,3,4,5,6",0.268379915558812,0.20414201183432,1,174,24,30,0,2294,1592.16666666667,899.998314813237,0.00859259259259259
152838,Rent_Control_Only,6,200,TRUE,4,"1,2,5,6",0.486207590858754,0.313609467455621,2,152,21,97,0,2624,1103.66666666667,1061.42953919074,0.0088256880733945
152839,Rent_Control_Only,6,200,TRUE,6,"1,2,3,4,5,6",0.214382816748233,0.191326530612245,0,,9,31,985,3366,2043.33333333333,865.035644737641,0.00892528735632184
152840,Rent_Control_Only,6,200,TRUE,5,"1,2,4,5,6",0.334639618871984,0.229591836734694,1,68,14,58,0,2735,1446,946.281353509621,0.0083921568627451
152841,Rent_Control_Only,6,200,TRUE,6,"1,2,3,4,5,6",0.202813852813853,0.191326530612245,0,,18,29,807,2798,1796.66666666667,709.868062858632,0.00859130434782609
152842,Rent_Control_Only,6,200,TRUE,6,"1,2,3,4,5,6",0.240525433202907,0.191326530612245,0,,11,92,680,2443,1490.83333333333,746.39678902489,0.00928851540616247
152843,Rent_Control_Only,6,200,TRUE,5,"1,2,3,5,6",0.356790396229194,0.229080932784636,1,81,22,58,0,2892,1508.66666666667,1077.99808286781,0.0095768115942029
152844,Rent_Control_Only,6,200,TRUE,5,"1,3,4,5,6",0.357606438213915,0.263313609467456,1,181,14,89,0,2596,1284,901.916404108496,0.010568306010929
152845,Rent_Control_Only,6,200,TRUE,5,"1,2,3,4,6",0.381861025477481,0.237244897959184,1,112,16,56,0,3222,1567.83333333333,1159.16321830304,0.0102986666666667
152846,Rent_Control_Only,6,200,TRUE,6,"1,2,3,4,5,6",0.151377132876528,0.191326530612245,0,,16,34,1221,2757,2067.5,643.726261698247,0.00980451127819549
152847,Rent_Control_Only,6,200,TRUE,6,"1,2,3,4,5,6",0.272309648704498,0.206632653061225,0,,15,64,592,3233,1747.5,940.88399922626,0.00963914373088685
152848,Rent_Control_Only,6,200,TRUE,2,"3,4",0.778959810874705,0.7312,4,71,23,119,0,3540,705,1416.01906766823,0.0103111111111111
152849,Rent_Control_Only,6,200,TRUE,6,"1,2,3,4,5,6",0.232345407976583,0.176020408163265,0,,14,87,922,2553,1518.33333333333,750.88845154701,0.00897747747747748
152850,Rent_Control_Only,6,200,TRUE,3,"3,4,6",0.586138613861386,0.357277882797732,3,90,12,62,0,2860,1010,1213.77691525255,0.00999339933993399
152851,Rent_Control_Only,6,200,TRUE,5,"1,3,4,5,6",0.36290094672884,0.240054869684499,1,85,18,52,0,3028,1572.66666666667,1163.0008885064,0.0106911314984709
152852,Rent_Control_Only,6,200,TRUE,5,"1,2,3,5,6",0.293652913161526,0.237244897959184,1,117,20,67,0,2048,1248.16666666667,737.946994483118,0.00945345345345345
152853,Rent_Control_Only,6,200,TRUE,5,"2,3,4,5,6",0.381237401785347,0.221938775510204,1,108,8,73,0,2540,1350.5,1001.3594259805,0.00842016806722689
152854,Rent_Control_Only,6,200,TRUE,6,"1,2,3,4,5,6",0.218879932117098,0.182441700960219,0,,16,47,869,2885,1964.16666666667,844.331787075831,0.00872463768115942
152855,Rent_Control_Only,6,200,TRUE,4,"2,4,5,6",0.4966563171722,0.296398891966759,3,92,14,53,0,3433,1395.66666666667,1360.14611960137,0.00997796143250689
152856,Rent_Control_Only,6,200,TRUE,6,"1,2,3,4,5,6",0.167350778176843,0.193877551020408,0,,15,48,1122,2341,1624.16666666667,564.449613930833,0.00848333333333333
152857,Rent_Control_Only,6,200,TRUE,6,"1,2,3,4,5,6",0.236673215455141,0.193877551020408,0,,3,59,953,2719,1696.66666666667,817.205645273371,0.00828908554572271
152858,Rent_Control_Only,6,200,TRUE,5,"1,2,4,5,6",0.335045211131595,0.216,1,164,14,57,0,2571,1265.66666666667,850.046273250266,0.00837908496732026
152859,Rent_Control_Only,6,200,TRUE,6,"1,2,3,4,5,6",0.214041604754829,0.181122448979592,0,,10,37,988,3293,2243.33333333333,944.491115186727,0.00932808398950131
152860,Rent_Control_Only,6,200,TRUE,6,"1,2,3,4,5,6",0.169486590038314,0.191326530612245,0,,14,52,1200,2740,1812.5,605.170306607983,0.00817391304347826
152861,Rent_Control_Only,6,200,TRUE,5,"2,3,4,5,6",0.313971769370108,0.278463648834019,1,132,11,57,0,2722,1625.5,1014.75607906531,0.00873873873873874
152862,Rent_Control_Only,6,200,TRUE,3,"1,4,6",0.566358672826543,0.395408163265306,3,88,11,97,0,2353,793.666666666667,932.040485529822,0.00806666666666667
152863,Rent_Control_Only,6,200,TRUE,6,"1,2,3,4,5,6",0.189250623258542,0.186224489795918,0,,13,51,1120,2809,1894.16666666667,715.904579302764,0.0088671679197995
152864,Rent_Control_Only,6,200,TRUE,4,"1,4,5,6",0.515690681316852,0.255,2,98,16,83,0,3379,1334.83333333333,1387.6353147231,0.0116261682242991
152865,Rent_Control_Only,6,200,TRUE,6,"1,2,3,4,5,6",0.126080363912054,0.191326530612245,0,,20,27,1310,2748,2198.33333333333,550.766617240612,0.0101120943952802
152866,Rent_Control_Only,6,200,TRUE,4,"2,3,4,6",0.347968012994721,0.409090909090909,2,126,20,42,0,2835,1778.5,1318.29871425258,0.00884084084084084
152867,Rent_Control_Only,6,200,TRUE,6,"1,2,3,4,5,6",0.18601871850252,0.183673469387755,0,,6,40,1025,2912,1929.16666666667,702.223729780379,0.00756639566395664
152868,Rent_Control_Only,6,200,TRUE,5,"1,2,3,4,5",0.423208818126148,0.20414201183432,1,155,14,68,0,3407,1360.83333333333,1180.19208888497,0.009
152869,Rent_Control_Only,6,200,TRUE,6,"1,2,3,4,5,6",0.211596548004315,0.188775510204082,0,,12,47,1096,2980,2060,869.623366751377,0.00891803278688525
152870,Rent_Control_Only,6,200,TRUE,3,"2,4,5",0.590341488277268,0.351851851851852,3,71,18,84,0,2436,872,1055.40513548116,0.00948148148148148
152871,Rent_Control_Only,6,200,TRUE,6,"1,2,3,4,5,6",0.201841698298889,0.188775510204082,0,,19,47,744,3284,1975.83333333333,821.112761237253,0.00972937293729373
152872,Rent_Control_Only,6,200,TRUE,5,"1,2,3,4,6",0.36435261707989,0.210059171597633,2,178,9,41,0,2892,1512.5,1080.34749039372,0.00893851132686084
152873,Rent_Control_Only,6,200,TRUE,6,"1,2,3,4,5,6",0.309574613595951,0.191326530612245,0,,5,47,711,3785,2030.83333333333,1229.99518969249,0.0101846153846154
152874,Rent_Control_Only,6,200,TRUE,4,"2,3,4,5",0.413413295703982,0.315972222222222,2,156,14,53,0,2702,1417.33333333333,1176.19278465168,0.00892361111111111
152875,Rent_Control_Only,6,200,TRUE,5,"1,2,3,5,6",0.313059382053078,0.214285714285714,1,117,8,68,0,2515,1427.66666666667,892.340891513253,0.00901557632398754
152876,Rent_Control_Only,6,200,TRUE,5,"1,2,3,5,6",0.232040159859635,0.25,1,189,10,47,0,2348,1709.83333333333,889.897166343767,0.00900617283950617
152877,Rent_Control_Only,6,200,TRUE,6,"1,2,3,4,5,6",0.16257138877281,0.185185185185185,0,,18,25,1085,2590,1994.16666666667,665.869181346206,0.00987610619469027
152878,Rent_Control_Only,6,200,TRUE,5,"1,2,3,4,5",0.287288694505189,0.252551020408163,1,95,17,37,200,2650,1600.5,908.375638158576,0.0096358024691358
152879,Rent_Control_Only,6,200,TRUE,3,"3,5,6",0.645933362432708,0.351851851851852,4,66,19,81,0,2774,763.666666666667,1083.27091102211,0.0109964157706093
152880,Rent_Control_Only,6,200,TRUE,6,"1,2,3,4,5,6",0.262841530054645,0.186224489795918,0,,14,47,595,2730,1779.16666666667,958.508720182903,0.0103154761904762
152881,Rent_Control_Only,6,200,TRUE,5,"1,2,4,5,6",0.265179752314537,0.23469387755102,1,86,15,92,174,2237,1386.16666666667,731.669164764149,0.0128690476190476
152882,Rent_Control_Only,6,200,TRUE,3,"1,5,6",0.565678372673191,0.346938775510204,3,73,20,48,0,2832,1158,1353.01278634017,0.00858823529411765
152883,Rent_Control_Only,6,200,TRUE,6,"1,2,3,4,5,6",0.176510272922416,0.211734693877551,0,,13,57,944,2706,1811.66666666667,630.329014615912,0.00816352201257862
152884,Rent_Control_Only,6,200,TRUE,6,"1,2,3,4,5,6",0.209651257096513,0.191326530612245,0,,8,32,950,2648,1712.5,704.530694860061,0.0085607476635514
152885,Rent_Control_Only,6,200,TRUE,6,"1,2,3,4,5,6",0.288361491016358,0.188775510204082,0,,18,34,534,4004,2071.66666666667,1187.85128137603,0.012464
152886,Rent_Control_Only,6,200,TRUE,5,"1,2,4,5,6",0.353109291971851,0.237244897959184,1,68,10,58,0,3544,1934.16666666667,1325.23000519407,0.00872268907563025
152887,Rent_Control_Only,6,200,TRUE,6,"1,2,3,4,5,6",0.22823962838379,0.216836734693878,0,,13,51,786,2794,1734.16666666667,765.601832982828,0.00859383753501401
152888,Rent_Control_Only,6,200,TRUE,5,"1,2,4,5,6",0.373028980378278,0.222222222222222,1,200,12,61,0,2776,1412.83333333333,1052.01471789451,0.00911695906432749
152889,Rent_Control_Only,6,200,TRUE,6,"1,2,3,4,5,6",0.187742594484168,0.196428571428571,0,,14,69,913,2307,1631.66666666667,605.413797882627,0.0106778711484594
152890,Rent_Control_Only,6,200,TRUE,5,"1,2,3,4,5",0.308903477279721,0.209829867674858,1,191,7,50,0,2734,1624.83333333333,1001.45921867376,0.00909144542772861
152891,Rent_Control_Only,6,200,TRUE,4,"3,4,5,6",0.456369458621035,0.39030612244898,2,132,10,48,0,3852,1665.5,1500.03889949561,0.00784242424242424
152892,Rent_Control_Only,6,200,TRUE,4,"1,3,5,6",0.42752108969894,0.293367346938775,2,145,12,63,0,3000,1435.66666666667,1219.13193160817,0.00842483660130719
152893,Rent_Control_Only,6,200,TRUE,6,"1,2,3,4,5,6",0.232720869698362,0.173469387755102,0,,18,46,928,2889,1814.16666666667,827.63504436839,0.00856111111111111
152894,Rent_Control_Only,6,200,TRUE,6,"1,2,3,4,5,6",0.176429317808628,0.209183673469388,0,,25,65,1081,2849,1860.83333333333,646.399076938285,0.00928571428571429
152895,Rent_Control_Only,6,200,TRUE,6,"1,2,3,4,5,6",0.218446601941747,0.176020408163265,0,,2,42,1050,2859,1888.33333333333,847.978458845899,0.00978947368421053
152896,Rent_Control_Only,6,200,TRUE,6,"1,2,3,4,5,6",0.224816326530612,0.181122448979592,0,,9,34,1149,3113,2041.66666666667,938.490845275897,0.00873846153846154
152897,Rent_Control_Only,6,200,TRUE,3,"1,2,4",0.584797062617843,0.392561983471074,4,52,12,67,0,3481,1119.66666666667,1363.34803578054,0.00892592592592593
152898,Rent_Control_Only,6,200,TRUE,4,"3,4,5,6",0.448851664559629,0.283950617283951,3,78,13,80,0,2184,1054.66666666667,940.26372187098,0.010019801980198
152899,Rent_Control_Only,6,200,TRUE,5,"2,3,4,5,6",0.321651815400984,0.215363511659808,1,90,20,42,0,2180,1253.16666666667,806.700791289228,0.00997460317460317
152900,Rent_Control_Only,6,200,TRUE,6,"1,2,3,4,5,6",0.228953131844065,0.178571428571429,0,,14,44,897,2993,1902.5,854.335238650496,0.00934453781512605
152901,Rent_Control_Only,6,200,TRUE,6,"1,2,3,4,5,6",0.214451201853461,0.181122448979592,0,,7,26,821,2846,1918.33333333333,797.156864529602,0.00870588235294118
152902,Rent_Control_Only,6,200,TRUE,5,"1,3,4,5,6",0.316973046577756,0.252551020408163,1,145,21,62,0,2454,1387.16666666667,872.314946946725,0.009
152903,Rent_Control_Only,6,200,TRUE,5,"1,3,4,5,6",0.28036589023293,0.23469387755102,1,109,17,53,0,2533,1667.16666666667,966.18102168624,0.0107806267806268
152904,Rent_Control_Only,6,200,TRUE,6,"1,2,3,4,5,6",0.174283973187081,0.183673469387755,0,,16,64,959,2608,1823.33333333333,622.947723863461,0.0102739018087855
152905,Rent_Control_Only,6,200,TRUE,6,"1,2,3,4,5,6",0.252592592592593,0.173469387755102,0,,9,57,767,2803,1875,975.110455281862,0.00919191919191919
152906,Rent_Control_Only,6,200,TRUE,6,"1,2,3,4,5,6",0.178186968838527,0.198979591836735,0,,25,53,902,2709,1765,617.176149895636,0.0136100628930818
152907,Rent_Control_Only,6,200,TRUE,6,"1,2,3,4,5,6",0.156606919549812,0.181122448979592,0,,10,53,1228,2808,1999.16666666667,603.026837434841,0.00878933333333333
152908,Rent_Control_Only,6,200,TRUE,4,"1,3,4,5",0.37686428038777,0.387755102040816,2,187,6,51,0,3007,1788,1416.14928591586,0.010070796460177
152909,Rent_Control_Only,6,200,TRUE,6,"1,2,3,4,5,6",0.248194382523406,0.183673469387755,0,,16,53,830,3159,1869.16666666667,913.983242005381,0.00856896551724138
152910,Rent_Control_Only,6,200,TRUE,5,"1,2,3,4,5",0.368384916024084,0.26530612244898,1,89,6,70,0,3207,1577.83333333333,1139.21295931299,0.00845402298850575
152911,Rent_Control_Only,6,200,TRUE,5,"1,2,4,5,6",0.325197680548234,0.227040816326531,1,104,8,55,198,3013,1580.83333333333,1032.56484864955,0.00755952380952381
152912,Rent_Control_Only,6,200,TRUE,5,"1,3,4,5,6",0.248380097927112,0.27437641723356,1,199,4,54,0,2753,1894.83333333333,1015.49424748083,0.0082962962962963
152913,Rent_Control_Only,6,200,TRUE,6,"1,2,3,4,5,6",0.196929824561404,0.232142857142857,0,,1,63,1150,2807,1773.33333333333,713.996825389768,0.00926253687315634
152914,Rent_Control_Only,6,200,TRUE,6,"1,2,3,4,5,6",0.227715555555555,0.211734693877551,0,,10,79,909,2549,1562.5,754.375967273614,0.00915099715099715
152915,Rent_Control_Only,6,200,TRUE,5,"1,2,3,5,6",0.397330097087379,0.201646090534979,1,165,14,77,0,3012,1373.33333333333,1092.86772606142,0.00829230769230769
152916,Rent_Control_Only,6,200,TRUE,5,"1,2,3,5,6",0.329910532736885,0.251028806584362,1,123,11,63,0,3402,1639.33333333333,1106.51988986492,0.00748320413436693
152917,Rent_Control_Only,6,200,TRUE,6,"1,2,3,4,5,6",0.227985127985128,0.191326530612245,0,,12,40,1004,3123,1942.5,870.046148201347,0.00935
152918,Rent_Control_Only,6,200,TRUE,5,"1,2,3,4,5",0.329406801661474,0.295918367346939,2,89,22,23,0,3543,1712,1158.44292047558,0.00917152103559871
152919,Rent_Control_Only,6,200,TRUE,5,"1,2,3,4,6",0.294800171895144,0.252551020408163,1,142,16,44,0,2420,1551.33333333333,929.125323444941,0.00976436781609195
152920,Rent_Control_Only,6,200,TRUE,6,"1,2,3,4,5,6",0.23582778062532,0.170918367346939,0,,8,55,898,2695,1625.83333333333,775.336163652042,0.00765641025641026
152921,Rent_Control_Only,6,200,TRUE,6,"1,2,3,4,5,6",0.242452161587527,0.168367346938776,0,,16,101,720,2664,1175.83333333333,735.466767887351,0.00934615384615385
152922,Rent_Control_Only,6,200,TRUE,5,"1,2,3,4,6",0.334290046572078,0.221938775510204,1,46,17,63,0,3056,1538.83333333333,1044.77105945114,0.0078361581920904
152923,Rent_Control_Only,6,200,TRUE,6,"1,2,3,4,5,6",0.191798035183916,0.206632653061225,0,,18,99,704,1980,1215.83333333333,466.382854173121,0.0089030303030303
152924,Rent_Control_Only,6,200,TRUE,6,"1,2,3,4,5,6",0.258603645350633,0.201530612244898,0,,14,34,594,3145,1798.33333333333,912.204947731959,0.00915966386554622
152925,Rent_Control_Only,6,200,TRUE,6,"1,2,3,4,5,6",0.250526497496979,0.209183673469388,0,,15,91,720,2639,1609.16666666667,791.734656729555,0.0101386666666667
152926,Rent_Control_Only,6,200,TRUE,5,"1,2,4,5,6",0.327634056893646,0.214285714285714,1,104,16,95,0,2292,1121,748.671089330956,0.00891666666666667
152927,Rent_Control_Only,6,200,TRUE,5,"1,3,4,5,6",0.275644792686908,0.227040816326531,1,91,14,121,0,1338,850.833333333334,480.316319384077,0.00902752293577982
152928,Rent_Control_Only,6,200,TRUE,5,"1,2,3,4,6",0.21256292228593,0.311385459533608,1,76,19,48,0,2746,2063.83333333333,1047.37833024493,0.00815615615615616
152929,Rent_Control_Only,6,200,TRUE,6,"1,2,3,4,5,6",0.308664898320071,0.186224489795918,0,,10,43,534,3424,1885,1131.67221402666,0.0114252873563218
152930,Rent_Control_Only,6,200,TRUE,3,"3,5,6",0.547270955165692,0.594387755102041,3,105,13,50,0,3239,1368,1545.53796459356,0.00851633986928105
152931,Rent_Control_Only,6,200,TRUE,6,"1,2,3,4,5,6",0.260329531051964,0.193877551020408,0,,11,89,596,2586,1315,706.261141505039,0.00987277353689568
152932,Rent_Control_Only,6,200,TRUE,5,"2,3,4,5,6",0.231801667581484,0.280612244897959,1,192,20,23,0,2886,2125.5,1117.18176676851,0.00843410852713178
152933,Rent_Control_Only,6,200,TRUE,4,"1,2,3,6",0.450319096710849,0.3046875,2,123,14,83,0,2309,1131.66666666667,1020.00660128583,0.00895709570957096
152934,Rent_Control_Only,6,200,TRUE,6,"1,2,3,4,5,6",0.257764782326186,0.196428571428571,0,,14,52,849,3042,1710,876.62876977658,0.00948909657320872
152935,Rent_Control_Only,6,200,TRUE,5,"1,3,4,5,6",0.3875224955009,0.212620027434842,1,139,20,41,0,3381,1667,1256.34533469106,0.0115718654434251
152936,Rent_Control_Only,6,200,TRUE,6,"1,2,3,4,5,6",0.227061003043536,0.232142857142857,0,,9,36,937,3361,2099.16666666667,919.113794188003,0.00932266666666667
152937,Rent_Control_Only,6,200,TRUE,4,"2,3,5,6",0.505070330389271,0.358024691358025,2,162,8,65,0,3385,1358.66666666667,1372.36214851134,0.0085819209039548
152938,Rent_Control_Only,6,200,TRUE,6,"1,2,3,4,5,6",0.160608734009704,0.204081632653061,0,,20,47,1382,2781,1889.16666666667,667.858193531132,0.00777401129943503
152939,Rent_Control_Only,6,200,TRUE,5,"1,2,4,5,6",0.43579641627269,0.231824417009602,1,140,11,67,0,2246,951.833333333333,815.203880429103,0.00916498316498317
152940,Rent_Control_Only,6,200,TRUE,6,"1,2,3,4,5,6",0.233906013137948,0.183673469387755,0,,12,76,810,2663,1649.16666666667,765.66008559064,0.00993220338983051
152941,Rent_Control_Only,6,200,TRUE,5,"1,2,3,5,6",0.329284281968224,0.244897959183673,1,75,14,85,0,2455,1440.66666666667,938.328016562794,0.00763461538461539
152942,Rent_Control_Only,6,200,TRUE,5,"1,3,4,5,6",0.346871444823663,0.206049149338374,1,193,18,53,0,2485,1465,1018.6455713348,0.0084
152943,Rent_Control_Only,6,200,TRUE,4,"1,3,5,6",0.313278948561069,0.255,2,177,27,101,0,1125,735.5,499.858680028666,0.0090873786407767
152944,Rent_Control_Only,6,200,TRUE,6,"1,2,3,4,5,6",0.195075052722987,0.191326530612245,0,,12,35,1164,3459,2239.16666666667,868.985020967949,0.00872916666666667
152945,Rent_Control_Only,6,200,TRUE,3,"3,5,6",0.563437633947707,0.385041551246537,3,105,11,83,0,2101,777.666666666667,903.867394403995,0.00970909090909091
152946,Rent_Control_Only,6,200,TRUE,5,"1,2,3,4,6",0.276111408677022,0.232142857142857,1,106,6,26,0,3131,1867,1061.44241482993,0.0107040498442368
152947,Rent_Control_Only,6,200,TRUE,5,"1,2,3,4,5",0.361428711032933,0.229591836734694,1,185,10,61,198,3132,1705.5,1232.41628518938,0.0104
152948,Rent_Control_Only,6,200,TRUE,6,"1,2,3,4,5,6",0.193093093093093,0.191326530612245,0,,17,79,1103,2815,1850,715.082652565422,0.00748387096774194
152949,Rent_Control_Only,6,200,TRUE,5,"1,2,3,5,6",0.373734061930783,0.230769230769231,1,177,5,66,0,2932,1525,1107.17640870821,0.0081029810298103
152950,Rent_Control_Only,6,200,TRUE,6,"1,2,3,4,5,6",0.23903462749213,0.201530612244898,0,,8,81,907,2832,1588.33333333333,775.202855171901,0.0106842105263158
152951,Rent_Control_Only,6,200,TRUE,4,"1,2,4,6",0.421950746558076,0.290816326530612,2,112,15,56,0,2421,1146,968.705734472549,0.00736296296296296
152952,Rent_Control_Only,6,200,TRUE,5,"1,3,4,5,6",0.305344653985359,0.22117202268431,1,181,11,29,0,3190,2041.5,1269.39209860468,0.00962133333333333
152953,Rent_Control_Only,6,200,TRUE,6,"1,2,3,4,5,6",0.230051736881005,0.176020408163265,0,,12,64,885,2809,1879.16666666667,878.839101694199,0.00813223140495868
152954,Rent_Control_Only,6,200,TRUE,5,"2,3,4,5,6",0.266347022444583,0.245541838134431,1,108,22,41,0,2532,1599,886.732428638989,0.00777380952380952
152955,Rent_Control_Only,6,200,TRUE,6,"1,2,3,4,5,6",0.220835438773791,0.188775510204082,0,,24,67,842,2557,1649.16666666667,721.41760906334,0.0102296918767507
152956,Rent_Control_Only,6,200,TRUE,6,"1,2,3,4,5,6",0.226448195961602,0.181122448979592,0,,14,53,842,2594,1678.33333333333,754.070730546324,0.00896296296296296
152957,Rent_Control_Only,6,200,TRUE,6,"1,2,3,4,5,6",0.221884591774094,0.186224489795918,0,,16,66,895,2738,1810,805.659977906313,0.00734567901234568
152958,Rent_Control_Only,6,200,TRUE,6,"1,2,3,4,5,6",0.187768171629843,0.229591836734694,0,,8,59,992,2552,1735,635.198866497729,0.0124986449864499
152959,Rent_Control_Only,6,200,TRUE,5,"2,3,4,5,6",0.28050856474093,0.2352,1,174,20,39,0,2579,1566.5,895.292968809652,0.00807079646017699
152960,Rent_Control_Only,6,200,TRUE,5,"1,2,3,4,6",0.35045911674683,0.207133058984911,1,118,6,41,0,3487,1905.83333333333,1304.01616810018,0.00763106796116505
152961,Rent_Control_Only,6,200,TRUE,5,"1,3,4,5,6",0.303858397576037,0.227810650887574,1,169,12,69,188,2433,1448.5,867.722709164627,0.00815032679738562
892949,UBI_Only,6,200,TRUE,6,"1,2,3,4,5,6",0.164242975081421,0.196428571428571,0,,18,75,1839,4899,3667.5,1219.30976375981,0.0149846153846154
892950,UBI_Only,6,200,TRUE,6,"1,2,3,4,5,6",0.272316259983879,0.181122448979592,0,,16,90,919,5612,3790.83333333333,2175.72299860682,0.00910493827160494
892951,UBI_Only,6,200,TRUE,6,"1,2,3,4,5,6",0.323737754333082,0.188775510204082,0,,16,127,960,4478,2211.66666666667,1558.31815322375,0.00928528528528529
892952,UBI_Only,6,200,TRUE,6,"1,2,3,4,5,6",0.230257668711656,0.209183673469388,0,,4,60,1128,4764,3395.83333333333,1675.29274058794,0.00963174603174603
892953,UBI_Only,6,200,TRUE,5,"1,3,4,5,6",0.290726879991962,0.281207133058985,1,85,6,90,400,5157,3317.83333333333,1925.69025719784,0.00819649122807018
892954,UBI_Only,6,200,TRUE,6,"1,2,3,4,5,6",0.182524483133841,0.181122448979592,0,,20,68,1372,5153,3829.16666666667,1419.40627258959,0.00864406779661017
892955,UBI_Only,6,200,TRUE,5,"2,3,4,5,6",0.290398404482644,0.210059171597633,2,120,20,70,0,5334,3509.83333333333,2158.38424907769,0.0119938837920489
892956,UBI_Only,6,200,TRUE,6,"1,2,3,4,5,6",0.273469072960049,0.211734693877551,0,,4,104,1033,5649,3601.66666666667,1974.02792955588,0.00980577427821522
892957,UBI_Only,6,200,TRUE,6,"1,2,3,4,5,6",0.100228725193407,0.209183673469388,0,,12,49,2783,4944,4129.16666666667,832.521811526081,0.0116047197640118
892958,UBI_Only,6,200,TRUE,6,"1,2,3,4,5,6",0.158064092461256,0.211734693877551,0,,17,41,1407,5670,4230,1477.92246075361,0.00903763440860215
892959,UBI_Only,6,200,TRUE,6,"1,2,3,4,5,6",0.299151013477661,0.188775510204082,0,,22,103,1276,5021,2617.5,1629.18786516473,0.00804804804804805
892960,UBI_Only,6,200,TRUE,6,"1,2,3,4,5,6",0.233258887027731,0.204081632653061,0,,14,122,1070,4590,2985,1360.22027627881,0.00936363636363636
892961,UBI_Only,6,200,TRUE,6,"1,2,3,4,5,6",0.24341707675041,0.181122448979592,0,,26,99,895,5503,3217.5,1551.36594651294,0.00985434173669468
892962,UBI_Only,6,200,TRUE,6,"1,2,3,4,5,6",0.233348069554966,0.211734693877551,0,,10,64,1235,5349,3770,1804.36725751716,0.009904
892963,UBI_Only,6,200,TRUE,5,"1,2,4,5,6",0.322650704523784,0.307692307692308,1,110,14,85,0,4991,3146.33333333333,2033.19312084875,0.0116610169491525
892964,UBI_Only,6,200,TRUE,6,"1,2,3,4,5,6",0.215783638235527,0.170918367346939,0,,18,79,1085,5076,3507.5,1523.80034781463,0.00879127725856698
892965,UBI_Only,6,200,TRUE,6,"1,2,3,4,5,6",0.134955028618152,0.218106995884774,0,,24,43,1503,5057,4076.66666666667,1299.49615877334,0.0113221288515406
892966,UBI_Only,6,200,TRUE,6,"1,2,3,4,5,6",0.248615409029596,0.201530612244898,0,,10,78,929,5222,3500.83333333333,1809.98026692742,0.00919327731092437
892967,UBI_Only,6,200,TRUE,5,"1,3,4,5,6",0.282680563845906,0.2864,1,133,24,55,0,5215,3629.83333333333,2251.30712402077,0.0110382513661202
892968,UBI_Only,6,200,TRUE,5,"1,2,3,4,6",0.334688194950571,0.233727810650888,1,142,8,116,0,5035,2972.83333333333,2014.94609522604,0.00975
892969,UBI_Only,6,200,TRUE,6,"1,2,3,4,5,6",0.262628116873183,0.181122448979592,0,,17,56,1177,5717,3631.66666666667,1963.27254008878,0.00984533333333333
892970,UBI_Only,6,200,TRUE,6,"1,2,3,4,5,6",0.218540433925049,0.227040816326531,0,,12,70,1466,5136,3661.66666666667,1683.43537644504,0.00812994350282486
892971,UBI_Only,6,200,TRUE,6,"1,2,3,4,5,6",0.34828797190518,0.204081632653061,0,,2,107,741,5866,2847.5,1956.72959296884,0.00981120943952802
892972,UBI_Only,6,200,TRUE,6,"1,2,3,4,5,6",0.178385673842913,0.193877551020408,0,,20,46,1282,5646,4219.16666666667,1594.52079530706,0.00771988795518207
892973,UBI_Only,6,200,TRUE,6,"1,2,3,4,5,6",0.302944785276074,0.216836734693878,0,,12,114,823,4971,2716.66666666667,1605.00101765284,0.010012012012012
892974,UBI_Only,6,200,TRUE,6,"1,2,3,4,5,6",0.255020654591674,0.201530612244898,0,,20,84,1134,5260,3496.66666666667,1785.40949551263,0.00746666666666667
892975,UBI_Only,6,200,TRUE,6,"1,2,3,4,5,6",0.1766841468334,0.183673469387755,0,,18,52,1066,5652,4131.66666666667,1608.58032645767,0.0094954954954955
892976,UBI_Only,6,200,TRUE,5,"1,2,3,4,6",0.323447248347146,0.218934911242604,2,154,12,61,0,5819,3579.66666666667,2332.02578602096,0.00843360433604336
892977,UBI_Only,6,200,TRUE,6,"1,2,3,4,5,6",0.192847083240679,0.207133058984911,0,,16,70,1777,5086,3747.5,1525.65326991424,0.00748571428571429
892978,UBI_Only,6,200,TRUE,6,"1,2,3,4,5,6",0.317423652565101,0.181122448979592,0,,12,88,925,5936,3210.83333333333,1998.21864836325,0.0101530054644809
892979,UBI_Only,6,200,TRUE,6,"1,2,3,4,5,6",0.237474324213294,0.196428571428571,0,,8,105,1180,5268,3380.83333333333,1593.96215973487,0.0086045197740113
892980,UBI_Only,6,200,TRUE,5,"1,3,4,5,6",0.249406739439962,0.21900826446281,1,199,14,48,0,5612,3862.83333333333,2064.96260660252,0.00863934426229508
892981,UBI_Only,6,200,TRUE,6,"1,2,3,4,5,6",0.182387131657205,0.170918367346939,0,,10,59,1080,5400,4110,1622.40845658546,0.008125
892982,UBI_Only,6,200,TRUE,6,"1,2,3,4,5,6",0.1451502597488,0.24234693877551,0,,16,38,1590,5458,4224.16666666667,1368.91554402259,0.0112459016393443
892983,UBI_Only,6,200,TRUE,5,"2,3,4,5,6",0.382534659433394,0.22189349112426,1,138,6,104,0,5276,2949.33333333333,2264.09343152324,0.0106611570247934
892984,UBI_Only,6,200,TRUE,5,"2,3,4,5,6",0.335773476139006,0.262002743484225,1,156,14,88,0,5440,3392.33333333333,2313.8304749196,0.00717261904761905
892985,UBI_Only,6,200,TRUE,6,"1,2,3,4,5,6",0.213773778514484,0.188775510204082,0,,12,91,1640,5935,3519.16666666667,1519.7641154688,0.00916666666666667
892986,UBI_Only,6,200,TRUE,5,"1,2,3,4,5",0.411167983383406,0.224489795918367,1,71,6,96,0,5570,2995.66666666667,2497.78667357056,0.00921321321321321
892987,UBI_Only,6,200,TRUE,6,"1,2,3,4,5,6",0.262140717350822,0.198979591836735,0,,6,84,1141,5411,3430.83333333333,1791.99535899697,0.0097719298245614
892988,UBI_Only,6,200,TRUE,6,"1,2,3,4,5,6",0.289524300188906,0.206632653061225,0,,20,97,1158,5384,3235,1882.10084745744,0.00845614035087719
892989,UBI_Only,6,200,TRUE,6,"1,2,3,4,5,6",0.226578282828283,0.211734693877551,0,,14,97,1216,4861,3520,1704.75464510293,0.00872727272727273
892990,UBI_Only,6,200,TRUE,6,"1,2,3,4,5,6",0.210859063222012,0.201530612244898,0,,16,56,1946,5667,3967.5,1665.41199107008,0.0106611111111111
892991,UBI_Only,6,200,TRUE,5,"1,2,3,4,5",0.456961192205533,0.229591836734694,1,95,10,130,0,6286,2363.5,2212.44902766143,0.0105289256198347
892992,UBI_Only,6,200,TRUE,6,"1,2,3,4,5,6",0.258850637029005,0.191326530612245,0,,11,99,1195,4681,3074.16666666667,1599.35979900292,0.00984423676012461
892993,UBI_Only,6,200,TRUE,6,"1,2,3,4,5,6",0.249182965032597,0.206632653061225,0,,16,106,1095,4684,3280.83333333333,1724.15781373593,0.00902028985507246
892994,UBI_Only,6,200,TRUE,6,"1,2,3,4,5,6",0.151458822113938,0.183673469387755,0,,14,25,2253,6444,4617.5,1409.91982041533,0.00960330578512397
892995,UBI_Only,6,200,TRUE,6,"1,2,3,4,5,6",0.24782011671816,0.214285714285714,0,,12,107,889,4757,3236.66666666667,1606.75034360247,0.00983480825958702
892996,UBI_Only,6,200,TRUE,5,"1,2,4,5,6",0.383711050774829,0.204389574759945,1,128,18,83,0,5507,3007.83333333333,2251.57681784714,0.010496
892997,UBI_Only,6,200,TRUE,6,"1,2,3,4,5,6",0.32505453412278,0.204081632653061,0,,8,97,868,4711,2674.16666666667,1719.29443861913,0.0086358024691358
892998,UBI_Only,6,200,TRUE,6,"1,2,3,4,5,6",0.230638746854963,0.232142857142857,0,,12,90,1614,4958,3422.5,1607.1862057646,0.00934871794871795
892999,UBI_Only,6,200,TRUE,5,"1,2,3,4,5",0.311210146316529,0.25765306122449,1,113,12,93,0,5999,3478,2179.31163443873,0.0087008547008547
893000,UBI_Only,6,200,TRUE,6,"1,2,3,4,5,6",0.300800846177093,0.178571428571429,0,,26,77,983,6552,3676.66666666667,2217.79382871057,0.0138125
893001,UBI_Only,6,200,TRUE,6,"1,2,3,4,5,6",0.164071404050807,0.275510204081633,0,,17,59,2118,5387,4045.83333333333,1337.0692452774,0.00974193548387097
893002,UBI_Only,6,200,TRUE,6,"1,2,3,4,5,6",0.292216675910519,0.214285714285714,0,,6,97,1207,4896,3005,1851.98801292017,0.00775438596491228
893003,UBI_Only,6,200,TRUE,6,"1,2,3,4,5,6",0.189358335311338,0.204081632653061,0,,12,71,1581,4876,3510.83333333333,1330.31746837613,0.00955172413793103
893004,UBI_Only,6,200,TRUE,6,"1,2,3,4,5,6",0.2376026272578,0.193877551020408,0,,16,71,1232,5322,3552.5,1676.21737850435,0.0150056497175141
893005,UBI_Only,6,200,TRUE,6,"1,2,3,4,5,6",0.231410409217322,0.201530612244898,0,,18,66,926,4798,3495.83333333333,1816.05423010071,0.00823280423280423
893006,UBI_Only,6,200,TRUE,5,"1,2,3,4,6",0.263160883178404,0.257396449704142,2,130,12,83,0,4979,3424.5,1898.32397129679,0.012078431372549
893007,UBI_Only,6,200,TRUE,6,"1,2,3,4,5,6",0.173276836158192,0.170918367346939,0,,12,45,950,4980,3933.33333333333,1547.56010114847,0.00869182389937107
893008,UBI_Only,6,200,TRUE,6,"1,2,3,4,5,6",0.183727193159631,0.211734693877551,0,,22,44,1132,5711,4125.83333333333,1626.35536297166,0.00919774011299435
893009,UBI_Only,6,200,TRUE,6,"1,2,3,4,5,6",0.202810057046271,0.173469387755102,0,,12,62,1442,5548,3944.16666666667,1603.23615436612,0.00843044619422572
893010,UBI_Only,6,200,TRUE,6,"1,2,3,4,5,6",0.21086233471242,0.206632653061225,0,,10,87,1408,4996,3424.16666666667,1507.22797435115,0.00882777777777778
893011,UBI_Only,6,200,TRUE,5,"1,2,3,4,6",0.338039893702174,0.232142857142857,1,100,6,81,0,5983,3470.33333333333,2324.49062520516,0.0119946666666667
893012,UBI_Only,6,200,TRUE,6,"1,2,3,4,5,6",0.277513932638721,0.232142857142857,0,,16,100,682,5715,3439.16666666667,1920.67669498713,0.00977976190476191
893013,UBI_Only,6,200,TRUE,6,"1,2,3,4,5,6",0.162410193845737,0.196428571428571,0,,14,44,1170,5198,4098.33333333333,1513.78593819161,0.00906870229007634
893014,UBI_Only,6,200,TRUE,5,"2,3,4,5,6",0.385919252585919,0.224852071005917,1,114,8,93,0,6724,3330,2477.79321171078,0.0134425287356322
893015,UBI_Only,6,200,TRUE,6,"1,2,3,4,5,6",0.267396860167944,0.229591836734694,0,,14,97,1176,4728,3043.33333333333,1633.38564542078,0.00956072351421189
893016,UBI_Only,6,200,TRUE,6,"1,2,3,4,5,6",0.138356339468303,0.201646090534979,0,,30,42,1305,5322,4346.66666666667,1509.58360704754,0.00811924119241192
893017,UBI_Only,6,200,TRUE,6,"1,2,3,4,5,6",0.32232135047669,0.204081632653061,0,,14,97,916,5472,3175.83333333333,2084.10070933884,0.00746177370030581
893018,UBI_Only,6,200,TRUE,6,"1,2,3,4,5,6",0.307023033463711,0.185185185185185,0,,10,81,1158,5887,3195.83333333333,1926.1384598898,0.0109201101928375
893019,UBI_Only,6,200,TRUE,6,"1,2,3,4,5,6",0.241718307704078,0.185185185185185,0,,17,68,1091,5780,3630.83333333333,1722.88251679175,0.00791348600508906
893020,UBI_Only,6,200,TRUE,5,"1,2,3,4,6",0.311691098784997,0.234567901234568,1,130,14,79,0,5140,3365.33333333333,2160.3267962664,0.00736111111111111
893021,UBI_Only,6,200,TRUE,5,"1,3,4,5,6",0.32308922949889,0.2256,1,139,12,67,0,5239,3229.5,2198.97964974667,0.00825
893022,UBI_Only,6,200,TRUE,6,"1,2,3,4,5,6",0.242793870139073,0.193877551020408,0,,18,92,1389,4672,3135.83333333333,1521.84354211156,0.00923809523809524
893023,UBI_Only,6,200,TRUE,5,"1,2,4,5,6",0.304849306665375,0.392,1,134,11,92,0,5824,3441.5,2114.39937097985,0.0076530612244898
893024,UBI_Only,6,200,TRUE,6,"1,2,3,4,5,6",0.35520902455209,0.196428571428571,0,,16,119,859,4930,2511.66666666667,1866.42553204425,0.0114
893025,UBI_Only,6,200,TRUE,5,"1,2,3,4,6",0.226346491401723,0.209829867674858,1,184,20,41,0,5968,4209.5,2165.11290698661,0.0100314465408805
893026,UBI_Only,6,200,TRUE,6,"1,2,3,4,5,6",0.0889952441153452,0.218106995884774,0,,24,53,2876,5435,4614.16666666667,908.161531153278,0.00866101694915254
893027,UBI_Only,6,200,TRUE,4,"1,3,4,5",0.427180494190804,0.281207133058985,3,115,14,97,0,6045,3055.5,2594.60546133704,0.00850980392156863
893028,UBI_Only,6,200,TRUE,6,"1,2,3,4,5,6",0.311385767790262,0.204081632653061,0,,8,94,624,5865,3337.5,2021.10788925282,0.00921311475409836
893029,UBI_Only,6,200,TRUE,6,"1,2,3,4,5,6",0.225770241222832,0.229591836734694,0,,12,92,1275,4928,3489.16666666667,1652.38729318119,0.00998840579710145
893030,UBI_Only,6,200,TRUE,5,"1,2,3,4,5",0.353365841849527,0.23469387755102,1,131,8,106,0,5663,3212.83333333333,2229.90864536345,0.016120218579235
893031,UBI_Only,6,200,TRUE,6,"1,2,3,4,5,6",0.289546907313405,0.211734693877551,0,,12,115,940,4951,2955,1683.61349483781,0.00995757575757576
893032,UBI_Only,6,200,TRUE,6,"1,2,3,4,5,6",0.250043392504931,0.191326530612245,0,,16,54,1004,5248,3520.83333333333,1810.10965597852,0.0119039039039039
893033,UBI_Only,6,200,TRUE,6,"1,2,3,4,5,6",0.251830048630663,0.209183673469388,0,,15,104,1225,5224,3255.83333333333,1600.17629237115,0.0292456140350877
893034,UBI_Only,6,200,TRUE,6,"1,2,3,4,5,6",0.133396771692394,0.270408163265306,0,,15,80,2104,5095,3940.83333333333,1071.8642482454,0.00840108401084011
893035,UBI_Only,6,200,TRUE,6,"1,2,3,4,5,6",0.177083751757381,0.178571428571429,0,,18,46,1341,5893,4149.16666666667,1545.70248323106,0.0108888888888889
893036,UBI_Only,6,200,TRUE,6,"1,2,3,4,5,6",0.22603073178153,0.221938775510204,0,,26,70,1211,4998,3651.66666666667,1869.35546824746,0.00733939393939394
893037,UBI_Only,6,200,TRUE,6,"1,2,3,4,5,6",0.170245736886468,0.196428571428571,0,,18,58,1348,5759,4284.16666666667,1570.94002643852,0.0085014245014245
893038,UBI_Only,6,200,TRUE,6,"1,2,3,4,5,6",0.201462237365133,0.204081632653061,0,,18,48,1123,5217,3913.33333333333,1653.36852113093,0.00999382716049383
893039,UBI_Only,6,200,TRUE,6,"1,2,3,4,5,6",0.240723006942782,0.23469387755102,0,,12,78,1086,5160,3480.83333333333,1662.64156289522,0.00856047197640118
893040,UBI_Only,6,200,TRUE,6,"1,2,3,4,5,6",0.292787944025834,0.221938775510204,0,,12,94,851,4887,3096.66666666667,1799.3979733974,0.00920261437908497
893041,UBI_Only,6,200,TRUE,6,"1,2,3,4,5,6",0.258529155787641,0.239795918367347,0,,16,66,979,6219,3830,2026.38712984464,0.00948387096774194
893042,UBI_Only,6,200,TRUE,6,"1,2,3,4,5,6",0.127247634069401,0.204081632653061,0,,24,39,1387,4991,4226.66666666667,1401.47717308084,0.0105820105820106
893043,UBI_Only,6,200,TRUE,6,"1,2,3,4,5,6",0.232694899624033,0.179698216735254,0,,22,61,1105,5470,3915.83333333333,1906.90654376838,0.00800966183574879
893044,UBI_Only,6,200,TRUE,6,"1,2,3,4,5,6",0.251597143930853,0.216836734693878,0,,18,107,833,4545,2956.66666666667,1452.07777569477,0.00832258064516129
893045,UBI_Only,6,200,TRUE,6,"1,2,3,4,5,6",0.16443790299972,0.206632653061225,0,,24,66,1596,5754,3963.33333333333,1360.57424151226,0.0104654088050314
893046,UBI_Only,6,200,TRUE,6,"1,2,3,4,5,6",0.188154269972452,0.232142857142857,0,,10,93,1710,4787,3428.33333333333,1280.37348717734,0.008997150997151
893047,UBI_Only,6,200,TRUE,6,"1,2,3,4,5,6",0.237237100922984,0.181122448979592,0,,15,67,870,5571,3671.66666666667,1717.87609176758,0.00939487179487179
893048,UBI_Only,6,200,TRUE,6,"1,2,3,4,5,6",0.207017177828778,0.206632653061225,0,,6,60,1146,5361,3994.16666666667,1741.96594876785,0.00868347338935574
893049,UBI_Only,6,200,TRUE,6,"1,2,3,4,5,6",0.262404665769403,0.219387755102041,0,,14,109,1053,4838,3095.83333333333,1588.83660791998,0.00688888888888889
893050,UBI_Only,6,200,TRUE,6,"1,2,3,4,5,6",0.260017989655948,0.181122448979592,0,,4,69,934,5450,3705.83333333333,1936.83106301677,0.00895238095238095
893051,UBI_Only,6,200,TRUE,6,"1,2,3,4,5,6",0.327079218784288,0.206632653061225,0,,10,66,962,7206,3797.5,2422.40201040207,0.0130202898550725
893052,UBI_Only,6,200,TRUE,6,"1,2,3,4,5,6",0.288357075023742,0.201530612244898,0,,4,97,1316,5340,2925,1727.81619392805,0.0110793650793651
893053,UBI_Only,6,200,TRUE,6,"1,2,3,4,5,6",0.341622354290481,0.188775510204082,0,,12,106,919,5031,2664.16666666667,1832.59634580741,0.0105739130434783
893054,UBI_Only,6,200,TRUE,5,"1,2,3,4,5",0.413710432307487,0.255102040816327,1,107,6,102,0,5660,2908.16666666667,2376.21888021004,0.00961904761904762
893055,UBI_Only,6,200,TRUE,6,"1,2,3,4,5,6",0.16314792258763,0.214285714285714,0,,14,64,2029,5573,4105,1324.64561298485,0.0113225806451613
893056,UBI_Only,6,200,TRUE,6,"1,2,3,4,5,6",0.340172089271309,0.223593964334705,0,,10,96,970,5638,3099.16666666667,2129.94266746001,0.00946198830409357
893057,UBI_Only,6,200,TRUE,6,"1,2,3,4,5,6",0.245638595735516,0.23469387755102,0,,6,80,1332,5872,3869.16666666667,1977.99276203597,0.0133229974160207
893058,UBI_Only,6,200,TRUE,6,"1,2,3,4,5,6",0.171861471861472,0.196159122085048,0,,14,41,1036,5225,4106.66666666667,1618.57019207283,0.00740104166666667
893059,UBI_Only,6,200,TRUE,6,"1,2,3,4,5,6",0.276209813874788,0.209183673469388,0,,10,86,1384,5817,3283.33333333333,1783.8138542647,0.00926229508196721
893060,UBI_Only,6,200,TRUE,5,"1,2,3,5,6",0.339813933819643,0.214285714285714,1,105,26,102,0,5001,2627.5,1759.33586901421,0.0119088319088319
893061,UBI_Only,6,200,TRUE,6,"1,2,3,4,5,6",0.317268385864374,0.178571428571429,0,,18,107,1033,6132,2908.33333333333,1914.86873353415,0.0128580858085809
893062,UBI_Only,6,200,TRUE,6,"1,2,3,4,5,6",0.250027639579878,0.191326530612245,0,,13,79,1159,5789,3517.5,1715.10976325132,0.0111428571428571
893063,UBI_Only,6,200,TRUE,5,"1,2,3,5,6",0.419984488107549,0.211734693877551,2,147,10,122,220,5779,2578.66666666667,2163.733224468,0.00929444444444445
893064,UBI_Only,6,200,TRUE,6,"1,2,3,4,5,6",0.236934483280375,0.211734693877551,0,,16,66,890,5369,3671.66666666667,1739.76396866548,0.0101192411924119
893065,UBI_Only,6,200,TRUE,6,"1,2,3,4,5,6",0.201289134438306,0.198979591836735,0,,14,70,919,4809,3620,1582.91730674726,0.00783492063492064
893066,UBI_Only,6,200,TRUE,6,"1,2,3,4,5,6",0.237816481212708,0.188775510204082,0,,8,93,607,5696,3445,1691.83356155385,0.00870491803278689
893067,UBI_Only,6,200,TRUE,6,"1,2,3,4,5,6",0.329641283826306,0.196428571428571,0,,6,114,924,4807,2648.33333333333,1748.93392289894,0.0109365079365079
893068,UBI_Only,6,200,TRUE,6,"1,2,3,4,5,6",0.218782913984786,0.201530612244898,0,,16,44,727,6817,4272.5,1994.40705474083,0.0149824561403509
893069,UBI_Only,6,200,TRUE,6,"1,2,3,4,5,6",0.255052410901467,0.214285714285714,0,,14,115,1355,4590,2650,1346.09628184614,0.00793103448275862
893070,UBI_Only,6,200,TRUE,6,"1,2,3,4,5,6",0.190075111208342,0.198979591836735,0,,24,68,1398,5497,3809.16666666667,1449.47320315578,0.00839024390243903
893071,UBI_Only,6,200,TRUE,6,"1,2,3,4,5,6",0.254458794587946,0.191326530612245,0,,14,61,1238,5912,3613.33333333333,1830.88073523828,0.0114189602446483
893072,UBI_Only,6,200,TRUE,6,"1,2,3,4,5,6",0.145323060286564,0.209183673469388,0,,12,48,1168,5131,4110,1468.75035319145,0.0121515151515152
893073,UBI_Only,6,200,TRUE,6,"1,2,3,4,5,6",0.226475574048389,0.204081632653061,0,,8,73,1320,4974,3605,1778.34237423506,0.00848022598870057
893074,UBI_Only,6,200,TRUE,6,"1,2,3,4,5,6",0.196344086021505,0.216836734693878,0,,10,91,1385,5179,3745.83333333333,1470.42149286069,0.00870523415977961
893075,UBI_Only,6,200,TRUE,6,"1,2,3,4,5,6",0.228423133959466,0.224489795918367,0,,20,71,1689,5182,3371.66666666667,1543.51399950459,0.00893224932249322
893076,UBI_Only,6,200,TRUE,6,"1,2,3,4,5,6",0.23521421107628,0.188775510204082,0,,16,72,1110,4971,3455.83333333333,1677.07846169065,0.00891291291291291
893077,UBI_Only,6,200,TRUE,6,"1,2,3,4,5,6",0.200147297098247,0.227040816326531,0,,15,74,1597,5872,3771.66666666667,1486.0272765554,0.00747953216374269
893078,UBI_Only,6,200,TRUE,5,"1,3,4,5,6",0.340092544790531,0.267361111111111,1,193,12,76,0,5048,2905.5,1945.70879116069,0.0103395061728395
893079,UBI_Only,6,200,TRUE,6,"1,2,3,4,5,6",0.26723266168591,0.247448979591837,0,,10,106,1411,6344,3680.83333333333,1936.77963812786,0.0122530864197531
893080,UBI_Only,6,200,TRUE,6,"1,2,3,4,5,6",0.200685385805881,0.214285714285714,0,,20,63,1647,5039,3769.16666666667,1635.92938926675,0.00790476190476191
893081,UBI_Only,6,200,TRUE,6,"1,2,3,4,5,6",0.204211277658815,0.181122448979592,0,,20,69,1161,5283,3891.66666666667,1709.89375888289,0.00890813648293963
893082,UBI_Only,6,200,TRUE,6,"1,2,3,4,5,6",0.148783047956439,0.204081632653061,0,,22,49,1525,5230,4234.16666666667,1412.25711776102,0.0100112044817927
893083,UBI_Only,6,200,TRUE,6,"1,2,3,4,5,6",0.225288908899895,0.190672153635117,0,,8,41,1297,5861,3701.66666666667,1626.157638935,0.0131544715447154
893084,UBI_Only,6,200,TRUE,6,"1,2,3,4,5,6",0.261793372319688,0.193877551020408,0,,14,109,1105,4557,2850,1454.16532760206,0.00954716981132075
893085,UBI_Only,6,200,TRUE,6,"1,2,3,4,5,6",0.138529334385688,0.190672153635117,0,,16,38,1443,5083,4223.33333333333,1402.49743909451,0.00946086956521739
893086,UBI_Only,6,200,TRUE,6,"1,2,3,4,5,6",0.135395189003436,0.216836734693878,0,,14,52,1372,5262,4365,1485.61448565905,0.00949462365591398
893087,UBI_Only,6,200,TRUE,6,"1,2,3,4,5,6",0.260493827160494,0.196428571428571,0,,12,72,850,5442,3442.5,1740.87515347885,0.0121957186544343
893088,UBI_Only,6,200,TRUE,6,"1,2,3,4,5,6",0.244430579818651,0.221938775510204,0,,10,99,1353,5138,3339.16666666667,1600.49610017228,0.0100546448087432
893089,UBI_Only,6,200,TRUE,6,"1,2,3,4,5,6",0.307073148894261,0.186224489795918,0,,6,88,1129,5109,3102.5,1981.77967998463,0.00858469945355191
893090,UBI_Only,6,200,TRUE,6,"1,2,3,4,5,6",0.315362856890303,0.234567901234568,0,,12,92,977,5491,3142.5,1988.10087772225,0.00992261904761905
893091,UBI_Only,6,200,TRUE,6,"1,2,3,4,5,6",0.272213393870602,0.212620027434842,0,,8,91,1020,5747,3670.83333333333,2066.903908426,0.00831884057971015
893092,UBI_Only,6,200,TRUE,6,"1,2,3,4,5,6",0.180955771817391,0.188775510204082,0,,18,77,1452,4839,3510.83333333333,1262.25439855311,0.00828318584070797
893093,UBI_Only,6,200,TRUE,6,"1,2,3,4,5,6",0.290363556723609,0.224489795918367,0,,8,105,832,5132,3170.83333333333,1800.5652908647,0.00785792349726776
893094,UBI_Only,6,200,TRUE,6,"1,2,3,4,5,6",0.227376201034738,0.193877551020408,0,,14,54,926,5508,3758.33333333333,1708.93541910356,0.00929310344827586
893095,UBI_Only,6,200,TRUE,6,"1,2,3,4,5,6",0.263582194181563,0.176020408163265,0,,26,95,924,4899,3170,1749.57354803964,0.00819540229885058
893096,UBI_Only,6,200,TRUE,6,"1,2,3,4,5,6",0.257952019621369,0.221938775510204,0,,12,99,1405,5546,3624.16666666667,1861.91121342202,0.00774603174603175
893097,UBI_Only,6,200,TRUE,5,"1,2,4,5,6",0.492325685300534,0.210059171597633,1,128,18,129,0,6236,2113.83333333333,2262.85761078037,0.00859770114942529
893098,UBI_Only,6,200,TRUE,6,"1,2,3,4,5,6",0.156820333551817,0.201530612244898,0,,12,65,1740,5152,3814.16666666667,1207.77008021671,0.00845584045584046
893099,UBI_Only,6,200,TRUE,6,"1,2,3,4,5,6",0.167992586256059,0.211734693877551,0,,12,49,1761,5283,3896.66666666667,1315.24000344677,0.011465564738292
893100,UBI_Only,6,200,TRUE,6,"1,2,3,4,5,6",0.221062227506936,0.237311385459534,0,,20,80,1392,4907,3504.16666666667,1636.70124539168,0.00872222222222222
893101,UBI_Only,6,200,TRUE,5,"1,2,4,5,6",0.294059248669685,0.283446712018141,2,200,16,65,0,5271,3497.5,2230.93915201648,0.00957798165137615
893102,UBI_Only,6,200,TRUE,6,"1,2,3,4,5,6",0.307831698046495,0.181122448979592,0,,10,94,882,5166,3142.5,1920.25766500228,0.00795928753180662
893103,UBI_Only,6,200,TRUE,6,"1,2,3,4,5,6",0.213193986065273,0.206632653061225,0,,22,54,1310,5189,3787.5,1683.74056790231,0.00863817663817664
893104,UBI_Only,6,200,TRUE,6,"1,2,3,4,5,6",0.287026332691072,0.209183673469388,0,,10,123,1236,5242,3027.5,1717.61692469538,0.00778362573099415
893105,UBI_Only,6,200,TRUE,5,"1,2,3,4,6",0.298626373626373,0.262002743484225,1,142,14,72,0,5728,3640,2269.20611668486,0.00929066666666667
893106,UBI_Only,6,200,TRUE,6,"1,2,3,4,5,6",0.19112384185586,0.201530612244898,0,,8,64,1175,5395,3927.5,1544.2722234114,0.00961061946902655
893107,UBI_Only,6,200,TRUE,5,"2,3,4,5,6",0.34287534809081,0.252551020408163,2,108,10,73,0,6102,3531.16666666667,2363.63393245796,0.01246
893108,UBI_Only,6,200,TRUE,6,"1,2,3,4,5,6",0.189219590581988,0.196428571428571,0,,10,59,1118,5399,3975.83333333333,1574.29011515244,0.00840880503144654
893109,UBI_Only,6,200,TRUE,6,"1,2,3,4,5,6",0.262369692346809,0.229591836734694,0,,8,86,934,4881,3277.5,1793.6459795623,0.0142653721682848
893110,UBI_Only,6,200,TRUE,6,"1,2,3,4,5,6",0.217602101743492,0.191326530612245,0,,10,72,928,4928,3489.16666666667,1561.47000184655,0.0081680216802168
893111,UBI_Only,6,200,TRUE,6,"1,2,3,4,5,6",0.376868115510569,0.191326530612245,0,,12,123,742,5784,2799.16666666667,2111.67255195181,0.0103471074380165
893112,UBI_Only,6,200,TRUE,6,"1,2,3,4,5,6",0.343019462256722,0.191326530612245,0,,8,135,796,5053,2469.16666666667,1674.94733250531,0.00818965517241379
893113,UBI_Only,6,200,TRUE,6,"1,2,3,4,5,6",0.141797593772116,0.209183673469388,0,,16,51,2376,5077,3925,1183.82971748474,0.00935057471264368
893114,UBI_Only,6,200,TRUE,6,"1,2,3,4,5,6",0.255752212389381,0.186224489795918,0,,14,66,1135,5489,3672.5,1961.06060589672,0.009136
893115,UBI_Only,6,200,TRUE,6,"1,2,3,4,5,6",0.178604932667575,0.193877551020408,0,,22,68,1500,5017,3671.66666666667,1311.3430774083,0.0101709401709402
893116,UBI_Only,6,200,TRUE,6,"1,2,3,4,5,6",0.284242424242424,0.176020408163265,0,,10,66,1031,5514,3391.66666666667,1908.83123053524,0.00709144542772861
893117,UBI_Only,6,200,TRUE,6,"1,2,3,4,5,6",0.188514896520355,0.181122448979592,0,,24,59,1239,5023,3664.16666666667,1437.31936836135,0.01028
893118,UBI_Only,6,200,TRUE,6,"1,2,3,4,5,6",0.306617574864998,0.181122448979592,0,,16,103,1007,4852,2829.16666666667,1748.10439238241,0.00988524590163934
893119,UBI_Only,6,200,TRUE,6,"1,2,3,4,5,6",0.226818675352877,0.214285714285714,0,,10,79,1396,4986,3325.83333333333,1483.15952165189,0.0096969696969697
893120,UBI_Only,6,200,TRUE,5,"1,2,3,4,6",0.260092220734791,0.221938775510204,1,142,22,58,0,5460,3735,2045.4470416024,0.00997175141242938
893121,UBI_Only,6,200,TRUE,6,"1,2,3,4,5,6",0.0684305255579554,0.181122448979592,0,,22,22,3811,5492,4630,618.944908695435,0.00779569892473118
893122,UBI_Only,6,200,TRUE,6,"1,2,3,4,5,6",0.27039755351682,0.193877551020408,0,,18,74,822,6058,3633.33333333333,1910.45498943751,0.00844817927170868
893123,UBI_Only,6,200,TRUE,6,"1,2,3,4,5,6",0.306844033159823,0.181122448979592,0,,12,88,863,5077,2881.66666666667,1736.96720368194,0.0071812865497076
893124,UBI_Only,6,200,TRUE,5,"1,2,3,4,6",0.320225471966765,0.229080932784636,1,160,13,62,0,5495,3316.5,2121.65074882743,0.00871287128712871
893125,UBI_Only,6,200,TRUE,6,"1,2,3,4,5,6",0.200122159784999,0.206632653061225,0,,18,97,1501,5091,3410.83333333333,1329.63159057939,0.00847787610619469
893126,UBI_Only,6,200,TRUE,6,"1,2,3,4,5,6",0.305801500969727,0.198979591836735,0,,16,88,810,5222,3294.16666666667,2067.72419985516,0.00818229166666667
893127,UBI_Only,6,200,TRUE,6,"1,2,3,4,5,6",0.197835497835498,0.219387755102041,0,,20,72,1667,5067,3721.66666666667,1515.4927471508,0.00983768115942029
893128,UBI_Only,6,200,TRUE,6,"1,2,3,4,5,6",0.219390494236539,0.229591836734694,0,,16,61,1075,4997,3518.33333333333,1558.56262840691,0.00721333333333333
893129,UBI_Only,6,200,TRUE,6,"1,2,3,4,5,6",0.258759538886183,0.198979591836735,0,,12,72,1319,5404,3421.66666666667,1761.38509891127,0.0125234159779614
893130,UBI_Only,6,200,TRUE,6,"1,2,3,4,5,6",0.184877072612922,0.211734693877551,0,,20,64,1343,5218,3886.66666666667,1469.08674579368,0.00817366946778711
893131,UBI_Only,6,200,TRUE,6,"1,2,3,4,5,6",0.134972881989901,0.270233196159122,0,,14,48,1921,5487,4455.83333333333,1327.98274336178,0.0072520325203252
893132,UBI_Only,6,200,TRUE,5,"1,2,4,5,6",0.323121965152813,0.363636363636364,2,194,18,109,0,4944,3112,2052.11617604852,0.0150989583333333
893133,UBI_Only,6,200,TRUE,6,"1,2,3,4,5,6",0.152562028047465,0.219387755102041,0,,21,65,1554,5242,4120,1361.30922277049,0.00837866666666667
893134,UBI_Only,6,200,TRUE,4,"1,2,3,5",0.417233922670443,0.405325443786982,2,161,18,50,0,8153,3648.16666666667,3147.10968456243,0.0161823361823362
893135,UBI_Only,6,200,TRUE,6,"1,2,3,4,5,6",0.154940369111866,0.206632653061225,0,,24,55,1583,5408,4169.16666666667,1384.85254329357,0.0085672514619883
893136,UBI_Only,6,200,TRUE,5,"2,3,4,5,6",0.38728212012122,0.239795918367347,2,138,12,97,0,4874,2731.5,2082.30917493056,0.0115280235988201
893137,UBI_Only,6,200,TRUE,6,"1,2,3,4,5,6",0.173286384976526,0.188775510204082,0,,16,87,1956,4767,3550,1237.87511486418,0.0101604938271605
893138,UBI_Only,6,200,TRUE,6,"1,2,3,4,5,6",0.168918391253416,0.191326530612245,0,,26,68,844,5591,4268.33333333333,1722.2597558634,0.00796143250688705
893139,UBI_Only,6,200,TRUE,5,"1,2,4,5,6",0.370100359780345,0.212620027434842,1,98,19,87,0,4688,2640.5,1908.14053465671,0.0096426116838488
893140,UBI_Only,6,200,TRUE,6,"1,2,3,4,5,6",0.257237291999088,0.188775510204082,0,,14,69,1398,5622,3655.83333333333,1872.96891769903,0.00786458333333333
893141,UBI_Only,6,200,TRUE,6,"1,2,3,4,5,6",0.282772520154224,0.191326530612245,0,,14,108,910,5241,3170,1742.31420817257,0.00905649717514124
893142,UBI_Only,6,200,TRUE,6,"1,2,3,4,5,6",0.24424882629108,0.232142857142857,0,,14,91,1337,4946,3313.33333333333,1606.08090290205,0.00847368421052632
893143,UBI_Only,6,200,TRUE,6,"1,2,3,4,5,6",0.117268023919909,0.188775510204082,0,,13,50,2689,5044,4134.16666666667,1041.77683150791,0.00844444444444445
893144,UBI_Only,6,200,TRUE,6,"1,2,3,4,5,6",0.242731769586724,0.191326530612245,0,,13,72,988,5335,3481.66666666667,1645.14542416975,0.00852100840336134
893145,UBI_Only,6,200,TRUE,6,"1,2,3,4,5,6",0.273388486728714,0.209183673469388,0,,8,79,1283,5079,3223.33333333333,1809.39931100536,0.00798319327731092
893146,UBI_Only,6,200,TRUE,5,"1,2,3,4,6",0.372678843226788,0.272959183673469,1,100,12,148,0,4985,2190,1658.88323880857,0.00741520467836257
893147,UBI_Only,6,200,TRUE,6,"1,2,3,4,5,6",0.343571237636996,0.176020408163265,0,,14,90,669,5284,3117.5,2207.74407484201,0.0122051282051282
893148,UBI_Only,6,200,TRUE,6,"1,2,3,4,5,6",0.251934596082241,0.212620027434842,0,,8,75,1418,5522,3431.66666666667,1698.46974264091,0.00945299145299145
893149,UBI_Only,6,200,TRUE,5,"1,3,4,5,6",0.376779725686286,0.237244897959184,1,103,12,105,0,5112,2766.5,2044.04723526635,0.00854597701149425
893150,UBI_Only,6,200,TRUE,6,"1,2,3,4,5,6",0.239642140984112,0.216836734693878,0,,16,73,1127,5208,3601.66666666667,1830.19973409097,0.00906086956521739
893151,UBI_Only,6,200,TRUE,6,"1,2,3,4,5,6",0.147178237921234,0.239795918367347,0,,10,53,1890,5120,4105,1291.50269066696,0.00859327217125382
893152,UBI_Only,6,200,TRUE,6,"1,2,3,4,5,6",0.250515463917526,0.211734693877551,0,,8,92,983,5527,3637.5,1810.05919792696,0.010906432748538
893153,UBI_Only,6,200,TRUE,6,"1,2,3,4,5,6",0.269912366114898,0.186224489795918,0,,14,67,1448,5922,3423.33333333333,1805.9071589278,0.0127065527065527
893154,UBI_Only,6,200,TRUE,6,"1,2,3,4,5,6",0.292933519293352,0.219387755102041,0,,14,117,1090,5303,2987.5,1731.24310828953,0.00806489675516224
893155,UBI_Only,6,200,TRUE,6,"1,2,3,4,5,6",0.260948330182735,0.24234693877551,0,,5,85,977,5695,3526.66666666667,1810.92392625054,0.0112732240437158
893156,UBI_Only,6,200,TRUE,6,"1,2,3,4,5,6",0.152868062479229,0.214285714285714,0,,16,47,1702,5298,4179.16666666667,1353.05748830812,0.008816
893157,UBI_Only,6,200,TRUE,6,"1,2,3,4,5,6",0.235747315620346,0.178571428571429,0,,13,81,881,5792,3544.16666666667,1662.65828319191,0.011264
893158,UBI_Only,6,200,TRUE,6,"1,2,3,4,5,6",0.19462777659499,0.181122448979592,0,,18,53,1857,5525,3914.16666666667,1542.32206969448,0.00999365079365079
893159,UBI_Only,6,200,TRUE,5,"2,3,4,5,6",0.326707492554295,0.326530612244898,1,78,8,90,0,5775,3320.33333333333,2145.84702778802,0.00901307189542484
893160,UBI_Only,6,200,TRUE,6,"1,2,3,4,5,6",0.212588462363285,0.186224489795918,0,,12,52,937,5668,3885.83333333333,1685.84167900389,0.00849221183800623
893161,UBI_Only,6,200,TRUE,6,"1,2,3,4,5,6",0.227208729320662,0.193415637860082,0,,10,57,931,5552,3945.83333333333,1846.3385839728,0.00877286135693215
893162,UBI_Only,6,200,TRUE,5,"1,2,3,4,5",0.33462433213181,0.204081632653061,2,143,12,133,0,4017,2173.16666666667,1416.53117391276,0.00795989974937343
893163,UBI_Only,6,200,TRUE,6,"1,2,3,4,5,6",0.15852253700355,0.201530612244898,0,,20,46,1904,5541,4147.5,1328.03806421352,0.0101896551724138
893164,UBI_Only,6,200,TRUE,6,"1,2,3,4,5,6",0.238619075482738,0.193877551020408,0,,12,97,1326,4338,2848.33333333333,1340.70230352106,0.00959349593495935
893165,UBI_Only,6,200,TRUE,6,"1,2,3,4,5,6",0.285801769108641,0.25,0,,20,85,1105,6829,3674.16666666667,2058.71740816137,0.0187716535433071
893166,UBI_Only,6,200,TRUE,6,"1,2,3,4,5,6",0.254912099276112,0.188775510204082,0,,10,86,1026,4905,3223.33333333333,1638.93790811814,0.0100521739130435
893167,UBI_Only,6,200,TRUE,6,"1,2,3,4,5,6",0.249889624724062,0.25,0,,14,107,1235,5199,3020,1465.12197444445,0.00970570570570571
893168,UBI_Only,6,200,TRUE,6,"1,2,3,4,5,6",0.16080600553141,0.262755102040816,0,,12,46,2248,5438,4218.33333333333,1418.5351129481,0.00919642857142857
893169,UBI_Only,6,200,TRUE,6,"1,2,3,4,5,6",0.167278287461774,0.196428571428571,0,,12,61,1325,5459,4178.33333333333,1526.56001083045,0.00804481792717087
893170,UBI_Only,6,200,TRUE,6,"1,2,3,4,5,6",0.22271700548564,0.211734693877551,0,,14,81,1410,5301,3443.33333333333,1505.6517082867,0.00913218390804598
893171,UBI_Only,6,200,TRUE,6,"1,2,3,4,5,6",0.26521386251116,0.206632653061225,0,,12,82,989,5384,3422.5,1766.2813762252,0.00973451327433628
893172,UBI_Only,6,200,TRUE,6,"1,2,3,4,5,6",0.248746177370031,0.214285714285714,0,,6,92,1323,4789,3179.16666666667,1592.89113459353,0.00750595238095238
893173,UBI_Only,6,200,TRUE,6,"1,2,3,4,5,6",0.183001328021248,0.206632653061225,0,,14,45,861,5899,4183.33333333333,1727.2469037942,0.0113498622589532
893174,UBI_Only,6,200,TRUE,5,"1,3,4,5,6",0.315656565656566,0.270321361058601,1,193,10,99,0,6531,3344,2161.21308528336,0.0148023598820059
893175,UBI_Only,6,200,TRUE,6,"1,2,3,4,5,6",0.299909222948439,0.173469387755102,0,,10,85,943,4844,3060,1891.63601149904,0.00795718654434251
893176,UBI_Only,6,200,TRUE,6,"1,2,3,4,5,6",0.254337254901961,0.198979591836735,0,,6,90,1102,5236,3541.66666666667,1847.66476035743,0.00831578947368421
893177,UBI_Only,6,200,TRUE,6,"1,2,3,4,5,6",0.259225381128966,0.204081632653061,0,,8,102,1585,6093,3370.83333333333,1730.91240872167,0.0107493112947658
893178,UBI_Only,6,200,TRUE,6,"1,2,3,4,5,6",0.393896417690934,0.170918367346939,0,,11,109,861,6669,2644.16666666667,2237.12658709038,0.0113595800524934
893179,UBI_Only,6,200,TRUE,6,"1,2,3,4,5,6",0.149585843373494,0.224489795918367,0,,8,39,1619,5545,4426.66666666667,1473.33576168729,0.0104269005847953
893180,UBI_Only,6,200,TRUE,5,"1,2,4,5,6",0.327854184774273,0.22189349112426,1,146,16,95,0,5548,3259.83333333333,2094.07300891508,0.00953153153153153
893181,UBI_Only,6,200,TRUE,6,"1,2,3,4,5,6",0.22519747235387,0.211734693877551,0,,15,85,1066,5135,3516.66666666667,1569.35001407164,0.00920110192837466
893182,UBI_Only,6,200,TRUE,6,"1,2,3,4,5,6",0.269882903981264,0.173469387755102,0,,18,61,830,5209,3558.33333333333,2031.34484188841,0.00874576271186441
893183,UBI_Only,6,200,TRUE,5,"1,2,4,5,6",0.302692520392645,0.257396449704142,1,158,8,62,0,4841,3214.66666666667,2008.27325497968,0.0115802469135802
893184,UBI_Only,6,200,TRUE,6,"1,2,3,4,5,6",0.149437773966076,0.186224489795918,0,,12,38,2176,5760,4372.5,1332.93717031224,0.013764367816092
893185,UBI_Only,6,200,TRUE,6,"1,2,3,4,5,6",0.191360750759039,0.173469387755102,0,,12,110,1412,4637,3019.16666666667,1149.01269212601,0.0101797101449275
893186,UBI_Only,6,200,TRUE,6,"1,2,3,4,5,6",0.201777682587278,0.191326530612245,0,,14,64,1441,5324,3890.83333333333,1642.45065882256,0.00871069182389937
893187,UBI_Only,6,200,TRUE,6,"1,2,3,4,5,6",0.22832587708971,0.25765306122449,0,,12,90,1316,4969,3539.16666666667,1682.49284297636,0.00892063492063492
893188,UBI_Only,6,200,TRUE,5,"1,2,3,5,6",0.260345555873496,0.226337448559671,1,135,18,54,0,5969,4077.16666666667,2308.79686561349,0.0112605042016807
893189,UBI_Only,6,200,TRUE,6,"1,2,3,4,5,6",0.236238129438991,0.209183673469388,0,,8,69,1000,5174,3480.83333333333,1612.29233288094,0.0106318407960199
893190,UBI_Only,6,200,TRUE,5,"2,3,4,5,6",0.316059809459888,0.25,2,138,12,107,0,4935,2979.83333333333,1868.19457409197,0.0103414634146341
893191,UBI_Only,6,200,TRUE,6,"1,2,3,4,5,6",0.1890320792628,0.193877551020408,0,,26,52,1121,5555,4009.16666666667,1587.02695839317,0.0116091954022989
893192,UBI_Only,6,200,TRUE,6,"1,2,3,4,5,6",0.215223486722745,0.191326530612245,0,,18,74,1428,4961,3368.33333333333,1532.30854160207,0.00963809523809524
893193,UBI_Only,6,200,TRUE,6,"1,2,3,4,5,6",0.22353281295172,0.193877551020408,0,,16,54,1410,6249,3843.33333333333,1730.84819284265,0.016392523364486
893194,UBI_Only,6,200,TRUE,6,"1,2,3,4,5,6",0.193397231096911,0.183673469387755,0,,8,72,1736,5094,3651.66666666667,1381.12195937458,0.00746428571428571
893195,UBI_Only,6,200,TRUE,6,"1,2,3,4,5,6",0.2427366447985,0.173469387755102,0,,22,61,885,4911,3556.66666666667,1920.48917379575,0.00923456790123457
893196,UBI_Only,6,200,TRUE,6,"1,2,3,4,5,6",0.356281304303383,0.209183673469388,0,,12,127,1020,5378,2717.5,2003.35885452407,0.0083015873015873
893197,UBI_Only,6,200,TRUE,5,"1,2,3,5,6",0.340366419000445,0.227040816326531,1,99,16,62,0,5912,3499.33333333333,2366.08686794603,0.0102702702702703
893198,UBI_Only,6,200,TRUE,6,"1,2,3,4,5,6",0.227420343137255,0.188775510204082,0,,16,63,1404,5238,3626.66666666667,1656.46305925205,0.0113390804597701
893199,UBI_Only,6,200,TRUE,6,"1,2,3,4,5,6",0.2413057295923,0.206632653061225,0,,17,94,1244,4855,3059.16666666667,1454.18876583017,0.00869444444444445
893200,UBI_Only,6,200,TRUE,6,"1,2,3,4,5,6",0.154122348997615,0.204081632653061,0,,22,52,1692,5773,4309.16666666667,1416.7415313552,0.00805128205128205
893201,UBI_Only,6,200,TRUE,6,"1,2,3,4,5,6",0.276017039403621,0.224489795918367,0,,14,122,1187,4316,2608.33333333333,1459.18150573075,0.00798879551820728
893202,UBI_Only,6,200,TRUE,6,"1,2,3,4,5,6",0.261170521429164,0.193877551020408,0,,8,69,1035,4926,3350.83333333333,1800.80797606704,0.0102626262626263
893203,UBI_Only,6,200,TRUE,6,"1,2,3,4,5,6",0.24458398744113,0.191326530612245,0,,12,91,1251,4824,3185,1533.27570906214,0.0146181818181818
893204,UBI_Only,6,200,TRUE,6,"1,2,3,4,5,6",0.290847660593619,0.181122448979592,0,,10,67,883,5318,3247.5,1863.44592086811,0.00837356321839081
893205,UBI_Only,6,200,TRUE,6,"1,2,3,4,5,6",0.159756795422031,0.198979591836735,0,,20,78,1146,4959,3883.33333333333,1416.31277148329,0.00804093567251462
893206,UBI_Only,6,200,TRUE,5,"1,3,4,5,6",0.421850487688425,0.216836734693878,1,97,16,85,0,6266,3258,2746.39771336928,0.00930973451327434
893207,UBI_Only,6,200,TRUE,6,"1,2,3,4,5,6",0.179578392621871,0.204081632653061,0,,10,79,1266,5092,3584.16666666667,1316.33239216646,0.0115634218289086
893208,UBI_Only,6,200,TRUE,6,"1,2,3,4,5,6",0.157777777777778,0.209183673469388,0,,22,49,838,5166,4125,1632.02720565559,0.012141592920354
893209,UBI_Only,6,200,TRUE,6,"1,2,3,4,5,6",0.323847736625514,0.178571428571429,0,,15,141,963,5184,2700,1719.62495911172,0.00812429378531073
893210,UBI_Only,6,200,TRUE,6,"1,2,3,4,5,6",0.22775956284153,0.193877551020408,0,,10,71,1225,5137,3558.33333333333,1606.42630290551,0.00819496855345912
893211,UBI_Only,6,200,TRUE,6,"1,2,3,4,5,6",0.164253150978815,0.224489795918367,0,,18,60,2167,5543,4143.33333333333,1446.98481908646,0.00975141242937853
893212,UBI_Only,6,200,TRUE,6,"1,2,3,4,5,6",0.206270761304318,0.198979591836735,0,,12,63,1005,5930,4097.5,1743.31256520453,0.00932768361581921
893213,UBI_Only,6,200,TRUE,6,"1,2,3,4,5,6",0.180937359170798,0.209183673469388,0,,12,81,1746,4952,3698.33333333333,1375.59843946795,0.010046875
893214,UBI_Only,6,200,TRUE,6,"1,2,3,4,5,6",0.16774913740613,0.201646090534979,0,,20,47,1030,5369,4105.83333333333,1572.75648676668,0.0115577557755776
893215,UBI_Only,6,200,TRUE,6,"1,2,3,4,5,6",0.141678247634174,0.239795918367347,0,,14,50,1482,5111,4197.5,1389.96902843193,0.0104483775811209
893216,UBI_Only,6,200,TRUE,6,"1,2,3,4,5,6",0.413565796960091,0.173469387755102,0,,10,85,741,7481,3417.5,2851.82480177167,0.015994750656168
893217,UBI_Only,6,200,TRUE,6,"1,2,3,4,5,6",0.187320897539875,0.204081632653061,0,,8,47,1740,5789,4110,1517.97786545127,0.0102598870056497
893218,UBI_Only,6,200,TRUE,6,"1,2,3,4,5,6",0.259372654960228,0.211734693877551,0,,15,87,1053,5594,3701.66666666667,1981.38927691321,0.00866666666666667
893219,UBI_Only,6,200,TRUE,5,"1,2,3,4,6",0.319919369617006,0.237244897959184,1,64,16,111,0,5266,3031.66666666667,1909.29292322228,0.00726900584795322
893220,UBI_Only,6,200,TRUE,5,"1,3,4,5,6",0.317904374364191,0.25,1,115,6,103,0,5172,2949,1850.96320871054,0.00879310344827586
893221,UBI_Only,6,200,TRUE,6,"1,2,3,4,5,6",0.152112676056338,0.201530612244898,0,,14,61,1477,5341,4023.33333333333,1344.1069401899,0.00781770833333333
893222,UBI_Only,6,200,TRUE,6,"1,2,3,4,5,6",0.149746057203956,0.191326530612245,0,,22,37,1396,5304,4156.66666666667,1417.93041672244,0.00773219373219373
893223,UBI_Only,6,200,TRUE,6,"1,2,3,4,5,6",0.29207650273224,0.181122448979592,0,,8,90,970,5544,3456.66666666667,2013.29557359735,0.00784347826086956
893224,UBI_Only,6,200,TRUE,6,"1,2,3,4,5,6",0.243389859107399,0.23469387755102,0,,20,83,1286,5359,3292.5,1600.34980551128,0.0279884057971015
893225,UBI_Only,6,200,TRUE,6,"1,2,3,4,5,6",0.239866999168745,0.255102040816327,0,,6,96,1613,5470,3341.66666666667,1574.88954110016,0.0103613707165109
893226,UBI_Only,6,200,TRUE,6,"1,2,3,4,5,6",0.294468839072491,0.201530612244898,0,,20,89,868,5692,3605.83333333333,2149.34244983592,0.010768
893227,UBI_Only,6,200,TRUE,6,"1,2,3,4,5,6",0.24880780924948,0.186224489795918,0,,22,63,1045,4952,3471.66666666667,1835.69438269737,0.0100683760683761
893228,UBI_Only,6,200,TRUE,6,"1,2,3,4,5,6",0.217618299284093,0.229591836734694,0,,6,109,1807,4901,3181.66666666667,1389.48964251867,0.00908743169398907
893229,UBI_Only,6,200,TRUE,6,"1,2,3,4,5,6",0.169665147612443,0.198902606310014,0,,16,48,1392,5798,4205.83333333333,1519.34017476886,0.0102165242165242
893230,UBI_Only,6,200,TRUE,5,"1,2,3,4,5",0.25667866826688,0.352040816326531,1,149,26,44,0,5227,3749.5,2093.16361042323,0.0098348623853211
893231,UBI_Only,6,200,TRUE,5,"2,3,4,5,6",0.375570097164386,0.221938775510204,1,96,8,72,0,4985,2801.66666666667,2136.63629723607,0.00878388278388279
893232,UBI_Only,6,200,TRUE,6,"1,2,3,4,5,6",0.301636606546426,0.173469387755102,0,,8,82,946,5588,3326.66666666667,1994.41998251789,0.00782336182336182
893233,UBI_Only,6,200,TRUE,6,"1,2,3,4,5,6",0.220951381601959,0.209183673469388,0,,22,72,1308,5971,3970.83333333333,1717.19951277266,0.0117672955974843
893234,UBI_Only,6,200,TRUE,6,"1,2,3,4,5,6",0.284701526234986,0.193877551020408,0,,22,101,1384,5519,3075.83333333333,1740.16176451118,0.00750636132315522
893235,UBI_Only,6,200,TRUE,6,"1,2,3,4,5,6",0.232649094160641,0.229591836734694,0,,12,93,1543,5369,3572.5,1653.03499660473,0.0106313131313131
893236,UBI_Only,6,200,TRUE,6,"1,2,3,4,5,6",0.253384343731607,0.201646090534979,0,,10,87,784,4573,2831.66666666667,1388.46961315928,0.0111845238095238
893237,UBI_Only,6,200,TRUE,6,"1,2,3,4,5,6",0.285033341565819,0.176020408163265,0,,19,86,837,5475,3374.16666666667,1986.13800292595,0.0126818181818182
893238,UBI_Only,6,200,TRUE,6,"1,2,3,4,5,6",0.189195109886227,0.219387755102041,0,,10,80,1548,5490,3930.83333333333,1545.14121253259,0.0108654970760234
893239,UBI_Only,6,200,TRUE,6,"1,2,3,4,5,6",0.199811142587347,0.214285714285714,0,,18,99,1198,5356,3530,1410.54018021466,0.00941866666666667
893240,UBI_Only,6,200,TRUE,5,"1,2,3,5,6",0.40361272270913,0.216836734693878,1,87,8,96,188,5816,2700.33333333333,2198.55813356542,0.00953205128205128
893241,UBI_Only,6,200,TRUE,6,"1,2,3,4,5,6",0.222187776793623,0.219387755102041,0,,12,72,1319,5174,3763.33333333333,1800.89451847316,0.0080231884057971
893242,UBI_Only,6,200,TRUE,6,"1,2,3,4,5,6",0.0627284121643907,0.229591836734694,0,,34,49,3372,4693,4210.83333333333,549.273125745896,0.0103739837398374
893243,UBI_Only,6,200,TRUE,6,"1,2,3,4,5,6",0.223782902399255,0.188775510204082,0,,13,74,1352,5133,3577.5,1616.24326758072,0.00951032448377581
893244,UBI_Only,6,200,TRUE,5,"1,2,3,4,5",0.277323667266741,0.230769230769231,1,173,14,77,0,5103,3425.5,1978.13778589865,0.00981710914454277
893245,UBI_Only,6,200,TRUE,6,"1,2,3,4,5,6",0.247440273037543,0.24234693877551,0,,16,108,1473,4887,3174.16666666667,1575.99383459031,0.00906233062330623
893246,UBI_Only,6,200,TRUE,6,"1,2,3,4,5,6",0.313228109733183,0.201530612244898,0,,10,104,910,5306,2956.66666666667,1801.36466787452,0.010973544973545
893247,UBI_Only,6,200,TRUE,6,"1,2,3,4,5,6",0.243519532676159,0.239795918367347,0,,17,120,1154,4981,3043.33333333333,1452.08066809894,0.00855376344086022
893248,UBI_Only,6,200,TRUE,6,"1,2,3,4,5,6",0.186823346742889,0.181122448979592,0,,12,66,1110,5257,3935.83333333333,1555.95120960352,0.00827868852459016
893249,UBI_Only,6,200,TRUE,6,"1,2,3,4,5,6",0.219069905653369,0.186224489795918,0,,18,76,1228,5616,3739.16666666667,1632.90274256205,0.0085978835978836
893250,UBI_Only,6,200,TRUE,6,"1,2,3,4,5,6",0.323875577973939,0.206632653061225,0,,16,122,962,5047,2643.33333333333,1708.39335829506,0.0106498599439776
893251,UBI_Only,6,200,TRUE,6,"1,2,3,4,5,6",0.303170083523159,0.196428571428571,0,,12,104,1100,4876,2926.66666666667,1837.78667604993,0.00867768595041322
893252,UBI_Only,6,200,TRUE,6,"1,2,3,4,5,6",0.183247623500078,0.193877551020408,0,,20,66,1855,5154,3565,1261.25667490801,0.00910743801652893
893253,UBI_Only,6,200,TRUE,6,"1,2,3,4,5,6",0.168332283574778,0.216836734693878,0,,8,73,1227,5243,3969.16666666667,1451.54971208935,0.0102222222222222
893254,UBI_Only,6,200,TRUE,5,"1,3,4,5,6",0.34707651076903,0.227810650887574,1,115,8,81,0,6340,3399.66666666667,2314.1967648985,0.0104159021406728
893255,UBI_Only,6,200,TRUE,6,"1,2,3,4,5,6",0.296223361208524,0.239795918367347,0,,10,81,982,5023,3089.16666666667,1888.46947729283,0.00744336569579288
893256,UBI_Only,6,200,TRUE,6,"1,2,3,4,5,6",0.221923714759536,0.191326530612245,0,,21,84,1220,4714,3350,1538.95133126425,0.00929239766081871
893257,UBI_Only,6,200,TRUE,6,"1,2,3,4,5,6",0.151526846773647,0.186224489795918,0,,16,66,2066,5439,4102.5,1246.5372437276,0.00981395348837209
893258,UBI_Only,6,200,TRUE,6,"1,2,3,4,5,6",0.295958418342563,0.270408163265306,0,,8,115,998,4891,2859.16666666667,1671.97002564839,0.00821188630490956
893259,UBI_Only,6,200,TRUE,6,"1,2,3,4,5,6",0.168765036086608,0.183673469387755,0,,12,42,1172,5256,4156.66666666667,1590.58450472355,0.00816
893260,UBI_Only,6,200,TRUE,6,"1,2,3,4,5,6",0.170418412825118,0.168367346938776,0,,20,50,1091,5312,4175.83333333333,1611.12673823839,0.0077909604519774
893261,UBI_Only,6,200,TRUE,6,"1,2,3,4,5,6",0.158710457641143,0.206632653061225,0,,10,38,2117,5943,4364.16666666667,1386.36105205919,0.0102606060606061
893262,UBI_Only,6,200,TRUE,6,"1,2,3,4,5,6",0.278228185364925,0.201530612244898,0,,12,106,1094,4881,2919.16666666667,1621.00961337886,0.00812012012012012
893263,UBI_Only,6,200,TRUE,6,"1,2,3,4,5,6",0.24104214559387,0.198979591836735,0,,10,74,1309,5327,3625,1771.58595614212,0.00863793103448276
893264,UBI_Only,6,200,TRUE,6,"1,2,3,4,5,6",0.242132216014898,0.229591836734694,0,,8,75,1350,5398,3580,1759.70349775182,0.0134380165289256
893265,UBI_Only,6,200,TRUE,6,"1,2,3,4,5,6",0.286913517626173,0.181122448979592,0,,14,100,1087,5410,3285.83333333333,1852.07574539128,0.0112578616352201
893266,UBI_Only,6,200,TRUE,6,"1,2,3,4,5,6",0.322939504669103,0.244897959183673,0,,10,124,1004,4913,2736.66666666667,1780.33476252829,0.00895934959349594
893267,UBI_Only,6,200,TRUE,6,"1,2,3,4,5,6",0.273511242895972,0.211734693877551,0,,6,76,1341,5453,3372.5,1890.39760368024,0.00892655367231639
893268,UBI_Only,6,200,TRUE,6,"1,2,3,4,5,6",0.20676969817053,0.209183673469388,0,,14,42,1359,6582,4205.83333333333,1741.11245089646,0.0110967741935484
893269,UBI_Only,6,200,TRUE,6,"1,2,3,4,5,6",0.238741996233522,0.293367346938776,0,,12,86,1160,5398,3687.5,1758.29914974671,0.0118709677419355
893270,UBI_Only,6,200,TRUE,5,"1,2,3,4,5",0.330466995206008,0.285,1,197,8,92,0,5444,3314.33333333333,2210.78100830152,0.0100517799352751
893271,UBI_Only,6,200,TRUE,5,"1,2,3,4,6",0.187586216132964,0.274102079395085,2,184,22,56,0,5501,4148.16666666667,2049.60605157837,0.00901724137931035
893272,UBI_Only,6,200,TRUE,6,"1,2,3,4,5,6",0.300303513164883,0.23469387755102,0,,10,73,590,5923,3660.83333333333,2192.60196266141,0.0109252873563218
893273,UBI_Only,6,200,TRUE,6,"1,2,3,4,5,6",0.313629526784681,0.188775510204082,0,,12,119,1025,4675,2400.83333333333,1550.95524328288,0.00996396396396396
893274,UBI_Only,6,200,TRUE,5,"2,3,4,5,6",0.389704169578383,0.23469387755102,1,108,21,77,0,6840,3339,2519.47550097238,0.0144660194174757
893275,UBI_Only,6,200,TRUE,6,"1,2,3,4,5,6",0.217682114012389,0.237244897959184,0,,20,93,1303,4987,3542.5,1614.37415118057,0.0105610561056106
893276,UBI_Only,6,200,TRUE,6,"1,2,3,4,5,6",0.247547503314185,0.196428571428571,0,,20,62,938,5908,3771.66666666667,1857.51410941254,0.00959882005899705
893277,UBI_Only,6,200,TRUE,6,"1,2,3,4,5,6",0.343375796178344,0.237244897959184,0,,10,108,955,5163,2616.66666666667,1827.59532355132,0.00894152046783626
893278,UBI_Only,6,200,TRUE,6,"1,2,3,4,5,6",0.128716931216931,0.211734693877551,0,,18,46,1664,5030,4200,1284.16151632106,0.00835854341736695
893279,UBI_Only,6,200,TRUE,6,"1,2,3,4,5,6",0.207272586753227,0.198979591836735,0,,16,67,1147,5333,3594.16666666667,1475.38339649959,0.0113273273273273
893280,UBI_Only,6,200,TRUE,6,"1,2,3,4,5,6",0.16400651465798,0.24234693877551,0,,26,59,1400,5212,4093.33333333333,1453.85029032107,0.0111169590643275
893281,UBI_Only,6,200,TRUE,6,"1,2,3,4,5,6",0.185204616998951,0.181122448979592,0,,16,71,955,5318,3970.83333333333,1597.639811305,0.00743302180685358
893282,UBI_Only,6,200,TRUE,6,"1,2,3,4,5,6",0.204759825327511,0.239795918367347,0,,12,68,1600,5330,3816.66666666667,1542.33895971886,0.0095
893283,UBI_Only,6,200,TRUE,5,"1,2,3,4,6",0.322516079701345,0.209183673469388,1,112,8,60,0,6165,3705.5,2466.60387983154,0.0092
893284,UBI_Only,6,200,TRUE,6,"1,2,3,4,5,6",0.161056105610561,0.186224489795918,0,,24,102,2148,4897,3030,1023.84061259553,0.0118531073446328
893285,UBI_Only,6,200,TRUE,6,"1,2,3,4,5,6",0.166448340075772,0.193877551020408,0,,12,29,1287,5667,4325.83333333333,1589.57659981099,0.00954022988505747
893286,UBI_Only,6,200,TRUE,5,"1,2,3,4,6",0.303881027761625,0.240054869684499,2,112,13,127,0,4893,2579.5,1596.10134390019,0.00939444444444445
893287,UBI_Only,6,200,TRUE,5,"1,2,3,4,6",0.364601117082938,0.231824417009602,1,112,18,124,0,5210,2635.83333333333,1863.82857759684,0.00893710691823899
893288,UBI_Only,6,200,TRUE,5,"1,2,3,4,5",0.420091324200913,0.224489795918367,1,131,6,121,0,5081,2409,1994.24632380255,0.00942772861356932
893289,UBI_Only,6,200,TRUE,6,"1,2,3,4,5,6",0.264817954306935,0.201530612244898,0,,18,93,910,5171,3440.83333333333,1811.44333796745,0.0117179487179487
893290,UBI_Only,6,200,TRUE,6,"1,2,3,4,5,6",0.199977257220832,0.191326530612245,0,,16,59,1466,4911,3664.16666666667,1568.57456522368,0.00981547619047619
893291,UBI_Only,6,200,TRUE,6,"1,2,3,4,5,6",0.231779047619048,0.244897959183673,0,,8,79,1423,5253,3645.83333333333,1713.73993554059,0.00767521367521368
893292,UBI_Only,6,200,TRUE,6,"1,2,3,4,5,6",0.235306773499518,0.188775510204082,0,,18,59,1103,5667,3744.16666666667,1828.69663057235,0.0090125786163522
893293,UBI_Only,6,200,TRUE,6,"1,2,3,4,5,6",0.167774745720665,0.216836734693878,0,,14,96,1471,4497,3359.16666666667,1132.38605019078,0.00902912621359223
893294,UBI_Only,6,200,TRUE,6,"1,2,3,4,5,6",0.223546691403834,0.219387755102041,0,,24,69,954,5290,3593.33333333333,1632.60548408569,0.0149918699186992
893295,UBI_Only,6,200,TRUE,5,"1,3,4,5,6",0.284717240554758,0.240054869684499,1,145,16,83,0,5498,3717.33333333333,2195.69411955916,0.00792397660818714
893296,UBI_Only,6,200,TRUE,6,"1,2,3,4,5,6",0.113226808699512,0.181122448979592,0,,24,32,2764,5515,4380.83333333333,993.365474871493,0.00824922118380062
893297,UBI_Only,6,200,TRUE,6,"1,2,3,4,5,6",0.184035446489434,0.170918367346939,0,,12,49,1069,5245,4075,1643.06920122069,0.00752845528455285
893298,UBI_Only,6,200,TRUE,6,"1,2,3,4,5,6",0.265616192672303,0.232142857142857,0,,8,94,1448,5190,3252.5,1776.00335022207,0.00970967741935484
893299,UBI_Only,6,200,TRUE,6,"1,2,3,4,5,6",0.296817862165963,0.186224489795918,0,,18,94,764,5584,3160,1857.96630755243,0.00864306784660767
893300,UBI_Only,6,200,TRUE,6,"1,2,3,4,5,6",0.183366921940078,0.186224489795918,0,,12,49,1028,5661,4135,1643.16158669803,0.0089375
893301,UBI_Only,6,200,TRUE,6,"1,2,3,4,5,6",0.250731029976313,0.23469387755102,0,,14,94,1271,5764,3400.83333333333,1657.43819392057,0.00945238095238095
893302,UBI_Only,6,200,TRUE,6,"1,2,3,4,5,6",0.160335048146682,0.188775510204082,0,,12,46,1612,5509,4211.66666666667,1422.60826184395,0.00937007874015748
893303,UBI_Only,6,200,TRUE,6,"1,2,3,4,5,6",0.224905482041588,0.204081632653061,0,,14,60,1176,4998,3526.66666666667,1635.03390382789,0.0134188034188034
893304,UBI_Only,6,200,TRUE,6,"1,2,3,4,5,6",0.226011049723757,0.204081632653061,0,,24,61,1428,5395,3770.83333333333,1810.88126796504,0.00828787878787879
893305,UBI_Only,6,200,TRUE,6,"1,2,3,4,5,6",0.330883977900552,0.170918367346939,0,,8,98,874,5201,3016.66666666667,2014.14872009657,0.00908080808080808
893306,UBI_Only,6,200,TRUE,5,"1,2,3,5,6",0.388866583019657,0.272959183673469,1,57,10,77,0,5915,3320.83333333333,2602.45787029621,0.00930434782608696
893307,UBI_Only,6,200,TRUE,5,"1,2,3,4,6",0.4353780285297,0.229080932784636,1,124,18,86,0,6294,2776.83333333333,2367.3886387044,0.007216
893308,UBI_Only,6,200,TRUE,6,"1,2,3,4,5,6",0.34731702406121,0.224489795918367,0,,10,93,904,5388,2759.16666666667,1942.90312848239,0.00864126984126984
893309,UBI_Only,6,200,TRUE,6,"1,2,3,4,5,6",0.341222879684418,0.186224489795918,0,,8,93,944,5237,2816.66666666667,1960.50388080888,0.00863911845730028
893310,UBI_Only,6,200,TRUE,6,"1,2,3,4,5,6",0.339957574004435,0.204389574759945,0,,8,112,867,5101,2880.83333333333,2016.55780146929,0.00952136752136752
893311,UBI_Only,6,200,TRUE,6,"1,2,3,4,5,6",0.313874967027169,0.229591836734694,0,,10,85,886,5385,3159.16666666667,1989.95994097034,0.0103306233062331
893312,UBI_Only,6,200,TRUE,6,"1,2,3,4,5,6",0.23871726262872,0.264746227709191,0,,8,83,933,4958,3425.83333333333,1658.37395260136,0.00954385964912281
893313,UBI_Only,6,200,TRUE,6,"1,2,3,4,5,6",0.242600558448419,0.198979591836735,0,,18,68,924,5326,3680.83333333333,1876.6815837181,0.0105014749262537
893314,UBI_Only,6,200,TRUE,6,"1,2,3,4,5,6",0.127601938979184,0.206632653061225,0,,20,51,1726,4819,3896.66666666667,1133.11035061315,0.0120569800569801
893315,UBI_Only,6,200,TRUE,6,"1,2,3,4,5,6",0.173021966304116,0.23469387755102,0,,18,47,1550,5288,3907.5,1405.56561568644,0.00862146892655367
893316,UBI_Only,6,200,TRUE,6,"1,2,3,4,5,6",0.172480454868515,0.206632653061225,0,,20,63,1102,5146,3908.33333333333,1474.71226572056,0.00873888888888889
893317,UBI_Only,6,200,TRUE,6,"1,2,3,4,5,6",0.22525156485223,0.252551020408163,0,,14,82,1221,5041,3505.83333333333,1588.23492175014,0.00940555555555556
893318,UBI_Only,6,200,TRUE,6,"1,2,3,4,5,6",0.200468402057898,0.221938775510204,0,,22,64,1685,5156,3617.5,1497.99355806359,0.0104606060606061
893319,UBI_Only,6,200,TRUE,6,"1,2,3,4,5,6",0.26727422510555,0.216836734693878,0,,14,116,762,4823,2697.5,1422.25605992733,0.0101614583333333
893320,UBI_Only,6,200,TRUE,6,"1,2,3,4,5,6",0.136255725437068,0.193877551020408,0,,23,40,1774,5491,4305.83333333333,1312.31237389071,0.00947578347578348
893321,UBI_Only,6,200,TRUE,6,"1,2,3,4,5,6",0.171231037723184,0.188775510204082,0,,16,51,1276,5479,4138.33333333333,1530.0536809755,0.00790960451977401
893322,UBI_Only,6,200,TRUE,6,"1,2,3,4,5,6",0.171452420701169,0.191326530612245,0,,18,57,1449,5388,3993.33333333333,1415.40604303736,0.0100535714285714
893323,UBI_Only,6,200,TRUE,6,"1,2,3,4,5,6",0.204615162037037,0.193877551020408,0,,14,56,1289,5306,3840,1641.57010206692,0.0101364829396325
893324,UBI_Only,6,200,TRUE,6,"1,2,3,4,5,6",0.298072467797238,0.188775510204082,0,,8,92,677,5190,2997.5,1776.30388728956,0.00857391304347826
893325,UBI_Only,6,200,TRUE,6,"1,2,3,4,5,6",0.179977814753189,0.181122448979592,0,,6,52,1000,5226,4006.66666666667,1624.45826867503,0.0115339233038348
893326,UBI_Only,6,200,TRUE,6,"1,2,3,4,5,6",0.177255680564747,0.23469387755102,0,,14,66,1844,5071,3777.5,1331.05848857216,0.0105944444444444
893327,UBI_Only,6,200,TRUE,6,"1,2,3,4,5,6",0.25281590156176,0.176020408163265,0,,15,65,1048,5226,3521.66666666667,1902.63319288471,0.00795628415300547
893328,UBI_Only,6,200,TRUE,6,"1,2,3,4,5,6",0.173594680275265,0.183673469387755,0,,14,70,1354,4611,3592.5,1304.30422064793,0.00966666666666667
893329,UBI_Only,6,200,TRUE,5,"2,3,4,5,6",0.313888620167037,0.2384,1,126,19,92,0,5461,3445.66666666667,2190.814338703,0.00873099415204678
893330,UBI_Only,6,200,TRUE,6,"1,2,3,4,5,6",0.207300306358813,0.232142857142857,0,,18,62,1512,5177,3717.5,1587.74894111128,0.0105014749262537
893331,UBI_Only,6,200,TRUE,6,"1,2,3,4,5,6",0.202024353120243,0.224489795918367,0,,16,93,1635,4993,3650,1540.10454190617,0.0092183908045977
893332,UBI_Only,6,200,TRUE,4,"1,4,5,6",0.38107202680067,0.264,2,115,9,156,0,2675,1525.66666666667,1212.23144104856,0.00882051282051282
893333,UBI_Only,6,200,TRUE,6,"1,2,3,4,5,6",0.185006470696987,0.193877551020408,0,,20,40,1117,6195,4507.5,1803.99520509341,0.0120122324159021
893334,UBI_Only,6,200,TRUE,6,"1,2,3,4,5,6",0.110593607305936,0.211734693877551,0,,22,53,2766,5477,4258.33333333333,932.973668795999,0.007776
893335,UBI_Only,6,200,TRUE,6,"1,2,3,4,5,6",0.229470486111111,0.201530612244898,0,,23,64,1201,5730,3840,1794.97966562298,0.0114444444444444
893336,UBI_Only,6,200,TRUE,6,"1,2,3,4,5,6",0.266278505579816,0.214285714285714,0,,16,84,1136,5228,3435,1824.23945796598,0.0093125
893337,UBI_Only,6,200,TRUE,6,"1,2,3,4,5,6",0.314667088741163,0.186224489795918,0,,12,128,873,5084,2632.5,1621.82942999565,0.00776436781609195
893338,UBI_Only,6,200,TRUE,5,"1,2,4,5,6",0.318458342607018,0.227040816326531,1,92,6,70,0,5934,3744.16666666667,2402.80880776367,0.0112716049382716
893339,UBI_Only,6,200,TRUE,6,"1,2,3,4,5,6",0.152694850731316,0.201530612244898,0,,18,48,1535,5420,4159.16666666667,1385.44078425123,0.00786559139784946
893340,UBI_Only,6,200,TRUE,6,"1,2,3,4,5,6",0.23143745834259,0.209183673469388,0,,18,69,1343,5467,3750.83333333333,1747.2926963353,0.00844444444444445
893341,UBI_Only,6,200,TRUE,6,"1,2,3,4,5,6",0.292544089401082,0.181122448979592,0,,12,72,1147,5943,3181.66666666667,1832.7359511579,0.0112959501557632
893342,UBI_Only,6,200,TRUE,6,"1,2,3,4,5,6",0.157029194738531,0.178571428571429,0,,14,36,2305,6013,4329.16666666667,1341.96891419536,0.0114885057471264
893343,UBI_Only,6,200,TRUE,5,"1,2,3,4,5",0.231083891140355,0.272959183673469,1,119,12,53,0,5175,3660.16666666667,1896.80219492352,0.01204
893344,UBI_Only,6,200,TRUE,6,"1,2,3,4,5,6",0.241551057539231,0.198979591836735,0,,8,71,1066,5127,3664.16666666667,1893.36308368645,0.00994736842105263
893345,UBI_Only,6,200,TRUE,6,"1,2,3,4,5,6",0.220694171578258,0.201530612244898,0,,11,87,904,4970,3393.33333333333,1490.13551956413,0.012
893346,UBI_Only,6,200,TRUE,6,"1,2,3,4,5,6",0.127123341912492,0.232142857142857,0,,24,23,1827,5190,4209.16666666667,1220.63809815468,0.012
893347,UBI_Only,6,200,TRUE,6,"1,2,3,4,5,6",0.318306779131521,0.181122448979592,0,,18,67,1101,6861,3556.66666666667,2239.00591036886,0.016448275862069
893348,UBI_Only,6,200,TRUE,6,"1,2,3,4,5,6",0.27092886537331,0.183673469387755,0,,16,56,1470,6557,3780,2011.90039514883,0.0125636856368564
893349,UBI_Only,6,200,TRUE,6,"1,2,3,4,5,6",0.319405791650996,0.181122448979592,0,,20,129,810,4996,2215.83333333333,1500.39786945552,0.01056
893350,UBI_Only,6,200,TRUE,6,"1,2,3,4,5,6",0.262678630774344,0.173469387755102,0,,6,91,1012,5378,3343.33333333333,1738.61780350561,0.00936065573770492
893351,UBI_Only,6,200,TRUE,6,"1,2,3,4,5,6",0.20051993067591,0.196428571428571,0,,16,54,1266,5601,3846.66666666667,1557.2620417472,0.0105847953216374
893352,UBI_Only,6,200,TRUE,6,"1,2,3,4,5,6",0.228992248062015,0.209183673469388,0,,12,118,1568,4690,3045.83333333333,1374.76389488038,0.0101679012345679
893353,UBI_Only,6,200,TRUE,6,"1,2,3,4,5,6",0.236574408343361,0.191326530612245,0,,12,88,1291,5377,3462.5,1590.16247597533,0.00931563421828909
893354,UBI_Only,6,200,TRUE,6,"1,2,3,4,5,6",0.27984496124031,0.232142857142857,0,,8,118,852,5494,3225,1738.41985722667,0.0100576923076923
893355,UBI_Only,6,200,TRUE,6,"1,2,3,4,5,6",0.199913269731136,0.188775510204082,0,,12,61,865,5453,3843.33333333333,1618.89204910848,0.00928023598820059
893356,UBI_Only,6,200,TRUE,6,"1,2,3,4,5,6",0.182769932962487,0.204081632653061,0,,14,56,1259,5031,3895,1544.31512328281,0.00822222222222222
893357,UBI_Only,6,200,TRUE,6,"1,2,3,4,5,6",0.323356995649187,0.181122448979592,0,,10,69,986,7379,3639.16666666667,2348.48746359581,0.0196974789915966
893358,UBI_Only,6,200,TRUE,6,"1,2,3,4,5,6",0.219556611243072,0.218106995884774,0,,10,65,1405,4981,3508.33333333333,1648.29532143565,0.00802849002849003
893359,UBI_Only,6,200,TRUE,6,"1,2,3,4,5,6",0.245128325142367,0.188775510204082,0,,8,74,1472,5421,3560.83333333333,1752.60667768518,0.00837435897435897
893360,UBI_Only,6,200,TRUE,6,"1,2,3,4,5,6",0.243951302203729,0.206632653061225,0,,12,64,1015,5079,3605,1905.94858272725,0.00793483709273183
893361,UBI_Only,6,200,TRUE,6,"1,2,3,4,5,6",0.239257828221847,0.216836734693878,0,,10,90,823,4969,3450.83333333333,1720.62621352421,0.00821468926553672
893362,UBI_Only,6,200,TRUE,6,"1,2,3,4,5,6",0.199840301974448,0.176020408163265,0,,8,49,1151,5194,3826.66666666667,1598.59884482214,0.00725555555555556
893363,UBI_Only,6,200,TRUE,6,"1,2,3,4,5,6",0.229172320217096,0.221938775510204,0,,17,71,1383,5360,3685,1779.38809707157,0.0083989501312336
893364,UBI_Only,6,200,TRUE,6,"1,2,3,4,5,6",0.191270671969856,0.216836734693878,0,,18,52,939,5293,3980.83333333333,1645.40942220065,0.0093929539295393
893365,UBI_Only,6,200,TRUE,6,"1,2,3,4,5,6",0.135716630556103,0.221938775510204,0,,22,36,1463,5241,4230.83333333333,1386.82030799475,0.00903645833333333
893366,UBI_Only,6,200,TRUE,6,"1,2,3,4,5,6",0.256163316191367,0.201646090534979,0,,10,73,1055,5592,3565,1804.73466193787,0.0106262626262626
893367,UBI_Only,6,200,TRUE,6,"1,2,3,4,5,6",0.256736180072823,0.181122448979592,0,,10,89,1340,5581,3356.66666666667,1698.0462498609,0.0102848484848485
893368,UBI_Only,6,200,TRUE,6,"1,2,3,4,5,6",0.207260532656118,0.181122448979592,0,,10,50,979,6155,4265.83333333333,1830.89370709134,0.0135306666666667
893369,UBI_Only,6,200,TRUE,5,"1,2,3,4,6",0.410101771579344,0.223593964334705,2,154,4,126,0,5047,2653,2194.20372800704,0.00705691056910569
893370,UBI_Only,6,200,TRUE,6,"1,2,3,4,5,6",0.236936118679988,0.219387755102041,0,,10,64,1111,5477,3670,1754.01573539122,0.00944025157232704
893371,UBI_Only,6,200,TRUE,6,"1,2,3,4,5,6",0.14721261053441,0.188775510204082,0,,18,44,1237,5407,4335,1552.31994124923,0.00805392156862745
893372,UBI_Only,6,200,TRUE,6,"1,2,3,4,5,6",0.201435897435897,0.186224489795918,0,,25,57,1309,5065,3791.66666666667,1649.6789586664,0.00921264367816092
893373,UBI_Only,6,200,TRUE,6,"1,2,3,4,5,6",0.274534821903243,0.209183673469388,0,,20,94,1041,4767,3135,1765.57242842088,0.00882352941176471
893374,UBI_Only,6,200,TRUE,5,"1,2,4,5,6",0.367052367887391,0.244897959183673,2,92,12,95,0,5002,2794.33333333333,1996.76745432879,0.0121130952380952
893375,UBI_Only,6,200,TRUE,5,"1,2,3,4,6",0.297781414802691,0.2864,1,130,8,85,0,5562,3666,2282.31750639564,0.00950273224043716
893376,UBI_Only,6,200,TRUE,6,"1,2,3,4,5,6",0.233378317588844,0.196428571428571,0,,14,64,1234,5299,3705,1730.06057697411,0.00881770833333333
893377,UBI_Only,6,200,TRUE,6,"1,2,3,4,5,6",0.273384168482208,0.191326530612245,0,,18,86,933,4978,3060,1647.1865710963,0.00851282051282051
893378,UBI_Only,6,200,TRUE,6,"1,2,3,4,5,6",0.152886332076969,0.229591836734694,0,,4,54,1682,5638,4200.83333333333,1371.91157392401,0.0119323671497585
893379,UBI_Only,6,200,TRUE,6,"1,2,3,4,5,6",0.17563025210084,0.207133058984911,0,,24,53,1552,5573,4264.16666666667,1613.49390041198,0.0109055555555556
893380,UBI_Only,6,200,TRUE,6,"1,2,3,4,5,6",0.244797178130511,0.209183673469388,0,,16,54,895,4987,3465,1797.7066501518,0.0088141592920354
893381,UBI_Only,6,200,TRUE,6,"1,2,3,4,5,6",0.248542274052478,0.191326530612245,0,,22,96,1221,5395,3430,1683.09156019511,0.00944691358024691
893382,UBI_Only,6,200,TRUE,6,"1,2,3,4,5,6",0.183572317161003,0.193877551020408,0,,12,40,814,5582,4242.5,1764.50330121539,0.0103894389438944
893383,UBI_Only,6,200,TRUE,6,"1,2,3,4,5,6",0.276291435302036,0.206632653061225,0,,18,94,1264,5696,3301.66666666667,1785.54111312696,0.00958620689655172
893384,UBI_Only,6,200,TRUE,5,"1,3,4,5,6",0.324782730585927,0.216836734693878,1,103,20,88,0,5355,3170.66666666667,2028.60569521696,0.00934035087719298
893385,UBI_Only,6,200,TRUE,6,"1,2,3,4,5,6",0.271718042681612,0.178571428571429,0,,10,65,1121,6313,3865.83333333333,2191.93790210094,0.0120906666666667
893386,UBI_Only,6,200,TRUE,6,"1,2,3,4,5,6",0.250768346976878,0.188775510204082,0,,14,66,1242,6232,3868.33333333333,1899.60223906655,0.0144514435695538
893387,UBI_Only,6,200,TRUE,6,"1,2,3,4,5,6",0.121577916745626,0.24234693877551,0,,20,45,1973,5254,4397.5,1240.52033437586,0.00851075268817204
893388,UBI_Only,6,200,TRUE,6,"1,2,3,4,5,6",0.213632162661737,0.227040816326531,0,,12,78,1661,5351,3606.66666666667,1562.87269688438,0.010504347826087
893389,UBI_Only,6,200,TRUE,6,"1,2,3,4,5,6",0.255868965002612,0.23469387755102,0,,18,71,715,5731,3722.5,1999.52931961499,0.00927044025157233
893390,UBI_Only,6,200,TRUE,6,"1,2,3,4,5,6",0.221175030599755,0.191326530612245,0,,22,111,777,3844,2723.33333333333,1221.31431935709,0.00948571428571429
893391,UBI_Only,6,200,TRUE,6,"1,2,3,4,5,6",0.147955158812539,0.239795918367347,0,,10,74,2045,5681,4014.16666666667,1203.45991485661,0.00805747126436782
893392,UBI_Only,6,200,TRUE,6,"1,2,3,4,5,6",0.300842674298434,0.219387755102041,0,,10,105,1210,5936,3494.16666666667,2101.21426005695,0.0110225988700565
893393,UBI_Only,6,200,TRUE,6,"1,2,3,4,5,6",0.239771008857205,0.219387755102041,0,,22,74,1196,5574,3857.5,2022.62510119893,0.014811320754717
893394,UBI_Only,6,200,TRUE,5,"1,2,3,5,6",0.388115507486927,0.252551020408163,2,81,16,87,0,5674,3112.83333333333,2429.77343936974,0.00854761904761905
893395,UBI_Only,6,200,TRUE,6,"1,2,3,4,5,6",0.262090613418047,0.183673469387755,0,,12,64,1181,5844,3672.5,1960.0602796853,0.00980869565217391
893396,UBI_Only,6,200,TRUE,6,"1,2,3,4,5,6",0.255717872631819,0.219387755102041,0,,8,91,867,5250,3650.83333333333,1937.35194703148,0.00945161290322581
893397,UBI_Only,6,200,TRUE,6,"1,2,3,4,5,6",0.302400064866618,0.204081632653061,0,,10,87,948,5630,3425.83333333333,2040.94021633821,0.0091054131054131
893398,UBI_Only,6,200,TRUE,6,"1,2,3,4,5,6",0.282348008385744,0.211734693877551,0,,14,120,1298,4865,2650,1535.02547210136,0.00961827956989247
893399,UBI_Only,6,200,TRUE,6,"1,2,3,4,5,6",0.231498201570873,0.221938775510204,0,,14,67,1129,5383,3784.16666666667,1832.08159388895,0.00909523809523809
893400,UBI_Only,6,200,TRUE,6,"1,2,3,4,5,6",0.148095532221536,0.214285714285714,0,,8,53,2276,5391,4047.5,1216.33297250383,0.0100666666666667
893401,UBI_Only,6,200,TRUE,6,"1,2,3,4,5,6",0.223081805919225,0.209183673469388,0,,13,87,1163,5099,3500.83333333333,1531.51760246713,0.0100424242424242
893402,UBI_Only,6,200,TRUE,6,"1,2,3,4,5,6",0.204342333807042,0.229591836734694,0,,18,74,1383,4712,3518.33333333333,1587.9033555814,0.00924074074074074
893403,UBI_Only,6,200,TRUE,6,"1,2,3,4,5,6",0.129104377104377,0.183673469387755,0,,22,40,2258,5194,4125,1094.48618081728,0.00913450292397661
893404,UBI_Only,6,200,TRUE,5,"1,2,4,5,6",0.393399992674798,0.263888888888889,1,182,14,96,0,5428,3033.66666666667,2446.24419604149,0.00759876543209877
893405,UBI_Only,6,200,TRUE,6,"1,2,3,4,5,6",0.142081211646429,0.196428571428571,0,,20,35,1083,5375,4255,1573.16852244125,0.00937704918032787
893406,UBI_Only,6,200,TRUE,6,"1,2,3,4,5,6",0.247470200883554,0.193877551020408,0,,8,70,986,4984,3332.5,1694.45835003402,0.00783888888888889
893407,UBI_Only,6,200,TRUE,6,"1,2,3,4,5,6",0.228426395939086,0.196428571428571,0,,18,95,1474,5009,3283.33333333333,1502.61274674038,0.00806201550387597
893408,UBI_Only,6,200,TRUE,6,"1,2,3,4,5,6",0.160917656698075,0.211734693877551,0,,10,48,2717,5665,4068.33333333333,1327.1593222619,0.010615873015873
893409,UBI_Only,6,200,TRUE,6,"1,2,3,4,5,6",0.224354911724762,0.201530612244898,0,,10,61,847,5080,3681.66666666667,1705.54878753634,0.0105365853658537
893410,UBI_Only,6,200,TRUE,6,"1,2,3,4,5,6",0.289200249088159,0.178571428571429,0,,20,93,1056,5389,3122.5,1774.73679738715,0.00972043010752688
893411,UBI_Only,6,200,TRUE,6,"1,2,3,4,5,6",0.233087753765553,0.209183673469388,0,,20,84,1314,5201,3393.33333333333,1560.11585039915,0.016
893412,UBI_Only,6,200,TRUE,6,"1,2,3,4,5,6",0.261573957546774,0.237244897959184,0,,10,91,1418,5160,3310.83333333333,1745.75810657338,0.00773333333333333
893413,UBI_Only,6,200,TRUE,6,"1,2,3,4,5,6",0.210502902812335,0.188775510204082,0,,6,73,1564,5515,3684.16666666667,1511.1123607021,0.0088135593220339
893414,UBI_Only,6,200,TRUE,6,"1,2,3,4,5,6",0.249548328816621,0.209183673469388,0,,18,65,1137,5717,3690,1887.33706581522,0.00831978319783198
893415,UBI_Only,6,200,TRUE,5,"1,3,4,5,6",0.288594248667435,0.278463648834019,1,133,8,93,0,4885,3324.83333333333,2017.09666765544,0.0111935483870968
893416,UBI_Only,6,200,TRUE,6,"1,2,3,4,5,6",0.256255924170616,0.196428571428571,0,,6,91,1047,5894,3516.66666666667,1762.97801082903,0.0118611111111111
893417,UBI_Only,6,200,TRUE,6,"1,2,3,4,5,6",0.266752092943789,0.211734693877551,0,,13,83,989,5012,3251.66666666667,1707.16802531756,0.00821288515406162
893418,UBI_Only,6,200,TRUE,5,"1,2,3,5,6",0.372322916039421,0.284023668639053,1,171,10,108,0,5214,2767.83333333333,2039.12916870577,0.0108316831683168
893419,UBI_Only,6,200,TRUE,6,"1,2,3,4,5,6",0.266315419740077,0.272959183673469,0,,14,95,863,4890,3163.33333333333,1684.20968607435,0.00849152542372881
893420,UBI_Only,6,200,TRUE,6,"1,2,3,4,5,6",0.197853891177108,0.188775510204082,0,,22,64,1321,5430,3844.16666666667,1530.77201655461,0.00793939393939394
893421,UBI_Only,6,200,TRUE,6,"1,2,3,4,5,6",0.23641238540045,0.191326530612245,0,,14,88,1216,4707,3211.66666666667,1520.03377155465,0.0081358024691358
893422,UBI_Only,6,200,TRUE,5,"2,3,4,5,6",0.374296933036188,0.251028806584362,1,150,6,88,0,5584,3141,2360.83256500752,0.00935057471264368
893423,UBI_Only,6,200,TRUE,5,"1,2,3,4,6",0.338202794321459,0.224489795918367,1,106,12,103,0,5339,2966.33333333333,1977.52801918624,0.0105870646766169
893424,UBI_Only,6,200,TRUE,6,"1,2,3,4,5,6",0.194532182213799,0.198979591836735,0,,12,60,1508,5347,3957.5,1606.00009339975,0.00967551622418879
893425,UBI_Only,6,200,TRUE,6,"1,2,3,4,5,6",0.192163742690058,0.232142857142857,0,,10,43,1814,5371,3800,1481.37949223013,0.00871225071225071
893426,UBI_Only,6,200,TRUE,5,"1,2,4,5,6",0.304561494104484,0.260416666666667,1,200,2,95,0,4851,3227.5,2050.7103891091,0.0159174041297935
893427,UBI_Only,6,200,TRUE,6,"1,2,3,4,5,6",0.183016004415011,0.191326530612245,0,,20,57,1120,5392,4026.66666666667,1576.4811025403,0.00844252873563219
893428,UBI_Only,6,200,TRUE,6,"1,2,3,4,5,6",0.332498853736818,0.196428571428571,0,,14,89,908,5704,3029.16666666667,1964.73106726256,0.00965079365079365
893429,UBI_Only,6,200,TRUE,6,"1,2,3,4,5,6",0.245449119665771,0.204081632653061,0,,14,59,826,5396,3723.33333333333,1950.26999840193,0.00815126050420168
893430,UBI_Only,6,200,TRUE,6,"1,2,3,4,5,6",0.184092921861162,0.204389574759945,0,,12,50,1405,5235,4077.5,1641.40997316332,0.00756451612903226
893431,UBI_Only,6,200,TRUE,5,"1,2,4,5,6",0.296711866564808,0.26984126984127,1,200,10,67,0,5240,3490.66666666667,2192.87607188976,0.0126355140186916
893432,UBI_Only,6,200,TRUE,6,"1,2,3,4,5,6",0.238273783267166,0.188775510204082,0,,12,70,906,5702,3778.33333333333,1786.963084864,0.00931014492753623
893433,UBI_Only,6,200,TRUE,6,"1,2,3,4,5,6",0.248667430316915,0.278061224489796,0,,20,63,1000,5720,3637.5,1796.53140801935,0.0114808259587021
893434,UBI_Only,6,200,TRUE,6,"1,2,3,4,5,6",0.301862002958322,0.204081632653061,0,,10,84,825,5323,3192.5,1908.85261348277,0.0084
893435,UBI_Only,6,200,TRUE,6,"1,2,3,4,5,6",0.267696202531645,0.25,0,,14,114,937,5236,3291.66666666667,1710.2346817518,0.00893333333333333
893436,UBI_Only,6,200,TRUE,6,"1,2,3,4,5,6",0.236330066751882,0.188775510204082,0,,16,52,1050,6169,3911.66666666667,1833.85426538388,0.012406779661017
893437,UBI_Only,6,200,TRUE,5,"2,3,4,5,6",0.348146096648035,0.234567901234568,1,120,14,63,0,5932,3309.83333333333,2274.99647618775,0.00869135802469136
893438,UBI_Only,6,200,TRUE,6,"1,2,3,4,5,6",0.270285166546849,0.173469387755102,0,,6,88,929,5289,3477.5,1946.63625261629,0.0109272727272727
893439,UBI_Only,6,200,TRUE,6,"1,2,3,4,5,6",0.258500039224916,0.190672153635117,0,,16,101,1272,5384,3540.83333333333,1863.07245341309,0.00842898550724638
893440,UBI_Only,6,200,TRUE,6,"1,2,3,4,5,6",0.259726528340886,0.23469387755102,0,,12,93,746,5269,3494.16666666667,1810.98684883868,0.00907471264367816
893441,UBI_Only,6,200,TRUE,6,"1,2,3,4,5,6",0.213878012703385,0.193877551020408,0,,15,96,1389,4789,3192.5,1329.50287701832,0.00812820512820513
893442,UBI_Only,6,200,TRUE,6,"1,2,3,4,5,6",0.223540159321786,0.204081632653061,0,,12,68,1332,5905,3800.83333333333,1710.67044361755,0.00913498622589532
893443,UBI_Only,6,200,TRUE,5,"1,2,4,5,6",0.393447174788283,0.206632653061225,1,92,12,111,0,5895,2401,1966.7618056084,0.00998798798798799
893444,UBI_Only,6,200,TRUE,6,"1,2,3,4,5,6",0.343186248449406,0.178571428571429,0,,18,80,1013,5549,3135,2278.63889197038,0.0101604938271605
893445,UBI_Only,6,200,TRUE,6,"1,2,3,4,5,6",0.238384076783888,0.193877551020408,0,,12,64,879,5496,3530.83333333333,1659.50708545238,0.00759887005649718
893446,UBI_Only,6,200,TRUE,6,"1,2,3,4,5,6",0.187883959044369,0.181122448979592,0,,4,65,1389,5324,3906.66666666667,1479.63815396423,0.00819135802469136
893447,UBI_Only,6,200,TRUE,6,"1,2,3,4,5,6",0.219799026534778,0.216836734693878,0,,28,61,921,5017,3538.33333333333,1597.64998252642,0.0100472440944882
893448,UBI_Only,6,200,TRUE,6,"1,2,3,4,5,6",0.168409312700404,0.204081632653061,0,,12,73,1670,5389,3985,1351.53172363804,0.00786894586894587
