seed,scenario,n_players,game_length,terminated_by_cap,n_winners,winner_ids,gini_final,hhi_final,n_bankruptcies,first_bankruptcy_turn,social_mobility,capital_formation,wealth_min,wealth_max,wealth_mean,wealth_sd,rent_burden_mean
200323,Baseline,8,200,TRUE,6,"1,2,3,5,6,7",0.383013505427814,0.21301775147929,2,63,19,49,0,2499,1462.375,1107.71798080558,0.00662108262108262
200324,Baseline,8,200,TRUE,6,"1,2,4,5,7,8",0.317294417119683,0.229024943310658,2,117,20,24,0,2220,1448.625,952.877587326185,0.00907878787878788
200325,Baseline,8,200,TRUE,7,"1,2,4,5,6,7,8",0.243409159385357,0.158163265306122,2,82,23,40,0,2650,1659.5,811.089214751198,0.0133279132791328
200326,Baseline,8,200,TRUE,8,"1,2,3,4,5,6,7,8",0.182483317445186,0.168367346938776,0,,35,21,884,2860,1966.875,695.086929301447,0.00787160493827161
200327,Baseline,8,200,TRUE,8,"1,2,3,4,5,6,7,8",0.227581982661138,0.135204081632653,0,,18,41,685,2538,1658.125,723.58027247451,0.0103697916666667
200328,Baseline,8,200,TRUE,8,"1,2,3,4,5,6,7,8",0.158587650816182,0.170918367346939,0,,26,43,857,2530,1761.25,532.122367774288,0.00826086956521739
200329,Baseline,8,200,TRUE,8,"1,2,3,4,5,6,7,8",0.13253164556962,0.163265306122449,0,,34,21,853,2644,1975,538.04487332776,0.00892620865139949
200330,Baseline,8,200,TRUE,8,"1,2,3,4,5,6,7,8",0.20208908839779,0.142857142857143,0,,21,43,645,2761,1810,709.49841437455,0.00867661691542289
200331,Baseline,8,200,TRUE,7,"2,3,4,5,6,7,8",0.206569314021964,0.211805555555556,1,176,35,32,0,2286,1570.75,702.517259574453,0.00954985754985755
200332,Baseline,8,200,TRUE,8,"1,2,3,4,5,6,7,8",0.170034642032333,0.196428571428571,0,,26,35,818,2675,1894.375,616.473365778511,0.0078494623655914
200333,Baseline,8,200,TRUE,8,"1,2,3,4,5,6,7,8",0.189355852317361,0.168367346938776,0,,24,52,928,2426,1591.25,573.782375370414,0.0103279569892473
200334,Baseline,8,200,TRUE,8,"1,2,3,4,5,6,7,8",0.132757352941177,0.198979591836735,0,,29,36,792,2350,1700,466.771892898448,0.00875806451612903
200335,Baseline,8,200,TRUE,8,"1,2,3,4,5,6,7,8",0.191591337099812,0.14030612244898,0,,22,35,930,2412,1659.375,613.522834014467,0.00766391184573003
200336,Baseline,8,200,TRUE,8,"1,2,3,4,5,6,7,8",0.154665977961433,0.150510204081633,0,,14,35,767,2441,1815,548.456014644748,0.00897395833333333
200337,Baseline,8,200,TRUE,8,"1,2,3,4,5,6,7,8",0.178840605842048,0.170918367346939,0,,30,50,1017,2549,1733.125,584.395521030064,0.00839370078740157
200338,Baseline,8,200,TRUE,8,"1,2,3,4,5,6,7,8",0.172713310580205,0.165816326530612,0,,27,28,981,2626,1831.25,595.506207236451,0.008125
200339,Baseline,8,200,TRUE,8,"1,2,3,4,5,6,7,8",0.135285714285714,0.153061224489796,0,,22,19,624,2432,1750,517.443164580835,0.00780685358255452
200340,Baseline,8,200,TRUE,7,"1,2,4,5,6,7,8",0.290272290649934,0.176020408163265,2,130,15,32,0,2765,1613.625,901.766668822928,0.00920661157024793
200341,Baseline,8,200,TRUE,7,"1,2,3,5,6,7,8",0.276944667201283,0.165816326530612,1,115,13,24,0,2834,1558.75,842.466574156761,0.0124463276836158
200342,Baseline,8,200,TRUE,6,"2,3,4,6,7,8",0.397574090593716,0.192307692307692,2,92,18,54,0,2376,1261.125,960.857271621843,0.00939622641509434
200343,Baseline,8,200,TRUE,8,"1,2,3,4,5,6,7,8",0.131797734088637,0.181122448979592,0,,24,28,1419,2842,1875.625,497.200142943319,0.0127093333333333
200344,Baseline,8,200,TRUE,7,"1,2,3,4,5,6,7",0.307608067777029,0.160714285714286,1,87,24,54,0,2292,1298.375,769.297255849222,0.010047619047619
200345,Baseline,8,200,TRUE,6,"2,3,4,5,6,7",0.307927276730021,0.285714285714286,2,95,24,35,0,2648,1703.375,1091.46925059756,0.00972173913043478
200346,Baseline,8,200,TRUE,8,"1,2,3,4,5,6,7,8",0.166934907010014,0.145408163265306,0,,24,43,1043,2382,1747.5,556.626830624817,0.00816797900262467
200347,Baseline,8,200,TRUE,8,"1,2,3,4,5,6,7,8",0.14483261969638,0.188775510204082,0,,17,38,1009,2232,1605.625,454.57262110376,0.00904197530864197
200348,Baseline,8,200,TRUE,7,"1,3,4,5,6,7,8",0.313996579247434,0.155612244897959,1,81,16,45,0,2730,1534.75,918.954802246241,0.00943250688705234
200349,Baseline,8,200,TRUE,8,"1,2,3,4,5,6,7,8",0.190112891478514,0.14030612244898,0,,23,35,845,2451,1716.25,632.856957433059,0.00875318066157761
200350,Baseline,8,200,TRUE,8,"1,2,3,4,5,6,7,8",0.183094768015795,0.153061224489796,0,,21,17,1113,2856,1899.375,664.319617030409,0.00891460055096419
200351,Baseline,8,200,TRUE,8,"1,2,3,4,5,6,7,8",0.190399855907781,0.193877551020408,0,,14,58,947,2388,1735,656.078610272537,0.00832142857142857
200352,Baseline,8,200,TRUE,8,"1,2,3,4,5,6,7,8",0.21015597616544,0.168724279835391,0,,16,36,849,2711,1783.125,718.271225632371,0.0095968992248062
200353,Baseline,8,200,TRUE,8,"1,2,3,4,5,6,7,8",0.153177458033573,0.155612244897959,0,,16,37,1200,2681,1824.375,531.641108133243,0.00798319327731092
200354,Baseline,8,200,TRUE,8,"1,2,3,4,5,6,7,8",0.176676413255361,0.155612244897959,0,,24,36,967,2374,1603.125,541.154437291241,0.00983040935672515
200355,Baseline,8,200,TRUE,8,"1,2,3,4,5,6,7,8",0.228575989782886,0.137755102040816,0,,17,67,440,2270,1468.125,634.399477008432,0.00838260869565218
200356,Baseline,8,200,TRUE,8,"1,2,3,4,5,6,7,8",0.138992359121299,0.176020408163265,0,,27,17,1254,2684,1963.125,512.286872060679,0.00993888888888889
200357,Baseline,8,200,TRUE,8,"1,2,3,4,5,6,7,8",0.123409255242227,0.137755102040816,0,,22,39,1086,2251,1728.75,403.593058838798,0.00738935574229692
200358,Baseline,8,200,TRUE,7,"2,3,4,5,6,7,8",0.309107910233965,0.177083333333333,1,200,17,35,0,2754,1570.75,922.116006027131,0.00919466666666667
200359,Baseline,8,200,TRUE,7,"1,2,3,4,5,7,8",0.264936173370937,0.171467764060357,1,181,21,33,0,2660,1684.25,880.330254587934,0.0100906666666667
200360,Baseline,8,200,TRUE,8,"1,2,3,4,5,6,7,8",0.142961876832845,0.165816326530612,0,,32,24,1056,2764,2131.25,602.225100297697,0.00857471264367816
200361,Baseline,8,200,TRUE,8,"1,2,3,4,5,6,7,8",0.22,0.145408163265306,0,,10,22,1046,3475,1937.5,829.217014503958,0.00948717948717949
200362,Baseline,8,200,TRUE,7,"1,2,4,5,6,7,8",0.332157343248268,0.1808,1,178,20,43,0,2464,1479.25,956.925993555853,0.00815384615384615
200363,Baseline,8,200,TRUE,6,"2,3,4,5,6,8",0.393335393489905,0.196159122085048,3,126,19,58,0,2282,1213.5,917.083108868236,0.00917133956386293
200364,Baseline,8,200,TRUE,8,"1,2,3,4,5,6,7,8",0.151020217147136,0.173469387755102,0,,14,51,948,2320,1669.375,476.893500390062,0.00916363636363636
200365,Baseline,8,200,TRUE,7,"1,2,3,4,5,7,8",0.348169263189584,0.239795918367347,1,85,18,48,0,3080,1660.875,1105.57010987867,0.00955216284987277
200366,Baseline,8,200,TRUE,5,"1,3,5,6,7",0.541135111626558,0.20414201183432,3,97,19,67,0,2621,862.25,925.697227576521,0.0101437908496732
200367,Baseline,8,200,TRUE,7,"1,2,3,4,5,6,7",0.335566478139869,0.178571428571429,1,135,22,61,0,2765,1392.375,898.87118694187,0.0114209245742092
200368,Baseline,8,200,TRUE,8,"1,2,3,4,5,6,7,8",0.184436913451512,0.150510204081633,0,,18,49,943,2670,1798.125,651.841443801438,0.00906361323155216
200369,Baseline,8,200,TRUE,7,"1,2,3,4,5,6,8",0.209136231234595,0.196159122085048,1,134,22,29,0,2382,1673.625,752.890608161068,0.00806606606606607
200370,Baseline,8,200,TRUE,8,"1,2,3,4,5,6,7,8",0.220144927536232,0.155612244897959,0,,21,34,642,2967,1725,728.455116766199,0.00971509971509971
200371,Baseline,8,200,TRUE,7,"1,2,3,4,5,6,7",0.303367396202124,0.176020408163265,1,79,6,51,0,2413,1553.5,933.010794609121,0.00893963254593176
200372,Baseline,8,200,TRUE,7,"1,2,3,4,5,7,8",0.231712008370776,0.1776,1,181,15,22,0,2863,2030.875,969.378363031838,0.00960109289617486
200373,Baseline,8,200,TRUE,8,"1,2,3,4,5,6,7,8",0.247536057692308,0.153061224489796,0,,7,61,482,2660,1560,729.758472764399,0.00766060606060606
200374,Baseline,8,200,TRUE,7,"1,2,4,5,6,7,8",0.276576031832722,0.179584120982987,1,186,26,35,0,2509,1602.125,879.182483495727,0.00965476190476191
200375,Baseline,8,200,TRUE,8,"1,2,3,4,5,6,7,8",0.174417419166909,0.201530612244898,0,,11,35,1298,2972,2145.625,715.238808770489,0.00928717948717949
200376,Baseline,8,200,TRUE,7,"2,3,4,5,6,7,8",0.245414201183432,0.155612244897959,1,48,28,28,0,2604,1795.625,889.290879216212,0.00961748633879781
200377,Baseline,8,200,TRUE,8,"1,2,3,4,5,6,7,8",0.197628921745402,0.133058984910837,0,,22,47,622,2380,1733.125,668.280830083538,0.00742118863049096
200378,Baseline,8,200,TRUE,8,"1,2,3,4,5,6,7,8",0.193979377839916,0.198979591836735,0,,12,40,990,2637,1788.125,657.640900166214,0.00849206349206349
200379,Baseline,8,200,TRUE,8,"1,2,3,4,5,6,7,8",0.17023562023562,0.163265306122449,0,,9,45,1207,2687,1803.75,603.54234080374,0.00773934837092732
200380,Baseline,8,200,TRUE,8,"1,2,3,4,5,6,7,8",0.21874305812662,0.160714285714286,0,,15,47,849,2555,1688.125,715.167200730011,0.0074
200381,Baseline,8,200,TRUE,7,"1,2,3,4,6,7,8",0.210906559405941,0.174211248285322,2,116,13,16,0,2803,2020,942.751898888113,0.00689075630252101
200382,Baseline,8,200,TRUE,7,"1,2,3,4,5,6,8",0.296188026192703,0.165816326530612,1,142,14,49,0,2428,1469.875,832.681286567676,0.00724681933842239
200383,Baseline,8,200,TRUE,7,"2,3,4,5,6,7,8",0.238088554532525,0.229591836734694,1,104,11,47,0,2392,1669.875,826.549529671392,0.00922469135802469
200384,Baseline,8,200,TRUE,8,"1,2,3,4,5,6,7,8",0.201782449725777,0.14030612244898,0,,16,42,908,2592,1709.375,657.946358538662,0.00978125
200385,Baseline,8,200,TRUE,8,"1,2,3,4,5,6,7,8",0.189551671732523,0.158163265306122,0,,24,54,777,2377,1645,604.394147650592,0.00846612466124661
200386,Baseline,8,200,TRUE,8,"1,2,3,4,5,6,7,8",0.191343308122328,0.165816326530612,0,,19,34,1059,2881,1900.625,689.048606516882,0.00808333333333333
200387,Baseline,8,200,TRUE,8,"1,2,3,4,5,6,7,8",0.201078028747433,0.160714285714286,0,,12,37,857,2763,1826.25,698.876598549415,0.00861375661375661
200388,Baseline,8,200,TRUE,7,"1,2,4,5,6,7,8",0.330497776772929,0.165680473372781,1,154,12,35,0,3153,1658.625,1048.96819201401,0.0100116959064327
200389,Baseline,8,200,TRUE,8,"1,2,3,4,5,6,7,8",0.188740839440373,0.137755102040816,0,,26,37,758,2518,1876.25,701.111922999052,0.0083010752688172
200390,Baseline,8,200,TRUE,8,"1,2,3,4,5,6,7,8",0.182215836526181,0.150510204081633,0,,21,19,949,3042,1957.5,684.814260532425,0.00904545454545454
200391,Baseline,8,200,TRUE,6,"1,2,3,5,7,8",0.418642151114089,0.214285714285714,2,117,18,46,0,3300,1492.25,1185.13685165168,0.00836612021857924
200392,Baseline,8,200,TRUE,8,"1,2,3,4,5,6,7,8",0.233339350180505,0.160714285714286,0,,17,31,757,2725,1731.25,790.948390947764,0.015171875
200393,Baseline,8,200,TRUE,7,"1,2,4,5,6,7,8",0.191380048522906,0.201646090534979,1,106,34,31,0,2299,1751.75,765.02320226252,0.00937777777777778
200394,Baseline,8,200,TRUE,8,"1,2,3,4,5,6,7,8",0.209142988084326,0.181122448979592,0,,18,65,740,2200,1363.75,556.279926963806,0.00935135135135135
200395,Baseline,8,200,TRUE,7,"2,3,4,5,6,7,8",0.200770491803279,0.204389574759945,2,176,25,19,0,2624,1906.25,846.113087679689,0.00855466666666667
200396,Baseline,8,200,TRUE,8,"1,2,3,4,5,6,7,8",0.11394086201136,0.196428571428571,0,,26,29,1336,2379,1870.625,409.931331357548,0.00853939393939394
200397,Baseline,8,200,TRUE,8,"1,2,3,4,5,6,7,8",0.228123823861498,0.155612244897959,0,,18,51,647,2601,1660.625,712.987865554928,0.00977952755905512
200398,Baseline,8,200,TRUE,8,"1,2,3,4,5,6,7,8",0.153984296692282,0.145408163265306,0,,8,26,1187,2654,1870.625,544.08007223202,0.00747619047619048
200399,Baseline,8,200,TRUE,8,"1,2,3,4,5,6,7,8",0.0874339446689463,0.145408163265306,0,,28,19,1568,2487,2010.625,330.186932985371,0.00821818181818182
200400,Baseline,8,200,TRUE,5,"1,2,4,5,6",0.472398638349761,0.232,3,90,20,55,0,2528,1230.125,1131.78839989764,0.00904290429042904
200401,Baseline,8,200,TRUE,8,"1,2,3,4,5,6,7,8",0.18074891236793,0.150510204081633,0,,26,20,976,2776,2011.25,694.805162823157,0.00982089552238806
200402,Baseline,8,200,TRUE,8,"1,2,3,4,5,6,7,8",0.193283852280956,0.176020408163265,0,,8,47,852,2419,1726.25,636.983908744954,0.00804761904761905
200403,Baseline,8,200,TRUE,8,"1,2,3,4,5,6,7,8",0.197887433738697,0.160714285714286,0,,15,29,956,3067,2004.375,747.136234947435,0.00970992366412214
200404,Baseline,8,200,TRUE,7,"1,3,4,5,6,7,8",0.294035087719298,0.153061224489796,1,97,15,54,0,2406,1425,804.301649169727,0.00739130434782609
200405,Baseline,8,200,TRUE,8,"1,2,3,4,5,6,7,8",0.170420831989681,0.13265306122449,0,,28,19,607,2672,1938.125,678.71758012551,0.00899728997289973
200406,Baseline,8,200,TRUE,6,"2,4,5,6,7,8",0.448833109469443,0.252551020408163,2,98,24,53,0,3829,1489,1295.99228392765,0.00807017543859649
200407,Baseline,8,200,TRUE,8,"1,2,3,4,5,6,7,8",0.178464163822526,0.173469387755102,0,,16,33,1074,2731,1831.25,634.261268833954,0.00904761904761905
200408,Baseline,8,200,TRUE,8,"1,2,3,4,5,6,7,8",0.195282856157296,0.176020408163265,0,,18,40,723,2488,1811.875,687.203949244431,0.00942786069651741
200409,Baseline,8,200,TRUE,8,"1,2,3,4,5,6,7,8",0.139895797745132,0.173469387755102,0,,14,29,804,2544,1829.375,517.317514408981,0.00898830409356725
200410,Baseline,8,200,TRUE,8,"1,2,3,4,5,6,7,8",0.256200955305357,0.147959183673469,0,,23,36,679,3183,1831.875,894.631039271817,0.0111318944844125
200411,Baseline,8,200,TRUE,8,"1,2,3,4,5,6,7,8",0.140638332786347,0.160714285714286,0,,18,38,1244,2499,1904.375,510.284776934829,0.00795238095238095
200412,Baseline,8,200,TRUE,8,"1,2,3,4,5,6,7,8",0.218208475217556,0.150510204081633,0,,23,40,591,2591,1651.875,706.519120659266,0.00852631578947368
200413,Baseline,8,200,TRUE,8,"1,2,3,4,5,6,7,8",0.204533243787777,0.14030612244898,0,,28,23,1002,3022,1861.25,736.766051257599,0.00808785529715762
200414,Baseline,8,200,TRUE,8,"1,2,3,4,5,6,7,8",0.160538461538462,0.163265306122449,0,,25,34,741,2701,1828.125,576.338550680067,0.0091864406779661
200415,Baseline,8,200,TRUE,7,"1,2,3,4,5,7,8",0.232504278592157,0.237311385459534,1,117,12,31,0,2361,1679.875,814.090980787774,0.0119206349206349
200416,Baseline,8,200,TRUE,7,"1,3,4,5,6,7,8",0.303230327358295,0.211734693877551,1,185,14,41,0,3658,1806.125,1089.81458940763,0.0101333333333333
200417,Baseline,8,200,TRUE,8,"1,2,3,4,5,6,7,8",0.199146185764443,0.186224489795918,0,,16,34,982,3037,1958.125,742.393895737682,0.010592039800995
200418,Baseline,8,200,TRUE,8,"1,2,3,4,5,6,7,8",0.268014821822769,0.165816326530612,0,,7,34,696,3888,1981.875,1034.51899623517,0.015254593175853
200419,Baseline,8,200,TRUE,8,"1,2,3,4,5,6,7,8",0.130539499036609,0.150510204081633,0,,26,17,1138,2588,1946.25,494.678467000825,0.00850595238095238
200420,Baseline,8,200,TRUE,6,"1,2,3,5,6,7",0.412047841306884,0.255102040816327,2,147,5,56,0,2561,1285.5,1017.79776267895,0.0107777777777778
200421,Baseline,8,200,TRUE,8,"1,2,3,4,5,6,7,8",0.199524600060368,0.163265306122449,0,,31,25,1018,3623,2070.625,821.258605086468,0.00961975308641975
200422,Baseline,8,200,TRUE,8,"1,2,3,4,5,6,7,8",0.238704945515507,0.160714285714286,0,,13,73,715,2373,1491.25,680.835988221204,0.00811548556430446
200423,Baseline,8,200,TRUE,8,"1,2,3,4,5,6,7,8",0.164969959946595,0.137755102040816,0,,15,27,905,2730,1872.5,591.884399910272,0.00883720930232558
200424,Baseline,8,200,TRUE,7,"1,3,4,5,6,7,8",0.271576082439957,0.1808,1,153,23,58,0,2227,1504.125,811.028348544524,0.00936134453781513
200425,Baseline,8,200,TRUE,8,"1,2,3,4,5,6,7,8",0.170792597765363,0.14030612244898,0,,17,31,755,2848,1790,621.222757379118,0.0103482587064677
200426,Baseline,8,200,TRUE,8,"1,2,3,4,5,6,7,8",0.247121650977552,0.147959183673469,0,,21,53,883,2880,1726.25,824.414727462545,0.00994724220623501
200427,Baseline,8,200,TRUE,8,"1,2,3,4,5,6,7,8",0.258493282149712,0.153061224489796,0,,13,52,358,2494,1628.125,818.156366036294,0.00962393162393162
200428,Baseline,8,200,TRUE,8,"1,2,3,4,5,6,7,8",0.172956505436821,0.168367346938776,0,,25,41,1112,2490,1666.875,558.944780686915,0.00932291666666667
200429,Baseline,8,200,TRUE,8,"1,2,3,4,5,6,7,8",0.159955141476881,0.158163265306122,0,,19,30,952,2696,1811.25,551.723468518683,0.00918380062305296
200430,Baseline,8,200,TRUE,7,"1,2,3,4,5,7,8",0.274191894330954,0.174211248285322,1,133,22,46,0,2467,1523.625,813.720895902626,0.00980327868852459
200431,Baseline,8,200,TRUE,8,"1,2,3,4,5,6,7,8",0.154637924598731,0.214285714285714,0,,10,55,988,2202,1674.375,506.619873700758,0.00914611872146119
200432,Baseline,8,200,TRUE,7,"1,2,3,4,5,6,7",0.261493534328785,0.227040816326531,1,175,24,47,0,2598,1749.625,905.076466777413,0.00813740458015267
200433,Baseline,8,200,TRUE,7,"2,3,4,5,6,7,8",0.24200258212595,0.153846153846154,1,88,17,33,0,2521,1742.75,877.729823383678,0.0079031339031339
200434,Baseline,8,200,TRUE,7,"1,2,3,4,6,7,8",0.327939958592133,0.174211248285322,1,164,12,44,0,2967,1509.375,941.065799657874,0.00827039627039627
200435,Baseline,8,200,TRUE,8,"1,2,3,4,5,6,7,8",0.220778574273198,0.163265306122449,0,,23,54,625,2434,1569.375,655.186546499763,0.00995480225988701
200436,Baseline,8,200,TRUE,8,"1,2,3,4,5,6,7,8",0.155685185185185,0.168367346938776,0,,20,31,912,2263,1687.5,513.787337885461,0.00886486486486487
200437,Baseline,8,200,TRUE,7,"1,2,3,4,5,6,7",0.295407209045312,0.170918367346939,1,95,22,57,0,2313,1470.375,849.225855453912,0.0088
200438,Baseline,8,200,TRUE,7,"1,2,3,5,6,7,8",0.226024173507041,0.229591836734694,1,91,28,31,0,2331,1659.875,808.479425924282,0.00918157181571816
200439,Baseline,8,200,TRUE,8,"1,2,3,4,5,6,7,8",0.206138392857143,0.147959183673469,0,,7,23,858,2895,1960,767.85173420022,0.00716949152542373
200440,Baseline,8,200,TRUE,8,"1,2,3,4,5,6,7,8",0.242399741267788,0.137755102040816,0,,19,66,735,2701,1449.375,708.364502115361,0.00747869674185464
200441,Baseline,8,200,TRUE,8,"1,2,3,4,5,6,7,8",0.225519570488396,0.142857142857143,0,,19,35,872,2879,1804.375,765.04545849997,0.00891338582677165
200442,Baseline,8,200,TRUE,7,"1,3,4,5,6,7,8",0.32946973903387,0.168724279835391,1,153,16,68,0,2459,1350.75,844.366499639988,0.00786363636363636
200443,Baseline,8,200,TRUE,8,"1,2,3,4,5,6,7,8",0.193037735849057,0.153061224489796,0,,24,39,606,2243,1656.25,624.191991984151,0.00759349593495935
200444,Baseline,8,200,TRUE,8,"1,2,3,4,5,6,7,8",0.189771460423634,0.135204081632653,0,,18,43,960,2558,1681.875,609.384569521931,0.00743333333333333
200445,Baseline,8,200,TRUE,8,"1,2,3,4,5,6,7,8",0.20819898175647,0.153061224489796,0,,19,52,951,2907,1473.125,653.2491184183,0.0105873015873016
200446,Baseline,8,200,TRUE,7,"1,2,3,4,5,6,8",0.262957637817366,0.169421487603306,1,182,17,30,0,2763,1782.25,968.534054272597,0.00920218579234973
200447,Baseline,8,200,TRUE,7,"1,2,3,4,5,7,8",0.264386321371995,0.174211248285322,1,133,28,17,0,2778,1814.875,950.154940372509,0.00891145833333333
200448,Baseline,8,200,TRUE,8,"1,2,3,4,5,6,7,8",0.165387722132472,0.153061224489796,0,,19,31,1110,2969,1934.375,608.803730394991,0.0091536231884058
200449,Baseline,8,200,TRUE,8,"1,2,3,4,5,6,7,8",0.129209183673469,0.168367346938776,0,,16,30,1318,2537,1960,489.032864802707,0.0139080459770115
200450,Baseline,8,200,TRUE,7,"1,2,3,4,6,7,8",0.233165279932309,0.153061224489796,1,140,22,28,0,2500,1772.75,858.139474178211,0.00744270833333333
200451,Baseline,8,200,TRUE,7,"1,2,4,5,6,7,8",0.309436801375752,0.191326530612245,1,98,19,34,0,3262,1599.125,978.664459863543,0.0139230769230769
200452,Baseline,8,200,TRUE,6,"2,4,5,6,7,8",0.390809839690437,0.214285714285714,2,106,18,76,0,2304,1130.625,844.870393695303,0.0079937106918239
200453,Baseline,8,200,TRUE,8,"1,2,3,4,5,6,7,8",0.213181818181818,0.155006858710562,0,,16,65,579,2332,1546.875,624.86854331817,0.00776344086021505
200454,Baseline,8,200,TRUE,8,"1,2,3,4,5,6,7,8",0.184182722187694,0.163265306122449,0,,20,17,913,2962,2011.25,717.668397361503,0.00812073490813648
200455,Baseline,8,200,TRUE,8,"1,2,3,4,5,6,7,8",0.128397269180754,0.14030612244898,0,,36,24,1044,2599,1922.5,479.59179070777,0.00777272727272727
200456,Baseline,8,200,TRUE,6,"1,2,3,5,6,8",0.320126368319382,0.214876033057851,2,102,7,30,0,2774,1553,1017.83369396549,0.00996437659033079
200457,Baseline,8,200,TRUE,8,"1,2,3,4,5,6,7,8",0.201951347567378,0.163265306122449,0,,21,50,808,2781,1785.625,677.238708179873,0.00752311435523114
200458,Baseline,8,200,TRUE,7,"1,2,4,5,6,7,8",0.314799957210098,0.1648,1,178,12,67,0,2296,1168.5,709.044427380965,0.00855191256830601
200459,Baseline,8,200,TRUE,7,"1,2,3,4,6,7,8",0.334241172051089,0.1904,1,180,17,52,0,2621,1497.375,963.322811567189,0.0104376590330789
200460,Baseline,8,200,TRUE,8,"1,2,3,4,5,6,7,8",0.251814756049187,0.158163265306122,0,,18,53,638,2589,1575.625,751.850467180809,0.00854780361757106
200461,Baseline,8,200,TRUE,8,"1,2,3,4,5,6,7,8",0.182563942607611,0.13265306122449,0,,23,29,892,2707,2003.75,730.28541387206,0.00864233576642336
200462,Baseline,8,200,TRUE,8,"1,2,3,4,5,6,7,8",0.183444216990788,0.168367346938776,0,,21,31,895,2536,1831.875,651.695905750089,0.00755752212389381
200463,Baseline,8,200,TRUE,7,"1,2,3,4,6,7,8",0.274270281871512,0.196428571428571,1,148,26,34,0,3490,1747.25,976.585999431548,0.00993846153846154
200464,Baseline,8,200,TRUE,8,"1,2,3,4,5,6,7,8",0.120729013254786,0.211734693877551,0,,22,37,1086,2140,1697.5,404.892931173521,0.0104501424501425
200465,Baseline,8,200,TRUE,6,"1,2,3,4,5,6",0.35973784139039,0.2416,2,150,26,30,0,3334,1711.75,1193.21627185878,0.00881066666666667
200466,Baseline,8,200,TRUE,8,"1,2,3,4,5,6,7,8",0.196810471976401,0.198979591836735,0,,21,44,822,2506,1695,635.269571576845,0.00763157894736842
200467,Baseline,8,200,TRUE,7,"1,3,4,5,6,7,8",0.372950984331057,0.187928669410151,1,169,16,55,0,3798,1555.625,1148.26725827595,0.0107150537634409
200468,Baseline,8,200,TRUE,7,"1,2,4,5,6,7,8",0.360716244629308,0.204081632653061,1,66,15,54,0,2908,1367.375,944.348594459241,0.0091976401179941
200469,Baseline,8,200,TRUE,7,"1,2,3,4,5,6,7",0.280169447789437,0.165816326530612,1,143,20,52,0,2303,1453.25,784.661665032407,0.00748459383753501
200470,Baseline,8,200,TRUE,8,"1,2,3,4,5,6,7,8",0.178277591973244,0.147959183673469,0,,32,22,729,2712,1868.75,642.933622434807,0.00853333333333333
200471,Baseline,8,200,TRUE,7,"1,2,3,4,6,7,8",0.240228966986156,0.188775510204082,1,116,11,28,0,2532,1760.625,863.538226054379,0.00966951566951567
200472,Baseline,8,200,TRUE,8,"1,2,3,4,5,6,7,8",0.175716170373162,0.137755102040816,0,,12,43,809,2278,1658.125,551.651918591528,0.00839420289855073
200473,Baseline,8,200,TRUE,7,"1,2,3,4,5,7,8",0.337132978330005,0.164461247637051,1,197,15,39,0,3662,1690.125,1109.06014747366,0.0123931623931624
200474,Baseline,8,200,TRUE,8,"1,2,3,4,5,6,7,8",0.168247232472325,0.137755102040816,0,,28,58,946,2661,1693.75,543.475521856452,0.00868686868686869
200475,Baseline,8,200,TRUE,8,"1,2,3,4,5,6,7,8",0.238106088224572,0.163265306122449,0,,23,39,614,2617,1714.375,804.211581523882,0.00773118279569893
200476,Baseline,8,200,TRUE,8,"1,2,3,4,5,6,7,8",0.218318348998774,0.176020408163265,0,,24,38,849,2628,1529.375,641.550563089146,0.00826666666666667
200477,Baseline,8,200,TRUE,8,"1,2,3,4,5,6,7,8",0.150836369658828,0.147959183673469,0,,22,29,1153,2908,1886.875,548.906298925418,0.00965866666666667
200478,Baseline,8,200,TRUE,8,"1,2,3,4,5,6,7,8",0.191787941787942,0.178571428571429,0,,20,33,1016,2744,1803.75,671.232714595212,0.00748717948717949
200479,Baseline,8,200,TRUE,8,"1,2,3,4,5,6,7,8",0.152394388906804,0.149519890260631,0,,12,23,789,2417,1938.125,604.935282843191,0.00982777777777778
200480,Baseline,8,200,TRUE,8,"1,2,3,4,5,6,7,8",0.242464299498263,0.165816326530612,0,,14,52,655,2692,1619.375,741.066786560332,0.0100606060606061
200481,Baseline,8,200,TRUE,7,"1,2,3,4,6,7,8",0.310357142857143,0.145408163265306,1,116,22,36,0,2976,1662.5,1004.15565099668,0.0114702380952381
200482,Baseline,8,200,TRUE,8,"1,2,3,4,5,6,7,8",0.18346717877095,0.14030612244898,0,,9,39,777,2624,1790,629.778645920249,0.00802777777777778
200483,Baseline,8,200,TRUE,8,"1,2,3,4,5,6,7,8",0.159452853989278,0.137755102040816,0,,19,27,945,2650,1981.875,604.769008441594,0.00701866666666667
200484,Baseline,8,200,TRUE,7,"1,2,3,4,5,7,8",0.297672110270432,0.155612244897959,1,125,20,36,0,2712,1668.625,957.067983478708,0.00864021164021164
200485,Baseline,8,200,TRUE,8,"1,2,3,4,5,6,7,8",0.206034482758621,0.147959183673469,0,,20,36,614,2552,1794.375,735.871094592757,0.00797814207650273
200486,Baseline,8,200,TRUE,8,"1,2,3,4,5,6,7,8",0.216486681065515,0.155612244897959,0,,18,51,994,2808,1736.25,723.288274874845,0.0125352112676056
200487,Baseline,8,200,TRUE,7,"1,2,4,5,6,7,8",0.195256391841425,0.221938775510204,1,90,24,53,0,2409,1740.5,758.420915926167,0.0121120943952802
200488,Baseline,8,200,TRUE,6,"3,4,5,6,7,8",0.338093281282104,0.187928669410151,2,72,10,61,0,2083,1216.75,817.795075623647,0.00818867924528302
200489,Baseline,8,200,TRUE,7,"1,2,3,4,5,7,8",0.319493849118127,0.176020408163265,1,61,14,57,0,2966,1686.75,1018.89109890536,0.0088135593220339
200490,Baseline,8,200,TRUE,8,"1,2,3,4,5,6,7,8",0.247511678045275,0.170918367346939,0,,10,44,837,3118,1739.375,825.608336319347,0.00819184652278178
200491,Baseline,8,200,TRUE,8,"1,2,3,4,5,6,7,8",0.118441166014931,0.163265306122449,0,,22,41,1050,2297,1758.125,399.961582976594,0.00834645669291339
200492,Baseline,8,200,TRUE,8,"1,2,3,4,5,6,7,8",0.202865384615385,0.160714285714286,0,,18,47,787,2472,1625,623.305245101811,0.00860981912144703
200493,Baseline,8,200,TRUE,8,"1,2,3,4,5,6,7,8",0.129461733883773,0.137755102040816,0,,14,17,1005,2736,1968.125,514.861267721704,0.0077020202020202
200494,Baseline,8,200,TRUE,6,"2,3,4,5,7,8",0.384972641426176,0.360768175582991,2,149,12,54,0,2585,1416.375,1044.69119668377,0.0129085545722714
200495,Baseline,8,200,TRUE,7,"1,3,4,5,6,7,8",0.254486210804685,0.188775510204082,1,89,24,52,0,2213,1323.5,675.49748862809,0.00914689265536723
200496,Baseline,8,200,TRUE,7,"2,3,4,5,6,7,8",0.303530380813731,0.159722222222222,2,200,9,37,0,2813,1631.375,941.997867377022,0.00812365591397849
200497,Baseline,8,200,TRUE,6,"1,2,4,5,6,8",0.341740869302747,0.243055555555556,2,66,18,25,0,2754,1656.5,1119.27425465918,0.0082969696969697
200498,Baseline,8,200,TRUE,8,"1,2,3,4,5,6,7,8",0.188995255845476,0.170918367346939,0,,21,58,888,2566,1844.375,674.753275014547,0.00828947368421053
200499,Baseline,8,200,TRUE,7,"1,2,4,5,6,7,8",0.276296775174931,0.181122448979592,1,82,22,43,0,2549,1643.5,892.573646421243,0.00738181818181818
200500,Baseline,8,200,TRUE,8,"1,2,3,4,5,6,7,8",0.168886097152429,0.158163265306122,0,,12,24,1075,2601,1865.625,597.04006505905,0.00822051282051282
200501,Baseline,8,200,TRUE,8,"1,2,3,4,5,6,7,8",0.227188808526837,0.137755102040816,0,,22,39,767,2691,1641.875,720.256390361893,0.00877976190476191
200502,Baseline,8,200,TRUE,8,"1,2,3,4,5,6,7,8",0.135518777848504,0.158163265306122,0,,23,22,1203,2595,1963.75,506.021668084904,0.00954228855721393
200503,Baseline,8,200,TRUE,7,"1,2,4,5,6,7,8",0.28786701208981,0.157750342935528,1,138,17,47,0,2411,1447.5,808.397179609133,0.00836111111111111
200504,Baseline,8,200,TRUE,8,"1,2,3,4,5,6,7,8",0.200766983199416,0.165816326530612,0,,18,51,896,2518,1711.25,674.619628277404,0.00805167958656331
200505,Baseline,8,200,TRUE,8,"1,2,3,4,5,6,7,8",0.187929326287979,0.158163265306122,0,,6,28,922,2533,1892.5,705.736292311593,0.00929066666666667
200506,Baseline,8,200,TRUE,8,"1,2,3,4,5,6,7,8",0.186549646863315,0.168367346938776,0,,21,53,880,2129,1504.375,540.679185971549,0.00881232492997199
200507,Baseline,8,200,TRUE,7,"1,2,4,5,6,7,8",0.218896459730334,0.183673469387755,1,162,17,32,0,2785,1733.625,806.655872369731,0.00852252252252252
200508,Baseline,8,200,TRUE,8,"1,2,3,4,5,6,7,8",0.238871951219512,0.14030612244898,0,,22,24,623,2879,1845,848.522076486944,0.0128677248677249
200509,Baseline,8,200,TRUE,8,"1,2,3,4,5,6,7,8",0.165225058784011,0.153061224489796,0,,36,35,814,2486,1860.625,595.992554483695,0.00822408963585434
200510,Baseline,8,200,TRUE,8,"1,2,3,4,5,6,7,8",0.164306569343066,0.168367346938776,0,,23,43,1127,2538,1712.5,536.94852107601,0.0104888888888889
200511,Baseline,8,200,TRUE,8,"1,2,3,4,5,6,7,8",0.179362416107383,0.14030612244898,0,,21,26,1097,2779,2048.75,718.715471220308,0.00878177458033573
200512,Baseline,8,200,TRUE,7,"1,2,3,4,5,7,8",0.265416413834952,0.196159122085048,1,77,35,47,0,2431,1648,885.820039769446,0.0088241469816273
200513,Baseline,8,200,TRUE,7,"1,2,3,5,6,7,8",0.291786957629277,0.2,2,195,18,49,0,2553,1472.125,828.269010389396,0.00930054644808743
200514,Baseline,8,200,TRUE,7,"1,2,3,4,5,6,8",0.302539608574091,0.308673469387755,1,174,16,50,0,2815,1609.5,946.2803873211,0.0107179487179487
200515,Baseline,8,200,TRUE,8,"1,2,3,4,5,6,7,8",0.244227799227799,0.153061224489796,0,,20,41,687,2975,1618.75,759.44599168454,0.00847849462365591
200516,Baseline,8,200,TRUE,8,"1,2,3,4,5,6,7,8",0.189112182922472,0.168367346938776,0,,16,36,997,2819,1749.375,637.173431761602,0.00938847117794486
200517,Baseline,8,200,TRUE,8,"1,2,3,4,5,6,7,8",0.190998010610079,0.137755102040816,0,,21,25,741,2647,1885,703.711588649782,0.00937891737891738
200518,Baseline,8,200,TRUE,6,"2,3,4,5,6,7",0.384321286910533,0.193415637860082,2,96,17,39,0,2751,1418.125,1041.59814536537,0.0086951566951567
200519,Baseline,8,200,TRUE,7,"1,2,4,5,6,7,8",0.193810770381451,0.165816326530612,1,130,22,40,0,2296,1671.25,725.692920101688,0.0079016393442623
200520,Baseline,8,200,TRUE,8,"1,2,3,4,5,6,7,8",0.18622754491018,0.170918367346939,0,,22,35,828,2807,1878.75,666.656851118218,0.00908661417322835
200521,Baseline,8,200,TRUE,8,"1,2,3,4,5,6,7,8",0.163491813602015,0.142857142857143,0,,16,25,915,2772,1985,656.316778915269,0.00794647201946472
200522,Baseline,8,200,TRUE,8,"1,2,3,4,5,6,7,8",0.168614794138172,0.130102040816327,0,,18,30,782,2338,1791.25,606.340722225195,0.00889537712895377
200523,Baseline,8,200,TRUE,8,"1,2,3,4,5,6,7,8",0.207216828478964,0.145408163265306,0,,12,25,720,3142,1931.25,759.730168264647,0.0102677595628415
200524,Baseline,8,200,TRUE,8,"1,2,3,4,5,6,7,8",0.185814464346063,0.153061224489796,0,,17,31,918,2737,1849.375,654.537336597386,0.0100771349862259
200525,Baseline,8,200,TRUE,8,"1,2,3,4,5,6,7,8",0.263152173913044,0.155612244897959,0,,6,25,782,3456,2012.5,996.398944772051,0.0105024875621891
200526,Baseline,8,200,TRUE,8,"1,2,3,4,5,6,7,8",0.169534735500319,0.147959183673469,0,,27,29,917,2843,1961.25,630.517417908272,0.00788205128205128
200527,Baseline,8,200,TRUE,6,"1,2,3,5,6,8",0.343109990643518,0.204081632653061,2,99,20,55,0,1988,1202.375,818.276575230789,0.0098974358974359
200528,Baseline,8,200,TRUE,8,"1,2,3,4,5,6,7,8",0.222508532423208,0.14030612244898,0,,20,33,695,2716,1831.25,808.555811308038,0.00850273224043716
200529,Baseline,8,200,TRUE,8,"1,2,3,4,5,6,7,8",0.198382458662832,0.142857142857143,0,,17,44,842,2644,1738.75,653.092150575137,0.00960902255639098
200530,Baseline,8,200,TRUE,8,"1,2,3,4,5,6,7,8",0.174105636179548,0.165816326530612,0,,18,31,860,2454,1851.875,630.010303203731,0.00834710743801653
200531,Baseline,8,200,TRUE,7,"1,3,4,5,6,7,8",0.250272077114428,0.152,2,137,33,38,0,2493,1608,799.619552394405,0.00834545454545455
200532,Baseline,8,200,TRUE,8,"1,2,3,4,5,6,7,8",0.174457027614024,0.137755102040816,0,,16,27,907,2659,2014.375,693.646253503902,0.00756284153005465
200533,Baseline,8,200,TRUE,8,"1,2,3,4,5,6,7,8",0.198930689978146,0.135204081632653,0,,30,18,452,2757,2001.875,797.578914590901,0.010448
200534,Baseline,8,200,TRUE,6,"1,2,3,6,7,8",0.368981002539265,0.223593964334705,2,91,16,47,0,2428,1329.125,952.56307440205,0.0109874213836478
200535,Baseline,8,200,TRUE,8,"1,2,3,4,5,6,7,8",0.20092936802974,0.147959183673469,0,,17,34,799,2440,1681.25,644.847877963699,0.00748266666666667
200536,Baseline,8,200,TRUE,7,"1,2,3,5,6,7,8",0.218620519565932,0.316326530612245,1,163,27,20,0,2752,1900.625,878.933596955505,0.00939784946236559
200537,Baseline,8,200,TRUE,8,"1,2,3,4,5,6,7,8",0.309173819742489,0.160714285714286,0,,12,60,507,3262,1747.5,1022.58649651613,0.0118361581920904
200538,Baseline,8,200,TRUE,8,"1,2,3,4,5,6,7,8",0.229538981844073,0.178571428571429,0,,13,42,722,2678,1755.625,764.818734360353,0.00848621553884712
200539,Baseline,8,200,TRUE,6,"1,2,3,5,7,8",0.411276926374451,0.21301775147929,2,93,20,47,0,2478,1166.375,907.188425458413,0.00936873156342183
200540,Baseline,8,200,TRUE,8,"1,2,3,4,5,6,7,8",0.154021981522778,0.147959183673469,0,,20,28,1265,2726,1961.875,575.150772158297,0.00901041666666667
200541,Baseline,8,200,TRUE,6,"1,2,4,5,6,7",0.304057910356898,0.191326530612245,2,74,18,23,0,2460,1642.625,1051.05035049978,0.00886792452830189
200542,Baseline,8,200,TRUE,8,"1,2,3,4,5,6,7,8",0.152802924791086,0.160714285714286,0,,20,37,1150,2512,1795,518.566430515072,0.0086984126984127
200543,Baseline,8,200,TRUE,7,"1,2,3,4,6,7,8",0.283721580320537,0.1648,1,196,16,52,400,2811,1676.875,891.165759392878,0.00937634408602151
200544,Baseline,8,200,TRUE,8,"1,2,3,4,5,6,7,8",0.169064930672979,0.178571428571429,0,,28,34,991,2680,1848.125,590.170783393611,0.00851679586563308
200545,Baseline,8,200,TRUE,8,"1,2,3,4,5,6,7,8",0.173106188704768,0.142857142857143,0,,22,27,949,2667,1848.125,612.975282069817,0.00773655913978495
200546,Baseline,8,200,TRUE,8,"1,2,3,4,5,6,7,8",0.195860033726813,0.153061224489796,0,,16,34,850,2889,1853.125,697.600056827488,0.00751466666666667
200547,Baseline,8,200,TRUE,8,"1,2,3,4,5,6,7,8",0.18736478925774,0.147959183673469,0,,19,37,898,2454,1675.625,597.193660262015,0.00754269972451791
200548,Baseline,8,200,TRUE,8,"1,2,3,4,5,6,7,8",0.147596153846154,0.152263374485597,0,,17,38,1005,2591,1885,530.240376756483,0.0131378446115288
200549,Baseline,8,200,TRUE,8,"1,2,3,4,5,6,7,8",0.211478428621536,0.193877551020408,0,,18,40,633,2877,1781.875,718.89606590343,0.00939733333333333
200550,Baseline,8,200,TRUE,8,"1,2,3,4,5,6,7,8",0.247153683468453,0.163265306122449,0,,15,42,857,3286,1773.125,854.456291200099,0.00752162849872774
200551,Baseline,8,200,TRUE,7,"1,2,3,5,6,7,8",0.306132148676961,0.152777777777778,1,195,25,24,150,3431,1610.875,970.263504341549,0.0109567901234568
200552,Baseline,8,200,TRUE,7,"1,2,3,4,5,6,7",0.279204718417047,0.196428571428571,3,71,23,48,0,2268,1314,722.134930011599,0.00820754716981132
200553,Baseline,8,200,TRUE,8,"1,2,3,4,5,6,7,8",0.226590177133655,0.191326530612245,0,,22,54,708,2423,1552.5,666.311381519825,0.00765608465608466
200554,Baseline,8,200,TRUE,7,"1,2,4,5,6,7,8",0.252599058454296,0.209183673469388,1,122,20,46,0,2336,1593.125,811.679816799703,0.00740251572327044
200555,Baseline,8,200,TRUE,8,"1,2,3,4,5,6,7,8",0.203024781341108,0.170918367346939,0,,12,44,914,2568,1715,663.391502594272,0.00776271186440678
200556,Baseline,8,200,TRUE,8,"1,2,3,4,5,6,7,8",0.199794043092522,0.137755102040816,0,,18,23,1150,3080,1972.5,759.567358058896,0.0093109243697479
200557,Baseline,8,200,TRUE,7,"1,2,3,5,6,7,8",0.291252728230601,0.190926275992439,1,171,12,34,0,2935,1660.875,925.882503730514,0.01
200558,Baseline,8,200,TRUE,8,"1,2,3,4,5,6,7,8",0.150849903784477,0.137755102040816,0,,25,24,703,2446,1948.75,609.010379925616,0.0103646723646724
200559,Baseline,8,200,TRUE,6,"1,4,5,6,7,8",0.353065783392389,0.174211248285322,2,89,23,28,0,2840,1622.75,1118.20963406433,0.0071030303030303
200560,Baseline,8,200,TRUE,8,"1,2,3,4,5,6,7,8",0.213227424749164,0.153061224489796,0,,28,27,830,2960,1868.75,758.200830914871,0.0102621082621083
200561,Baseline,8,200,TRUE,8,"1,2,3,4,5,6,7,8",0.200827512906165,0.147959183673469,0,,20,23,756,3171,2058.125,782.712762037992,0.00898550724637681
200562,Baseline,8,200,TRUE,7,"2,3,4,5,6,7,8",0.204612259726534,0.181122448979592,3,128,35,26,0,2674,1892.375,843.46529058911,0.00879889807162534
200563,Baseline,8,200,TRUE,8,"1,2,3,4,5,6,7,8",0.191082581540597,0.150510204081633,0,,19,35,793,2535,1801.25,665.518648445385,0.00845911949685535
200564,Baseline,8,200,TRUE,7,"2,3,4,5,6,7,8",0.232597732459692,0.1712,1,200,12,33,0,2360,1697.875,826.040026269914,0.00753846153846154
200565,Baseline,8,200,TRUE,7,"1,2,3,4,6,7,8",0.285070075266026,0.201530612244898,1,84,15,75,0,2344,1444.875,793.340574946941,0.00808333333333333
200566,Baseline,8,200,TRUE,8,"1,2,3,4,5,6,7,8",0.101128338962235,0.145408163265306,0,,22,16,1190,2493,2035.625,428.281595448602,0.00759677419354839
200567,Baseline,8,200,TRUE,8,"1,2,3,4,5,6,7,8",0.177434782608696,0.183673469387755,0,,22,44,759,2550,1796.875,619.484218062552,0.00801666666666667
200568,Baseline,8,200,TRUE,8,"1,2,3,4,5,6,7,8",0.14216967243283,0.176020408163265,0,,25,30,1029,2363,1698.125,459.24516872799,0.0239663865546219
200569,Baseline,8,200,TRUE,8,"1,2,3,4,5,6,7,8",0.177917093142272,0.135204081632653,0,,18,26,955,2631,1831.875,612.862239822295,0.00843452380952381
200570,Baseline,8,200,TRUE,8,"1,2,3,4,5,6,7,8",0.156223554301834,0.152263374485597,0,,17,30,1075,2444,1772.5,524.83112930324,0.00776502732240437
200571,Baseline,8,200,TRUE,7,"1,2,3,4,6,7,8",0.27035534415221,0.155612244897959,1,188,19,39,0,2925,1787,957.439889944608,0.00903597122302158
200572,Baseline,8,200,TRUE,8,"1,2,3,4,5,6,7,8",0.066272035948842,0.188775510204082,0,,28,37,1217,2141,1808.125,265.365213297771,0.00881739130434783
200573,Baseline,8,200,TRUE,7,"1,2,3,5,6,7,8",0.304576696487017,0.160714285714286,1,67,16,48,0,2692,1718.625,1015.35608637702,0.00847761194029851
200574,Baseline,8,200,TRUE,8,"1,2,3,4,5,6,7,8",0.215877914951989,0.137755102040816,0,,25,44,715,3004,1822.5,757.95495531444,0.009776
200575,Baseline,8,200,TRUE,8,"1,2,3,4,5,6,7,8",0.191666666666667,0.168367346938776,0,,19,59,712,2128,1503.75,548.841051671611,0.0148818897637795
200576,Baseline,8,200,TRUE,8,"1,2,3,4,5,6,7,8",0.217517508293402,0.160714285714286,0,,22,40,646,2629,1695.625,698.455630557262,0.00880825958702065
200577,Baseline,8,200,TRUE,8,"1,2,3,4,5,6,7,8",0.251318161333934,0.176020408163265,0,,16,77,728,2461,1386.875,704.679752491462,0.0077793427230047
200578,Baseline,8,200,TRUE,8,"1,2,3,4,5,6,7,8",0.144186991869919,0.198979591836735,0,,22,36,725,2518,1921.875,578.647792579513,0.00766442953020134
200579,Baseline,8,200,TRUE,8,"1,2,3,4,5,6,7,8",0.195338038632987,0.153061224489796,0,,14,32,858,2421,1682.5,626.606962708112,0.00706459948320413
200580,Baseline,8,200,TRUE,8,"1,2,3,4,5,6,7,8",0.203574046920821,0.153061224489796,0,,25,49,775,2555,1705,668.215106512438,0.00854501216545012
200581,Baseline,8,200,TRUE,8,"1,2,3,4,5,6,7,8",0.148207914369121,0.147959183673469,0,,14,26,1123,2763,1926.875,535.740192230739,0.0096551724137931
200582,Baseline,8,200,TRUE,7,"1,2,3,4,5,6,8",0.270027955271565,0.184,1,182,19,52,0,2485,1565,821.972887978325,0.008
200583,Baseline,8,200,TRUE,8,"1,2,3,4,5,6,7,8",0.174467072706509,0.158163265306122,0,,26,38,1056,2467,1641.875,553.046739822749,0.00982258064516129
200584,Baseline,8,200,TRUE,8,"1,2,3,4,5,6,7,8",0.247636433512683,0.158163265306122,0,,16,37,774,2888,1626.25,766.778558087573,0.00974193548387097
200585,Baseline,8,200,TRUE,7,"1,3,4,5,6,7,8",0.311105125442512,0.174211248285322,1,105,14,44,0,2695,1624.25,970.722227445701,0.00921666666666667
200586,Baseline,8,200,TRUE,8,"1,2,3,4,5,6,7,8",0.185668789808917,0.176020408163265,0,,20,42,966,3408,1962.5,726.140285541103,0.00823655913978495
200587,Baseline,8,200,TRUE,8,"1,2,3,4,5,6,7,8",0.210645933014354,0.186224489795918,0,,21,29,734,2589,1828.75,748.367318138054,0.00838690476190476
200588,Baseline,8,200,TRUE,8,"1,2,3,4,5,6,7,8",0.230551771117166,0.155612244897959,0,,14,33,636,2910,1835,795.619794338261,0.0101533923303835
200589,Baseline,8,200,TRUE,8,"1,2,3,4,5,6,7,8",0.1100015211439,0.158163265306122,0,,29,28,1366,2766,2054.375,440.103214355126,0.00952820512820513
200590,Baseline,8,200,TRUE,8,"1,2,3,4,5,6,7,8",0.163268257411424,0.153061224489796,0,,16,46,1001,2432,1728.75,532.445503582962,0.00838418079096045
200591,Baseline,8,200,TRUE,7,"1,2,3,5,6,7,8",0.17531517334534,0.193877551020408,1,99,21,31,0,2595,1943.375,817.571480055414,0.00971428571428572
200592,Baseline,8,200,TRUE,8,"1,2,3,4,5,6,7,8",0.227646291464778,0.153061224489796,0,,16,40,602,2564,1676.875,722.149457720294,0.00889830508474576
200593,Baseline,8,200,TRUE,7,"1,2,3,4,5,6,8",0.262686353211009,0.150887573964497,1,174,21,22,0,2554,1744,915.307598570011,0.00897175141242938
200594,Baseline,8,200,TRUE,7,"1,2,3,4,6,7,8",0.278400812821103,0.176020408163265,1,92,18,36,198,3057,1630.125,876.661595811878,0.0090519877675841
200595,Baseline,8,200,TRUE,8,"1,2,3,4,5,6,7,8",0.185762651461155,0.191326530612245,0,,18,22,857,2869,1753.75,627.360172241023,0.00989784946236559
200596,Baseline,8,200,TRUE,8,"1,2,3,4,5,6,7,8",0.160495739736638,0.168367346938776,0,,26,30,898,2203,1613.75,488.651131761125,0.00861942257217848
200597,Baseline,8,200,TRUE,8,"1,2,3,4,5,6,7,8",0.250119453924915,0.137755102040816,0,,6,35,693,3024,1831.25,882.265549593772,0.00985507246376812
200598,Baseline,8,200,TRUE,8,"1,2,3,4,5,6,7,8",0.124356969064998,0.183673469387755,0,,25,48,1025,2208,1798.125,443.045769160962,0.00959420289855072
200599,Baseline,8,200,TRUE,8,"1,2,3,4,5,6,7,8",0.132601026298909,0.173469387755102,0,,9,21,1026,2626,1948.75,509.160583706162,0.00772451790633609
200600,Baseline,8,200,TRUE,8,"1,2,3,4,5,6,7,8",0.184455076224457,0.137755102040816,0,,25,27,869,2608,1926.875,714.257344079449,0.00923214285714286
200601,Baseline,8,200,TRUE,7,"1,2,3,5,6,7,8",0.290661775388639,0.188775510204082,1,115,16,42,0,2655,1720.75,978.214079695383,0.0082962962962963
200602,Baseline,8,200,TRUE,8,"1,2,3,4,5,6,7,8",0.132357142857143,0.168367346938776,0,,29,29,1147,2279,1750,442.02844123104,0.00908484848484849
200603,Baseline,8,200,TRUE,6,"1,2,4,5,6,7",0.420597832098219,0.194444444444444,2,114,17,51,0,2503,1130.125,906.815217828701,0.00849444444444445
200604,Baseline,8,200,TRUE,7,"1,2,3,4,5,6,7",0.295389255960931,0.153061224489796,1,71,24,34,0,3131,1740.5,994.928425279211,0.0101159420289855
200605,Baseline,8,200,TRUE,8,"1,2,3,4,5,6,7,8",0.148892253745617,0.155612244897959,0,,22,28,1264,2809,1960.625,549.712376091872,0.00935802469135802
200606,Baseline,8,200,TRUE,8,"1,2,3,4,5,6,7,8",0.146204013377926,0.170918367346939,0,,16,38,1131,2398,1868.75,529.778322913057,0.0104289405684755
200607,Baseline,8,200,TRUE,7,"1,2,3,5,6,7,8",0.292225950782998,0.196428571428571,1,75,20,38,0,2792,1508.625,850.304472779352,0.00821818181818182
200608,Baseline,8,200,TRUE,6,"1,2,4,5,6,8",0.365914056809905,0.341836734693878,2,74,16,46,0,2962,1716.25,1221.14708953742,0.00870760233918129
200609,Baseline,8,200,TRUE,8,"1,2,3,4,5,6,7,8",0.184106021425933,0.206632653061225,0,,25,57,1130,2641,1691.875,613.468228889763,0.00942708333333333
200610,Baseline,8,200,TRUE,8,"1,2,3,4,5,6,7,8",0.127896022330775,0.188775510204082,0,,22,32,872,2225,1791.25,460.843868819551,0.0113441734417344
200611,Baseline,8,200,TRUE,6,"1,3,5,6,7,8",0.351609701363715,0.188208616780045,2,115,26,41,0,2479,1448.25,1004.19872108491,0.00723893805309735
200612,Baseline,8,200,TRUE,8,"1,2,3,4,5,6,7,8",0.120402298850575,0.188775510204082,0,,17,32,1307,2493,1957.5,458.024016837545,0.00992528735632184
200613,Baseline,8,200,TRUE,8,"1,2,3,4,5,6,7,8",0.216191879502292,0.142857142857143,0,,11,27,736,2957,1908.75,786.382086338623,0.00961679790026247
200614,Baseline,8,200,TRUE,7,"1,2,3,4,5,6,8",0.310529980941211,0.147959183673469,1,110,19,32,0,3059,1705.25,1013.70096323183,0.00737222222222222
200615,Baseline,8,200,TRUE,7,"1,2,3,4,5,6,7",0.339992032992783,0.176020408163265,1,95,17,51,0,2714,1333.625,863.458649435927,0.0097953216374269
200616,Baseline,8,200,TRUE,7,"1,2,3,4,5,7,8",0.255026054503204,0.165816326530612,1,181,32,25,0,2583,1775.125,966.013965811497,0.00851190476190476
200617,Baseline,8,200,TRUE,8,"1,2,3,4,5,6,7,8",0.24261105281567,0.158163265306122,0,,11,44,868,3036,1786.875,820.430625168445,0.0076140350877193
200618,Baseline,8,200,TRUE,6,"1,2,3,4,6,7",0.410081597595018,0.191326530612245,2,108,24,42,0,3153,1164.25,987.521392173354,0.0140919540229885
200619,Baseline,8,200,TRUE,8,"1,2,3,4,5,6,7,8",0.200612017804154,0.150510204081633,0,,21,45,881,2601,1685,639.974776288655,0.00814678899082569
200620,Baseline,8,200,TRUE,8,"1,2,3,4,5,6,7,8",0.211671802773498,0.150510204081633,0,,22,41,723,2596,1622.5,673.020695924618,0.00965333333333333
200621,Baseline,8,200,TRUE,8,"1,2,3,4,5,6,7,8",0.133243947287772,0.145408163265306,0,,15,8,1103,2827,2039.375,528.306441782202,0.00959562841530055
200622,Baseline,8,200,TRUE,8,"1,2,3,4,5,6,7,8",0.151654652686763,0.163265306122449,0,,31,30,1105,2767,1907.5,544.483503619977,0.00838845144356955
200623,Baseline,8,200,TRUE,8,"1,2,3,4,5,6,7,8",0.235253607345868,0.176020408163265,0,,12,75,549,2253,1429.375,657.117501451822,0.0082962962962963
200624,Baseline,8,200,TRUE,7,"1,3,4,5,6,7,8",0.278022484334685,0.201530612244898,1,105,18,36,0,3391,1695.625,954.608212454573,0.0143703703703704
200625,Baseline,8,200,TRUE,8,"1,2,3,4,5,6,7,8",0.203828828828829,0.163265306122449,0,,11,36,676,2689,1734.375,667.17655352345,0.00813740458015267
200626,Baseline,8,200,TRUE,7,"1,2,3,4,6,7,8",0.291105825017405,0.1552,2,196,13,44,0,2585,1615.875,921.41125260579,0.00907988980716254
200627,Baseline,8,200,TRUE,7,"1,2,4,5,6,7,8",0.314466895958727,0.1808,1,170,19,43,0,2745,1453.75,875.45118979546,0.00798198198198198
200628,Baseline,8,200,TRUE,8,"1,2,3,4,5,6,7,8",0.223303167420815,0.147959183673469,0,,12,43,758,2907,1657.5,707.255056034041,0.00908955223880597
200629,Baseline,8,200,TRUE,8,"1,2,3,4,5,6,7,8",0.119492537313433,0.149519890260631,0,,25,20,1432,2599,2093.75,495.398468767459,0.00971059431524548
200630,Baseline,8,200,TRUE,8,"1,2,3,4,5,6,7,8",0.202303212142605,0.135204081632653,0,,17,35,704,2596,1770.625,685.046387897512,0.00696296296296296
200631,Baseline,8,200,TRUE,8,"1,2,3,4,5,6,7,8",0.180824742268041,0.176020408163265,0,,16,40,799,2599,1818.75,626.088708913179,0.00862222222222222
200632,Baseline,8,200,TRUE,8,"1,2,3,4,5,6,7,8",0.244668807029402,0.137755102040816,0,,26,39,644,2854,1849.375,884.283880969713,0.00700529100529101
200633,Baseline,8,200,TRUE,7,"1,2,3,5,6,7,8",0.289097730464996,0.184027777777778,1,195,12,52,0,2813,1690.875,937.07194989804,0.00946666666666667
200634,Baseline,8,200,TRUE,6,"1,2,5,6,7,8",0.41924421732114,0.214876033057851,2,106,18,63,0,2406,1161.875,917.145951541286,0.00924561403508772
200635,Baseline,8,200,TRUE,8,"1,2,3,4,5,6,7,8",0.202574334898278,0.13265306122449,0,,16,26,913,2971,1996.875,762.164668652947,0.00966129032258065
200636,Baseline,8,200,TRUE,8,"1,2,3,4,5,6,7,8",0.168413391557496,0.14030612244898,0,,22,49,1068,2659,1717.5,551.785931576471,0.0113486005089059
200637,Baseline,8,200,TRUE,7,"2,3,4,5,6,7,8",0.245622852547701,0.155612244897959,2,160,18,36,0,2650,1709.875,864.907168842001,0.00823931623931624
200638,Baseline,8,200,TRUE,8,"1,2,3,4,5,6,7,8",0.209864658787648,0.160714285714286,0,,14,45,768,2597,1639.375,645.502669575093,0.00969191919191919
200639,Baseline,8,200,TRUE,8,"1,2,3,4,5,6,7,8",0.187420912420913,0.137755102040816,0,,19,31,654,2962,1876.875,689.597281545023,0.00693220338983051
200640,Baseline,8,200,TRUE,6,"1,3,5,6,7,8",0.319788797061524,0.21900826446281,2,153,20,39,0,2622,1633.5,1062.43426687422,0.00899212598425197
200641,Baseline,8,200,TRUE,8,"1,2,3,4,5,6,7,8",0.130655708731,0.181122448979592,0,,20,29,1241,2489,1768.125,438.031452719355,0.00795733333333333
200642,Baseline,8,200,TRUE,7,"1,2,3,4,5,6,7",0.26736166164579,0.219387755102041,1,191,19,49,0,2705,1576.75,852.845447395281,0.00796610169491525
200643,Baseline,8,200,TRUE,8,"1,2,3,4,5,6,7,8",0.273882575757576,0.163265306122449,0,,9,56,614,2859,1650,852.749502659318,0.00951653944020356
200644,Baseline,8,200,TRUE,8,"1,2,3,4,5,6,7,8",0.241923905240488,0.153061224489796,0,,15,45,810,2822,1741.25,800.587596706319,0.00853866666666667
200645,Baseline,8,200,TRUE,8,"1,2,3,4,5,6,7,8",0.187555309734513,0.155612244897959,0,,19,41,1067,2646,1695,630.594050989111,0.00717829457364341
200646,Baseline,8,200,TRUE,8,"1,2,3,4,5,6,7,8",0.18551145798738,0.153061224489796,0,,21,39,1104,2724,1881.875,673.633312185283,0.00912935323383084
200647,Baseline,8,200,TRUE,7,"1,2,4,5,6,7,8",0.236784498135236,0.209183673469388,1,82,16,33,0,2284,1541.75,742.987742640675,0.00712211221122112
200648,Baseline,8,200,TRUE,7,"1,2,3,4,5,7,8",0.353480568128609,0.170918367346939,1,85,18,44,0,2769,1601.75,1095.39709042625,0.0117719298245614
200649,Baseline,8,200,TRUE,8,"1,2,3,4,5,6,7,8",0.262495402721589,0.145408163265306,0,,29,48,595,2703,1699.375,844.058213547586,0.00988266666666667
200650,Baseline,8,200,TRUE,8,"1,2,3,4,5,6,7,8",0.136519975968759,0.155612244897959,0,,23,19,802,2754,2080.625,592.086851133948,0.0083451536643026
200651,Baseline,8,200,TRUE,8,"1,2,3,4,5,6,7,8",0.127532308767028,0.155612244897959,0,,20,26,975,2271,1789.375,442.393469823931,0.00768361581920904
200652,Baseline,8,200,TRUE,8,"1,2,3,4,5,6,7,8",0.153212199870214,0.142857142857143,0,,17,26,950,2592,1926.25,565.192192343201,0.00787931034482759
200653,Baseline,8,200,TRUE,8,"1,2,3,4,5,6,7,8",0.192551854179761,0.176020408163265,0,,11,24,991,3297,1988.75,740.949921191902,0.00922133333333333
200654,Baseline,8,200,TRUE,7,"1,2,4,5,6,7,8",0.249690594059406,0.168724279835391,1,98,18,29,0,2714,1818,928.186249782722,0.00912684365781711
200655,Baseline,8,200,TRUE,8,"1,2,3,4,5,6,7,8",0.200430334524196,0.147959183673469,0,,14,47,855,2874,1924.375,733.149943248797,0.00944102564102564
200656,Baseline,8,200,TRUE,8,"1,2,3,4,5,6,7,8",0.160597352838732,0.142857142857143,0,,18,26,1054,2477,1794.375,545.739848410263,0.00825454545454546
200657,Baseline,8,200,TRUE,8,"1,2,3,4,5,6,7,8",0.234740527182867,0.153061224489796,0,,19,59,675,2849,1517.5,698.055257739058,0.010296918767507
200658,Baseline,8,200,TRUE,8,"1,2,3,4,5,6,7,8",0.130017521503664,0.135204081632653,0,,23,30,1088,2650,1961.875,498.814433718306,0.00923728813559322
200659,Baseline,8,200,TRUE,8,"1,2,3,4,5,6,7,8",0.170666550643926,0.150510204081633,0,,8,46,987,2413,1795.625,591.215439944333,0.00949726775956284
200660,Baseline,8,200,TRUE,7,"1,2,3,4,6,7,8",0.237513236851394,0.168367346938776,1,108,17,22,0,2846,1770.625,855.891170902336,0.00759870550161812
200661,Baseline,8,200,TRUE,8,"1,2,3,4,5,6,7,8",0.184224976466897,0.155612244897959,0,,15,28,1178,2903,1991.875,703.572605147675,0.0084297520661157
200662,Baseline,8,200,TRUE,8,"1,2,3,4,5,6,7,8",0.179900213827513,0.147959183673469,0,,31,31,862,2479,1753.75,600.699057051746,0.00714207650273224
200663,Baseline,8,200,TRUE,7,"1,2,3,4,5,6,7",0.359132149146314,0.178571428571429,1,175,13,49,0,3406,1632.625,1115.24269459932,0.0114005602240896
200664,Baseline,8,200,TRUE,8,"1,2,3,4,5,6,7,8",0.228229398663697,0.135204081632653,0,,26,23,800,3050,1964.375,853.880543251137,0.00856910569105691
200665,Baseline,8,200,TRUE,8,"1,2,3,4,5,6,7,8",0.131725449515906,0.198979591836735,0,,14,29,795,2217,1807.5,493.233934645331,0.00746778711484594
200666,Baseline,8,200,TRUE,8,"1,2,3,4,5,6,7,8",0.170526127415891,0.171467764060357,0,,20,49,772,2628,1746.25,568.674838047694,0.0127768595041322
200667,Baseline,8,200,TRUE,5,"1,4,5,7,8",0.533117557085109,0.224952741020794,3,85,21,48,0,3108,1144.125,1199.47422261351,0.0112483660130719
200668,Baseline,8,200,TRUE,8,"1,2,3,4,5,6,7,8",0.177450657894737,0.150510204081633,0,,20,30,984,2625,1900,639.804657688579,0.00900751879699248
200669,Baseline,8,200,TRUE,7,"1,2,3,5,6,7,8",0.30437725631769,0.170918367346939,1,155,14,50,0,2288,1385,803.778221010888,0.00821652421652422
200670,Baseline,8,200,TRUE,8,"1,2,3,4,5,6,7,8",0.191792267365662,0.173469387755102,0,,25,39,901,2866,1907.5,685.117299654384,0.0100458015267176
200671,Baseline,8,200,TRUE,7,"1,3,4,5,6,7,8",0.238450292397661,0.171597633136095,1,137,18,32,0,2435,1710,853.909162114365,0.0100606060606061
200672,Baseline,8,200,TRUE,8,"1,2,3,4,5,6,7,8",0.144289164941339,0.163265306122449,0,,16,24,1015,2371,1811.25,499.30687672298,0.00872364672364672
200673,Baseline,8,200,TRUE,8,"1,2,3,4,5,6,7,8",0.217150297619048,0.150510204081633,0,,22,40,742,2603,1680,689.886533113547,0.00967741935483871
200674,Baseline,8,200,TRUE,8,"1,2,3,4,5,6,7,8",0.168293768545994,0.158163265306122,0,,24,26,1167,2884,2106.25,678.819931940717,0.0106609195402299
200675,Baseline,8,200,TRUE,8,"1,2,3,4,5,6,7,8",0.134546657842488,0.14030612244898,0,,30,25,1024,2430,1888.75,488.951867336069,0.00970555555555556
200676,Baseline,8,200,TRUE,8,"1,2,3,4,5,6,7,8",0.188185053380783,0.145408163265306,0,,10,33,778,2655,1756.25,658.285381014301,0.00831524547803618
200677,Baseline,8,200,TRUE,8,"1,2,3,4,5,6,7,8",0.209378359011107,0.201530612244898,0,,33,41,733,2536,1744.375,699.046071953978,0.00793769470404985
200678,Baseline,8,200,TRUE,7,"1,2,3,4,5,6,8",0.273445045393085,0.184,2,190,12,20,0,3214,1941.375,1039.13273419988,0.00824390243902439
200679,Baseline,8,200,TRUE,7,"1,2,4,5,6,7,8",0.32829167330043,0.155612244897959,1,106,13,63,0,2945,1570.25,990.50777021543,0.00857742782152231
200680,Baseline,8,200,TRUE,8,"1,2,3,4,5,6,7,8",0.18857697740113,0.150510204081633,0,,18,36,1012,2816,1770,643.107855873114,0.0117722222222222
200681,Baseline,8,200,TRUE,8,"1,2,3,4,5,6,7,8",0.21690019193858,0.165816326530612,0,,23,37,658,2618,1628.125,666.553060260665,0.00802777777777778
200682,Baseline,8,200,TRUE,8,"1,2,3,4,5,6,7,8",0.196333333333333,0.204081632653061,0,,16,61,891,2453,1546.875,585.161378839816,0.00932299741602067
200683,Baseline,8,200,TRUE,8,"1,2,3,4,5,6,7,8",0.173059551689528,0.155612244897959,0,,17,30,976,2658,1868.125,612.547243075993,0.00932222222222222
200684,Baseline,8,200,TRUE,8,"1,2,3,4,5,6,7,8",0.136975753604194,0.158163265306122,0,,26,18,956,2445,1907.5,512.217308794394,0.00815656565656566
200685,Baseline,8,200,TRUE,8,"1,2,3,4,5,6,7,8",0.218544179980437,0.137755102040816,0,,17,34,863,2913,1916.875,788.495210149416,0.00768390804597701
200686,Baseline,8,200,TRUE,8,"1,2,3,4,5,6,7,8",0.0958151155527796,0.147959183673469,0,,17,21,1132,2419,2001.25,401.595300911609,0.0106291079812207
200687,Baseline,8,200,TRUE,8,"1,2,3,4,5,6,7,8",0.184486754966887,0.142857142857143,0,,23,24,891,2690,1887.5,692.470319116381,0.0102358974358974
200688,Baseline,8,200,TRUE,8,"1,2,3,4,5,6,7,8",0.199258373205742,0.135204081632653,0,,17,26,827,2721,1959.375,761.371495113541,0.00957037037037037
200689,Baseline,8,200,TRUE,7,"1,2,3,4,6,7,8",0.23146111268805,0.201183431952663,1,188,8,37,0,2554,1761.5,837.919702937834,0.0144820512820513
200690,Baseline,8,200,TRUE,8,"1,2,3,4,5,6,7,8",0.153217636022514,0.137755102040816,0,,18,31,945,2259,1665.625,498.027520037082,0.00836021505376344
200691,Baseline,8,200,TRUE,8,"1,2,3,4,5,6,7,8",0.17432720708894,0.145408163265306,0,,17,28,914,2603,1904.375,642.326115992269,0.00827868852459016
200692,Baseline,8,200,TRUE,8,"1,2,3,4,5,6,7,8",0.211112156567557,0.145408163265306,0,,11,28,874,2452,1660.625,668.037196889942,0.00809917355371901
200693,Baseline,8,200,TRUE,8,"1,2,3,4,5,6,7,8",0.216310264385692,0.183673469387755,0,,17,67,832,2731,1607.5,662.048120823339,0.0113129770992366
200694,Baseline,8,200,TRUE,8,"1,2,3,4,5,6,7,8",0.234910394265233,0.187928669410151,0,,19,33,600,3086,1743.75,798.00872712736,0.009648
200695,Baseline,8,200,TRUE,6,"1,3,5,6,7,8",0.38197701237795,0.196159122085048,3,65,23,28,0,3312,1625.875,1186.83509957004,0.00797759103641457
200696,Baseline,8,200,TRUE,8,"1,2,3,4,5,6,7,8",0.208960843373494,0.153061224489796,0,,22,45,871,2734,1660,660.430379157626,0.0120169491525424
200697,Baseline,8,200,TRUE,8,"1,2,3,4,5,6,7,8",0.152686878408726,0.153061224489796,0,,20,40,1011,2775,1948.125,574.573490885693,0.00844444444444445
200698,Baseline,8,200,TRUE,7,"1,3,4,5,6,7,8",0.240245520902455,0.224489795918367,1,177,19,32,0,2834,1883.75,913.829891953952,0.00941025641025641
200699,Baseline,8,200,TRUE,7,"1,2,3,4,5,6,8",0.280672621774317,0.155612244897959,1,70,17,33,0,2383,1637.25,938.999125208782,0.00809439528023599
200700,Baseline,8,200,TRUE,8,"1,2,3,4,5,6,7,8",0.258110687022901,0.135204081632653,0,,11,47,766,2648,1637.5,820.475646021432,0.00913910761154856
200701,Baseline,8,200,TRUE,7,"1,3,4,5,6,7,8",0.241980069018945,0.230769230769231,1,177,27,29,0,2917,1774.875,870.884187396432,0.00995555555555556
200702,Baseline,8,200,TRUE,6,"1,2,3,6,7,8",0.333374517027586,0.314128943758573,2,156,10,66,0,2361,1391.125,899.342686553431,0.0103543543543544
200703,Baseline,8,200,TRUE,7,"1,3,4,5,6,7,8",0.232779515246286,0.160493827160494,1,161,20,26,0,2383,1598.75,758.398265142681,0.00834920634920635
200704,Baseline,8,200,TRUE,8,"1,2,3,4,5,6,7,8",0.189735614307932,0.147959183673469,0,,18,37,583,2243,1607.5,591.064173455689,0.00955733333333333
200705,Baseline,8,200,TRUE,8,"1,2,3,4,5,6,7,8",0.209895635673624,0.186224489795918,0,,20,40,259,2279,1646.875,697.286257572885,0.0093
200706,Baseline,8,200,TRUE,8,"1,2,3,4,5,6,7,8",0.217430503380917,0.176020408163265,0,,20,45,719,2373,1663.75,702.787663522916,0.00788304093567251
200707,Baseline,8,200,TRUE,6,"1,2,3,4,6,7",0.413668447157573,0.306122448979592,2,84,11,30,0,4051,1638.125,1324.01418178637,0.0152271386430678
200708,Baseline,8,200,TRUE,7,"1,2,3,4,5,6,8",0.294857606610595,0.206632653061225,2,166,26,32,0,2948,1694.25,950.943553980541,0.0104350282485876
200709,Baseline,8,200,TRUE,8,"1,2,3,4,5,6,7,8",0.170314009661836,0.150510204081633,0,,19,28,803,2777,1940.625,640.900468648827,0.00917994100294985
200710,Baseline,8,200,TRUE,7,"1,2,3,5,6,7,8",0.326847068952023,0.160714285714286,1,75,18,41,0,2675,1597.125,1017.55974728058,0.00870646766169154
200711,Baseline,8,200,TRUE,5,"2,3,5,6,8",0.505493293328627,0.446428571428572,3,118,26,51,0,3549,1416.5,1377.30544387013,0.0161538461538462
200712,Baseline,8,200,TRUE,7,"1,2,3,4,5,7,8",0.301693705873517,0.16323731138546,1,77,11,40,0,3056,1664.25,961.574861508824,0.00971253822629969
200713,Baseline,8,200,TRUE,7,"1,2,3,4,5,7,8",0.276403389317597,0.20414201183432,1,133,15,46,0,3047,1652.25,896.580926153829,0.0104566929133858
200714,Baseline,8,200,TRUE,8,"1,2,3,4,5,6,7,8",0.126931968295905,0.137755102040816,0,,30,25,941,2373,1892.5,502.603507463175,0.00856084656084656
200715,Baseline,8,200,TRUE,8,"1,2,3,4,5,6,7,8",0.238524991832734,0.147959183673469,0,,18,39,824,3437,1913.125,867.56036224741,0.00764028776978417
200716,Baseline,8,200,TRUE,6,"1,2,3,5,7,8",0.388438735177866,0.263313609467456,2,123,15,68,0,2281,1265,943.104902512365,0.00958479532163743
200717,Baseline,8,200,TRUE,8,"1,2,3,4,5,6,7,8",0.192773851590106,0.181122448979592,0,,20,31,644,2733,1768.75,656.085088122831,0.00932791327913279
200718,Baseline,8,200,TRUE,8,"1,2,3,4,5,6,7,8",0.180406714009038,0.150510204081633,0,,22,27,865,2742,1936.25,678.700386242497,0.00788976377952756
200719,Baseline,8,200,TRUE,8,"1,2,3,4,5,6,7,8",0.189852225963337,0.178571428571429,0,,15,48,560,2199,1670.625,655.306239751418,0.00849444444444445
200720,Baseline,8,200,TRUE,7,"1,2,3,5,6,7,8",0.302587595650423,0.176954732510288,1,163,14,41,0,2809,1551.875,891.754680791913,0.00794133333333333
200721,Baseline,8,200,TRUE,8,"1,2,3,4,5,6,7,8",0.153633916554509,0.181122448979592,0,,24,40,1049,2418,1857.5,557.789258719507,0.00873099415204678
200722,Baseline,8,200,TRUE,8,"1,2,3,4,5,6,7,8",0.228926138400861,0.137755102040816,0,,16,37,768,2554,1743.125,771.961960110175,0.00946788990825688
200723,Baseline,8,200,TRUE,8,"1,2,3,4,5,6,7,8",0.241944847605225,0.160714285714286,0,,14,54,550,2892,1722.5,785.283206420279,0.0110582010582011
200724,Baseline,8,200,TRUE,8,"1,2,3,4,5,6,7,8",0.124673842139596,0.173469387755102,0,,23,30,1180,2401,1916.25,459.876613886812,0.00812745098039216
200725,Baseline,8,200,TRUE,7,"1,2,4,5,6,7,8",0.27943170881092,0.184027777777778,1,186,24,38,0,2307,1428.625,771.452421919663,0.00801739130434783
200726,Baseline,8,200,TRUE,8,"1,2,3,4,5,6,7,8",0.152882507672074,0.188775510204082,0,,31,74,787,2039,1425.625,435.25786691832,0.00731297709923664
200727,Baseline,8,200,TRUE,7,"1,2,3,4,5,6,7",0.30823805634953,0.218106995884774,1,87,14,47,0,2573,1530.625,896.32853312037,0.00785585585585586
200728,Baseline,8,200,TRUE,8,"1,2,3,4,5,6,7,8",0.148964021843881,0.158163265306122,0,,23,28,1180,2469,1945.625,580.888958530679,0.00773118279569893
200729,Baseline,8,200,TRUE,8,"1,2,3,4,5,6,7,8",0.160821831869511,0.163265306122449,0,,25,29,1151,3007,1992.5,617.862213026266,0.00881735159817352
200730,Baseline,8,200,TRUE,8,"1,2,3,4,5,6,7,8",0.13691922259338,0.142857142857143,0,,22,19,1040,2696,2058.125,548.883916298728,0.00740921409214092
200731,Baseline,8,200,TRUE,8,"1,2,3,4,5,6,7,8",0.151796360213367,0.153061224489796,0,,24,23,1020,2612,1991.875,582.444954480679,0.00980208333333333
200732,Baseline,8,200,TRUE,8,"1,2,3,4,5,6,7,8",0.193264758497317,0.155612244897959,0,,17,31,1063,2728,1746.875,658.682112251426,0.00816666666666667
200733,Baseline,8,200,TRUE,7,"1,2,3,4,5,6,7",0.232607215793057,0.204081632653061,1,71,19,30,0,2980,1836.25,882.839048589428,0.00652100840336134
200734,Baseline,8,200,TRUE,7,"1,2,3,4,5,7,8",0.250854325327085,0.1584,1,197,20,25,0,2772,1920.375,977.986552273891,0.008
200735,Baseline,8,200,TRUE,8,"1,2,3,4,5,6,7,8",0.1707635156497,0.176020408163265,0,,19,47,1065,2862,1976.875,651.822376659689,0.0088
200736,Baseline,8,200,TRUE,7,"1,2,3,4,5,7,8",0.291,0.170138888888889,1,197,24,56,0,2549,1640.625,933.095147115999,0.00768660968660969
200737,Baseline,8,200,TRUE,6,"1,4,5,6,7,8",0.358535321320364,0.2288,2,82,21,46,0,2753,1567.75,1099.17966164382,0.008048
200738,Baseline,8,200,TRUE,8,"1,2,3,4,5,6,7,8",0.176380042462845,0.155006858710562,0,,14,21,816,2587,1766.25,587.8031132956,0.00809275362318841
200739,Baseline,8,200,TRUE,7,"1,2,3,4,6,7,8",0.250111156713865,0.157750342935528,1,164,21,31,0,3102,1827.375,942.505617641462,0.0111525423728814
200740,Baseline,8,200,TRUE,7,"1,2,3,5,6,7,8",0.387925111645483,0.160493827160494,2,115,23,61,0,3062,1455.5,1077.32990039528,0.00961616161616162
200741,Baseline,8,200,TRUE,8,"1,2,3,4,5,6,7,8",0.255492884415134,0.153061224489796,0,,11,49,619,2872,1800.625,893.54573589876,0.00789312977099237
200742,Baseline,8,200,TRUE,7,"1,2,3,4,5,6,8",0.256915125928083,0.163265306122449,1,134,21,33,0,2606,1717.25,871.827759856924,0.00810826210826211
200743,Baseline,8,200,TRUE,8,"1,2,3,4,5,6,7,8",0.141813353566009,0.160714285714286,0,,10,16,1141,2657,2059.375,564.508873142967,0.00840229885057471
200744,Baseline,8,200,TRUE,8,"1,2,3,4,5,6,7,8",0.166312199036918,0.155006858710562,0,,28,50,885,2253,1557.5,516.763001771605,0.00846280991735537
200745,Baseline,8,200,TRUE,8,"1,2,3,4,5,6,7,8",0.222997387897257,0.198979591836735,0,,16,52,558,2153,1435.625,604.212577894332,0.0118635170603675
200746,Baseline,8,200,TRUE,7,"1,2,3,5,6,7,8",0.294060925692695,0.190672153635117,1,107,9,41,0,2484,1588,910.658003863141,0.00897575757575758
200747,Baseline,8,200,TRUE,8,"1,2,3,4,5,6,7,8",0.207493610806864,0.153061224489796,0,,18,40,854,2519,1711.875,699.351625742424,0.00957309941520468
200748,Baseline,8,200,TRUE,8,"1,2,3,4,5,6,7,8",0.167796343001261,0.142857142857143,0,,17,25,819,2614,1982.5,664.20371229659,0.00834159779614325
200749,Baseline,8,200,TRUE,8,"1,2,3,4,5,6,7,8",0.16782253179891,0.160714285714286,0,,20,25,950,2830,2063.75,710.82602854506,0.00796296296296296
200750,Baseline,8,200,TRUE,8,"1,2,3,4,5,6,7,8",0.151856740584301,0.178571428571429,0,,15,30,901,2399,1775.625,513.978303460926,0.00952542372881356
200751,Baseline,8,200,TRUE,8,"1,2,3,4,5,6,7,8",0.152235235895744,0.171467764060357,0,,30,20,923,2686,1894.375,561.553696071381,0.00792650918635171
200752,Baseline,8,200,TRUE,7,"1,2,3,4,5,7,8",0.327033119472863,0.165816326530612,1,109,22,55,0,2730,1441.75,890.16543406268,0.00766966966966967
200753,Baseline,8,200,TRUE,7,"1,2,3,4,5,6,8",0.258283294016727,0.179698216735254,1,118,15,29,0,2785,1748.625,888.906380656269,0.00909711286089239
200754,Baseline,8,200,TRUE,7,"2,3,4,5,6,7,8",0.306673275795039,0.1616,1,144,23,45,0,2766,1607.625,932.917993257101,0.0071484593837535
200755,Baseline,8,200,TRUE,8,"1,2,3,4,5,6,7,8",0.122490289811772,0.145408163265306,0,,17,18,1207,2566,2091.875,515.810994592842,0.00827604166666667
200756,Baseline,8,200,TRUE,7,"1,2,3,4,5,6,8",0.280357989568516,0.160714285714286,1,94,6,59,0,2174,1318.125,717.931440718004,0.00930183727034121
200757,Baseline,8,200,TRUE,8,"1,2,3,4,5,6,7,8",0.130014701078079,0.158163265306122,0,,25,22,1224,2468,1913.125,473.39003474936,0.00750933333333333
200758,Baseline,8,200,TRUE,8,"1,2,3,4,5,6,7,8",0.19699272967614,0.14030612244898,0,,8,24,823,2701,1891.25,710.171558749816,0.0125238095238095
200759,Baseline,8,200,TRUE,8,"1,2,3,4,5,6,7,8",0.131150186884132,0.209183673469388,0,,28,28,966,2472,1839.375,467.544325629743,0.00928115942028986
200760,Baseline,8,200,TRUE,8,"1,2,3,4,5,6,7,8",0.138161743199766,0.163265306122449,0,,26,14,1324,2922,2136.875,557.010755859218,0.00879310344827586
200761,Baseline,8,200,TRUE,8,"1,2,3,4,5,6,7,8",0.255471698113207,0.146776406035665,0,,16,43,587,2751,1656.25,810.931342875057,0.0101842818428184
200762,Baseline,8,200,TRUE,8,"1,2,3,4,5,6,7,8",0.205587044534413,0.150510204081633,0,,9,58,835,2310,1543.75,600.196812958645,0.00974747474747475
200763,Baseline,8,200,TRUE,7,"2,3,4,5,6,7,8",0.282139487340777,0.188775510204082,1,112,20,35,188,2777,1589.75,862.4463130289,0.00837101449275362
200764,Baseline,8,200,TRUE,8,"1,2,3,4,5,6,7,8",0.183713029576339,0.155612244897959,0,,19,45,856,2280,1563.75,545.623562017415,0.00791666666666667
200765,Baseline,8,200,TRUE,8,"1,2,3,4,5,6,7,8",0.223451566438603,0.158163265306122,0,,28,40,645,2627,1735.625,733.813704949307,0.00978512396694215
200766,Baseline,8,200,TRUE,7,"2,3,4,5,6,7,8",0.237259632316687,0.165816326530612,1,152,22,26,0,2739,1774.625,858.439936745723,0.0078
200767,Baseline,8,200,TRUE,8,"1,2,3,4,5,6,7,8",0.12560562878518,0.155612244897959,0,,25,39,678,2251,1754.375,478.613753458883,0.0103650793650794
200768,Baseline,8,200,TRUE,8,"1,2,3,4,5,6,7,8",0.226792828685259,0.150510204081633,0,,25,37,834,2794,1725.625,757.65332017449,0.00831884057971015
200769,Baseline,8,200,TRUE,5,"1,3,6,7,8",0.438524828468427,0.245562130177515,3,97,20,68,0,2291,1074.875,903.292459758822,0.00735220125786164
200770,Baseline,8,200,TRUE,8,"1,2,3,4,5,6,7,8",0.167449385994026,0.155612244897959,0,,12,29,918,2530,1883.125,603.121744994918,0.0100936639118457
200771,Baseline,8,200,TRUE,8,"1,2,3,4,5,6,7,8",0.139056224899598,0.198979591836735,0,,17,56,993,2080,1556.25,409.488792799719,0.00924661246612466
200772,Baseline,8,200,TRUE,8,"1,2,3,4,5,6,7,8",0.178894025604552,0.130102040816327,0,,23,35,863,2353,1757.5,608.287056295909,0.0102166666666667
200773,Baseline,8,200,TRUE,7,"1,2,3,4,5,7,8",0.285053380782918,0.161157024793388,1,189,19,24,0,2966,1756.25,983.268565260057,0.00819672131147541
200774,Baseline,8,200,TRUE,8,"1,2,3,4,5,6,7,8",0.24486155484558,0.170918367346939,0,,32,43,685,3221,1760.625,826.596107539831,0.00834625322997416
200775,Baseline,8,200,TRUE,7,"2,3,4,5,6,7,8",0.237786872990955,0.168724279835391,1,120,21,34,0,2494,1672.125,806.005926511356,0.00801550387596899
200776,Baseline,8,200,TRUE,7,"1,2,3,4,5,6,8",0.228526634723788,0.206611570247934,2,198,20,40,0,2710,1774,838.396939743597,0.008192
200777,Baseline,8,200,TRUE,7,"1,2,3,4,5,6,7",0.320174400252525,0.165680473372781,1,151,18,33,0,2826,1584,958.425345479314,0.00936694677871149
200778,Baseline,8,200,TRUE,7,"1,3,4,5,6,7,8",0.248064043532859,0.157750342935528,2,161,30,33,0,2996,1791.75,895.873356802496,0.00866169154228856
200779,Baseline,8,200,TRUE,8,"1,2,3,4,5,6,7,8",0.199401988195092,0.14030612244898,0,,16,25,666,2799,2011.875,781.022303961746,0.0098740157480315
200780,Baseline,8,200,TRUE,8,"1,2,3,4,5,6,7,8",0.183469565217391,0.147959183673469,0,,24,55,768,2961,1796.875,645.417127024952,0.00749891067538126
200781,Baseline,8,200,TRUE,8,"1,2,3,4,5,6,7,8",0.124808306709265,0.153061224489796,0,,11,14,1023,2428,1956.25,485.470243313488,0.00937948717948718
200782,Baseline,8,200,TRUE,8,"1,2,3,4,5,6,7,8",0.214846663903854,0.173469387755102,0,,15,70,789,2225,1508.125,625.119745671637,0.00767241379310345
200783,Baseline,8,200,TRUE,8,"1,2,3,4,5,6,7,8",0.233476064997804,0.142857142857143,0,,12,63,672,2469,1423.125,636.397548145587,0.00798039215686275
200784,Baseline,8,200,TRUE,7,"1,2,3,4,6,7,8",0.235197132616487,0.163265306122449,1,132,13,26,0,2485,1743.75,854.577380931651,0.00752083333333333
200785,Baseline,8,200,TRUE,8,"1,2,3,4,5,6,7,8",0.146603802514566,0.153061224489796,0,,30,28,1370,2954,2038.125,568.424750014082,0.00814207650273224
200786,Baseline,8,200,TRUE,7,"1,2,3,4,6,7,8",0.2394417290362,0.187145557655955,1,164,24,51,150,2431,1636.75,777.203181744829,0.00863466666666667
200787,Baseline,8,200,TRUE,8,"1,2,3,4,5,6,7,8",0.173879248011569,0.137755102040816,0,,16,31,745,2605,1728.75,582.579179167948,0.0102395833333333
200788,Baseline,8,200,TRUE,8,"1,2,3,4,5,6,7,8",0.194071676665614,0.14030612244898,0,,20,12,764,3339,1979.375,752.204747487582,0.0103333333333333
200789,Baseline,8,200,TRUE,8,"1,2,3,4,5,6,7,8",0.151561543172076,0.135802469135802,0,,18,19,509,2807,2041.25,679.402626261798,0.00727604166666667
200790,Baseline,8,200,TRUE,6,"1,2,4,5,7,8",0.337666112956811,0.235,2,101,25,33,0,2920,1505,1000.47131750134,0.0090233918128655
200791,Baseline,8,200,TRUE,8,"1,2,3,4,5,6,7,8",0.208347158855247,0.183673469387755,0,,19,61,673,2310,1506.875,604.194017443309,0.0116717171717172
200792,Baseline,8,200,TRUE,8,"1,2,3,4,5,6,7,8",0.21388690688548,0.201530612244898,0,,28,39,593,2769,1751.875,708.950217373749,0.00885310734463277
200793,Baseline,8,200,TRUE,7,"1,3,4,5,6,7,8",0.294203408056911,0.264746227709191,3,137,10,52,0,2607,1511.125,857.249494854661,0.0089811320754717
200794,Baseline,8,200,TRUE,7,"1,2,3,4,5,6,8",0.212544242789367,0.174211248285322,1,126,26,27,0,2447,1659.875,771.701910899354,0.00802222222222222
200795,Baseline,8,200,TRUE,8,"1,2,3,4,5,6,7,8",0.109400502197112,0.160714285714286,0,,36,17,803,2397,1991.25,507.166850539065,0.0113638676844784
200796,Baseline,8,200,TRUE,8,"1,2,3,4,5,6,7,8",0.223773891092679,0.145408163265306,0,,23,31,760,2600,1733.125,743.709704790787,0.00978571428571429
200797,Baseline,8,200,TRUE,8,"1,2,3,4,5,6,7,8",0.149273927392739,0.155006858710562,0,,28,26,1005,2882,1893.75,554.777625977936,0.0113446327683616
200798,Baseline,8,200,TRUE,8,"1,2,3,4,5,6,7,8",0.215073162620552,0.157750342935528,0,,17,26,744,3061,1879.375,761.659079622523,0.0111111111111111
200799,Baseline,8,200,TRUE,8,"1,2,3,4,5,6,7,8",0.170739500912964,0.170918367346939,0,,33,20,780,2941,2053.75,700.828234509508,0.00847474747474748
200800,Baseline,8,200,TRUE,7,"1,2,3,4,5,7,8",0.247616431558801,0.160714285714286,1,117,18,27,0,2665,1763.375,878.755440950439,0.00775141242937853
200801,Baseline,8,200,TRUE,8,"1,2,3,4,5,6,7,8",0.166161036405379,0.14030612244898,0,,20,25,1005,2789,1905.625,620.21907131962,0.0087030303030303
200802,Baseline,8,200,TRUE,7,"1,2,3,4,6,7,8",0.240592920353982,0.196428571428571,2,148,29,22,150,2984,1765.625,840.506129407412,0.00953387533875339
200803,Baseline,8,200,TRUE,8,"1,2,3,4,5,6,7,8",0.12641584473433,0.147959183673469,0,,34,26,1206,2952,1964.375,506.483376542889,0.00879781420765027
200804,Baseline,8,200,TRUE,8,"1,2,3,4,5,6,7,8",0.277052610601833,0.155612244897959,0,,23,49,579,3065,1568.125,845.589640006141,0.0131309523809524
200805,Baseline,8,200,TRUE,8,"1,2,3,4,5,6,7,8",0.19737485886338,0.145408163265306,0,,18,63,699,2448,1660.625,627.490224738886,0.00705376344086022
200806,Baseline,8,200,TRUE,8,"1,2,3,4,5,6,7,8",0.227164750957855,0.155612244897959,0,,19,50,730,2506,1631.25,708.253536121474,0.011184
200807,Baseline,8,200,TRUE,7,"1,2,3,4,5,6,7",0.273399273032294,0.170918367346939,2,167,28,40,0,3521,1788.25,993.762654905946,0.0159018087855297
200808,Baseline,8,200,TRUE,8,"1,2,3,4,5,6,7,8",0.200089957474648,0.163265306122449,0,,17,40,877,2780,1910.625,730.954745032628,0.00746456692913386
200809,Baseline,8,200,TRUE,7,"1,2,3,4,5,6,8",0.265472374847375,0.183364839319471,1,190,28,35,0,2624,1638,855.784852802218,0.00861581920903955
200810,Baseline,8,200,TRUE,8,"1,2,3,4,5,6,7,8",0.163362652232747,0.155612244897959,0,,21,30,956,2485,1847.5,591.152143819895,0.00768205128205128
200811,Baseline,8,200,TRUE,7,"1,2,3,5,6,7,8",0.224188864410174,0.176020408163265,1,171,22,38,0,2570,1872.375,915.486902067497,0.00934408602150538
200812,Baseline,8,200,TRUE,8,"1,2,3,4,5,6,7,8",0.215603621730382,0.168367346938776,0,,10,52,462,2416,1553.125,634.486167247617,0.011504
200813,Baseline,8,200,TRUE,8,"1,2,3,4,5,6,7,8",0.214750559641829,0.133058984910837,0,,16,25,481,2814,1954.375,837.436724688584,0.00903703703703704
200814,Baseline,8,200,TRUE,5,"2,3,5,6,7",0.401130069680186,0.215277777777778,3,120,19,37,0,2606,1399.25,1169.93244615723,0.00968421052631579
200815,Baseline,8,200,TRUE,8,"1,2,3,4,5,6,7,8",0.199265208475735,0.193877551020408,0,,28,36,907,2894,1828.75,700.019132391598,0.00862146892655367
200816,Baseline,8,200,TRUE,8,"1,2,3,4,5,6,7,8",0.187198515769944,0.163265306122449,0,,20,74,610,2089,1347.5,475.72861411283,0.010026455026455
200817,Baseline,8,200,TRUE,8,"1,2,3,4,5,6,7,8",0.241367959034382,0.135204081632653,0,,20,48,683,3062,1708.75,786.402069100606,0.00953103448275862
200818,Baseline,8,200,TRUE,7,"1,2,3,4,5,6,8",0.266121430067733,0.158163265306122,2,134,13,27,0,2817,1790.125,941.807447335782,0.00872727272727273
200819,Baseline,8,200,TRUE,8,"1,2,3,4,5,6,7,8",0.171315789473684,0.168367346938776,0,,30,54,798,2384,1662.5,537.788327982568,0.0126222222222222
200820,Baseline,8,200,TRUE,8,"1,2,3,4,5,6,7,8",0.190483333333333,0.170918367346939,0,,22,23,949,2934,1875,673.293185978972,0.0072330383480826
200821,Baseline,8,200,TRUE,7,"1,2,4,5,6,7,8",0.229075986720767,0.288265306122449,1,98,15,56,0,2461,1694.375,803.993414596342,0.0100344827586207
200822,Baseline,8,200,TRUE,8,"1,2,3,4,5,6,7,8",0.172867078825348,0.13265306122449,0,,23,22,1147,2849,2021.875,662.016710514168,0.008171875
308615,Extreme_Capitalism,8,200,TRUE,8,"1,2,3,4,5,6,7,8",0.231479441997063,0.153061224489796,0,,14,40,646,2571,1702.5,758.406411968073,0.0077289972899729
308616,Extreme_Capitalism,8,200,TRUE,8,"1,2,3,4,5,6,7,8",0.133758741258741,0.147959183673469,0,,10,11,840,2166,1787.5,499.495173721858,0.00830769230769231
308617,Extreme_Capitalism,8,200,TRUE,8,"1,2,3,4,5,6,7,8",0.252184631077865,0.181122448979592,0,,9,35,595,2974,1838.125,902.907278501745,0.0106612466124661
308618,Extreme_Capitalism,8,200,TRUE,8,"1,2,3,4,5,6,7,8",0.176742043551089,0.147959183673469,0,,22,26,1030,2676,1865.625,619.66809952702,0.00853443526170799
308619,Extreme_Capitalism,8,200,TRUE,7,"1,2,3,4,5,6,8",0.283857030636292,0.1904,1,190,21,60,0,2730,1591.25,871.952120245143,0.00760629921259843
308620,Extreme_Capitalism,8,200,TRUE,8,"1,2,3,4,5,6,7,8",0.151892430278884,0.150510204081633,0,,22,26,1282,3245,1882.5,611.812296145056,0.0103462532299742
308621,Extreme_Capitalism,8,200,TRUE,7,"1,2,3,5,6,7,8",0.291673472721333,0.190082644628099,1,195,12,40,0,2556,1530.5,854.733542439647,0.00840796019900498
308622,Extreme_Capitalism,8,200,TRUE,5,"1,2,3,4,7",0.443330519206416,0.247933884297521,3,117,14,58,0,2317,1184.5,1033.50029373138,0.00910914454277286
308623,Extreme_Capitalism,8,200,TRUE,7,"1,3,4,5,6,7,8",0.265246122478701,0.179698216735254,1,97,23,43,0,2673,1716.625,894.548239935348,0.00925757575757576
308624,Extreme_Capitalism,8,200,TRUE,7,"1,2,3,4,5,7,8",0.302177838456795,0.187928669410151,1,117,16,31,0,2194,1419.125,857.791256242283,0.0110870870870871
308625,Extreme_Capitalism,8,200,TRUE,7,"1,3,4,5,6,7,8",0.251046603475513,0.1744,1,177,12,25,0,2353,1582.5,809.492786520406,0.00739031339031339
308626,Extreme_Capitalism,8,200,TRUE,7,"2,3,4,5,6,7,8",0.302173576732673,0.160714285714286,1,136,20,25,0,2966,1616,935.676226052581,0.00907165109034268
308627,Extreme_Capitalism,8,200,TRUE,6,"1,3,4,6,7,8",0.354380332672585,0.201183431952663,2,68,26,45,0,2697,1450.375,1001.70211390413,0.0098187134502924
308628,Extreme_Capitalism,8,200,TRUE,7,"1,3,4,5,6,7,8",0.269402472527473,0.182441700960219,1,105,20,43,0,2852,1638,863.625414831487,0.0107818181818182
308629,Extreme_Capitalism,8,200,TRUE,8,"1,2,3,4,5,6,7,8",0.205339172568021,0.173469387755102,0,,15,44,834,2409,1676.875,665.059275016682,0.0106330935251799
308630,Extreme_Capitalism,8,200,TRUE,8,"1,2,3,4,5,6,7,8",0.239279818406934,0.142857142857143,0,,19,48,773,2488,1514.375,696.794484458243,0.00764187327823692
308631,Extreme_Capitalism,8,200,TRUE,8,"1,2,3,4,5,6,7,8",0.190633656509695,0.14030612244898,0,,12,20,848,2728,1805,652.777581897978,0.00849864498644987
308632,Extreme_Capitalism,8,200,TRUE,8,"1,2,3,4,5,6,7,8",0.135105078809107,0.1440329218107,0,,34,24,995,2402,1784.375,459.215771723925,0.00811209439528024
308633,Extreme_Capitalism,8,200,TRUE,8,"1,2,3,4,5,6,7,8",0.172669337217771,0.150510204081633,0,,20,33,920,2446,1716.25,569.059311495735,0.00744715447154472
308634,Extreme_Capitalism,8,200,TRUE,8,"1,2,3,4,5,6,7,8",0.118431992018623,0.146776406035665,0,,14,25,1387,2573,1879.375,424.935604365112,0.00891014492753623
308635,Extreme_Capitalism,8,200,TRUE,8,"1,2,3,4,5,6,7,8",0.157189417177914,0.186224489795918,0,,21,30,680,2328,1630,505.063503786547,0.0114608695652174
308636,Extreme_Capitalism,8,200,TRUE,7,"1,2,3,4,5,7,8",0.336350784385261,0.195266272189349,1,101,18,47,0,2591,1370.5,878.174567741842,0.0072
308637,Extreme_Capitalism,8,200,TRUE,8,"1,2,3,4,5,6,7,8",0.14030612244898,0.158163265306122,0,,20,26,1093,2463,1837.5,486.441304637202,0.008633608815427
308638,Extreme_Capitalism,8,200,TRUE,8,"1,2,3,4,5,6,7,8",0.270813397129187,0.165816326530612,0,,17,66,567,2857,1567.5,798.817876615189,0.0076
308639,Extreme_Capitalism,8,200,TRUE,7,"1,2,3,4,6,7,8",0.253433290691549,0.168241965973535,1,180,27,30,0,2419,1661.125,914.476811781313,0.00791437308868502
308640,Extreme_Capitalism,8,200,TRUE,7,"1,2,3,4,6,7,8",0.273044128343975,0.152,1,188,18,45,0,2470,1546.625,818.83505010821,0.00786904761904762
308641,Extreme_Capitalism,8,200,TRUE,7,"1,2,3,4,5,7,8",0.154341317365269,0.171467764060357,1,141,23,19,196,2317,1774.375,662.563191056413,0.00915384615384616
308642,Extreme_Capitalism,8,200,TRUE,8,"1,2,3,4,5,6,7,8",0.19695836044242,0.150510204081633,0,,11,28,541,2718,1921.25,748.189767753762,0.0102974358974359
308643,Extreme_Capitalism,8,200,TRUE,8,"1,2,3,4,5,6,7,8",0.230143960674157,0.155612244897959,0,,18,39,674,3152,1780,783.996902326242,0.0100058479532164
308644,Extreme_Capitalism,8,200,TRUE,8,"1,2,3,4,5,6,7,8",0.163181521384264,0.178571428571429,0,,22,28,607,2602,1914.375,630.523577785048,0.00861773700305811
308645,Extreme_Capitalism,8,200,TRUE,6,"1,3,5,6,7,8",0.30885222636154,0.193415637860082,2,121,19,36,0,2096,1409.25,916.923855695148,0.00866666666666667
308646,Extreme_Capitalism,8,200,TRUE,7,"1,3,4,5,6,7,8",0.308344251555847,0.185185185185185,1,105,25,33,0,2578,1526.5,891.251928469162,0.00952976190476191
308647,Extreme_Capitalism,8,200,TRUE,5,"2,3,5,7,8",0.450074249257507,0.204861111111111,3,107,8,60,0,2312,1136.375,999.693658434565,0.0097953216374269
308648,Extreme_Capitalism,8,200,TRUE,7,"1,2,3,4,5,7,8",0.2867742987606,0.209829867674858,1,181,23,44,0,2919,1724.625,948.977635970115,0.00867179487179487
308649,Extreme_Capitalism,8,200,TRUE,8,"1,2,3,4,5,6,7,8",0.263071815051648,0.170918367346939,0,,18,74,495,2470,1270.625,653.446672324091,0.009046875
308650,Extreme_Capitalism,8,200,TRUE,8,"1,2,3,4,5,6,7,8",0.126421957671958,0.14030612244898,0,,22,24,907,2318,1890,488.278608992858,0.00746778711484594
308651,Extreme_Capitalism,8,200,TRUE,8,"1,2,3,4,5,6,7,8",0.227049180327869,0.14030612244898,0,,20,48,760,2674,1525,659.990909028299,0.00835588972431078
308652,Extreme_Capitalism,8,200,TRUE,8,"1,2,3,4,5,6,7,8",0.114290301862556,0.198979591836735,0,,23,32,1237,2435,1946.25,436.302892822996,0.00827699530516432
308653,Extreme_Capitalism,8,200,TRUE,8,"1,2,3,4,5,6,7,8",0.151265709156194,0.135802469135802,0,,34,11,1034,2428,1740.625,515.24389162526,0.00776543209876543
308654,Extreme_Capitalism,8,200,TRUE,8,"1,2,3,4,5,6,7,8",0.147373123659757,0.145408163265306,0,,18,30,709,2226,1748.75,525.936647461324,0.00872965879265092
308655,Extreme_Capitalism,8,200,TRUE,8,"1,2,3,4,5,6,7,8",0.164270526660124,0.181122448979592,0,,19,29,920,2638,1910.625,596.252807720254,0.00879365079365079
308656,Extreme_Capitalism,8,200,TRUE,7,"1,2,3,4,5,6,8",0.319874926303377,0.165980795610425,1,86,23,37,0,2659,1484.125,900.718988602201,0.00863492063492063
308657,Extreme_Capitalism,8,200,TRUE,8,"1,2,3,4,5,6,7,8",0.185863831190241,0.198979591836735,0,,12,39,897,2624,1895.625,677.417773080774,0.00777604166666667
308658,Extreme_Capitalism,8,200,TRUE,8,"1,2,3,4,5,6,7,8",0.173436363636364,0.191326530612245,0,,27,38,953,2469,1718.75,560.275888673225,0.00855
308659,Extreme_Capitalism,8,200,TRUE,8,"1,2,3,4,5,6,7,8",0.134485094850949,0.145408163265306,0,,12,24,1215,2528,1845,469.088782336868,0.00800542005420054
308660,Extreme_Capitalism,8,200,TRUE,7,"1,2,3,4,5,6,7",0.250408120552532,0.173469387755102,1,87,16,53,0,2643,1493.125,770.413513733279,0.00776608187134503
308661,Extreme_Capitalism,8,200,TRUE,8,"1,2,3,4,5,6,7,8",0.177725942188072,0.153061224489796,0,,13,27,627,2489,1708.125,589.100873608005,0.00785840707964602
308662,Extreme_Capitalism,8,200,TRUE,8,"1,2,3,4,5,6,7,8",0.142720207253886,0.142857142857143,0,,20,23,1088,2571,1809.375,490.481669236622,0.00753672316384181
308663,Extreme_Capitalism,8,200,TRUE,7,"1,2,3,4,5,6,7",0.382794130453714,0.1584,1,167,28,66,0,3235,1435.375,1049.99441325044,0.0106302083333333
308664,Extreme_Capitalism,8,200,TRUE,8,"1,2,3,4,5,6,7,8",0.12871012482663,0.168367346938776,0,,21,29,1277,2490,1802.5,442.01325125579,0.00937066666666667
308665,Extreme_Capitalism,8,200,TRUE,6,"1,2,4,5,6,8",0.376005709836491,0.21301775147929,2,102,12,59,0,1838,963.25,692.814291752951,0.00896369636963696
308666,Extreme_Capitalism,8,200,TRUE,8,"1,2,3,4,5,6,7,8",0.229052985369711,0.179698216735254,0,,20,40,771,2622,1580.625,709.907627290843,0.00947008547008547
308667,Extreme_Capitalism,8,200,TRUE,8,"1,2,3,4,5,6,7,8",0.272870074547391,0.152263374485597,0,,15,41,652,3430,1760.625,927.959656989462,0.00915702479338843
308668,Extreme_Capitalism,8,200,TRUE,7,"1,2,3,4,6,7,8",0.253707163870557,0.201530612244898,1,116,16,34,0,2371,1572.125,803.708980290752,0.00921393034825871
308669,Extreme_Capitalism,8,200,TRUE,8,"1,2,3,4,5,6,7,8",0.161445880452342,0.13265306122449,0,,21,21,1100,2598,1934.375,599.909740234789,0.00686376811594203
308670,Extreme_Capitalism,8,200,TRUE,8,"1,2,3,4,5,6,7,8",0.180424810530515,0.170918367346939,0,,26,36,927,2469,1566.875,538.065433487681,0.00782188295165394
308671,Extreme_Capitalism,8,200,TRUE,7,"2,3,4,5,6,7,8",0.218045639087218,0.211734693877551,2,152,19,19,0,2957,1785.75,841.620672953592,0.010510752688172
308672,Extreme_Capitalism,8,200,TRUE,8,"1,2,3,4,5,6,7,8",0.181476771787046,0.178571428571429,0,,10,23,848,2640,1843.125,637.090358583459,0.0110104166666667
308673,Extreme_Capitalism,8,200,TRUE,8,"1,2,3,4,5,6,7,8",0.239809782608696,0.186224489795918,0,,16,47,752,2616,1610,740.006177580392,0.00803856749311295
308674,Extreme_Capitalism,8,200,TRUE,8,"1,2,3,4,5,6,7,8",0.135244594115562,0.171467764060357,0,,28,39,1162,2503,1763.125,460.391894399295,0.00821875
308675,Extreme_Capitalism,8,200,TRUE,8,"1,2,3,4,5,6,7,8",0.128746151214506,0.153061224489796,0,,22,22,1122,2376,1826.875,445.20314384078,0.00882795698924731
308676,Extreme_Capitalism,8,200,TRUE,8,"1,2,3,4,5,6,7,8",0.170264006449012,0.209876543209877,0,,9,33,872,2344,1550.625,497.837017937167,0.010416
308677,Extreme_Capitalism,8,200,TRUE,7,"1,2,3,4,5,6,8",0.286317707470598,0.16323731138546,1,118,10,28,0,2466,1509.25,831.198231470688,0.0114704049844237
308678,Extreme_Capitalism,8,200,TRUE,7,"1,2,3,4,5,7,8",0.301307448494453,0.190672153635117,1,117,23,34,0,3087,1577.5,922.978253884054,0.0115958005249344
308679,Extreme_Capitalism,8,200,TRUE,7,"1,2,4,5,6,7,8",0.273607928019693,0.186224489795918,1,146,14,61,0,2373,1472.625,808.372958037139,0.00944871794871795
308680,Extreme_Capitalism,8,200,TRUE,8,"1,2,3,4,5,6,7,8",0.208277027027027,0.168367346938776,0,,23,50,841,2585,1665,664.794060485759,0.0102384428223844
308681,Extreme_Capitalism,8,200,TRUE,8,"1,2,3,4,5,6,7,8",0.207273567467652,0.135204081632653,0,,18,30,865,2503,1690.625,677.781662589699,0.00715406162464986
308682,Extreme_Capitalism,8,200,TRUE,7,"2,3,4,5,6,7,8",0.235277296360485,0.221938775510204,1,160,24,44,0,2522,1803.125,888.663432593337,0.0101653333333333
308683,Extreme_Capitalism,8,200,TRUE,8,"1,2,3,4,5,6,7,8",0.181847457627119,0.142857142857143,0,,14,20,942,2866,1843.75,630.666484194074,0.00954497354497355
308684,Extreme_Capitalism,8,200,TRUE,8,"1,2,3,4,5,6,7,8",0.14493091537133,0.147959183673469,0,,19,24,1001,2357,1809.375,508.226309967181,0.00800579710144928
308685,Extreme_Capitalism,8,200,TRUE,7,"1,2,3,4,5,7,8",0.309256126743131,0.193415637860082,1,165,9,49,0,2695,1514.875,886.211106339793,0.00878142076502732
308686,Extreme_Capitalism,8,200,TRUE,7,"1,3,4,5,6,7,8",0.259941436645098,0.162721893491124,1,105,25,41,0,2317,1526.125,791.421404364144,0.00719672131147541
308687,Extreme_Capitalism,8,200,TRUE,8,"1,2,3,4,5,6,7,8",0.171097972972973,0.168367346938776,0,,16,24,1075,2567,1850,605.534002820179,0.00994315245478036
308688,Extreme_Capitalism,8,200,TRUE,7,"1,2,3,5,6,7,8",0.273102367688022,0.198902606310014,1,83,14,38,0,2729,1795,963.662952340851,0.0104247311827957
308689,Extreme_Capitalism,8,200,TRUE,8,"1,2,3,4,5,6,7,8",0.181849803781663,0.158163265306122,0,,11,47,1010,2735,1751.875,606.817797436524,0.00914435695538058
308690,Extreme_Capitalism,8,200,TRUE,8,"1,2,3,4,5,6,7,8",0.143839590443686,0.155612244897959,0,,23,21,1036,2414,1831.25,501.873561197013,0.00834920634920635
308691,Extreme_Capitalism,8,200,TRUE,8,"1,2,3,4,5,6,7,8",0.213900523560209,0.186224489795918,0,,20,32,683,3187,1790.625,757.655017141707,0.01115
308692,Extreme_Capitalism,8,200,TRUE,8,"1,2,3,4,5,6,7,8",0.131719702098849,0.155612244897959,0,,22,25,1241,2545,1846.25,463.962975739598,0.00803888888888889
308693,Extreme_Capitalism,8,200,TRUE,6,"1,2,4,5,7,8",0.329637664825876,0.198224852071006,2,146,17,48,0,1852,1109.125,738.879931769316,0.00876543209876543
308694,Extreme_Capitalism,8,200,TRUE,8,"1,2,3,4,5,6,7,8",0.210007412898443,0.153061224489796,0,,33,30,575,2789,1686.25,683.68304059703,0.0122118863049096
308695,Extreme_Capitalism,8,200,TRUE,8,"1,2,3,4,5,6,7,8",0.253620426829268,0.142857142857143,0,,16,42,704,2993,1640,803.746228607015,0.00960416666666667
308696,Extreme_Capitalism,8,200,TRUE,8,"1,2,3,4,5,6,7,8",0.114505369345916,0.135204081632653,0,,12,18,964,2352,1920.625,452.398666633124,0.00977777777777778
308697,Extreme_Capitalism,8,200,TRUE,6,"1,2,3,4,5,8",0.413650370834639,0.229591836734694,3,102,15,69,0,2560,1196.625,937.883016997018,0.0103207547169811
308698,Extreme_Capitalism,8,200,TRUE,8,"1,2,3,4,5,6,7,8",0.111743362831858,0.155006858710562,0,,31,30,1105,2180,1765.625,394.170716278402,0.0109818181818182
308699,Extreme_Capitalism,8,200,TRUE,7,"1,2,3,4,5,6,8",0.191269841269841,0.187928669410151,1,150,16,39,0,2480,1732.5,750.671889519173,0.00962666666666667
308700,Extreme_Capitalism,8,200,TRUE,7,"1,3,4,5,6,7,8",0.322251596169194,0.158163265306122,1,105,25,56,0,2337,1253,772.251994401531,0.00690104166666667
308701,Extreme_Capitalism,8,200,TRUE,8,"1,2,3,4,5,6,7,8",0.173177601060305,0.142857142857143,0,,13,19,1117,3192,1886.25,653.817088882117,0.0099568345323741
308702,Extreme_Capitalism,8,200,TRUE,7,"1,2,3,4,5,6,8",0.24355845629966,0.165816326530612,1,142,19,30,0,2487,1651.875,807.990353107193,0.00985128205128205
308703,Extreme_Capitalism,8,200,TRUE,8,"1,2,3,4,5,6,7,8",0.12271523178808,0.165816326530612,0,,38,26,1242,2379,1887.5,448.801578810567,0.00895867768595041
308704,Extreme_Capitalism,8,200,TRUE,7,"1,2,3,4,6,7,8",0.278891689581424,0.163265306122449,1,100,17,35,0,2742,1636.5,888.429272046217,0.00805042016806723
308705,Extreme_Capitalism,8,200,TRUE,7,"1,2,3,4,6,7,8",0.263332945465829,0.1616,1,180,24,44,0,2355,1611.375,872.650304286562,0.00737356321839081
308706,Extreme_Capitalism,8,200,TRUE,8,"1,2,3,4,5,6,7,8",0.181625222024867,0.155612244897959,0,,22,35,857,2447,1759.375,609.95033462921,0.00779761904761905
308707,Extreme_Capitalism,8,200,TRUE,8,"1,2,3,4,5,6,7,8",0.127508196721311,0.135204081632653,0,,21,21,1072,2442,1906.25,471.384207869304,0.00775806451612903
308708,Extreme_Capitalism,8,200,TRUE,8,"1,2,3,4,5,6,7,8",0.178833693304536,0.150510204081633,0,,25,43,643,2466,1736.25,599.765132602517,0.00834133333333334
308709,Extreme_Capitalism,8,200,TRUE,8,"1,2,3,4,5,6,7,8",0.146229322088874,0.160714285714286,0,,25,24,1227,2836,1926.875,534.028473692448,0.00892506459948321
308710,Extreme_Capitalism,8,200,TRUE,7,"2,3,4,5,6,7,8",0.250843427363629,0.165980795610425,1,152,26,44,198,2337,1537.625,744.693021605931,0.00781481481481481
308711,Extreme_Capitalism,8,200,TRUE,7,"1,2,3,5,6,7,8",0.333169426401976,0.160493827160494,1,131,10,48,0,2771,1366.375,874.703694728351,0.00864880952380952
308712,Extreme_Capitalism,8,200,TRUE,7,"1,2,3,4,6,7,8",0.295839053541145,0.198979591836735,1,188,24,33,0,2877,1547.875,878.815670173704,0.0116276276276276
308713,Extreme_Capitalism,8,200,TRUE,8,"1,2,3,4,5,6,7,8",0.234236234458259,0.163265306122449,0,,32,35,692,3070,1759.375,792.717556888959,0.0112709832134293
308714,Extreme_Capitalism,8,200,TRUE,8,"1,2,3,4,5,6,7,8",0.121026597469997,0.165816326530612,0,,14,20,1073,2536,1926.875,455.431486928291,0.00764942528735632
308715,Extreme_Capitalism,8,200,TRUE,7,"1,2,3,4,5,6,8",0.265108288213245,0.178571428571429,1,134,21,39,0,2400,1500.625,777.221964526774,0.00791036414565826
308716,Extreme_Capitalism,8,200,TRUE,8,"1,2,3,4,5,6,7,8",0.166042128603104,0.191326530612245,0,,15,66,774,1878,1409.375,448.031228981705,0.00975
308717,Extreme_Capitalism,8,200,TRUE,7,"1,2,3,4,6,7,8",0.220314413311244,0.25,1,172,15,38,0,2629,1735.375,804.542272262398,0.00831978319783198
308718,Extreme_Capitalism,8,200,TRUE,8,"1,2,3,4,5,6,7,8",0.213772796352584,0.137755102040816,0,,28,41,754,2614,1645,663.540288366663,0.00878282828282828
308719,Extreme_Capitalism,8,200,TRUE,7,"1,2,3,4,6,7,8",0.264377705243738,0.160493827160494,2,108,14,37,0,2740,1761.625,921.816829883868,0.00781111111111111
308720,Extreme_Capitalism,8,200,TRUE,8,"1,2,3,4,5,6,7,8",0.242544864452081,0.142857142857143,0,,17,44,655,2998,1636.875,769.768135312743,0.00961016949152542
308721,Extreme_Capitalism,8,200,TRUE,6,"1,4,5,6,7,8",0.382481506388702,0.192743764172336,2,105,23,31,0,2796,1487,1091.09761249853,0.00732758620689655
308722,Extreme_Capitalism,8,200,TRUE,8,"1,2,3,4,5,6,7,8",0.234084084084084,0.163265306122449,0,,23,41,699,2843,1665,736.635207257587,0.00985353535353535
308723,Extreme_Capitalism,8,200,TRUE,6,"3,4,5,6,7,8",0.311016914360785,0.267489711934156,2,128,20,38,0,2447,1522.375,980.067918564831,0.00899145299145299
308724,Extreme_Capitalism,8,200,TRUE,7,"1,2,3,4,5,6,8",0.217149437851343,0.206632653061225,1,150,19,51,0,2404,1601,734.037367674737,0.0090840108401084
308725,Extreme_Capitalism,8,200,TRUE,6,"2,4,5,6,7,8",0.292824920751036,0.2032,3,82,22,36,0,2377,1537.875,969.073112014038,0.0123954802259887
308726,Extreme_Capitalism,8,200,TRUE,8,"1,2,3,4,5,6,7,8",0.188463338533541,0.145408163265306,0,,19,21,1145,3133,2003.125,718.335265437685,0.010005376344086
308727,Extreme_Capitalism,8,200,TRUE,7,"1,2,3,4,5,7,8",0.349187306501548,0.183431952662722,1,165,22,25,0,3560,1615,1090.96929379337,0.0153511904761905
308728,Extreme_Capitalism,8,200,TRUE,8,"1,2,3,4,5,6,7,8",0.289632388274868,0.135204081632653,0,,16,85,658,2916,1300.625,781.00483581821,0.00990229885057471
308729,Extreme_Capitalism,8,200,TRUE,8,"1,2,3,4,5,6,7,8",0.182706093189964,0.150510204081633,0,,17,34,997,2375,1743.75,626.303840001001,0.00923888888888889
308730,Extreme_Capitalism,8,200,TRUE,8,"1,2,3,4,5,6,7,8",0.218735184558077,0.173469387755102,0,,19,16,679,2864,1845.625,774.399294845458,0.00985674931129477
308731,Extreme_Capitalism,8,200,TRUE,7,"1,2,3,4,5,6,7",0.219989925604464,0.198902606310014,1,183,26,39,0,2274,1613,748.254540342294,0.0102710027100271
308732,Extreme_Capitalism,8,200,TRUE,8,"1,2,3,4,5,6,7,8",0.105842069665201,0.178571428571429,0,,37,23,1335,2227,1848.125,380.115936261557,0.00904461942257218
308733,Extreme_Capitalism,8,200,TRUE,8,"1,2,3,4,5,6,7,8",0.134964601769912,0.229591836734694,0,,18,23,1225,2320,1765.625,461.458537837212,0.00956497175141243
308734,Extreme_Capitalism,8,200,TRUE,8,"1,2,3,4,5,6,7,8",0.218266621438263,0.147959183673469,0,,22,33,902,2947,1842.5,757.520391050395,0.00911594202898551
308735,Extreme_Capitalism,8,200,TRUE,8,"1,2,3,4,5,6,7,8",0.180492813141684,0.168367346938776,0,,21,21,958,2954,1826.25,632.582405699052,0.0109635416666667
308736,Extreme_Capitalism,8,200,TRUE,5,"4,5,6,7,8",0.483144673942455,0.278463648834019,3,73,21,42,0,4052,1385.875,1357.5195276154,0.016734693877551
308737,Extreme_Capitalism,8,200,TRUE,8,"1,2,3,4,5,6,7,8",0.147737686139748,0.158163265306122,0,,8,42,1056,2210,1636.875,475.785797392062,0.00843010752688172
308738,Extreme_Capitalism,8,200,TRUE,8,"1,2,3,4,5,6,7,8",0.229349428676742,0.14030612244898,0,,18,38,696,2520,1695.625,758.887331652636,0.00856451612903226
308739,Extreme_Capitalism,8,200,TRUE,8,"1,2,3,4,5,6,7,8",0.19947973713034,0.137755102040816,0,,23,32,704,2638,1711.875,643.385340545284,0.00899724517906336
308740,Extreme_Capitalism,8,200,TRUE,7,"1,2,3,4,5,6,7",0.299331271588079,0.194706994328923,1,191,21,49,0,2669,1556.125,893.03150440348,0.00887096774193548
308741,Extreme_Capitalism,8,200,TRUE,7,"1,2,3,4,6,7,8",0.261070381231672,0.211734693877551,1,124,15,46,50,2720,1705,867.973008138584,0.00802402402402402
308742,Extreme_Capitalism,8,200,TRUE,7,"1,2,3,5,6,7,8",0.247242910340877,0.198224852071006,1,147,16,28,0,2686,1745.5,860.156796337571,0.00932212885154062
308743,Extreme_Capitalism,8,200,TRUE,8,"1,2,3,4,5,6,7,8",0.268910521955261,0.150510204081633,0,,11,39,496,2447,1508.75,775.317400442278,0.00839276485788114
308744,Extreme_Capitalism,8,200,TRUE,8,"1,2,3,4,5,6,7,8",0.134101196249596,0.163265306122449,0,,21,45,1033,2541,1933.125,498.787225606843,0.00812531328320802
308745,Extreme_Capitalism,8,200,TRUE,7,"1,2,3,4,6,7,8",0.295286738351255,0.209183673469388,1,92,17,49,0,2978,1743.75,982.397613712784,0.00894147582697201
308746,Extreme_Capitalism,8,200,TRUE,8,"1,2,3,4,5,6,7,8",0.211091672498251,0.163265306122449,0,,21,50,792,2800,1786.25,708.959549521087,0.00794750656167979
308747,Extreme_Capitalism,8,200,TRUE,6,"2,3,4,6,7,8",0.371383248730965,0.193415637860082,2,100,15,34,0,2593,1477.5,1086.53827754545,0.0106966966966967
308748,Extreme_Capitalism,8,200,TRUE,7,"1,2,4,5,6,7,8",0.309200619091442,0.155612244897959,1,98,26,56,0,2661,1494.125,876.933689869748,0.00783979328165375
308749,Extreme_Capitalism,8,200,TRUE,8,"1,2,3,4,5,6,7,8",0.151047297297297,0.173469387755102,0,,20,39,749,2540,1850,550.985091838764,0.00850918635170604
308750,Extreme_Capitalism,8,200,TRUE,8,"1,2,3,4,5,6,7,8",0.193926758520667,0.149519890260631,0,,18,34,1016,2455,1723.75,672.37802930027,0.00942657342657343
308751,Extreme_Capitalism,8,200,TRUE,8,"1,2,3,4,5,6,7,8",0.225589430894309,0.209183673469388,0,,26,48,591,2526,1537.5,660.474072163321,0.00930133333333333
308752,Extreme_Capitalism,8,200,TRUE,6,"2,3,5,6,7,8",0.352666384260567,0.2032,2,136,17,35,0,2290,1327.875,914.070087575346,0.00884552845528455
308753,Extreme_Capitalism,8,200,TRUE,8,"1,2,3,4,5,6,7,8",0.175894967916244,0.147959183673469,0,,14,31,749,2644,1850.625,621.65009393204,0.0112558139534884
308754,Extreme_Capitalism,8,200,TRUE,8,"1,2,3,4,5,6,7,8",0.209099616858238,0.137755102040816,0,,20,24,808,3121,1957.5,803.208032116925,0.00961151079136691
308755,Extreme_Capitalism,8,200,TRUE,8,"1,2,3,4,5,6,7,8",0.210954356846473,0.145408163265306,0,,12,32,855,2291,1506.25,612.619142931164,0.00792463768115942
308756,Extreme_Capitalism,8,200,TRUE,6,"1,2,3,4,6,8",0.353789541049552,0.184027777777778,2,142,20,48,0,2327,1367.25,950.400329184647,0.0110127226463104
308757,Extreme_Capitalism,8,200,TRUE,8,"1,2,3,4,5,6,7,8",0.188598642021879,0.168367346938776,0,,19,44,883,2469,1656.875,600.319542886477,0.00898461538461539
308758,Extreme_Capitalism,8,200,TRUE,7,"1,2,3,4,5,6,8",0.336060291060291,0.171597633136095,1,126,8,34,0,2980,1503.125,958.050317422987,0.00987205387205387
308759,Extreme_Capitalism,8,200,TRUE,7,"1,2,3,4,6,7,8",0.280859117840685,0.186224489795918,1,124,24,46,0,2564,1519,829.090551663172,0.00795928753180662
308760,Extreme_Capitalism,8,200,TRUE,7,"1,2,3,4,5,7,8",0.280887073930696,0.216836734693878,1,141,16,73,0,2295,1323.875,719.521356279893,0.0127777777777778
308761,Extreme_Capitalism,8,200,TRUE,8,"1,2,3,4,5,6,7,8",0.143080198722498,0.196428571428571,0,,33,32,1023,2329,1761.25,480.312621409967,0.00873490813648294
308762,Extreme_Capitalism,8,200,TRUE,8,"1,2,3,4,5,6,7,8",0.269502814258912,0.147959183673469,0,,12,38,732,3134,1665.625,871.440832759173,0.0105764411027569
308763,Extreme_Capitalism,8,200,TRUE,8,"1,2,3,4,5,6,7,8",0.0982066819521781,0.155612244897959,0,,26,21,1535,2626,1908.125,369.417470969015,0.0102060606060606
308764,Extreme_Capitalism,8,200,TRUE,8,"1,2,3,4,5,6,7,8",0.189447526583449,0.168367346938776,0,,25,78,881,2471,1351.875,545.84048886622,0.00832080200501253
308765,Extreme_Capitalism,8,200,TRUE,8,"1,2,3,4,5,6,7,8",0.14091061827957,0.193877551020408,0,,27,26,1155,2388,1860,504.028910735429,0.00969028871391076
308766,Extreme_Capitalism,8,200,TRUE,8,"1,2,3,4,5,6,7,8",0.246024146544546,0.153061224489796,0,,16,50,815,2644,1501.25,735.085563532767,0.00770056497175141
308767,Extreme_Capitalism,8,200,TRUE,8,"1,2,3,4,5,6,7,8",0.236397779229262,0.158163265306122,0,,11,30,348,2860,1913.75,876.503402324095,0.00971223021582734
308768,Extreme_Capitalism,8,200,TRUE,8,"1,2,3,4,5,6,7,8",0.0942132269099203,0.155612244897959,0,,26,17,1702,2743,2192.5,400.927852433755,0.00769974554707379
308769,Extreme_Capitalism,8,200,TRUE,7,"1,3,4,5,6,7,8",0.264336146030653,0.194444444444444,1,185,24,50,0,2233,1451.75,752.245353211684,0.00871505376344086
308770,Extreme_Capitalism,8,200,TRUE,8,"1,2,3,4,5,6,7,8",0.174577464788732,0.142857142857143,0,,18,24,956,2835,1996.875,659.672091161315,0.00822564102564103
308771,Extreme_Capitalism,8,200,TRUE,8,"1,2,3,4,5,6,7,8",0.282059032716927,0.145408163265306,0,,17,41,166,2735,1757.5,961.888172888542,0.00824444444444445
308772,Extreme_Capitalism,8,200,TRUE,8,"1,2,3,4,5,6,7,8",0.141179966044143,0.183673469387755,0,,19,31,983,2725,1840.625,511.015218532118,0.00784615384615385
308773,Extreme_Capitalism,8,200,TRUE,8,"1,2,3,4,5,6,7,8",0.136966987620358,0.153061224489796,0,,20,26,1117,2447,1817.5,478.546609164517,0.00902645502645503
308774,Extreme_Capitalism,8,200,TRUE,8,"1,2,3,4,5,6,7,8",0.0881991051454138,0.153061224489796,0,,19,24,1467,2525,1955.625,331.702938313356,0.00916923076923077
308775,Extreme_Capitalism,8,200,TRUE,8,"1,2,3,4,5,6,7,8",0.121442477876106,0.158163265306122,0,,26,27,1172,2316,1765.625,412.994270973754,0.00842898550724638
308776,Extreme_Capitalism,8,200,TRUE,6,"2,3,5,6,7,8",0.389836179049377,0.285714285714286,3,96,19,63,0,2709,1354.375,1013.82288358752,0.0104242424242424
308777,Extreme_Capitalism,8,200,TRUE,8,"1,2,3,4,5,6,7,8",0.182414104882459,0.181122448979592,0,,21,32,902,2646,1728.125,596.865487957116,0.00871282051282051
308778,Extreme_Capitalism,8,200,TRUE,7,"1,2,3,4,5,6,8",0.265274183395118,0.193877551020408,1,126,35,31,0,2895,1787.125,953.071791254843,0.00903703703703704
308779,Extreme_Capitalism,8,200,TRUE,7,"1,2,3,4,6,7,8",0.236148955495005,0.172022684310019,1,188,17,46,0,2537,1651.5,792.516966920673,0.00756896551724138
308780,Extreme_Capitalism,8,200,TRUE,8,"1,2,3,4,5,6,7,8",0.120650684931507,0.168367346938776,0,,31,35,1140,2400,1825,417.858827835431,0.00825790754257908
308781,Extreme_Capitalism,8,200,TRUE,7,"1,3,4,5,6,7,8",0.289924573091355,0.204081632653061,1,97,28,43,0,2571,1632.375,944.698581937268,0.00846511627906977
308782,Extreme_Capitalism,8,200,TRUE,8,"1,2,3,4,5,6,7,8",0.222642469470828,0.14030612244898,0,,21,24,608,3167,1842.5,800.659906398644,0.00949462365591398
308783,Extreme_Capitalism,8,200,TRUE,7,"2,3,4,5,6,7,8",0.286617669004626,0.163265306122449,1,64,16,27,0,2800,1675.25,950.586247683878,0.00957471264367816
308784,Extreme_Capitalism,8,200,TRUE,8,"1,2,3,4,5,6,7,8",0.142201834862385,0.155612244897959,0,,22,73,923,1823,1362.5,371.97158109573,0.00766951566951567
308785,Extreme_Capitalism,8,200,TRUE,7,"1,2,3,5,6,7,8",0.375,0.155612244897959,1,123,20,71,0,2805,1183.875,906.647582738582,0.00792820512820513
308786,Extreme_Capitalism,8,200,TRUE,6,"1,2,4,5,7,8",0.379680813124109,0.183431952662722,4,109,20,48,0,2788,1402,1018.56467639517,0.0117798742138365
308787,Extreme_Capitalism,8,200,TRUE,8,"1,2,3,4,5,6,7,8",0.163971428571429,0.153061224489796,0,,15,35,774,2439,1640.625,520.110136001433,0.00801769911504425
308788,Extreme_Capitalism,8,200,TRUE,8,"1,2,3,4,5,6,7,8",0.219140337986774,0.165816326530612,0,,24,30,865,3230,1701.25,753.31434341847,0.00980289855072464
308789,Extreme_Capitalism,8,200,TRUE,8,"1,2,3,4,5,6,7,8",0.201844262295082,0.158163265306122,0,,25,54,823,2534,1677.5,639.218272579875,0.00764187327823692
308790,Extreme_Capitalism,8,200,TRUE,7,"1,2,3,4,5,7,8",0.295183104452767,0.204081632653061,1,85,26,53,0,2748,1501.875,848.788285481974,0.00913960113960114
308791,Extreme_Capitalism,8,200,TRUE,8,"1,2,3,4,5,6,7,8",0.208092020592021,0.153061224489796,0,,20,17,1134,4294,1942.5,985.955953811905,0.0180121212121212
308792,Extreme_Capitalism,8,200,TRUE,7,"1,2,3,4,5,7,8",0.237703415921419,0.185185185185185,1,133,18,26,0,2570,1705.25,821.775907931805,0.00894642857142857
308793,Extreme_Capitalism,8,200,TRUE,8,"1,2,3,4,5,6,7,8",0.184558101472995,0.147959183673469,0,,22,18,1092,3021,1909.375,673.080750303091,0.010912
308794,Extreme_Capitalism,8,200,TRUE,8,"1,2,3,4,5,6,7,8",0.148673139158576,0.142857142857143,0,,24,21,898,2542,1931.25,559.476987909244,0.00918066157760814
308795,Extreme_Capitalism,8,200,TRUE,8,"1,2,3,4,5,6,7,8",0.154593023255814,0.173469387755102,0,,22,34,838,2372,1612.5,477.296254212951,0.00760881542699725
308796,Extreme_Capitalism,8,200,TRUE,8,"1,2,3,4,5,6,7,8",0.240155084413035,0.135204081632653,0,,16,42,791,2754,1591.875,737.019952724678,0.00896774193548387
308797,Extreme_Capitalism,8,200,TRUE,8,"1,2,3,4,5,6,7,8",0.184702602230483,0.155612244897959,0,,20,23,863,2709,1681.25,596.426201877243,0.00842105263157895
308798,Extreme_Capitalism,8,200,TRUE,8,"1,2,3,4,5,6,7,8",0.212196428571429,0.168367346938776,0,,26,25,1068,3362,1750,764.017576461993,0.010031007751938
308799,Extreme_Capitalism,8,200,TRUE,8,"1,2,3,4,5,6,7,8",0.195661010957936,0.178571428571429,0,,31,36,988,2910,1768.125,662.726928789571,0.010040404040404
308800,Extreme_Capitalism,8,200,TRUE,8,"1,2,3,4,5,6,7,8",0.293365036231884,0.178571428571429,0,,20,46,611,2821,1380,793.243612373543,0.0126028985507246
308801,Extreme_Capitalism,8,200,TRUE,7,"1,2,3,4,5,6,7",0.281315149409312,0.183673469387755,1,151,14,73,0,2322,1439,794.153997300632,0.00873170731707317
308802,Extreme_Capitalism,8,200,TRUE,8,"1,2,3,4,5,6,7,8",0.191862745098039,0.173469387755102,0,,11,47,958,2453,1753.125,670.836884048574,0.00931182795698925
308803,Extreme_Capitalism,8,200,TRUE,7,"2,3,4,5,6,7,8",0.330209187858901,0.1776,1,184,20,44,0,2837,1523.75,950.28398011181,0.0100666666666667
308804,Extreme_Capitalism,8,200,TRUE,6,"2,3,4,6,7,8",0.397552836484983,0.219387755102041,4,68,18,64,0,2805,1123.75,897.04893161649,0.00969275362318841
308805,Extreme_Capitalism,8,200,TRUE,8,"1,2,3,4,5,6,7,8",0.190420717398592,0.158163265306122,0,,18,39,880,2860,1864.375,673.911808028321,0.00888888888888889
308806,Extreme_Capitalism,8,200,TRUE,8,"1,2,3,4,5,6,7,8",0.110213316095669,0.153061224489796,0,,32,27,1093,2375,1933.75,440.038553505745,0.0137723577235772
308807,Extreme_Capitalism,8,200,TRUE,7,"1,3,4,5,6,7,8",0.326016399043389,0.155612244897959,1,121,15,43,0,2543,1463.5,932.377452690548,0.00926495726495727
308808,Extreme_Capitalism,8,200,TRUE,7,"1,2,3,5,6,7,8",0.308486028401283,0.198979591836735,1,123,24,65,0,2336,1364.375,804.057200790377,0.00905649717514124
308809,Extreme_Capitalism,8,200,TRUE,8,"1,2,3,4,5,6,7,8",0.255264650283554,0.163265306122449,0,,20,52,650,3176,1653.125,829.027388398167,0.0116410256410256
308810,Extreme_Capitalism,8,200,TRUE,8,"1,2,3,4,5,6,7,8",0.179412786657401,0.158163265306122,0,,35,36,1091,2774,1798.75,615.446817941474,0.00888333333333333
308811,Extreme_Capitalism,8,200,TRUE,8,"1,2,3,4,5,6,7,8",0.163976812661023,0.173469387755102,0,,21,40,991,2270,1698.125,541.705623141257,0.008498687664042
308812,Extreme_Capitalism,8,200,TRUE,7,"1,2,3,5,6,7,8",0.226886661097187,0.155612244897959,1,91,31,23,0,2720,1795.5,862.665470669665,0.00805774278215223
308813,Extreme_Capitalism,8,200,TRUE,8,"1,2,3,4,5,6,7,8",0.145877659574468,0.158163265306122,0,,22,17,734,2316,1880,570.558373124834,0.00902777777777778
308814,Extreme_Capitalism,8,200,TRUE,8,"1,2,3,4,5,6,7,8",0.226952837140752,0.153061224489796,0,,18,40,816,2712,1696.25,736.856789730154,0.00841025641025641
308815,Extreme_Capitalism,8,200,TRUE,8,"1,2,3,4,5,6,7,8",0.12775154672745,0.137755102040816,0,,26,16,1011,2436,1919.375,491.234578093079,0.00780357142857143
308816,Extreme_Capitalism,8,200,TRUE,8,"1,2,3,4,5,6,7,8",0.104819967266776,0.198979591836735,0,,14,26,1343,2509,1909.375,378.171517209548,0.00867777777777778
308817,Extreme_Capitalism,8,200,TRUE,8,"1,2,3,4,5,6,7,8",0.202184769038702,0.147959183673469,0,,28,26,794,2902,2002.5,804.221540195415,0.009140625
308818,Extreme_Capitalism,8,200,TRUE,8,"1,2,3,4,5,6,7,8",0.163230269900922,0.178571428571429,0,,21,30,931,2535,1829.375,566.998094605012,0.00931914893617021
308819,Extreme_Capitalism,8,200,TRUE,8,"1,2,3,4,5,6,7,8",0.214556377079483,0.163265306122449,0,,25,42,746,2558,1690.625,682.669746028676,0.00784045584045584
308820,Extreme_Capitalism,8,200,TRUE,8,"1,2,3,4,5,6,7,8",0.188593121112331,0.160714285714286,0,,21,23,935,2551,1708.125,614.136429119319,0.00854593175853018
308821,Extreme_Capitalism,8,200,TRUE,6,"1,2,3,4,5,6",0.342630756111427,0.210059171597633,2,95,28,23,0,3162,1759,1185.77184025548,0.00883204134366925
308822,Extreme_Capitalism,8,200,TRUE,8,"1,2,3,4,5,6,7,8",0.21212389380531,0.142857142857143,0,,26,47,778,2359,1412.5,579.04675360211,0.00757723577235772
308823,Extreme_Capitalism,8,200,TRUE,8,"1,2,3,4,5,6,7,8",0.135787504067686,0.137755102040816,0,,20,19,1137,2575,1920.625,495.444947929204,0.00884900284900285
308824,Extreme_Capitalism,8,200,TRUE,8,"1,2,3,4,5,6,7,8",0.187149046793761,0.147959183673469,0,,16,39,976,2688,1803.125,641.700517041578,0.00841192411924119
308825,Extreme_Capitalism,8,200,TRUE,7,"1,2,3,5,6,7,8",0.255938637776396,0.20414201183432,1,115,33,73,0,2395,1407.625,733.725510664581,0.00973770491803279
308826,Extreme_Capitalism,8,200,TRUE,6,"1,3,4,6,7,8",0.346592788620576,0.253086419753086,2,129,26,28,0,2786,1511.5,1033.22117670903,0.00948427672955975
308827,Extreme_Capitalism,8,200,TRUE,8,"1,2,3,4,5,6,7,8",0.121110349554489,0.14030612244898,0,,19,30,1150,2254,1823.75,441.825030009457,0.00764266666666667
308828,Extreme_Capitalism,8,200,TRUE,8,"1,2,3,4,5,6,7,8",0.171163279607568,0.147959183673469,0,,20,33,978,2584,1783.75,576.882941827394,0.00859313725490196
308829,Extreme_Capitalism,8,200,TRUE,7,"2,3,4,5,6,7,8",0.343767963211343,0.1776,1,152,23,58,0,2795,1304.75,880.140694921638,0.00866081871345029
308830,Extreme_Capitalism,8,200,TRUE,7,"1,3,4,5,6,7,8",0.283885298869144,0.170918367346939,2,137,29,36,0,2596,1547.5,844.965426173504,0.00762777777777778
308831,Extreme_Capitalism,8,200,TRUE,8,"1,2,3,4,5,6,7,8",0.158454734651405,0.183673469387755,0,,19,29,1133,2536,1801.875,537.525929607121,0.00895833333333333
308832,Extreme_Capitalism,8,200,TRUE,8,"1,2,3,4,5,6,7,8",0.111345903771131,0.137755102040816,0,,22,21,1068,2345,1922.5,447.226692277769,0.0100754716981132
308833,Extreme_Capitalism,8,200,TRUE,7,"1,2,3,5,6,7,8",0.337842745596514,0.160714285714286,2,91,13,53,0,2549,1376.75,874.498019274078,0.00736842105263158
308834,Extreme_Capitalism,8,200,TRUE,7,"1,3,4,5,6,7,8",0.279227405247813,0.163265306122449,1,89,12,30,0,2637,1715,941.205306280956,0.00966666666666667
308835,Extreme_Capitalism,8,200,TRUE,8,"1,2,3,4,5,6,7,8",0.21475328292877,0.170918367346939,0,,15,45,747,2709,1570.625,641.927663370259,0.00851790633608816
308836,Extreme_Capitalism,8,200,TRUE,8,"1,2,3,4,5,6,7,8",0.155541012216405,0.158163265306122,0,,17,24,1008,2610,1790.625,527.169784929729,0.00877777777777778
308837,Extreme_Capitalism,8,200,TRUE,7,"1,2,3,4,5,6,7",0.262336406288583,0.173469387755102,1,95,18,29,0,2303,1518.625,787.625171458027,0.00939247311827957
308838,Extreme_Capitalism,8,200,TRUE,6,"1,2,3,5,7,8",0.308629133220414,0.184,2,133,24,34,0,2679,1697.375,1090.76499203868,0.00964367816091954
308839,Extreme_Capitalism,8,200,TRUE,8,"1,2,3,4,5,6,7,8",0.234718259629101,0.165816326530612,0,,20,49,356,2885,1752.5,812.207749637633,0.00986133333333333
308840,Extreme_Capitalism,8,200,TRUE,7,"1,3,4,5,6,7,8",0.24777009003001,0.178571428571429,1,89,20,56,0,2327,1499.5,746.781092422672,0.00766137566137566
308841,Extreme_Capitalism,8,200,TRUE,8,"1,2,3,4,5,6,7,8",0.201750814332248,0.155612244897959,0,,10,36,798,2838,1535,632.722010725992,0.00788405797101449
308842,Extreme_Capitalism,8,200,TRUE,8,"1,2,3,4,5,6,7,8",0.121864406779661,0.142857142857143,0,,23,26,1077,2405,1843.75,436.220701021857,0.00852173913043478
308843,Extreme_Capitalism,8,200,TRUE,8,"1,2,3,4,5,6,7,8",0.1715399109284,0.178571428571429,0,,17,29,807,2562,1824.375,603.466163686321,0.00883888888888889
308844,Extreme_Capitalism,8,200,TRUE,8,"1,2,3,4,5,6,7,8",0.172099099099099,0.188775510204082,0,,24,34,893,2402,1734.375,576.290833694238,0.00909043927648579
308845,Extreme_Capitalism,8,200,TRUE,8,"1,2,3,4,5,6,7,8",0.125809574093629,0.160714285714286,0,,17,25,1067,2186,1775.625,443.89507688835,0.00821637426900585
308846,Extreme_Capitalism,8,200,TRUE,8,"1,2,3,4,5,6,7,8",0.204926273458445,0.14030612244898,0,,14,27,976,2780,1865,745.997510528209,0.00834133333333334
308847,Extreme_Capitalism,8,200,TRUE,8,"1,2,3,4,5,6,7,8",0.176402936378467,0.147959183673469,0,,27,26,893,3205,1915.625,678.136930441464,0.00972395833333333
308848,Extreme_Capitalism,8,200,TRUE,6,"1,2,3,4,6,8",0.397336545975515,0.209183673469388,2,94,15,37,0,2988,1439.625,1085.24874535091,0.00887687687687688
308849,Extreme_Capitalism,8,200,TRUE,8,"1,2,3,4,5,6,7,8",0.139184625281441,0.155612244897959,0,,18,21,1117,2707,1943.125,510.258320433316,0.008096
308850,Extreme_Capitalism,8,200,TRUE,8,"1,2,3,4,5,6,7,8",0.225970149253731,0.153061224489796,0,,24,45,847,2993,1675,752.653211740213,0.00942222222222222
308851,Extreme_Capitalism,8,200,TRUE,8,"1,2,3,4,5,6,7,8",0.2055291005291,0.13265306122449,0,,23,27,778,2489,1771.875,710.456882676815,0.00842898550724638
308852,Extreme_Capitalism,8,200,TRUE,7,"1,2,3,4,5,7,8",0.272891518424397,0.188775510204082,1,77,29,40,0,2686,1574,835.543621157593,0.010625322997416
308853,Extreme_Capitalism,8,200,TRUE,8,"1,2,3,4,5,6,7,8",0.213216145833333,0.145408163265306,0,,23,18,652,2898,1920,774.002583975015,0.0106201550387597
308854,Extreme_Capitalism,8,200,TRUE,7,"1,2,3,5,6,7,8",0.295662332385209,0.178571428571429,1,75,32,65,0,2170,1230.5,701.211808229154,0.00978333333333333
308855,Extreme_Capitalism,8,200,TRUE,7,"1,2,3,4,6,7,8",0.432746741154562,0.209183673469388,1,172,16,59,0,4849,1678.125,1487.84488798876,0.0139333333333333
308856,Extreme_Capitalism,8,200,TRUE,8,"1,2,3,4,5,6,7,8",0.248073868149325,0.181122448979592,0,,19,69,545,2541,1573.75,744.290601848499,0.00833838383838384
308857,Extreme_Capitalism,8,200,TRUE,7,"1,2,3,4,5,7,8",0.226265014055712,0.190672153635117,1,173,16,41,204,2079,1467.375,667.971115179606,0.00716384180790961
308858,Extreme_Capitalism,8,200,TRUE,7,"1,2,3,5,6,7,8",0.317491131257391,0.174211248285322,1,107,20,35,0,2734,1585.625,961.451720428169,0.00766391184573003
308859,Extreme_Capitalism,8,200,TRUE,8,"1,2,3,4,5,6,7,8",0.118066157760814,0.142857142857143,0,,27,21,1089,2353,1965,482.631181279098,0.009256038647343
308860,Extreme_Capitalism,8,200,TRUE,6,"1,3,5,6,7,8",0.366829065804422,0.186390532544379,3,91,13,29,0,2476,1430.375,1019.18692208194,0.00858620689655172
308861,Extreme_Capitalism,8,200,TRUE,8,"1,2,3,4,5,6,7,8",0.179899559039686,0.150510204081633,0,,30,51,884,2246,1275.625,473.63094056147,0.00863247863247863
308862,Extreme_Capitalism,8,200,TRUE,8,"1,2,3,4,5,6,7,8",0.159894651539708,0.168367346938776,0,,24,28,966,2719,1928.125,612.048652944706,0.00978974358974359
308863,Extreme_Capitalism,8,200,TRUE,6,"1,2,3,4,6,8",0.347893416606942,0.185185185185185,2,132,12,59,0,2239,1220.875,809.822279886149,0.00762146892655367
308864,Extreme_Capitalism,8,200,TRUE,8,"1,2,3,4,5,6,7,8",0.183459422283356,0.155612244897959,0,,17,50,766,2046,1363.125,479.730113858675,0.00885333333333333
308865,Extreme_Capitalism,8,200,TRUE,7,"1,2,4,5,6,7,8",0.329059829059829,0.159763313609467,1,154,27,66,0,2402,1316.25,831.419225524301,0.00796825396825397
308866,Extreme_Capitalism,8,200,TRUE,8,"1,2,3,4,5,6,7,8",0.20140350877193,0.137755102040816,0,,26,35,780,2550,1781.25,692.100890663452,0.00716959064327485
308867,Extreme_Capitalism,8,200,TRUE,8,"1,2,3,4,5,6,7,8",0.219798018292683,0.153061224489796,0,,15,35,872,2826,1640,691.5392768517,0.00956284153005464
308868,Extreme_Capitalism,8,200,TRUE,8,"1,2,3,4,5,6,7,8",0.176278220451527,0.153061224489796,0,,23,31,890,2599,1882.5,651.059575944146,0.00824242424242424
308869,Extreme_Capitalism,8,200,TRUE,6,"1,2,4,5,6,8",0.404769494850417,0.193877551020408,2,102,18,47,0,2860,1274.375,985.456375420618,0.0100714285714286
308870,Extreme_Capitalism,8,200,TRUE,8,"1,2,3,4,5,6,7,8",0.151464,0.165816326530612,0,,17,25,813,2740,1953.125,582.242324981618,0.0126282973621103
308871,Extreme_Capitalism,8,200,TRUE,7,"1,2,3,4,5,6,8",0.325998013432977,0.163265306122449,1,70,17,53,0,2436,1321.375,832.564873062239,0.00789247311827957
308872,Extreme_Capitalism,8,200,TRUE,7,"1,2,3,4,5,6,7",0.248748995543867,0.180555555555556,1,191,13,31,0,2544,1711.125,864.093982570348,0.00972861356932153
308873,Extreme_Capitalism,8,200,TRUE,8,"1,2,3,4,5,6,7,8",0.178869152303904,0.150510204081633,0,,19,31,809,2356,1776.875,635.898338123769,0.00795305164319249
308874,Extreme_Capitalism,8,200,TRUE,8,"1,2,3,4,5,6,7,8",0.207356039325843,0.142857142857143,0,,14,39,855,2764,1780,697.286782567157,0.0082156862745098
308875,Extreme_Capitalism,8,200,TRUE,7,"2,3,4,5,6,7,8",0.278765952122779,0.163265306122449,1,144,30,34,0,2762,1498.625,816.104849268769,0.00836697247706422
308876,Extreme_Capitalism,8,200,TRUE,7,"1,2,4,5,6,7,8",0.276991880233443,0.209876543209877,1,98,27,56,0,2294,1477.875,799.461682723354,0.00787246376811594
308877,Extreme_Capitalism,8,200,TRUE,8,"1,2,3,4,5,6,7,8",0.183674361664918,0.153061224489796,0,,22,25,865,2568,1786.875,616.519363037366,0.0128802083333333
308878,Extreme_Capitalism,8,200,TRUE,7,"2,3,4,5,6,7,8",0.250297997457088,0.173469387755102,2,136,21,39,0,2305,1573,824.149605004196,0.0097703081232493
308879,Extreme_Capitalism,8,200,TRUE,8,"1,2,3,4,5,6,7,8",0.167803837953092,0.152263374485597,0,,24,47,1103,2616,1758.75,556.786122056114,0.0106106442577031
308880,Extreme_Capitalism,8,200,TRUE,7,"2,3,4,5,6,7,8",0.211420182083536,0.187928669410151,2,104,14,15,0,2474,1798.625,835.957096899801,0.00824390243902439
308881,Extreme_Capitalism,8,200,TRUE,7,"1,2,3,4,5,6,7",0.341242346116661,0.171467764060357,1,167,10,41,0,2870,1551.5,992.858067831018,0.007936
308882,Extreme_Capitalism,8,200,TRUE,8,"1,2,3,4,5,6,7,8",0.157114593225704,0.149519890260631,0,,18,9,901,2869,1974.375,604.66730817155,0.0115611111111111
308883,Extreme_Capitalism,8,200,TRUE,7,"1,3,4,5,6,7,8",0.265577869503096,0.251479289940828,1,177,16,37,0,2469,1574.75,825.305614389517,0.00907122507122507
308884,Extreme_Capitalism,8,200,TRUE,7,"1,2,3,4,6,7,8",0.315099833610649,0.164461247637051,1,196,15,45,0,2596,1427.375,858.054599911085,0.00950778816199377
308885,Extreme_Capitalism,8,200,TRUE,6,"1,2,4,6,7,8",0.356889111672914,0.176020408163265,4,90,31,34,0,2408,1433.875,1005.679505537,0.00700813008130081
308886,Extreme_Capitalism,8,200,TRUE,8,"1,2,3,4,5,6,7,8",0.125638297872341,0.153061224489796,0,,32,23,781,2322,1762.5,459.08884916601,0.0123850574712644
308887,Extreme_Capitalism,8,200,TRUE,7,"2,3,4,5,6,7,8",0.260725201950367,0.183673469387755,2,136,36,37,0,2571,1717.625,887.56423308803,0.00890439276485788
308888,Extreme_Capitalism,8,200,TRUE,7,"1,2,3,5,6,7,8",0.265434748673119,0.163265306122449,1,51,20,44,0,2356,1601.5,854.591966128531,0.00999457994579946
308889,Extreme_Capitalism,8,200,TRUE,7,"1,3,4,5,6,7,8",0.235405394809065,0.170918367346939,1,73,24,30,0,2239,1594.125,787.959650435405,0.00872413793103448
308890,Extreme_Capitalism,8,200,TRUE,8,"1,2,3,4,5,6,7,8",0.25077428935087,0.183673469387755,0,,20,58,736,2486,1473.125,723.231722893845,0.00991150442477876
308891,Extreme_Capitalism,8,200,TRUE,8,"1,2,3,4,5,6,7,8",0.202769652650823,0.142857142857143,0,,14,39,734,2501,1709.375,656.671898395886,0.00877777777777778
308892,Extreme_Capitalism,8,200,TRUE,8,"1,2,3,4,5,6,7,8",0.0957119741100323,0.160714285714286,0,,31,25,1211,2330,1931.25,378.165024446055,0.008016
308893,Extreme_Capitalism,8,200,TRUE,8,"1,2,3,4,5,6,7,8",0.153473881870946,0.173469387755102,0,,26,30,1133,2640,1830.625,548.762227328792,0.0075025641025641
308894,Extreme_Capitalism,8,200,TRUE,8,"1,2,3,4,5,6,7,8",0.230054025792959,0.142857142857143,0,,24,31,936,3517,1793.125,834.667159924927,0.0103306666666667
308895,Extreme_Capitalism,8,200,TRUE,8,"1,2,3,4,5,6,7,8",0.184226286824215,0.158163265306122,0,,26,26,628,2620,1930.625,721.013361774345,0.00804761904761905
308896,Extreme_Capitalism,8,200,TRUE,7,"1,2,3,4,5,7,8",0.29401474155626,0.198902606310014,1,101,24,73,0,2229,1339.75,761.134444666081,0.00810810810810811
308897,Extreme_Capitalism,8,200,TRUE,8,"1,2,3,4,5,6,7,8",0.146041292639138,0.155612244897959,0,,30,44,1002,2261,1740.625,492.654598650443,0.00949081364829396
308898,Extreme_Capitalism,8,200,TRUE,8,"1,2,3,4,5,6,7,8",0.118023255813954,0.168367346938776,0,,18,17,1242,2581,1988.75,447.247374822608,0.00776410256410256
308899,Extreme_Capitalism,8,200,TRUE,7,"1,2,3,4,5,6,7",0.20867156294292,0.224489795918367,1,103,23,34,0,2782,1940.25,869.390714400444,0.0115537634408602
308900,Extreme_Capitalism,8,200,TRUE,8,"1,2,3,4,5,6,7,8",0.244388464211258,0.150510204081633,0,,17,29,760,3064,1798.75,830.060539960791,0.00914814814814815
308901,Extreme_Capitalism,8,200,TRUE,8,"1,2,3,4,5,6,7,8",0.235886950199927,0.160714285714286,0,,19,46,549,2892,1719.375,769.0942608958,0.00896078431372549
308902,Extreme_Capitalism,8,200,TRUE,8,"1,2,3,4,5,6,7,8",0.223311076197958,0.23469387755102,0,,23,62,630,2368,1591.25,677.810076643893,0.00876266666666667
308903,Extreme_Capitalism,8,200,TRUE,8,"1,2,3,4,5,6,7,8",0.140991692627207,0.153061224489796,0,,22,40,1187,2396,1805.625,485.535032574523,0.00775862068965517
308904,Extreme_Capitalism,8,200,TRUE,8,"1,2,3,4,5,6,7,8",0.156258457374831,0.155612244897959,0,,28,32,976,2386,1847.5,563.911087216517,0.00806849315068493
308905,Extreme_Capitalism,8,200,TRUE,8,"1,2,3,4,5,6,7,8",0.242983600447261,0.14030612244898,0,,8,52,620,2794,1676.875,769.505302590103,0.00878606965174129
308906,Extreme_Capitalism,8,200,TRUE,8,"1,2,3,4,5,6,7,8",0.151672384219554,0.150510204081633,0,,17,27,813,2422,1821.875,536.960875802751,0.00973669467787115
308907,Extreme_Capitalism,8,200,TRUE,6,"1,3,4,6,7,8",0.363466183574879,0.251479289940828,2,108,24,25,0,3222,1552.5,1108.62695000875,0.0118813559322034
308908,Extreme_Capitalism,8,200,TRUE,7,"1,3,4,5,6,7,8",0.299672744273025,0.1875,1,161,20,54,0,2812,1604.25,926.848847285406,0.0107979002624672
308909,Extreme_Capitalism,8,200,TRUE,7,"1,2,3,4,5,7,8",0.30952380952381,0.177514792899408,1,157,31,39,0,2751,1611.75,949.065668358698,0.00779393939393939
308910,Extreme_Capitalism,8,200,TRUE,7,"1,2,3,4,5,6,8",0.287459029186827,0.191326530612245,1,70,10,38,0,2684,1601.75,889.789501591729,0.00794957983193277
308911,Extreme_Capitalism,8,200,TRUE,8,"1,2,3,4,5,6,7,8",0.119713584288052,0.193877551020408,0,,12,24,1304,2471,1909.375,432.611319282596,0.00812222222222222
308912,Extreme_Capitalism,8,200,TRUE,7,"1,2,3,5,6,7,8",0.309605205116895,0.211734693877551,1,195,23,41,0,3390,1700.25,1024.70731012742,0.00975151515151515
308913,Extreme_Capitalism,8,200,TRUE,8,"1,2,3,4,5,6,7,8",0.182102373361672,0.173469387755102,0,,7,22,776,2635,1764.375,609.323497823611,0.00846774193548387
308914,Extreme_Capitalism,8,200,TRUE,7,"1,3,4,5,6,7,8",0.220266818052796,0.2096,1,185,20,24,0,2897,1761.5,825.686381139958,0.00761025641025641
308915,Extreme_Capitalism,8,200,TRUE,7,"1,2,3,5,6,7,8",0.322565855285095,0.196428571428571,1,91,21,66,0,2521,1499.5,919.651331445006,0.00791214470284238
308916,Extreme_Capitalism,8,200,TRUE,8,"1,2,3,4,5,6,7,8",0.203009666080844,0.153061224489796,0,,16,39,826,2180,1422.5,552.849243206759,0.00754954954954955
308917,Extreme_Capitalism,8,200,TRUE,6,"1,2,4,6,7,8",0.40272919024591,0.201183431952663,2,132,14,74,0,2505,1214.875,936.236911028095,0.00940112994350283
308918,Extreme_Capitalism,8,200,TRUE,7,"1,2,3,5,6,7,8",0.304253675437775,0.173469387755102,1,131,12,60,0,2568,1334.875,802.687350182409,0.0083989898989899
308919,Extreme_Capitalism,8,200,TRUE,7,"1,2,3,4,6,7,8",0.260992985532661,0.21301775147929,1,148,18,49,0,2290,1425.625,730.968230206641,0.00977222222222222
308920,Extreme_Capitalism,8,200,TRUE,8,"1,2,3,4,5,6,7,8",0.190818068922695,0.137755102040816,0,,11,36,1001,2879,2013.125,731.329012825281,0.00995928753180662
308921,Extreme_Capitalism,8,200,TRUE,7,"1,3,4,5,6,7,8",0.233292499057671,0.190672153635117,1,113,20,40,0,2390,1658.125,791.986189904849,0.00820765027322405
308922,Extreme_Capitalism,8,200,TRUE,7,"1,2,3,4,5,6,8",0.300170908491887,0.165680473372781,1,142,12,44,0,2405,1517.625,903.89062826049,0.0098676844783715
308923,Extreme_Capitalism,8,200,TRUE,8,"1,2,3,4,5,6,7,8",0.165076335877863,0.142857142857143,0,,20,25,999,2652,1965,619.239164505236,0.00743832020997375
308924,Extreme_Capitalism,8,200,TRUE,7,"1,2,3,4,5,6,8",0.288328307846938,0.168367346938776,1,134,15,35,0,2968,1741.125,978.416276803634,0.0104141414141414
308925,Extreme_Capitalism,8,200,TRUE,7,"1,3,4,5,6,7,8",0.34254990780085,0.186224489795918,1,121,18,38,0,2596,1559.125,1032.30870763408,0.00831693989071038
308926,Extreme_Capitalism,8,200,TRUE,8,"1,2,3,4,5,6,7,8",0.281675062972292,0.170918367346939,0,,22,49,557,3101,1488.75,829.325328203595,0.009632
308927,Extreme_Capitalism,8,200,TRUE,8,"1,2,3,4,5,6,7,8",0.214773095623987,0.133058984910837,0,,19,27,654,3330,1928.125,798.128245602529,0.00920300751879699
308928,Extreme_Capitalism,8,200,TRUE,7,"2,3,4,5,6,7,8",0.291730991895021,0.191326530612245,2,128,15,43,0,2597,1619.375,924.970105694542,0.0106842105263158
308929,Extreme_Capitalism,8,200,TRUE,8,"1,2,3,4,5,6,7,8",0.142332430602573,0.145408163265306,0,,24,27,1158,2418,1846.25,498.666722370763,0.00848989898989899
308930,Extreme_Capitalism,8,200,TRUE,7,"1,2,3,4,5,6,7",0.314792591250793,0.204081632653061,1,111,18,53,0,2794,1380.125,845.262163473558,0.00842685851318945
308931,Extreme_Capitalism,8,200,TRUE,8,"1,2,3,4,5,6,7,8",0.199661246612466,0.160714285714286,0,,15,56,631,2471,1614.375,622.214234465452,0.00842786069651741
308932,Extreme_Capitalism,8,200,TRUE,8,"1,2,3,4,5,6,7,8",0.240728,0.14030612244898,0,,21,25,883,3542,1953.125,896.384075446617,0.0145721784776903
308933,Extreme_Capitalism,8,200,TRUE,7,"1,2,3,4,5,6,7",0.287586967588664,0.178571428571429,1,143,19,37,0,2364,1473.25,824.699036012532,0.00872727272727273
308934,Extreme_Capitalism,8,200,TRUE,8,"1,2,3,4,5,6,7,8",0.117107795957652,0.168367346938776,0,,19,19,1044,2287,1948.125,516.741835929703,0.00920209973753281
308935,Extreme_Capitalism,8,200,TRUE,6,"2,3,4,5,6,8",0.340520659846142,0.295918367346939,2,134,30,35,0,2663,1576.125,1088.51726641598,0.00843843843843844
308936,Extreme_Capitalism,8,200,TRUE,8,"1,2,3,4,5,6,7,8",0.175744717700035,0.176020408163265,0,,26,36,589,2328,1804.375,654.290005054552,0.00846933333333333
308937,Extreme_Capitalism,8,200,TRUE,8,"1,2,3,4,5,6,7,8",0.204185779816514,0.163265306122449,0,,14,47,740,2552,1635,627.786815498929,0.00926767676767677
308938,Extreme_Capitalism,8,200,TRUE,8,"1,2,3,4,5,6,7,8",0.186527001862197,0.170918367346939,0,,28,46,1004,2427,1678.125,598.29697296338,0.0075768115942029
308939,Extreme_Capitalism,8,200,TRUE,8,"1,2,3,4,5,6,7,8",0.176594684385382,0.191326530612245,0,,14,26,945,2610,1881.25,626.084601768346,0.0102583979328165
308940,Extreme_Capitalism,8,200,TRUE,7,"1,2,3,4,5,6,8",0.240144495052615,0.152263374485597,2,158,23,19,0,2390,1591.75,771.732697987365,0.00787978142076503
308941,Extreme_Capitalism,8,200,TRUE,7,"1,2,3,5,6,7,8",0.27366214057508,0.147959183673469,1,91,14,30,0,2547,1565,834.390453307939,0.00685875706214689
308942,Extreme_Capitalism,8,200,TRUE,6,"1,3,4,5,6,7",0.397443487621098,0.216836734693878,2,65,13,66,0,2165,1161.25,887.35171799494,0.00922916666666667
308943,Extreme_Capitalism,8,200,TRUE,8,"1,2,3,4,5,6,7,8",0.177481389578164,0.160493827160494,0,,23,28,895,2375,1763.125,612.648917756794,0.00992022792022792
308944,Extreme_Capitalism,8,200,TRUE,8,"1,2,3,4,5,6,7,8",0.173336025848142,0.150510204081633,0,,13,23,818,2597,1934.375,709.38785230648,0.00790560471976401
308945,Extreme_Capitalism,8,200,TRUE,7,"1,2,3,4,5,7,8",0.306489776750235,0.153846153846154,1,189,12,44,0,2983,1730.125,1005.13274709648,0.00801739130434783
308946,Extreme_Capitalism,8,200,TRUE,8,"1,2,3,4,5,6,7,8",0.192325664989216,0.137755102040816,0,,15,45,1016,2658,1738.75,641.873541172358,0.00774242424242424
308947,Extreme_Capitalism,8,200,TRUE,7,"1,2,3,4,6,7,8",0.366277365129007,0.158163265306122,1,132,23,53,0,2732,1279,902.498278589573,0.00910924369747899
308948,Extreme_Capitalism,8,200,TRUE,8,"1,2,3,4,5,6,7,8",0.204372267332917,0.145408163265306,0,,35,23,902,3448,2001.25,794.666102388742,0.00955216284987277
308949,Extreme_Capitalism,8,200,TRUE,7,"1,3,4,5,6,7,8",0.258189589953094,0.179698216735254,1,145,20,35,0,2639,1652.25,839.44977727761,0.0101294498381877
308950,Extreme_Capitalism,8,200,TRUE,7,"2,3,4,5,6,7,8",0.285406034223957,0.158163265306122,1,104,14,39,0,2812,1665.5,934.24285615985,0.00975072463768116
308951,Extreme_Capitalism,8,200,TRUE,7,"2,3,4,5,6,7,8",0.239776305191477,0.260204081632653,1,152,24,36,0,2399,1707.125,878.864273203938,0.00669816272965879
308952,Extreme_Capitalism,8,200,TRUE,7,"1,2,3,5,6,7,8",0.222907725321889,0.158163265306122,1,99,18,28,0,2736,1864,867.004695983328,0.00827728613569322
308953,Extreme_Capitalism,8,200,TRUE,6,"2,3,4,5,7,8",0.422295040908332,0.20226843100189,2,101,10,37,0,3065,1497.25,1193.9049675031,0.0102404371584699
308954,Extreme_Capitalism,8,200,TRUE,8,"1,2,3,4,5,6,7,8",0.146914685770107,0.153061224489796,0,,27,27,1170,2614,1919.375,540.882595525921,0.012264367816092
308955,Extreme_Capitalism,8,200,TRUE,8,"1,2,3,4,5,6,7,8",0.161334991708126,0.155612244897959,0,,19,24,1164,2591,1884.375,574.066182720126,0.00766666666666667
308956,Extreme_Capitalism,8,200,TRUE,6,"1,2,5,6,7,8",0.336308756552376,0.194444444444444,2,138,16,27,0,2347,1454.625,995.537462522488,0.00885057471264368
308957,Extreme_Capitalism,8,200,TRUE,8,"1,2,3,4,5,6,7,8",0.218365871294288,0.14030612244898,0,,20,36,579,2443,1728.75,752.120193662081,0.00855470737913486
308958,Extreme_Capitalism,8,200,TRUE,8,"1,2,3,4,5,6,7,8",0.177617079889807,0.165816326530612,0,,20,49,826,2157,1588.125,548.289141003957,0.011171875
308959,Extreme_Capitalism,8,200,TRUE,8,"1,2,3,4,5,6,7,8",0.192084587094617,0.165816326530612,0,,23,26,1044,2876,1869.375,676.935518663758,0.00815196078431372
308960,Extreme_Capitalism,8,200,TRUE,8,"1,2,3,4,5,6,7,8",0.185447498238196,0.152263374485597,0,,12,34,768,2417,1773.75,658.4446500222,0.0129243697478992
308961,Extreme_Capitalism,8,200,TRUE,5,"1,2,3,4,6",0.456274564851207,0.233560090702948,3,151,18,32,0,3012,1335.75,1193.61668290716,0.00805847953216374
308962,Extreme_Capitalism,8,200,TRUE,8,"1,2,3,4,5,6,7,8",0.188288718929254,0.157750342935528,0,,28,39,875,2387,1634.375,595.239432617545,0.00846723646723647
308963,Extreme_Capitalism,8,200,TRUE,8,"1,2,3,4,5,6,7,8",0.191913357400722,0.165816326530612,0,,17,37,772,2474,1731.25,639.298443608304,0.007856
308964,Extreme_Capitalism,8,200,TRUE,7,"1,2,4,5,6,7,8",0.213526418513871,0.179698216735254,2,146,17,26,0,2711,1793.25,815.088382587172,0.00796266666666667
308965,Extreme_Capitalism,8,200,TRUE,8,"1,2,3,4,5,6,7,8",0.173658088235294,0.173469387755102,0,,21,48,1061,2475,1700,571.595011474783,0.00810752688172043
308966,Extreme_Capitalism,8,200,TRUE,6,"2,4,5,6,7,8",0.364158228495449,0.186390532544379,3,98,22,58,0,2136,1222.125,865.947447679625,0.0089908256880734
308967,Extreme_Capitalism,8,200,TRUE,7,"1,3,4,5,6,7,8",0.293531928900592,0.16323731138546,1,89,20,37,0,2417,1519,871.010906935154,0.00857227138643068
308968,Extreme_Capitalism,8,200,TRUE,8,"1,2,3,4,5,6,7,8",0.167754318618042,0.142857142857143,0,,19,27,1050,2724,1953.75,630.684152329833,0.00789664082687339
308969,Extreme_Capitalism,8,200,TRUE,7,"1,2,3,4,5,6,7",0.27358032680796,0.170918367346939,1,87,24,22,0,2470,1545.25,836.512616248468,0.00847787610619469
308970,Extreme_Capitalism,8,200,TRUE,8,"1,2,3,4,5,6,7,8",0.136037491919845,0.147959183673469,0,,9,27,1134,2613,1933.75,513.258985030253,0.009328165374677
308971,Extreme_Capitalism,8,200,TRUE,8,"1,2,3,4,5,6,7,8",0.255284421460892,0.137755102040816,0,,14,19,645,3249,1933.75,940.897861467591,0.010687338501292
308972,Extreme_Capitalism,8,200,TRUE,8,"1,2,3,4,5,6,7,8",0.185147664835165,0.153061224489796,0,,13,38,1065,2798,1820,634.810657935554,0.0101842818428184
308973,Extreme_Capitalism,8,200,TRUE,8,"1,2,3,4,5,6,7,8",0.156718589524136,0.150510204081633,0,,14,38,1036,2435,1825.625,546.0507400547,0.00784408602150538
308974,Extreme_Capitalism,8,200,TRUE,8,"1,2,3,4,5,6,7,8",0.213848396501458,0.137755102040816,0,,20,31,689,2875,1715,714.252856387108,0.00890514905149052
308975,Extreme_Capitalism,8,200,TRUE,7,"1,2,3,4,5,6,8",0.218484860278664,0.252551020408163,1,126,16,43,0,2228,1605.875,746.824408029472,0.00821875
308976,Extreme_Capitalism,8,200,TRUE,8,"1,2,3,4,5,6,7,8",0.178276463745638,0.170918367346939,0,,14,36,823,2319,1611.875,544.093594233303,0.00892090395480226
308977,Extreme_Capitalism,8,200,TRUE,8,"1,2,3,4,5,6,7,8",0.192891373801917,0.183673469387755,0,,8,37,778,2992,1760.625,663.480850730234,0.00945323741007194
308978,Extreme_Capitalism,8,200,TRUE,8,"1,2,3,4,5,6,7,8",0.210891325071497,0.158163265306122,0,,20,31,834,2895,1966.875,782.919342224071,0.0121161616161616
308979,Extreme_Capitalism,8,200,TRUE,8,"1,2,3,4,5,6,7,8",0.150513428120063,0.181122448979592,0,,25,21,750,2467,1978.125,610.571731482644,0.00741111111111111
308980,Extreme_Capitalism,8,200,TRUE,8,"1,2,3,4,5,6,7,8",0.145078999341672,0.147959183673469,0,,15,25,972,2669,1898.75,538.588034984599,0.0085948717948718
308981,Extreme_Capitalism,8,200,TRUE,8,"1,2,3,4,5,6,7,8",0.174146884272997,0.145408163265306,0,,20,43,848,2379,1685,551.050425486245,0.00886440677966102
308982,Extreme_Capitalism,8,200,TRUE,8,"1,2,3,4,5,6,7,8",0.202271120537292,0.160714285714286,0,,18,44,1019,2949,1768.125,690.235868070784,0.00928888888888889
308983,Extreme_Capitalism,8,200,TRUE,7,"1,2,3,4,6,7,8",0.265961509088132,0.1616,1,196,17,33,0,2565,1636.75,854.518034583573,0.00881542699724518
308984,Extreme_Capitalism,8,200,TRUE,7,"1,2,3,5,6,7,8",0.329618623080733,0.2,1,179,10,52,0,2645,1514.25,950.371168093213,0.00833587786259542
308985,Extreme_Capitalism,8,200,TRUE,7,"1,2,3,4,5,6,7",0.338274614658698,0.162721893491124,2,143,8,33,0,2838,1589.5,1013.68183230383,0.00933870967741936
308986,Extreme_Capitalism,8,200,TRUE,7,"1,3,4,5,6,7,8",0.381522933260093,0.153061224489796,1,161,17,52,0,3392,1365.375,1043.788968477,0.00942622950819672
308987,Extreme_Capitalism,8,200,TRUE,8,"1,2,3,4,5,6,7,8",0.188003725025398,0.160714285714286,0,,32,27,889,2555,1845.625,680.195126941002,0.00840437158469945
308988,Extreme_Capitalism,8,200,TRUE,8,"1,2,3,4,5,6,7,8",0.233579985905567,0.214285714285714,0,,14,52,718,3052,1773.75,783.675725576047,0.00982957393483709
308989,Extreme_Capitalism,8,200,TRUE,8,"1,2,3,4,5,6,7,8",0.176083916083916,0.150510204081633,0,,13,42,1191,2685,1787.5,623.117737097665,0.00936130536130536
308990,Extreme_Capitalism,8,200,TRUE,8,"1,2,3,4,5,6,7,8",0.139809540761837,0.162721893491124,0,,17,24,835,2193,1755.625,516.474294063675,0.0091484593837535
308991,Extreme_Capitalism,8,200,TRUE,7,"1,2,3,4,6,7,8",0.227145983340393,0.1744,1,180,23,25,0,2600,1770.75,827.782364427476,0.00952552552552553
308992,Extreme_Capitalism,8,200,TRUE,8,"1,2,3,4,5,6,7,8",0.24179261125105,0.168367346938776,0,,23,58,681,2383,1488.75,683.193708151021,0.00934513274336283
308993,Extreme_Capitalism,8,200,TRUE,7,"1,2,3,4,5,6,8",0.317615953713364,0.178571428571429,1,78,10,45,0,2470,1317.875,793.064659136586,0.0104753623188406
308994,Extreme_Capitalism,8,200,TRUE,8,"1,2,3,4,5,6,7,8",0.203528827037773,0.153061224489796,0,,15,63,817,2441,1571.875,602.17924182565,0.00883068783068783
308995,Extreme_Capitalism,8,200,TRUE,8,"1,2,3,4,5,6,7,8",0.189776386404293,0.163265306122449,0,,24,36,737,2477,1746.875,630.535472549211,0.00674479166666667
308996,Extreme_Capitalism,8,200,TRUE,8,"1,2,3,4,5,6,7,8",0.215667490729295,0.196428571428571,0,,12,49,541,2184,1516.875,630.101224861076,0.0103646723646724
308997,Extreme_Capitalism,8,200,TRUE,8,"1,2,3,4,5,6,7,8",0.158461404121551,0.14030612244898,0,,17,21,922,2634,1789.375,548.727863204652,0.0078656330749354
308998,Extreme_Capitalism,8,200,TRUE,8,"1,2,3,4,5,6,7,8",0.16536476256022,0.176954732510288,0,,18,30,821,2448,1816.25,582.291470951496,0.0101041666666667
308999,Extreme_Capitalism,8,200,TRUE,7,"1,2,4,5,6,7,8",0.289585781433608,0.158163265306122,1,66,14,31,0,3070,1702,949.946765425756,0.00869565217391304
309000,Extreme_Capitalism,8,200,TRUE,6,"1,2,4,5,6,7",0.321617493667114,0.294924554183813,2,135,16,41,0,2921,1677.75,1096.44330841655,0.0127626666666667
309001,Extreme_Capitalism,8,200,TRUE,7,"1,2,4,5,6,7,8",0.296477045908184,0.173469387755102,1,90,16,46,0,2673,1565.625,887.618312033468,0.00849707602339182
309002,Extreme_Capitalism,8,200,TRUE,8,"1,2,3,4,5,6,7,8",0.248,0.155006858710562,0,,23,33,609,2673,1687.5,791.007856200827,0.00773934837092732
309003,Extreme_Capitalism,8,200,TRUE,8,"1,2,3,4,5,6,7,8",0.200741811175337,0.170918367346939,0,,27,45,650,2421,1621.875,633.030000981673,0.00936130536130536
309004,Extreme_Capitalism,8,200,TRUE,8,"1,2,3,4,5,6,7,8",0.157369095569389,0.198979591836735,0,,22,44,1006,2319,1706.875,511.076297770555,0.010258064516129
309005,Extreme_Capitalism,8,200,TRUE,7,"1,2,3,4,5,6,8",0.287892875373733,0.190672153635117,1,158,22,36,0,2874,1714.125,953.037765328771,0.00980869565217391
309006,Extreme_Capitalism,8,200,TRUE,8,"1,2,3,4,5,6,7,8",0.167069190600522,0.142857142857143,0,,17,20,787,2576,1915,617.701731073686,0.010928
309007,Extreme_Capitalism,8,200,TRUE,8,"1,2,3,4,5,6,7,8",0.16541118975396,0.173469387755102,0,,21,35,987,2583,1854.375,589.436762026743,0.0116120218579235
309008,Extreme_Capitalism,8,200,TRUE,8,"1,2,3,4,5,6,7,8",0.25858458961474,0.145408163265306,0,,12,26,799,3798,1865.625,963.55961154461,0.0164102564102564
309009,Extreme_Capitalism,8,200,TRUE,8,"1,2,3,4,5,6,7,8",0.206919831223629,0.158163265306122,0,,6,47,641,2190,1481.25,598.869589906088,0.00765394402035623
309010,Extreme_Capitalism,8,200,TRUE,8,"1,2,3,4,5,6,7,8",0.102528957528958,0.186224489795918,0,,17,43,1071,2042,1618.75,323.86935196597,0.00784541062801933
309011,Extreme_Capitalism,8,200,TRUE,8,"1,2,3,4,5,6,7,8",0.120704099821747,0.137755102040816,0,,24,23,974,2280,1753.125,415.55829486195,0.00851149425287357
309012,Extreme_Capitalism,8,200,TRUE,8,"1,2,3,4,5,6,7,8",0.190010989010989,0.158163265306122,0,,15,48,830,2427,1421.875,534.893697716792,0.00803921568627451
309013,Extreme_Capitalism,8,200,TRUE,7,"2,3,4,5,6,7,8",0.279713309284223,0.211805555555556,1,200,22,52,0,2134,1316.75,720.428196084999,0.00936088154269972
309014,Extreme_Capitalism,8,200,TRUE,8,"1,2,3,4,5,6,7,8",0.121462436177972,0.173469387755102,0,,20,28,1053,2197,1713.75,400.254115710079,0.00753066666666667
309015,Extreme_Capitalism,8,200,TRUE,8,"1,2,3,4,5,6,7,8",0.197542997542998,0.178571428571429,0,,21,52,602,2116,1526.25,582.202407120705,0.00992039800995025
309016,Extreme_Capitalism,8,200,TRUE,8,"1,2,3,4,5,6,7,8",0.189217821782178,0.142857142857143,0,,18,41,830,2365,1578.125,567.909056476978,0.00764187327823692
309017,Extreme_Capitalism,8,200,TRUE,8,"1,2,3,4,5,6,7,8",0.20133547008547,0.176020408163265,0,,33,36,930,2638,1755,678.105975704177,0.00958139534883721
309018,Extreme_Capitalism,8,200,TRUE,8,"1,2,3,4,5,6,7,8",0.169689737470167,0.142857142857143,0,,21,30,861,2213,1571.25,506.902850652864,0.0115313531353135
309019,Extreme_Capitalism,8,200,TRUE,8,"1,2,3,4,5,6,7,8",0.229010115606936,0.137755102040816,0,,19,36,783,2671,1730,752.167154674696,0.00801002506265664
309020,Extreme_Capitalism,8,200,TRUE,8,"1,2,3,4,5,6,7,8",0.187494895875868,0.209183673469388,0,,15,68,779,2329,1530.625,538.867844254441,0.00825925925925926
309021,Extreme_Capitalism,8,200,TRUE,8,"1,2,3,4,5,6,7,8",0.167990654205608,0.158163265306122,0,,15,26,667,2335,1805.625,610.285398692401,0.00854802259887006
309022,Extreme_Capitalism,8,200,TRUE,8,"1,2,3,4,5,6,7,8",0.238387462235649,0.158163265306122,0,,24,32,635,3213,1655,783.21225001364,0.00943589743589744
309023,Extreme_Capitalism,8,200,TRUE,7,"1,2,4,5,6,7,8",0.248894912427023,0.176954732510288,1,146,16,32,150,2325,1498.75,726.567615573389,0.00944827586206897
309024,Extreme_Capitalism,8,200,TRUE,7,"2,3,4,5,6,7,8",0.295830545021935,0.18,1,200,18,31,0,2982,1681.125,947.171192476388,0.0107603305785124
309025,Extreme_Capitalism,8,200,TRUE,7,"1,2,3,5,6,7,8",0.283395320006199,0.201530612244898,1,123,23,30,0,2525,1613.25,900.561055279271,0.00857142857142857
309026,Extreme_Capitalism,8,200,TRUE,8,"1,2,3,4,5,6,7,8",0.152872183228666,0.170918367346939,0,,19,28,946,2546,1691.875,498.774909868455,0.00801111111111111
309027,Extreme_Capitalism,8,200,TRUE,8,"1,2,3,4,5,6,7,8",0.164713715046604,0.155006858710562,0,,21,23,1100,3004,1877.5,599.447364542662,0.00738057742782152
309028,Extreme_Capitalism,8,200,TRUE,7,"1,2,3,4,5,7,8",0.246687464946719,0.1616,1,141,28,32,0,2669,1783,903.57559569903,0.00957834757834758
309029,Extreme_Capitalism,8,200,TRUE,7,"1,2,3,4,6,7,8",0.290017286084702,0.165816326530612,1,68,16,37,0,2587,1446.25,811.915152146894,0.00906896551724138
309030,Extreme_Capitalism,8,200,TRUE,8,"1,2,3,4,5,6,7,8",0.143979187314172,0.149519890260631,0,,28,19,1306,2587,1891.875,519.196477398352,0.00882666666666667
309031,Extreme_Capitalism,8,200,TRUE,8,"1,2,3,4,5,6,7,8",0.16468850698174,0.155612244897959,0,,19,32,861,2346,1745.625,548.414581836979,0.00850520833333333
309032,Extreme_Capitalism,8,200,TRUE,8,"1,2,3,4,5,6,7,8",0.239106097140889,0.135204081632653,0,,19,36,765,3095,1814.375,822.208687013218,0.00896666666666667
309033,Extreme_Capitalism,8,200,TRUE,7,"1,2,4,5,6,7,8",0.255504489097905,0.165816326530612,1,82,16,22,0,2884,1754.25,886.167309259375,0.00786792452830189
309034,Extreme_Capitalism,8,200,TRUE,8,"1,2,3,4,5,6,7,8",0.272457627118644,0.149519890260631,0,,23,49,663,2550,1548.75,850.493260240365,0.0074750656167979
309035,Extreme_Capitalism,8,200,TRUE,7,"1,2,4,5,6,7,8",0.283123425692695,0.214285714285714,1,82,14,53,0,2442,1488.75,808.520827543378,0.00941397849462366
309036,Extreme_Capitalism,8,200,TRUE,8,"1,2,3,4,5,6,7,8",0.146271317829457,0.145408163265306,0,,26,24,1119,2709,2015.625,562.414930075144,0.0111863517060367
309037,Extreme_Capitalism,8,200,TRUE,7,"1,2,4,5,6,7,8",0.307226433750824,0.150510204081633,1,138,20,64,0,2778,1517,889.129269084567,0.00852892561983471
309038,Extreme_Capitalism,8,200,TRUE,8,"1,2,3,4,5,6,7,8",0.242383177570094,0.150510204081633,0,,17,41,606,2601,1671.875,762.631428954099,0.00953280839895013
309039,Extreme_Capitalism,8,200,TRUE,8,"1,2,3,4,5,6,7,8",0.182389730085583,0.170918367346939,0,,15,37,910,2637,1898.75,669.779867888377,0.00782254196642686
309040,Extreme_Capitalism,8,200,TRUE,7,"1,2,4,5,6,7,8",0.334948824702923,0.174211248285322,1,122,16,54,0,2858,1441.125,914.311362642477,0.00785
309041,Extreme_Capitalism,8,200,TRUE,8,"1,2,3,4,5,6,7,8",0.111680189317106,0.173469387755102,0,,16,22,1345,2344,1848.75,391.393389972654,0.00966966966966967
309042,Extreme_Capitalism,8,200,TRUE,7,"1,2,3,4,5,7,8",0.251492593712213,0.161157024793388,1,189,19,27,0,2440,1654,833.030783173279,0.0104708994708995
309043,Extreme_Capitalism,8,200,TRUE,8,"1,2,3,4,5,6,7,8",0.237867066624566,0.142857142857143,0,,16,29,514,3299,1979.375,901.68682201749,0.00954137115839243
309044,Extreme_Capitalism,8,200,TRUE,7,"1,2,4,5,6,7,8",0.297821626840454,0.158163265306122,1,114,15,34,0,2449,1553.625,912.427678151613,0.00895061728395062
309045,Extreme_Capitalism,8,200,TRUE,7,"2,3,4,5,6,7,8",0.201198372022912,0.183673469387755,1,128,21,24,0,2201,1658.5,739.721955486365,0.00872934472934473
309046,Extreme_Capitalism,8,200,TRUE,6,"1,2,3,4,6,8",0.414299242424242,0.230769230769231,2,116,12,86,0,1914,858,677.719916864102,0.00952802359882006
309047,Extreme_Capitalism,8,200,TRUE,8,"1,2,3,4,5,6,7,8",0.167120551924473,0.158163265306122,0,,24,25,1026,2613,1721.25,546.530550707957,0.007648
309048,Extreme_Capitalism,8,200,TRUE,7,"2,3,4,5,6,7,8",0.248849582973828,0.216836734693878,1,56,33,34,0,2978,1738.5,873.40237822307,0.00852507374631269
309049,Extreme_Capitalism,8,200,TRUE,8,"1,2,3,4,5,6,7,8",0.148330074942978,0.130102040816327,0,,11,29,1048,2583,1918.125,549.664426848652,0.00722480620155039
309050,Extreme_Capitalism,8,200,TRUE,7,"2,3,4,5,6,7,8",0.27033109551419,0.168367346938776,1,128,17,37,0,2470,1638.5,874.749270199344,0.00777272727272727
309051,Extreme_Capitalism,8,200,TRUE,7,"1,2,3,4,6,7,8",0.259079438226904,0.180555555555556,1,188,14,22,0,2625,1708.875,872.488794442984,0.00767149758454106
309052,Extreme_Capitalism,8,200,TRUE,8,"1,2,3,4,5,6,7,8",0.173240056318198,0.206632653061225,0,,14,36,883,2478,1775.625,584.810821059744,0.00818817204301075
309053,Extreme_Capitalism,8,200,TRUE,8,"1,2,3,4,5,6,7,8",0.211121323529412,0.145408163265306,0,,30,33,774,2515,1700,684.238053812936,0.00871354166666667
309054,Extreme_Capitalism,8,200,TRUE,7,"1,2,3,4,6,7,8",0.259059155159735,0.178571428571429,1,76,22,44,0,2503,1529.875,783.381395435382,0.00855270655270655
309055,Extreme_Capitalism,8,200,TRUE,7,"2,3,4,5,6,7,8",0.265246221123681,0.165816326530612,1,112,27,57,0,1971,1314.875,686.149595829614,0.00776642335766423
309056,Extreme_Capitalism,8,200,TRUE,7,"1,2,3,4,5,6,8",0.301157977176102,0.174556213017752,1,158,16,46,0,2736,1675.875,962.789168064773,0.0087977207977208
309057,Extreme_Capitalism,8,200,TRUE,7,"2,3,4,5,6,7,8",0.255486058461798,0.237311385459534,1,144,11,43,0,2309,1483.875,753.754305839395,0.0104831804281346
309058,Extreme_Capitalism,8,200,TRUE,8,"1,2,3,4,5,6,7,8",0.144552985307909,0.163265306122449,0,,14,13,694,2541,1999.375,602.980439744347,0.00733928571428572
309059,Extreme_Capitalism,8,200,TRUE,6,"1,2,4,5,7,8",0.324290143603133,0.22117202268431,2,114,25,40,0,2565,1532,1014.76837610504,0.0104463276836158
309060,Extreme_Capitalism,8,200,TRUE,8,"1,2,3,4,5,6,7,8",0.123844460748349,0.173469387755102,0,,15,57,1265,2502,1703.75,413.483718801945,0.00789531680440771
309061,Extreme_Capitalism,8,200,TRUE,7,"1,3,4,5,6,7,8",0.237598212910183,0.183673469387755,1,81,14,49,0,2361,1622.75,796.955591162842,0.00885310734463277
309062,Extreme_Capitalism,8,200,TRUE,8,"1,2,3,4,5,6,7,8",0.191649104320337,0.168367346938776,0,,25,33,1072,2801,1779.375,653.296025113096,0.00846017699115044
309063,Extreme_Capitalism,8,200,TRUE,8,"1,2,3,4,5,6,7,8",0.145185657080452,0.183673469387755,0,,22,37,965,2335,1716.875,478.718061224827,0.00790610328638498
309064,Extreme_Capitalism,8,200,TRUE,8,"1,2,3,4,5,6,7,8",0.0991955835962146,0.206632653061225,0,,17,29,1516,2458,1981.25,377.789718532111,0.00825520833333333
309065,Extreme_Capitalism,8,200,TRUE,8,"1,2,3,4,5,6,7,8",0.147595155709342,0.14030612244898,0,,17,31,969,2319,1806.25,535.967149846225,0.0138333333333333
309066,Extreme_Capitalism,8,200,TRUE,6,"2,3,5,6,7,8",0.349415024630542,0.198979591836735,2,83,26,77,0,1661,1015,701.785478007957,0.00953703703703704
309067,Extreme_Capitalism,8,200,TRUE,8,"1,2,3,4,5,6,7,8",0.169593698175788,0.173469387755102,0,,20,36,1014,2620,1884.375,603.491729733841,0.0107462686567164
309068,Extreme_Capitalism,8,200,TRUE,8,"1,2,3,4,5,6,7,8",0.123173673328739,0.160714285714286,0,,26,27,977,2233,1813.75,446.202628538073,0.00850555555555556
309069,Extreme_Capitalism,8,200,TRUE,7,"1,2,3,4,5,6,8",0.207952468007313,0.1968,1,174,22,28,0,2394,1777.75,804.856109589073,0.00746564885496183
309070,Extreme_Capitalism,8,200,TRUE,8,"1,2,3,4,5,6,7,8",0.147403361344538,0.160714285714286,0,,18,27,1079,2434,1859.375,537.771575910389,0.00768695652173913
309071,Extreme_Capitalism,8,200,TRUE,6,"1,2,4,6,7,8",0.368735939802963,0.220850480109739,2,74,13,35,0,3184,1611.375,1143.97214470333,0.0092022792022792
309072,Extreme_Capitalism,8,200,TRUE,7,"1,3,4,5,6,7,8",0.325427158273381,0.171467764060357,1,129,16,43,0,2576,1390,878.467984618677,0.00835
309073,Extreme_Capitalism,8,200,TRUE,8,"1,2,3,4,5,6,7,8",0.152595129375951,0.176020408163265,0,,16,25,1222,2835,2053.125,603.506524405495,0.00823976608187135
309074,Extreme_Capitalism,8,200,TRUE,6,"2,3,5,6,7,8",0.331857031857032,0.201183431952663,2,160,14,35,0,2560,1608.75,1058.15104916885,0.00866666666666667
309075,Extreme_Capitalism,8,200,TRUE,6,"1,2,3,5,6,8",0.412175234936429,0.201530612244898,2,115,17,77,0,2452,1130.625,882.497743825526,0.0127548209366391
309076,Extreme_Capitalism,8,200,TRUE,7,"1,2,3,4,6,7,8",0.261293687162301,0.191326530612245,1,84,23,26,0,2907,1827.625,944.683157390425,0.00842857142857143
309077,Extreme_Capitalism,8,200,TRUE,8,"1,2,3,4,5,6,7,8",0.191355140186916,0.150510204081633,0,,12,46,829,2570,1805.625,667.458706587906,0.0102146892655367
309078,Extreme_Capitalism,8,200,TRUE,7,"1,2,3,4,5,6,7",0.245946001143697,0.173469387755102,2,87,13,45,0,2222,1530.125,764.609972936716,0.00852222222222222
309079,Extreme_Capitalism,8,200,TRUE,8,"1,2,3,4,5,6,7,8",0.207117563739377,0.173469387755102,0,,18,33,749,3236,1765,742.066612335346,0.0114666666666667
309080,Extreme_Capitalism,8,200,TRUE,8,"1,2,3,4,5,6,7,8",0.24747572815534,0.14030612244898,0,,25,70,625,2241,1287.5,625.795950313336,0.00726229508196721
309081,Extreme_Capitalism,8,200,TRUE,6,"1,3,5,6,7,8",0.34029390745042,0.1904,3,59,16,30,0,2301,1399.25,953.298296891976,0.0114433656957929
309082,Extreme_Capitalism,8,200,TRUE,8,"1,2,3,4,5,6,7,8",0.193965517241379,0.178571428571429,0,,18,39,858,2612,1613.125,602.465988962981,0.00777611940298508
309083,Extreme_Capitalism,8,200,TRUE,7,"1,2,3,4,5,6,7",0.238237882480368,0.163265306122449,1,135,18,21,0,2667,1846.5,905.721969322974,0.00908683473389356
309084,Extreme_Capitalism,8,200,TRUE,7,"1,2,3,4,5,6,8",0.302464729593551,0.171597633136095,1,158,14,62,0,2599,1488.5,864.290295147247,0.00901492537313433
309085,Extreme_Capitalism,8,200,TRUE,7,"1,2,3,5,6,7,8",0.427199219037796,0.173469387755102,2,195,22,38,0,4674,1696.625,1455.44621900934,0.0179376947040498
309086,Extreme_Capitalism,8,200,TRUE,8,"1,2,3,4,5,6,7,8",0.231365001877582,0.165816326530612,0,,26,48,721,2483,1664.375,739.903842690773,0.0080969696969697
309087,Extreme_Capitalism,8,200,TRUE,7,"1,3,4,5,6,7,8",0.276165102592652,0.185185185185185,1,161,23,32,0,2453,1571.75,867.798157901446,0.008
309088,Extreme_Capitalism,8,200,TRUE,8,"1,2,3,4,5,6,7,8",0.156428571428571,0.188775510204082,0,,19,37,719,2725,1903.125,598.0865769865,0.00822727272727273
309089,Extreme_Capitalism,8,200,TRUE,7,"1,2,3,4,6,7,8",0.237170875873187,0.182441700960219,1,148,17,22,0,3144,1861,907.160404779662,0.0101352657004831
309090,Extreme_Capitalism,8,200,TRUE,7,"1,2,3,4,5,6,7",0.256789191003693,0.14792899408284,1,151,21,20,0,3274,1861.875,976.087735737491,0.00944525547445255
309091,Extreme_Capitalism,8,200,TRUE,8,"1,2,3,4,5,6,7,8",0.166089764822789,0.13265306122449,0,,25,22,674,2573,1886.875,621.759125959793,0.00755013550135501
309092,Extreme_Capitalism,8,200,TRUE,8,"1,2,3,4,5,6,7,8",0.18000872600349,0.130315500685871,0,,20,28,865,2662,1790.625,605.022771118103,0.00968021680216802
309093,Extreme_Capitalism,8,200,TRUE,8,"1,2,3,4,5,6,7,8",0.149760962743159,0.142857142857143,0,,13,17,746,2919,1895.625,598.063765711603,0.00866666666666667
309094,Extreme_Capitalism,8,200,TRUE,7,"1,2,4,5,6,7,8",0.328485655546211,0.168367346938776,1,106,21,66,0,2342,1337.625,839.069712326012,0.0103641456582633
309095,Extreme_Capitalism,8,200,TRUE,8,"1,2,3,4,5,6,7,8",0.124775242047026,0.183673469387755,0,,27,18,1206,2367,1807.5,433.193127501217,0.00853116531165312
309096,Extreme_Capitalism,8,200,TRUE,8,"1,2,3,4,5,6,7,8",0.215034429992349,0.168367346938776,0,,17,49,707,2419,1633.75,677.115679080866,0.00900763358778626
309097,Extreme_Capitalism,8,200,TRUE,8,"1,2,3,4,5,6,7,8",0.238987603305785,0.142857142857143,0,,18,43,669,2415,1512.5,697.091508647589,0.00870555555555556
309098,Extreme_Capitalism,8,200,TRUE,8,"1,2,3,4,5,6,7,8",0.161897959183674,0.170918367346939,0,,14,44,919,2243,1531.25,468.641425520926,0.00808333333333333
309099,Extreme_Capitalism,8,200,TRUE,8,"1,2,3,4,5,6,7,8",0.213369611609048,0.150510204081633,0,,16,47,677,2122,1464.375,614.797745488013,0.00866133333333333
309100,Extreme_Capitalism,8,200,TRUE,8,"1,2,3,4,5,6,7,8",0.196987951807229,0.163265306122449,0,,16,61,873,2253,1556.25,595.747010063836,0.00789664082687339
309101,Extreme_Capitalism,8,200,TRUE,7,"1,2,3,4,5,7,8",0.299644648829432,0.165816326530612,1,101,14,59,0,2533,1495,852.172014828663,0.00895575221238938
309102,Extreme_Capitalism,8,200,TRUE,7,"1,2,3,4,6,7,8",0.259507973836996,0.158163265306122,1,140,8,30,0,2724,1700.875,865.287472874932,0.00870175438596491
309103,Extreme_Capitalism,8,200,TRUE,8,"1,2,3,4,5,6,7,8",0.124672386895476,0.181122448979592,0,,19,34,1350,2725,2003.125,470.827671689517,0.00838320209973753
309104,Extreme_Capitalism,8,200,TRUE,6,"1,2,3,4,7,8",0.310623224022732,0.210059171597633,2,124,23,21,0,2636,1627.625,1050.96906811897,0.00965
309105,Extreme_Capitalism,8,200,TRUE,7,"1,2,3,4,5,7,8",0.284157610851114,0.147959183673469,1,101,19,42,0,2400,1575.875,888.64832148928,0.0104126984126984
309106,Extreme_Capitalism,8,200,TRUE,8,"1,2,3,4,5,6,7,8",0.140787401574803,0.165816326530612,0,,10,37,1098,2182,1587.5,432.383758119699,0.00845762711864407
309107,Extreme_Capitalism,8,200,TRUE,7,"2,3,4,5,6,7,8",0.239288268955651,0.180473372781065,1,184,22,30,0,2627,1747.5,850.633713348886,0.00824444444444445
309108,Extreme_Capitalism,8,200,TRUE,7,"1,2,3,4,6,7,8",0.290360915492958,0.168367346938776,1,100,26,46,0,2281,1420,796.188061058082,0.00748909657320872
309109,Extreme_Capitalism,8,200,TRUE,8,"1,2,3,4,5,6,7,8",0.197267703643062,0.170918367346939,0,,23,44,768,2226,1526.875,569.071533916682,0.00888888888888889
309110,Extreme_Capitalism,8,200,TRUE,7,"1,2,3,5,6,7,8",0.281883937479215,0.272959183673469,1,179,22,30,0,3529,1879.375,1037.41050388524,0.0135253333333333
309111,Extreme_Capitalism,8,200,TRUE,8,"1,2,3,4,5,6,7,8",0.177584933530281,0.183673469387755,0,,23,41,912,2320,1692.5,575.526342949279,0.00778319783197832
309112,Extreme_Capitalism,8,200,TRUE,7,"1,2,3,4,6,7,8",0.260968937522061,0.168367346938776,1,180,18,32,0,2732,1770.625,936.399172743273,0.0101454545454545
309113,Extreme_Capitalism,8,200,TRUE,8,"1,2,3,4,5,6,7,8",0.219122837980939,0.142857142857143,0,,16,29,672,2638,1770.625,752.266088466802,0.00942148760330578
309114,Extreme_Capitalism,8,200,TRUE,8,"1,2,3,4,5,6,7,8",0.190609044493071,0.158163265306122,0,,28,44,869,2624,1713.75,624.811685915959,0.00949593495934959
456054,Democratic_Socialism,8,200,TRUE,8,"1,2,3,4,5,6,7,8",0.0284981723710842,0.150510204081633,0,,30,70,3823,4561,4137.875,230.979552279912,0.0122925659472422
456055,Democratic_Socialism,8,200,TRUE,8,"1,2,3,4,5,6,7,8",0.0528404758273602,0.193877551020408,0,,16,46,3396,4716,4098.125,416.68708283315,0.00861111111111111
456056,Democratic_Socialism,8,200,TRUE,8,"1,2,3,4,5,6,7,8",0.0385405363509534,0.176020408163265,0,,32,48,3579,4653,4031.875,312.120598258338,0.00832828282828283
456057,Democratic_Socialism,8,200,TRUE,8,"1,2,3,4,5,6,7,8",0.0537508372404554,0.189349112426036,0,,12,48,3642,4720,4105.75,421.028248119156,0.00999430199430199
456058,Democratic_Socialism,8,200,TRUE,8,"1,2,3,4,5,6,7,8",0.0324440469783787,0.155612244897959,0,,40,39,3372,4162,3948.625,270.891089079831,0.00802962962962963
456059,Democratic_Socialism,8,200,TRUE,8,"1,2,3,4,5,6,7,8",0.043661187379576,0.155612244897959,0,,20,32,3677,4681,4152,348.683647041678,0.010369696969697
456060,Democratic_Socialism,8,200,TRUE,8,"1,2,3,4,5,6,7,8",0.039492197492965,0.163265306122449,0,,24,73,3340,4212,3909,303.618181273783,0.00746005509641873
456061,Democratic_Socialism,8,200,TRUE,8,"1,2,3,4,5,6,7,8",0.0379583942495128,0.170918367346939,0,,28,82,3287,4451,4104,353.88819864875,0.00869191919191919
456062,Democratic_Socialism,8,200,TRUE,8,"1,2,3,4,5,6,7,8",0.0576972471519657,0.137755102040816,0,,22,93,3365,4736,4136.625,455.941706017024,0.00898133333333333
456063,Democratic_Socialism,8,200,TRUE,8,"1,2,3,4,5,6,7,8",0.0796853625170999,0.150510204081633,0,,27,29,2731,5365,4203.25,723.744972842151,0.0113643410852713
456064,Democratic_Socialism,8,200,TRUE,8,"1,2,3,4,5,6,7,8",0.0618206722937953,0.168367346938776,0,,16,102,3638,5171,4220.625,508.360653051973,0.0104477611940299
456065,Democratic_Socialism,8,200,TRUE,8,"1,2,3,4,5,6,7,8",0.0568562911439572,0.153061224489796,0,,22,55,3407,4781,4025.5,435.960024379693,0.0103152454780362
456066,Democratic_Socialism,8,200,TRUE,8,"1,2,3,4,5,6,7,8",0.0405135791230467,0.160714285714286,0,,12,57,3549,4644,4119.375,329.083114772805,0.00850555555555556
456067,Democratic_Socialism,8,200,TRUE,8,"1,2,3,4,5,6,7,8",0.0489677429437689,0.173469387755102,0,,20,71,3375,4402,3999.125,381.249613582942,0.00913227513227513
456068,Democratic_Socialism,8,200,TRUE,8,"1,2,3,4,5,6,7,8",0.0389590671687112,0.145408163265306,0,,26,32,3356,4481,4116.5,342.215053522113,0.00826446280991736
456069,Democratic_Socialism,8,200,TRUE,8,"1,2,3,4,5,6,7,8",0.0326053187523301,0.181122448979592,0,,30,53,3709,4327,4023.5,248.932004485448,0.00755555555555556
456070,Democratic_Socialism,8,200,TRUE,8,"1,2,3,4,5,6,7,8",0.0730001857412623,0.163265306122449,0,,16,46,3171,4771,4037.875,559.023750453797,0.00882513661202186
456071,Democratic_Socialism,8,200,TRUE,8,"1,2,3,4,5,6,7,8",0.0482996868444254,0.176020408163265,0,,10,68,3220,4573,4111.375,414.32214433423,0.00832786885245902
456072,Democratic_Socialism,8,200,TRUE,8,"1,2,3,4,5,6,7,8",0.0593524077931626,0.183673469387755,0,,32,60,3084,4543,4080.5,502.411328352718,0.0090955710955711
456073,Democratic_Socialism,8,200,TRUE,8,"1,2,3,4,5,6,7,8",0.0412547499150422,0.168367346938776,0,,23,46,3419,4429,4046.125,345.713935212337,0.00739495798319328
456074,Democratic_Socialism,8,200,TRUE,8,"1,2,3,4,5,6,7,8",0.0489120552760773,0.168367346938776,0,,24,42,3485,4661,4124.75,382.011499452943,0.00785365853658537
456075,Democratic_Socialism,8,200,TRUE,8,"1,2,3,4,5,6,7,8",0.0281641488577744,0.163265306122449,0,,14,64,3674,4306,4071,222.358140973392,0.0083025641025641
456076,Democratic_Socialism,8,200,TRUE,8,"1,2,3,4,5,6,7,8",0.0702743530273438,0.13265306122449,0,,10,52,3185,5030,4096,554.240020207852,0.00954257907542579
456077,Democratic_Socialism,8,200,TRUE,8,"1,2,3,4,5,6,7,8",0.0479632366525031,0.176020408163265,0,,6,53,3626,4667,4059.75,370.435940095296,0.0120215053763441
456078,Democratic_Socialism,8,200,TRUE,8,"1,2,3,4,5,6,7,8",0.051944835080542,0.201530612244898,0,,13,79,3370,4523,3911,387.476819583166,0.0093550135501355
456079,Democratic_Socialism,8,200,TRUE,8,"1,2,3,4,5,6,7,8",0.0455562513364083,0.150510204081633,0,,40,47,3320,4589,4092.125,383.57097964858,0.00902325581395349
456080,Democratic_Socialism,8,200,TRUE,8,"1,2,3,4,5,6,7,8",0.0511781592010048,0.193877551020408,0,,28,40,3469,4840,4180.25,419.107810882662,0.00829885057471264
456081,Democratic_Socialism,8,200,TRUE,8,"1,2,3,4,5,6,7,8",0.0450203498967319,0.198979591836735,0,,10,45,3661,4565,4115.5,353.164469981258,0.00816129032258065
456082,Democratic_Socialism,8,200,TRUE,8,"1,2,3,4,5,6,7,8",0.0586101492354365,0.196428571428571,0,,6,76,3432,4687,4079.125,449.866468283328,0.0116115485564304
456083,Democratic_Socialism,8,200,TRUE,8,"1,2,3,4,5,6,7,8",0.0570871517873399,0.168367346938776,0,,14,69,3338,4730,4119.25,447.01478083584,0.00937741046831956
456084,Democratic_Socialism,8,200,TRUE,8,"1,2,3,4,5,6,7,8",0.0499179261645193,0.173469387755102,0,,17,36,3369,4589,4036,393.290150979074,0.00847769028871391
456085,Democratic_Socialism,8,200,TRUE,8,"1,2,3,4,5,6,7,8",0.0374858632822317,0.227040816326531,0,,32,76,3578,4625,3979,307.68536805361,0.00840437158469945
456086,Democratic_Socialism,8,200,TRUE,8,"1,2,3,4,5,6,7,8",0.0329887657980965,0.165816326530612,0,,23,58,3672,4303,4005.625,258.630424406278,0.00789531680440771
456087,Democratic_Socialism,8,200,TRUE,8,"1,2,3,4,5,6,7,8",0.0330235888276413,0.142857142857143,0,,26,52,3750,4393,4059.125,253.062068896715,0.00789312977099237
456088,Democratic_Socialism,8,200,TRUE,8,"1,2,3,4,5,6,7,8",0.059409741416375,0.142857142857143,0,,21,52,3425,4785,4070.25,474.491231290346,0.0104197530864198
456089,Democratic_Socialism,8,200,TRUE,8,"1,2,3,4,5,6,7,8",0.018981294472237,0.142857142857143,0,,38,50,3855,4306,4022.875,148.752370929484,0.0125994832041344
456090,Democratic_Socialism,8,200,TRUE,8,"1,2,3,4,5,6,7,8",0.0452604808877928,0.165816326530612,0,,23,35,3616,4694,4055,358.858905819145,0.00818181818181818
456091,Democratic_Socialism,8,200,TRUE,8,"1,2,3,4,5,6,7,8",0.0653465121218557,0.24234693877551,0,,26,65,3204,4793,4119.625,521.493168699265,0.0086015037593985
456092,Democratic_Socialism,8,200,TRUE,8,"1,2,3,4,5,6,7,8",0.0484430117990513,0.150510204081633,0,,10,37,3458,4571,4110.5,382.25870073252,0.00987468671679198
456093,Democratic_Socialism,8,200,TRUE,8,"1,2,3,4,5,6,7,8",0.0364116419010192,0.147959183673469,0,,18,26,3639,4429,4071.5,281.646688499718,0.00714035087719298
456094,Democratic_Socialism,8,200,TRUE,8,"1,2,3,4,5,6,7,8",0.0847052391659224,0.155612244897959,0,,18,54,3120,5011,4058.375,659.657906472308,0.0116030534351145
456095,Democratic_Socialism,8,200,TRUE,8,"1,2,3,4,5,6,7,8",0.0519118325896293,0.14030612244898,0,,33,44,3435,4735,4061.875,403.546576352364,0.00877165354330709
456096,Democratic_Socialism,8,200,TRUE,8,"1,2,3,4,5,6,7,8",0.030417447684602,0.163265306122449,0,,23,47,3573,4284,4067.875,252.814125679039,0.00860919540229885
456097,Democratic_Socialism,8,200,TRUE,8,"1,2,3,4,5,6,7,8",0.0426029674321247,0.155612244897959,0,,29,84,3537,4481,4060.75,330.556565291242,0.0102898550724638
456098,Democratic_Socialism,8,200,TRUE,8,"1,2,3,4,5,6,7,8",0.0515638753148997,0.165816326530612,0,,26,31,3314,4937,4118.375,453.884484202754,0.00985245901639344
456099,Democratic_Socialism,8,200,TRUE,8,"1,2,3,4,5,6,7,8",0.0774538447193387,0.165816326530612,0,,30,70,3002,5098,4021.75,617.80319335067,0.011953488372093
456100,Democratic_Socialism,8,200,TRUE,8,"1,2,3,4,5,6,7,8",0.0361572189163797,0.158163265306122,0,,23,66,3394,4362,3991.25,291.231253228672,0.00876041666666667
456101,Democratic_Socialism,8,200,TRUE,8,"1,2,3,4,5,6,7,8",0.0485888512379034,0.147959183673469,0,,16,47,3531,4762,4094.625,390.204319189685,0.00706194690265487
456102,Democratic_Socialism,8,200,TRUE,8,"1,2,3,4,5,6,7,8",0.0773285800970873,0.170918367346939,0,,28,64,3212,4973,4120,604.870470195302,0.00901994301994302
456103,Democratic_Socialism,8,200,TRUE,8,"1,2,3,4,5,6,7,8",0.0897371399823921,0.155612244897959,0,,10,73,2752,4998,3975.5,691.323575262905,0.0109623655913978
456104,Democratic_Socialism,8,200,TRUE,8,"1,2,3,4,5,6,7,8",0.0457670936872974,0.178571428571429,0,,36,54,3563,4802,4049.375,385.153007629065,0.0098320987654321
456105,Democratic_Socialism,8,200,TRUE,8,"1,2,3,4,5,6,7,8",0.0603353213431492,0.168367346938776,0,,29,47,3355,4667,4024.125,465.84008215573,0.00935103244837758
456106,Democratic_Socialism,8,200,TRUE,8,"1,2,3,4,5,6,7,8",0.0426446255668587,0.158163265306122,0,,25,60,3562,4582,4079.5,350.480486516113,0.00844270833333333
456107,Democratic_Socialism,8,200,TRUE,8,"1,2,3,4,5,6,7,8",0.0249320001236362,0.158163265306122,0,,33,57,3812,4285,4044.125,193.336448045518,0.00754358974358974
456108,Democratic_Socialism,8,200,TRUE,8,"1,2,3,4,5,6,7,8",0.0724996188443361,0.155612244897959,0,,16,42,3267,5488,4099.375,640.35122895843,0.0121
456109,Democratic_Socialism,8,200,TRUE,8,"1,2,3,4,5,6,7,8",0.0692747158743736,0.142857142857143,0,,17,56,2960,4895,4091.5,574.67904085672,0.008
456110,Democratic_Socialism,8,200,TRUE,8,"1,2,3,4,5,6,7,8",0.0449377511860514,0.145408163265306,0,,22,55,3739,4682,4136.625,362.890749990368,0.00881653746770026
456111,Democratic_Socialism,8,200,TRUE,8,"1,2,3,4,5,6,7,8",0.0628313730269974,0.187928669410151,0,,14,14,3379,4733,4102.25,486.957537016466,0.0113388888888889
456112,Democratic_Socialism,8,200,TRUE,8,"1,2,3,4,5,6,7,8",0.0706040624526301,0.160714285714286,0,,20,42,3195,4812,4123.125,572.892270476246,0.00805263157894737
456113,Democratic_Socialism,8,200,TRUE,8,"1,2,3,4,5,6,7,8",0.0644645889819147,0.165816326530612,0,,21,46,3431,4787,4195.375,510.258460418415,0.00803674540682415
456114,Democratic_Socialism,8,200,TRUE,8,"1,2,3,4,5,6,7,8",0.0477183822833527,0.142857142857143,0,,23,47,3210,4369,3962.375,375.493936606933,0.0104853801169591
456115,Democratic_Socialism,8,200,TRUE,8,"1,2,3,4,5,6,7,8",0.0343842410054214,0.147959183673469,0,,21,48,3392,4442,4058,304.16302019993,0.00841025641025641
456116,Democratic_Socialism,8,200,TRUE,8,"1,2,3,4,5,6,7,8",0.0490340436029479,0.153061224489796,0,,23,35,3165,4485,4053.625,413.716237293148,0.00841111111111111
456117,Democratic_Socialism,8,200,TRUE,8,"1,2,3,4,5,6,7,8",0.0699026171637249,0.170918367346939,0,,17,72,3077,5096,4107.5,577.632606915008,0.011824
456118,Democratic_Socialism,8,200,TRUE,8,"1,2,3,4,5,6,7,8",0.0134602431033954,0.158163265306122,0,,28,44,3947,4321,4082.625,113.664842535286,0.00936088154269972
456119,Democratic_Socialism,8,200,TRUE,8,"1,2,3,4,5,6,7,8",0.0587427998599752,0.153061224489796,0,,28,34,3252,4586,3927.875,446.029287155003,0.0101929824561404
456120,Democratic_Socialism,8,200,TRUE,8,"1,2,3,4,5,6,7,8",0.0814501578709967,0.165816326530612,0,,14,62,3496,5477,4156.875,670.006276623052,0.0106825396825397
456121,Democratic_Socialism,8,200,TRUE,8,"1,2,3,4,5,6,7,8",0.0291818575047891,0.163265306122449,0,,14,31,3701,4341,4045.75,225.860102085972,0.00868656716417911
456122,Democratic_Socialism,8,200,TRUE,8,"1,2,3,4,5,6,7,8",0.0357300918719288,0.158163265306122,0,,17,45,3601,4527,4095.375,281.485314257879,0.0114971751412429
456123,Democratic_Socialism,8,200,TRUE,8,"1,2,3,4,5,6,7,8",0.046687865564943,0.181122448979592,0,,14,37,3433,4399,4039.125,369.289448033073,0.00896533333333333
456124,Democratic_Socialism,8,200,TRUE,8,"1,2,3,4,5,6,7,8",0.0565476190476191,0.196428571428571,0,,12,51,3079,4691,4095,481.497366852317,0.00758933333333333
456125,Democratic_Socialism,8,200,TRUE,8,"1,2,3,4,5,6,7,8",0.0656558684581876,0.178571428571429,0,,18,78,3480,4995,4074.75,514.981483717064,0.0112156862745098
456126,Democratic_Socialism,8,200,TRUE,8,"1,2,3,4,5,6,7,8",0.0481950130256792,0.193877551020408,0,,34,56,3364,4638,4030.5,377.050205069374,0.00873684210526316
456127,Democratic_Socialism,8,200,TRUE,8,"1,2,3,4,5,6,7,8",0.0411509808044699,0.158163265306122,0,,23,58,3458,4543,4161.125,344.94779625743,0.00759349593495935
456128,Democratic_Socialism,8,200,TRUE,8,"1,2,3,4,5,6,7,8",0.0363875968992249,0.158163265306122,0,,18,51,3480,4434,4031.25,288.515783178074,0.00725490196078431
456129,Democratic_Socialism,8,200,TRUE,8,"1,2,3,4,5,6,7,8",0.0347105704697988,0.137755102040816,0,,14,31,3673,4558,4172,280.848713723243,0.00997455470737913
456130,Democratic_Socialism,8,200,TRUE,8,"1,2,3,4,5,6,7,8",0.0300780535398499,0.146776406035665,0,,37,34,3682,4323,4099.75,242.839011928244,0.00848633879781421
456131,Democratic_Socialism,8,200,TRUE,8,"1,2,3,4,5,6,7,8",0.0500909033916368,0.165816326530612,0,,37,54,3244,4603,3987.75,395.103874226224,0.00976377952755906
456132,Democratic_Socialism,8,200,TRUE,8,"1,2,3,4,5,6,7,8",0.0453373228442866,0.183673469387755,0,,24,74,3617,4634,4083.625,352.332204237502,0.008928
456133,Democratic_Socialism,8,200,TRUE,8,"1,2,3,4,5,6,7,8",0.0639832320332305,0.181122448979592,0,,30,36,3253,5010,4092.625,530.129347423815,0.00982655826558265
456134,Democratic_Socialism,8,200,TRUE,8,"1,2,3,4,5,6,7,8",0.0710031517473657,0.155612244897959,0,,22,74,3359,5094,4045.375,561.365156814808,0.0105806451612903
456135,Democratic_Socialism,8,200,TRUE,8,"1,2,3,4,5,6,7,8",0.059211743662493,0.163265306122449,0,,22,70,3289,4477,4053.25,478.853019501511,0.00858550724637681
456136,Democratic_Socialism,8,200,TRUE,8,"1,2,3,4,5,6,7,8",0.0681121070531769,0.147959183673469,0,,15,34,2891,4594,3932.625,530.319024604193,0.00747967479674797
456137,Democratic_Socialism,8,200,TRUE,8,"1,2,3,4,5,6,7,8",0.0410619143854492,0.206632653061225,0,,10,55,3572,4536,4082.25,318.014712148443,0.00725988700564972
456138,Democratic_Socialism,8,200,TRUE,8,"1,2,3,4,5,6,7,8",0.0323129512982026,0.158163265306122,0,,16,45,3679,4363,4068.125,249.535246579946,0.00948888888888889
456139,Democratic_Socialism,8,200,TRUE,8,"1,2,3,4,5,6,7,8",0.0240110601065959,0.176020408163265,0,,17,72,3826,4284,4057.375,186.894880691183,0.0088
456140,Democratic_Socialism,8,200,TRUE,8,"1,2,3,4,5,6,7,8",0.0565782118567746,0.188775510204082,0,,8,57,3426,4462,4025.125,443.344251118699,0.00812535612535613
456141,Democratic_Socialism,8,200,TRUE,8,"1,2,3,4,5,6,7,8",0.0500992366412214,0.142857142857143,0,,16,39,3529,4576,4093.75,392.495222900865,0.00787878787878788
456142,Democratic_Socialism,8,200,TRUE,8,"1,2,3,4,5,6,7,8",0.0575656372443156,0.158163265306122,0,,8,58,3409,4682,4051.625,448.973412353115,0.00935839598997494
456143,Democratic_Socialism,8,200,TRUE,8,"1,2,3,4,5,6,7,8",0.074064975741571,0.170918367346939,0,,18,37,3196,5034,4070.75,571.974712228234,0.0108854166666667
456144,Democratic_Socialism,8,200,TRUE,8,"1,2,3,4,5,6,7,8",0.0248134971632761,0.14030612244898,0,,27,22,3697,4233,3987.875,189.290734434777,0.00769187675070028
456145,Democratic_Socialism,8,200,TRUE,8,"1,2,3,4,5,6,7,8",0.0594057532172596,0.137755102040816,0,,26,55,3109,4603,4128.125,499.068972473459,0.0086448087431694
456146,Democratic_Socialism,8,200,TRUE,8,"1,2,3,4,5,6,7,8",0.0528478475391636,0.145408163265306,0,,20,85,3132,4661,4053.5,452.529399202811,0.00845614035087719
456147,Democratic_Socialism,8,200,TRUE,8,"1,2,3,4,5,6,7,8",0.0526864573110892,0.173469387755102,0,,16,55,3510,4737,4076,406.761425337823,0.00928415300546448
456148,Democratic_Socialism,8,200,TRUE,8,"1,2,3,4,5,6,7,8",0.0607583003770809,0.204081632653061,0,,22,56,3044,4619,4077.375,499.893113575292,0.00811031175059952
456149,Democratic_Socialism,8,200,TRUE,8,"1,2,3,4,5,6,7,8",0.0491680519399054,0.186224489795918,0,,17,68,3126,4379,3985.375,404.021547339106,0.0091947194719472
456150,Democratic_Socialism,8,200,TRUE,8,"1,2,3,4,5,6,7,8",0.0553240597310862,0.135204081632653,0,,17,32,3251,4749,4034.75,439.824559179161,0.0098125
456151,Democratic_Socialism,8,200,TRUE,8,"1,2,3,4,5,6,7,8",0.0458706966827616,0.176020408163265,0,,30,48,3258,4428,3986.75,366.036200395535,0.0096078431372549
456152,Democratic_Socialism,8,200,TRUE,8,"1,2,3,4,5,6,7,8",0.0717657506075902,0.153061224489796,0,,13,50,3342,5177,4011.75,578.384387756101,0.0106820512820513
456153,Democratic_Socialism,8,200,TRUE,8,"1,2,3,4,5,6,7,8",0.0749952855391771,0.165816326530612,0,,13,56,3126,5094,3977.125,589.707054997891,0.0123622047244095
456154,Democratic_Socialism,8,200,TRUE,8,"1,2,3,4,5,6,7,8",0.0449318059460428,0.142857142857143,0,,21,48,3505,4682,4179.25,376.646765171673,0.009
456155,Democratic_Socialism,8,200,TRUE,8,"1,2,3,4,5,6,7,8",0.0328743811881189,0.142857142857143,0,,28,33,3662,4542,4040,261.070324406498,0.00740909090909091
456156,Democratic_Socialism,8,200,TRUE,8,"1,2,3,4,5,6,7,8",0.0361769767664213,0.153061224489796,0,,22,24,3568,4328,3922.125,268.916045050708,0.00756084656084656
456157,Democratic_Socialism,8,200,TRUE,8,"1,2,3,4,5,6,7,8",0.0569102548243443,0.158163265306122,0,,20,26,3292,4621,4042,445.185996442578,0.00786544342507645
456158,Democratic_Socialism,8,200,TRUE,8,"1,2,3,4,5,6,7,8",0.0579099060631938,0.193877551020408,0,,34,47,3455,4761,4098.5,455.111289372485,0.0110460704607046
456159,Democratic_Socialism,8,200,TRUE,8,"1,2,3,4,5,6,7,8",0.0353732768395298,0.135204081632653,0,,18,59,3666,4603,4189.25,285.865977588899,0.00803921568627451
456160,Democratic_Socialism,8,200,TRUE,8,"1,2,3,4,5,6,7,8",0.0547658072243586,0.137755102040816,0,,14,33,3392,4539,3965.75,406.813312747471,0.0087037037037037
456161,Democratic_Socialism,8,200,TRUE,8,"1,2,3,4,5,6,7,8",0.0321251623818011,0.160714285714286,0,,28,45,3495,4561,4137.625,297.182934282188,0.00901149425287356
456162,Democratic_Socialism,8,200,TRUE,8,"1,2,3,4,5,6,7,8",0.0527348448400289,0.1440329218107,0,,32,57,3290,4606,4157,435.075362929885,0.0105913978494624
456163,Democratic_Socialism,8,200,TRUE,8,"1,2,3,4,5,6,7,8",0.0393388202178435,0.14030612244898,0,,30,47,3531,4474,4085.5,308.902666131028,0.00841530054644809
456164,Democratic_Socialism,8,200,TRUE,8,"1,2,3,4,5,6,7,8",0.0260670449639178,0.160714285714286,0,,22,64,3828,4383,4053.25,202.226711532238,0.00776638176638177
456165,Democratic_Socialism,8,200,TRUE,8,"1,2,3,4,5,6,7,8",0.0484580819894127,0.130102040816327,0,,28,55,3340,4507,4061.5,396.046894770232,0.00705084745762712
456166,Democratic_Socialism,8,200,TRUE,8,"1,2,3,4,5,6,7,8",0.0530251529571719,0.198902606310014,0,,20,66,3499,4959,4045.25,439.655628223467,0.0114957983193277
456167,Democratic_Socialism,8,200,TRUE,8,"1,2,3,4,5,6,7,8",0.0544575924663899,0.170918367346939,0,,21,64,3204,4539,4035.25,437.937617866811,0.00844444444444445
456168,Democratic_Socialism,8,200,TRUE,8,"1,2,3,4,5,6,7,8",0.0508822634621235,0.150510204081633,0,,18,35,3444,4892,4108.75,417.140521030641,0.0104619422572178
456169,Democratic_Socialism,8,200,TRUE,8,"1,2,3,4,5,6,7,8",0.0545068863748155,0.158163265306122,0,,29,43,3334,4654,4066,426.327841656428,0.00964066193853428
456170,Democratic_Socialism,8,200,TRUE,8,"1,2,3,4,5,6,7,8",0.0594114800701626,0.163265306122449,0,,14,47,3580,4738,4133.25,467.561378705666,0.00784126984126984
456171,Democratic_Socialism,8,200,TRUE,8,"1,2,3,4,5,6,7,8",0.0546725805458017,0.188775510204082,0,,20,69,3504,4660,4058.25,431.04946683315,0.00788295165394402
456172,Democratic_Socialism,8,200,TRUE,8,"1,2,3,4,5,6,7,8",0.0804402787198619,0.170918367346939,0,,16,43,3297,5223,4054.25,653.569921934251,0.0121774193548387
456173,Democratic_Socialism,8,200,TRUE,8,"1,2,3,4,5,6,7,8",0.0574229691876751,0.137755102040816,0,,32,54,3093,4692,4105.5,483.667831707435,0.00947242206235012
456174,Democratic_Socialism,8,200,TRUE,8,"1,2,3,4,5,6,7,8",0.0652900935490752,0.14030612244898,0,,17,50,3117,4979,4102.125,538.621902238879,0.00956234096692112
456175,Democratic_Socialism,8,200,TRUE,8,"1,2,3,4,5,6,7,8",0.0512376535774513,0.168367346938776,0,,7,50,3421,4682,4151,410.097201021556,0.0108333333333333
456176,Democratic_Socialism,8,200,TRUE,8,"1,2,3,4,5,6,7,8",0.0411466699616954,0.147959183673469,0,,18,29,3680,4549,4046.5,324.865246789232,0.00839800995024876
456177,Democratic_Socialism,8,200,TRUE,8,"1,2,3,4,5,6,7,8",0.0487996790915823,0.183673469387755,0,,18,65,3326,4634,4051,390.801740016597,0.00706306306306306
456178,Democratic_Socialism,8,200,TRUE,8,"1,2,3,4,5,6,7,8",0.0335176329946205,0.147959183673469,0,,18,37,3625,4476,4182.5,281.063795503542,0.00907317073170732
456179,Democratic_Socialism,8,200,TRUE,8,"1,2,3,4,5,6,7,8",0.045371390955574,0.153061224489796,0,,36,45,3294,4647,4082.625,384.017833477264,0.00889066666666667
456180,Democratic_Socialism,8,200,TRUE,8,"1,2,3,4,5,6,7,8",0.0394025042548019,0.14030612244898,0,,29,26,3338,4534,4113,350.509425184056,0.00763143631436314
456181,Democratic_Socialism,8,200,TRUE,8,"1,2,3,4,5,6,7,8",0.0617437085886707,0.176020408163265,0,,21,46,3183,4763,4018.375,487.459870143174,0.00893888888888889
456182,Democratic_Socialism,8,200,TRUE,8,"1,2,3,4,5,6,7,8",0.0281883349127259,0.155612244897959,0,,30,50,3774,4340,4089.125,219.286138901404,0.0101706666666667
456183,Democratic_Socialism,8,200,TRUE,8,"1,2,3,4,5,6,7,8",0.0547127681671167,0.165816326530612,0,,14,55,3474,4802,4212.625,459.884438123939,0.0102314049586777
456184,Democratic_Socialism,8,200,TRUE,8,"1,2,3,4,5,6,7,8",0.044656226603444,0.155612244897959,0,,30,55,3216,4611,4007,388.489382094286,0.00827272727272727
456185,Democratic_Socialism,8,200,TRUE,8,"1,2,3,4,5,6,7,8",0.0490528838719653,0.247448979591837,0,,12,69,3241,4520,4041.875,412.702396233827,0.0106438746438746
456186,Democratic_Socialism,8,200,TRUE,8,"1,2,3,4,5,6,7,8",0.0369437511414135,0.160714285714286,0,,17,15,3674,4498,4106.75,298.747743565896,0.0097037037037037
456187,Democratic_Socialism,8,200,TRUE,8,"1,2,3,4,5,6,7,8",0.0750573607838274,0.191326530612245,0,,20,69,2673,4676,4031.5,629.298702638784,0.0101222222222222
456188,Democratic_Socialism,8,200,TRUE,8,"1,2,3,4,5,6,7,8",0.0511488136229887,0.178571428571429,0,,16,44,3474,4822,3993.25,409.989111353669,0.0103759398496241
456189,Democratic_Socialism,8,200,TRUE,8,"1,2,3,4,5,6,7,8",0.0608625279845103,0.206632653061225,0,,18,92,3356,4660,4131.75,508.805253229844,0.00843915343915344
456190,Democratic_Socialism,8,200,TRUE,8,"1,2,3,4,5,6,7,8",0.0638612509858643,0.206632653061225,0,,18,89,3242,4970,4120.75,521.293377777126,0.00866666666666667
456191,Democratic_Socialism,8,200,TRUE,8,"1,2,3,4,5,6,7,8",0.0604439415570608,0.14030612244898,0,,31,27,3411,5043,4115.125,488.873175928949,0.00917355371900826
456192,Democratic_Socialism,8,200,TRUE,8,"1,2,3,4,5,6,7,8",0.034236386584926,0.153061224489796,0,,10,52,3716,4558,4159.5,282.086106408259,0.00801946472019465
456193,Democratic_Socialism,8,200,TRUE,8,"1,2,3,4,5,6,7,8",0.0703569519977367,0.178571428571429,0,,27,28,2875,4566,3976.375,556.611158837889,0.00822764227642277
456194,Democratic_Socialism,8,200,TRUE,8,"1,2,3,4,5,6,7,8",0.053626253132832,0.147959183673469,0,,16,52,3313,4963,3990,461.185119323807,0.0113169398907104
456195,Democratic_Socialism,8,200,TRUE,8,"1,2,3,4,5,6,7,8",0.0416189888283296,0.142857142857143,0,,11,41,3782,4593,4151.125,330.432806007083,0.0097258064516129
456196,Democratic_Socialism,8,200,TRUE,8,"1,2,3,4,5,6,7,8",0.0450661934285801,0.173469387755102,0,,28,28,3452,4512,4173.375,397.304466732649,0.00925268817204301
456197,Democratic_Socialism,8,200,TRUE,8,"1,2,3,4,5,6,7,8",0.0707957179455898,0.176020408163265,0,,10,43,3287,4862,4098.5,557.2665430474,0.0120892388451444
456198,Democratic_Socialism,8,200,TRUE,8,"1,2,3,4,5,6,7,8",0.0447284945428306,0.13265306122449,0,,20,36,3623,4617,4157.375,353.145836932643,0.00862992125984252
456199,Democratic_Socialism,8,200,TRUE,8,"1,2,3,4,5,6,7,8",0.0253652412113834,0.163265306122449,0,,32,35,3672,4392,4106.875,212.361173139401,0.00778477690288714
456200,Democratic_Socialism,8,200,TRUE,8,"1,2,3,4,5,6,7,8",0.0480095834869148,0.135204081632653,0,,16,76,3024,4398,4069.5,450.013015684785,0.008016
456201,Democratic_Socialism,8,200,TRUE,8,"1,2,3,4,5,6,7,8",0.05568237156075,0.153061224489796,0,,4,61,2922,4553,4107,513.649964191847,0.00859620596205962
456202,Democratic_Socialism,8,200,TRUE,8,"1,2,3,4,5,6,7,8",0.0623009554140128,0.191326530612245,0,,27,72,3589,4963,4082,502.046668291761,0.00840108401084011
456203,Democratic_Socialism,8,200,TRUE,8,"1,2,3,4,5,6,7,8",0.0396097754454479,0.150510204081633,0,,25,79,3495,4444,4097,318.286932544475,0.00796437659033079
456204,Democratic_Socialism,8,200,TRUE,8,"1,2,3,4,5,6,7,8",0.0284332806227954,0.158163265306122,0,,30,97,3842,4382,4110.5,223.888365039365,0.00747286821705426
456205,Democratic_Socialism,8,200,TRUE,8,"1,2,3,4,5,6,7,8",0.0523178700828157,0.224489795918367,0,,11,94,3282,4296,3864,386.463452347049,0.0082183908045977
456206,Democratic_Socialism,8,200,TRUE,8,"1,2,3,4,5,6,7,8",0.0651136856452512,0.150510204081633,0,,12,38,3176,4676,4035.25,501.012047189059,0.00959466666666667
456207,Democratic_Socialism,8,200,TRUE,8,"1,2,3,4,5,6,7,8",0.0422337143894029,0.165816326530612,0,,18,54,3376,4475,4133.25,361.12077520646,0.00913960113960114
456208,Democratic_Socialism,8,200,TRUE,8,"1,2,3,4,5,6,7,8",0.0613951823727126,0.176020408163265,0,,16,49,3194,4616,4016.5,479.914575731973,0.00926190476190476
456209,Democratic_Socialism,8,200,TRUE,8,"1,2,3,4,5,6,7,8",0.0519574560857108,0.173469387755102,0,,22,57,3507,4545,4013.5,416.843924200482,0.00763685636856369
456210,Democratic_Socialism,8,200,TRUE,8,"1,2,3,4,5,6,7,8",0.0281985756822298,0.176020408163265,0,,22,64,3826,4618,4072.125,245.954953773479,0.00740458015267176
456211,Democratic_Socialism,8,200,TRUE,8,"1,2,3,4,5,6,7,8",0.0663561439322384,0.163265306122449,0,,26,74,3014,4703,4102.625,542.481319625715,0.00935466666666667
456212,Democratic_Socialism,8,200,TRUE,8,"1,2,3,4,5,6,7,8",0.0214007928166011,0.186224489795918,0,,28,80,3742,4362,4162.375,191.311964751666,0.00898009950248756
456213,Democratic_Socialism,8,200,TRUE,8,"1,2,3,4,5,6,7,8",0.0744389794036273,0.173469387755102,0,,13,46,3491,5271,4066.25,607.064776491886,0.00965196078431373
456214,Democratic_Socialism,8,200,TRUE,8,"1,2,3,4,5,6,7,8",0.0780243351348051,0.178571428571429,0,,12,78,3265,5539,4093.875,671.445229656576,0.0113132832080201
456215,Democratic_Socialism,8,200,TRUE,8,"1,2,3,4,5,6,7,8",0.0335564154295522,0.153061224489796,0,,17,42,3774,4495,4151.125,261.311219758028,0.00952604166666667
456216,Democratic_Socialism,8,200,TRUE,8,"1,2,3,4,5,6,7,8",0.0517787899304487,0.178571428571429,0,,16,39,3441,4490,4061.75,407.573569169683,0.0094
456217,Democratic_Socialism,8,200,TRUE,8,"1,2,3,4,5,6,7,8",0.0422860463693644,0.178571428571429,0,,22,42,3710,4702,4086.75,336.165244230529,0.0085
456218,Democratic_Socialism,8,200,TRUE,8,"1,2,3,4,5,6,7,8",0.0428783923259062,0.181122448979592,0,,18,116,3534,4552,4117.75,336.449423072346,0.00758854166666667
456219,Democratic_Socialism,8,200,TRUE,8,"1,2,3,4,5,6,7,8",0.034802343939762,0.196428571428571,0,,21,61,3613,4606,4117,284.73446276437,0.00772262773722628
456220,Democratic_Socialism,8,200,TRUE,8,"1,2,3,4,5,6,7,8",0.0282495401594114,0.155612244897959,0,,23,54,3659,4336,4077.5,226.019594599356,0.0100165289256198
456221,Democratic_Socialism,8,200,TRUE,8,"1,2,3,4,5,6,7,8",0.0493117188915051,0.142857142857143,0,,22,52,3421,4487,4140.75,409.007771494451,0.00948087431693989
456222,Democratic_Socialism,8,200,TRUE,8,"1,2,3,4,5,6,7,8",0.0384023250923728,0.147959183673469,0,,21,40,3701,4501,4161.125,304.495103174325,0.00857575757575757
456223,Democratic_Socialism,8,200,TRUE,8,"1,2,3,4,5,6,7,8",0.0468301822780126,0.160714285714286,0,,18,80,3280,4535,4052.875,380.431498433029,0.009744
456224,Democratic_Socialism,8,200,TRUE,8,"1,2,3,4,5,6,7,8",0.0526096081375043,0.147959183673469,0,,14,65,3346,4763,4079.875,418.607705034542,0.00911764705882353
456225,Democratic_Socialism,8,200,TRUE,8,"1,2,3,4,5,6,7,8",0.0320902937340868,0.147959183673469,0,,24,41,3722,4457,4025.75,247.591108771816,0.011359173126615
456226,Democratic_Socialism,8,200,TRUE,8,"1,2,3,4,5,6,7,8",0.0461953957920558,0.142857142857143,0,,16,48,3265,4444,3974.625,369.559559282591,0.00887603305785124
456227,Democratic_Socialism,8,200,TRUE,8,"1,2,3,4,5,6,7,8",0.0355654997623951,0.142857142857143,0,,30,38,3550,4260,3945.625,270.313541492626,0.00922727272727273
456228,Democratic_Socialism,8,200,TRUE,8,"1,2,3,4,5,6,7,8",0.0507938516035169,0.142857142857143,0,,26,40,3093,4415,3952.25,412.035626060244,0.00957671957671958
456229,Democratic_Socialism,8,200,TRUE,8,"1,2,3,4,5,6,7,8",0.0577316178680936,0.142857142857143,0,,18,53,3309,4683,4158.25,476.470580713767,0.00898941798941799
456230,Democratic_Socialism,8,200,TRUE,8,"1,2,3,4,5,6,7,8",0.037232126778318,0.147959183673469,0,,17,50,3789,4612,4164.75,293.343655121429,0.00822047244094488
456231,Democratic_Socialism,8,200,TRUE,8,"1,2,3,4,5,6,7,8",0.0439034523846853,0.160714285714286,0,,22,45,3462,4385,3986.375,331.720595639506,0.0100698924731183
456232,Democratic_Socialism,8,200,TRUE,8,"1,2,3,4,5,6,7,8",0.0486970808497631,0.150510204081633,0,,20,52,3183,4474,4089.375,419.598085757584,0.00968137254901961
456233,Democratic_Socialism,8,200,TRUE,8,"1,2,3,4,5,6,7,8",0.0254757060794639,0.14030612244898,0,,24,57,3901,4528,4178,205.005923259375,0.00918110236220472
456234,Democratic_Socialism,8,200,TRUE,8,"1,2,3,4,5,6,7,8",0.0705942399401551,0.147959183673469,0,,24,69,3314,5003,4010.375,542.095915999057,0.0103888888888889
456235,Democratic_Socialism,8,200,TRUE,8,"1,2,3,4,5,6,7,8",0.0361620382852521,0.165816326530612,0,,21,52,3745,4563,4172.625,290.791499924897,0.00894573643410853
456236,Democratic_Socialism,8,200,TRUE,8,"1,2,3,4,5,6,7,8",0.0567766265427396,0.155612244897959,0,,20,38,3471,5034,4101.875,464.90626935514,0.011392
456237,Democratic_Socialism,8,200,TRUE,8,"1,2,3,4,5,6,7,8",0.0407054323330567,0.155612244897959,0,,20,53,3674,4649,4215.5,324.451625273872,0.00725555555555556
456238,Democratic_Socialism,8,200,TRUE,8,"1,2,3,4,5,6,7,8",0.0569109069479283,0.170918367346939,0,,20,50,3586,4922,4136.125,452.22258662869,0.0109292929292929
456239,Democratic_Socialism,8,200,TRUE,8,"1,2,3,4,5,6,7,8",0.0402409985743319,0.168367346938776,0,,8,100,3439,4452,4120.875,337.160596536936,0.00762393162393162
456240,Democratic_Socialism,8,200,TRUE,8,"1,2,3,4,5,6,7,8",0.0562167253027803,0.150510204081633,0,,23,46,3034,4505,4014.875,462.478551626219,0.00892913385826772
456241,Democratic_Socialism,8,200,TRUE,8,"1,2,3,4,5,6,7,8",0.039108527131783,0.196428571428571,0,,13,44,3523,4368,4031.25,304.501348812401,0.008128
456242,Democratic_Socialism,8,200,TRUE,8,"1,2,3,4,5,6,7,8",0.0590359270626466,0.157750342935528,0,,20,50,3212,4826,4154.25,484.684801848435,0.00797311827956989
456243,Democratic_Socialism,8,200,TRUE,8,"1,2,3,4,5,6,7,8",0.0586995522814593,0.178571428571429,0,,22,33,3160,4909,3936.625,487.258200106913,0.0106726726726727
456244,Democratic_Socialism,8,200,TRUE,8,"1,2,3,4,5,6,7,8",0.04704043833925,0.158163265306122,0,,15,67,3213,4514,4049.375,395.623535880839,0.00912684365781711
456245,Democratic_Socialism,8,200,TRUE,8,"1,2,3,4,5,6,7,8",0.0736306668729692,0.155612244897959,0,,21,50,3298,5235,4039.375,591.526581337281,0.0109476584022039
456246,Democratic_Socialism,8,200,TRUE,8,"1,2,3,4,5,6,7,8",0.0271359936348614,0.280612244897959,0,,34,66,3749,4353,4084.75,222.397167248146,0.00890780141843972
456247,Democratic_Socialism,8,200,TRUE,8,"1,2,3,4,5,6,7,8",0.0408068282216332,0.147959183673469,0,,20,67,3343,4370,3961.5,319.961158356984,0.00784022038567493
456248,Democratic_Socialism,8,200,TRUE,8,"1,2,3,4,5,6,7,8",0.0707108354702128,0.163265306122449,0,,11,65,3457,4887,4192.25,561.583157561855,0.00994750656167979
456249,Democratic_Socialism,8,200,TRUE,8,"1,2,3,4,5,6,7,8",0.0385112007579231,0.145408163265306,0,,30,30,3552,4448,4090.125,307.522560148032,0.00833070866141732
456250,Democratic_Socialism,8,200,TRUE,8,"1,2,3,4,5,6,7,8",0.0560653812878507,0.152263374485597,0,,27,60,3611,4774,4045.5,436.136282763607,0.0077312661498708
456251,Democratic_Socialism,8,200,TRUE,8,"1,2,3,4,5,6,7,8",0.0406579550664832,0.14030612244898,0,,27,29,3410,4480,4089.375,337.967850330683,0.00695238095238095
456252,Democratic_Socialism,8,200,TRUE,8,"1,2,3,4,5,6,7,8",0.0469712367578221,0.176020408163265,0,,27,51,3444,4479,4059,373.348936748759,0.00801975308641975
456253,Democratic_Socialism,8,200,TRUE,8,"1,2,3,4,5,6,7,8",0.0661788227767115,0.163265306122449,0,,23,35,2932,4723,3907.5,519.463734469088,0.0123888888888889
456254,Democratic_Socialism,8,200,TRUE,8,"1,2,3,4,5,6,7,8",0.0798038490007402,0.165816326530612,0,,19,72,2882,5005,4221.875,669.745247410216,0.00798941798941799
456255,Democratic_Socialism,8,200,TRUE,8,"1,2,3,4,5,6,7,8",0.0370478104506029,0.135204081632653,0,,22,48,3730,4616,4136.125,290.080007436372,0.008
456256,Democratic_Socialism,8,200,TRUE,8,"1,2,3,4,5,6,7,8",0.0524009800555574,0.174211248285322,0,,26,51,3305,4777,4004.875,418.813779791039,0.00907960199004975
456257,Democratic_Socialism,8,200,TRUE,8,"1,2,3,4,5,6,7,8",0.0451424133370244,0.145408163265306,0,,16,40,3528,4513,4063.875,344.91632007944,0.0081183800623053
456258,Democratic_Socialism,8,200,TRUE,8,"1,2,3,4,5,6,7,8",0.0406206730479803,0.158163265306122,0,,19,47,3549,4462,4152.75,353.429625243838,0.00754022988505747
456259,Democratic_Socialism,8,200,TRUE,8,"1,2,3,4,5,6,7,8",0.0644316054384189,0.158163265306122,0,,16,75,3048,4625,4072.875,517.838209013477,0.00890952380952381
456260,Democratic_Socialism,8,200,TRUE,8,"1,2,3,4,5,6,7,8",0.0512674607133949,0.137755102040816,0,,26,34,3424,4634,4009,395.17627169946,0.00861111111111111
456261,Democratic_Socialism,8,200,TRUE,8,"1,2,3,4,5,6,7,8",0.0428535887548203,0.142857142857143,0,,34,48,3270,4479,4019.5,356.872926563904,0.00894586894586895
456262,Democratic_Socialism,8,200,TRUE,8,"1,2,3,4,5,6,7,8",0.0222441785943175,0.160714285714286,0,,17,59,3786,4284,4095.875,177.032230721656,0.00989054726368159
456263,Democratic_Socialism,8,200,TRUE,8,"1,2,3,4,5,6,7,8",0.0166199733770858,0.178571428571429,0,,24,68,3921,4365,4037.875,146.042496261485,0.00891338582677165
456264,Democratic_Socialism,8,200,TRUE,8,"1,2,3,4,5,6,7,8",0.0679966643145809,0.150510204081633,0,,14,57,2934,4510,3897.25,528.599429760246,0.00896741854636592
456265,Democratic_Socialism,8,200,TRUE,8,"1,2,3,4,5,6,7,8",0.0514622819128907,0.163265306122449,0,,14,102,2977,4311,3983.5,449.801861140785,0.0087304347826087
456266,Democratic_Socialism,8,200,TRUE,8,"1,2,3,4,5,6,7,8",0.0474875267284391,0.185185185185185,0,,25,64,3490,4892,4033.625,404.743635792196,0.00825474254742547
456267,Democratic_Socialism,8,200,TRUE,8,"1,2,3,4,5,6,7,8",0.0628293756587512,0.137755102040816,0,,16,53,3130,4902,4032.25,512.568810711582,0.01096918767507
456268,Democratic_Socialism,8,200,TRUE,8,"1,2,3,4,5,6,7,8",0.0565159574468086,0.155612244897959,0,,20,37,2987,4519,3995,470.210894933631,0.00850520833333333
456269,Democratic_Socialism,8,200,TRUE,8,"1,2,3,4,5,6,7,8",0.0442525002266065,0.158163265306122,0,,21,60,3536,4545,4137.125,349.506769809767,0.0102745098039216
456270,Democratic_Socialism,8,200,TRUE,8,"1,2,3,4,5,6,7,8",0.0463219616204691,0.13265306122449,0,,24,51,3500,4631,4103.75,360.97279280142,0.00894642857142857
456271,Democratic_Socialism,8,200,TRUE,8,"1,2,3,4,5,6,7,8",0.0508178126090682,0.173469387755102,0,,20,54,3196,4514,3939.625,393.222923870345,0.00811111111111111
456272,Democratic_Socialism,8,200,TRUE,8,"1,2,3,4,5,6,7,8",0.0367019004911382,0.183673469387755,0,,16,77,3667,4449,4097.625,283.548402267711,0.00803856749311295
456273,Democratic_Socialism,8,200,TRUE,8,"1,2,3,4,5,6,7,8",0.0683002180760843,0.147959183673469,0,,27,83,3134,5018,4127,558.33911866228,0.0100165289256198
456274,Democratic_Socialism,8,200,TRUE,8,"1,2,3,4,5,6,7,8",0.0442773473247513,0.183673469387755,0,,34,59,3368,4510,4097.75,369.04229335635,0.00700280112044818
456275,Democratic_Socialism,8,200,TRUE,8,"1,2,3,4,5,6,7,8",0.0649206102117061,0.145408163265306,0,,6,59,3443,4666,4015,502.804136816713,0.00794160583941606
456276,Democratic_Socialism,8,200,TRUE,8,"1,2,3,4,5,6,7,8",0.0760301400012227,0.158163265306122,0,,16,46,2801,5059,4089.25,642.073371419275,0.0113269841269841
456277,Democratic_Socialism,8,200,TRUE,8,"1,2,3,4,5,6,7,8",0.0620865554830896,0.158163265306122,0,,22,74,2983,4640,4024.875,505.591149758662,0.00801724137931035
456278,Democratic_Socialism,8,200,TRUE,8,"1,2,3,4,5,6,7,8",0.0199209759091608,0.150510204081633,0,,28,67,3787,4323,4073.125,159.948596653514,0.0105623188405797
456279,Democratic_Socialism,8,200,TRUE,8,"1,2,3,4,5,6,7,8",0.0732021964796148,0.160714285714286,0,,12,38,3291,5117,4154.375,581.286488870038,0.0100874316939891
456280,Democratic_Socialism,8,200,TRUE,8,"1,2,3,4,5,6,7,8",0.0474574493587439,0.173469387755102,0,,30,70,3655,4900,4171.5,401.574401574602,0.0100666666666667
456281,Democratic_Socialism,8,200,TRUE,8,"1,2,3,4,5,6,7,8",0.0383141457829792,0.158163265306122,0,,24,65,3561,4324,3930.5,284.320744431858,0.00702752293577982
456282,Democratic_Socialism,8,200,TRUE,8,"1,2,3,4,5,6,7,8",0.0330797513922649,0.176954732510288,0,,19,50,3474,4434,4062.625,281.516270780724,0.00761290322580645
456283,Democratic_Socialism,8,200,TRUE,8,"1,2,3,4,5,6,7,8",0.0684792102061824,0.137755102040816,0,,19,27,2925,4578,4007.375,545.305926587479,0.00833333333333333
456284,Democratic_Socialism,8,200,TRUE,8,"1,2,3,4,5,6,7,8",0.0418045610445876,0.165816326530612,0,,21,40,3368,4633,4154.75,366.224657826313,0.00804010025062657
456285,Democratic_Socialism,8,200,TRUE,8,"1,2,3,4,5,6,7,8",0.0438080050787508,0.149519890260631,0,,14,31,3625,4832,4134.875,358.357537942207,0.010771349862259
456286,Democratic_Socialism,8,200,TRUE,8,"1,2,3,4,5,6,7,8",0.0264882374014808,0.142857142857143,0,,31,32,3764,4407,4187,218.849589574993,0.0094093567251462
456287,Democratic_Socialism,8,200,TRUE,8,"1,2,3,4,5,6,7,8",0.029812170133499,0.155612244897959,0,,30,36,3511,4266,4026.25,246.319623949975,0.00783040935672515
456288,Democratic_Socialism,8,200,TRUE,8,"1,2,3,4,5,6,7,8",0.0434643365491065,0.193877551020408,0,,32,70,3344,4290,3951.875,333.879977365691,0.00830933333333333
456289,Democratic_Socialism,8,200,TRUE,8,"1,2,3,4,5,6,7,8",0.0249462448164643,0.173469387755102,0,,26,69,3614,4311,4069.375,211.52840910181,0.0108586666666667
456290,Democratic_Socialism,8,200,TRUE,8,"1,2,3,4,5,6,7,8",0.0627921363761341,0.13265306122449,0,,36,40,3105,4886,4091.625,514.365055883743,0.0106507936507937
456291,Democratic_Socialism,8,200,TRUE,8,"1,2,3,4,5,6,7,8",0.0572921515687552,0.186224489795918,0,,24,47,3448,4513,4027.875,447.662320919941,0.00920114942528736
456292,Democratic_Socialism,8,200,TRUE,8,"1,2,3,4,5,6,7,8",0.0607371744027412,0.186224489795918,0,,22,62,3092,4457,3939.875,495.897004715409,0.00854501216545012
456293,Democratic_Socialism,8,200,TRUE,8,"1,2,3,4,5,6,7,8",0.0539789742458154,0.153061224489796,0,,15,24,2906,4364,3965.375,473.17165037044,0.00818018018018018
456294,Democratic_Socialism,8,200,TRUE,8,"1,2,3,4,5,6,7,8",0.0456285012432223,0.138545953360768,0,,19,83,3128,4484,4172.625,448.679311981286,0.00863414634146342
456295,Democratic_Socialism,8,200,TRUE,8,"1,2,3,4,5,6,7,8",0.0463027032014023,0.147959183673469,0,,16,49,3458,4611,4064.625,358.175111801875,0.00845070422535211
456296,Democratic_Socialism,8,200,TRUE,8,"1,2,3,4,5,6,7,8",0.0763506063947079,0.165816326530612,0,,8,62,3205,5033,4081.5,601.165059340136,0.0092816091954023
456297,Democratic_Socialism,8,200,TRUE,8,"1,2,3,4,5,6,7,8",0.0646899665151877,0.155612244897959,0,,22,66,3459,4933,4181,508.854175013403,0.00778888888888889
456298,Democratic_Socialism,8,200,TRUE,8,"1,2,3,4,5,6,7,8",0.0409890972928024,0.153061224489796,0,,23,51,3222,4351,4058.625,371.493871320337,0.0085025641025641
456299,Democratic_Socialism,8,200,TRUE,8,"1,2,3,4,5,6,7,8",0.0466292974588938,0.147959183673469,0,,28,63,3325,4543,4181.25,414.55440794045,0.007408
456300,Democratic_Socialism,8,200,TRUE,8,"1,2,3,4,5,6,7,8",0.0479615658142916,0.142857142857143,0,,30,73,3662,4635,4042.625,385.467411073881,0.00931770833333333
456301,Democratic_Socialism,8,200,TRUE,8,"1,2,3,4,5,6,7,8",0.0287566893699829,0.145408163265306,0,,18,65,3779,4482,4111,227.667677610528,0.00932853717026379
456302,Democratic_Socialism,8,200,TRUE,8,"1,2,3,4,5,6,7,8",0.0620706048337627,0.155612244897959,0,,19,32,3093,4679,4075.5,498.713201291942,0.00846719160104987
456303,Democratic_Socialism,8,200,TRUE,8,"1,2,3,4,5,6,7,8",0.0290092925659473,0.201530612244898,0,,30,63,3852,4633,4170,237.591486138949,0.00848739495798319
456304,Democratic_Socialism,8,200,TRUE,8,"1,2,3,4,5,6,7,8",0.0625914188200878,0.142857142857143,0,,22,36,3229,4634,4102,531.612640933227,0.00776758409785933
456305,Democratic_Socialism,8,200,TRUE,8,"1,2,3,4,5,6,7,8",0.0418016680166802,0.155612244897959,0,,22,40,3372,4533,4166.625,367.286162276773,0.00787878787878788
456306,Democratic_Socialism,8,200,TRUE,8,"1,2,3,4,5,6,7,8",0.0551442440204575,0.178571428571429,0,,20,75,3486,4624,4081.625,431.586752577046,0.0095702479338843
456307,Democratic_Socialism,8,200,TRUE,8,"1,2,3,4,5,6,7,8",0.058619733924612,0.153061224489796,0,,10,35,3141,4715,4059,473.457495452337,0.00882828282828283
456308,Democratic_Socialism,8,200,TRUE,8,"1,2,3,4,5,6,7,8",0.0450834765529093,0.183673469387755,0,,29,58,3474,4684,4073,382.1637644481,0.0116266666666667
456309,Democratic_Socialism,8,200,TRUE,8,"1,2,3,4,5,6,7,8",0.0398075546843399,0.135204081632653,0,,24,54,3458,4392,4017.375,306.974143862313,0.00896418732782369
456310,Democratic_Socialism,8,200,TRUE,8,"1,2,3,4,5,6,7,8",0.0407856986933608,0.186224489795918,0,,21,51,3629,4504,4008.375,313.807920094898,0.00839775910364146
456311,Democratic_Socialism,8,200,TRUE,8,"1,2,3,4,5,6,7,8",0.0484426746569941,0.157750342935528,0,,20,34,3350,4373,3963.125,366.077836180855,0.00810619469026549
456312,Democratic_Socialism,8,200,TRUE,8,"1,2,3,4,5,6,7,8",0.0443714424124986,0.150510204081633,0,,36,32,3584,4491,4128.5,363.170562054329,0.00850393700787402
456313,Democratic_Socialism,8,200,TRUE,8,"1,2,3,4,5,6,7,8",0.0642897625581673,0.145408163265306,0,,34,27,3328,4795,4190.5,551.983177797502,0.00836521739130435
456314,Democratic_Socialism,8,200,TRUE,8,"1,2,3,4,5,6,7,8",0.0692312492200176,0.209183673469388,0,,16,56,2892,4570,4006.5,557.038341845258,0.0089810298102981
456315,Democratic_Socialism,8,200,TRUE,8,"1,2,3,4,5,6,7,8",0.0447322111706197,0.158163265306122,0,,31,31,3345,4489,4084.375,364.334201955136,0.00802801120448179
456316,Democratic_Socialism,8,200,TRUE,8,"1,2,3,4,5,6,7,8",0.0375270147524038,0.153061224489796,0,,24,53,3666,4395,3990.875,289.335908343819,0.00735466666666667
456317,Democratic_Socialism,8,200,TRUE,8,"1,2,3,4,5,6,7,8",0.0678706546345396,0.170918367346939,0,,11,66,3218,4880,4030.875,520.48890135004,0.00978571428571429
456318,Democratic_Socialism,8,200,TRUE,8,"1,2,3,4,5,6,7,8",0.0397889869566528,0.168367346938776,0,,20,33,3697,4688,4149.625,313.708207233592,0.00828019323671498
456319,Democratic_Socialism,8,200,TRUE,8,"1,2,3,4,5,6,7,8",0.0414626308379751,0.147959183673469,0,,12,27,3780,4772,4084.25,342.815131354662,0.00900719424460432
456320,Democratic_Socialism,8,200,TRUE,8,"1,2,3,4,5,6,7,8",0.0534532736782405,0.158163265306122,0,,18,68,3343,4581,3967.25,417.661773619345,0.0093025641025641
456321,Democratic_Socialism,8,200,TRUE,8,"1,2,3,4,5,6,7,8",0.0676226955655206,0.147959183673469,0,,11,30,3285,4755,4014,510.323706792351,0.00696551724137931
456322,Democratic_Socialism,8,200,TRUE,8,"1,2,3,4,5,6,7,8",0.048797747915889,0.196159122085048,0,,20,64,3495,4497,4018.5,370.853841059482,0.0114550724637681
456323,Democratic_Socialism,8,200,TRUE,8,"1,2,3,4,5,6,7,8",0.0404757138017065,0.229591836734694,0,,13,90,3460,4541,4058.375,320.99529925352,0.00721447028423773
456324,Democratic_Socialism,8,200,TRUE,8,"1,2,3,4,5,6,7,8",0.0532272541177212,0.196428571428571,0,,27,54,3045,4410,3969.125,438.921222186527,0.00826543209876543
456325,Democratic_Socialism,8,200,TRUE,8,"1,2,3,4,5,6,7,8",0.0414868530563177,0.163265306122449,0,,32,51,3206,4358,4055.125,375.049115831133,0.00931720430107527
456326,Democratic_Socialism,8,200,TRUE,8,"1,2,3,4,5,6,7,8",0.0519266775382015,0.160714285714286,0,,23,59,3356,4889,4139.25,436.348402737341,0.0108681055155875
456327,Democratic_Socialism,8,200,TRUE,8,"1,2,3,4,5,6,7,8",0.0358764865624122,0.158163265306122,0,,22,48,3638,4391,4004.625,272.74003189851,0.00811111111111111
456328,Democratic_Socialism,8,200,TRUE,8,"1,2,3,4,5,6,7,8",0.0406085713407323,0.163265306122449,0,,28,55,3174,4351,4065.875,384.586396572437,0.0076
456329,Democratic_Socialism,8,200,TRUE,8,"1,2,3,4,5,6,7,8",0.0479196766161507,0.158163265306122,0,,21,77,3246,4566,4066.375,395.356958962404,0.0083768115942029
456330,Democratic_Socialism,8,200,TRUE,8,"1,2,3,4,5,6,7,8",0.0453202085078657,0.173469387755102,0,,27,83,3212,4433,4028.625,381.58314484339,0.00795865633074936
456331,Democratic_Socialism,8,200,TRUE,8,"1,2,3,4,5,6,7,8",0.0384838670251773,0.178571428571429,0,,33,68,3683,4468,4091,304.806261652967,0.00805089058524173
456332,Democratic_Socialism,8,200,TRUE,8,"1,2,3,4,5,6,7,8",0.0494472131974892,0.158163265306122,0,,22,68,3414,4386,3962.875,375.3095627041,0.00787767584097859
456333,Democratic_Socialism,8,200,TRUE,8,"1,2,3,4,5,6,7,8",0.0295253184027564,0.135204081632653,0,,20,36,3481,4277,4063.25,259.830576667621,0.0079774011299435
456334,Democratic_Socialism,8,200,TRUE,8,"1,2,3,4,5,6,7,8",0.0489665057332529,0.165816326530612,0,,20,62,3584,4597,4142.5,383.566347399173,0.00959012345679012
456335,Democratic_Socialism,8,200,TRUE,8,"1,2,3,4,5,6,7,8",0.0600111891113087,0.135204081632653,0,,23,64,3377,4589,4077.625,480.344798035744,0.00725157232704403
456336,Democratic_Socialism,8,200,TRUE,8,"1,2,3,4,5,6,7,8",0.0481076431555665,0.153061224489796,0,,30,28,3419,4781,4069,393.209504317628,0.00846031746031746
456337,Democratic_Socialism,8,200,TRUE,8,"1,2,3,4,5,6,7,8",0.0515357674187948,0.181122448979592,0,,25,62,3086,4471,4033,439.005369313081,0.00822222222222222
456338,Democratic_Socialism,8,200,TRUE,8,"1,2,3,4,5,6,7,8",0.113814593412011,0.193877551020408,0,,13,70,2688,5508,4056.625,912.826526705454,0.0141127450980392
456339,Democratic_Socialism,8,200,TRUE,8,"1,2,3,4,5,6,7,8",0.0370872462890033,0.160714285714286,0,,22,40,3573,4445,4126.25,307.166195126631,0.00900980392156863
456340,Democratic_Socialism,8,200,TRUE,8,"1,2,3,4,5,6,7,8",0.0419400222697042,0.163265306122449,0,,24,74,3784,4778,4153.625,343.386470113694,0.00985245901639344
456341,Democratic_Socialism,8,200,TRUE,8,"1,2,3,4,5,6,7,8",0.0525198276400425,0.147959183673469,0,,24,34,3509,4817,4003.25,414.527183323706,0.0109947916666667
456342,Democratic_Socialism,8,200,TRUE,8,"1,2,3,4,5,6,7,8",0.0537693586625203,0.201530612244898,0,,12,66,3316,4468,4059.875,424.611229748545,0.00929378531073446
456343,Democratic_Socialism,8,200,TRUE,8,"1,2,3,4,5,6,7,8",0.0616314153358528,0.14030612244898,0,,20,57,3350,4695,4101.5,482.589739989214,0.00816923076923077
456344,Democratic_Socialism,8,200,TRUE,8,"1,2,3,4,5,6,7,8",0.0338845654993516,0.170918367346939,0,,16,36,3842,4620,4144.125,268.646043016776,0.0094974358974359
456345,Democratic_Socialism,8,200,TRUE,8,"1,2,3,4,5,6,7,8",0.0389177971876356,0.153061224489796,0,,23,46,3493,4448,4035.75,309.567324779972,0.00784573002754821
456346,Democratic_Socialism,8,200,TRUE,8,"1,2,3,4,5,6,7,8",0.055753003760433,0.147959183673469,0,,19,31,3508,4917,4088.625,442.11244125707,0.0095959595959596
456347,Democratic_Socialism,8,200,TRUE,8,"1,2,3,4,5,6,7,8",0.0591052504453369,0.170918367346939,0,,31,58,3475,4937,4140.125,477.170959929458,0.00854761904761905
456348,Democratic_Socialism,8,200,TRUE,8,"1,2,3,4,5,6,7,8",0.0232809139365979,0.163265306122449,0,,25,59,3679,4247,4010.125,179.43199069763,0.00960723514211886
456349,Democratic_Socialism,8,200,TRUE,8,"1,2,3,4,5,6,7,8",0.0492268348692255,0.13265306122449,0,,23,39,3593,4707,4191.375,392.209105124877,0.00842156862745098
456350,Democratic_Socialism,8,200,TRUE,8,"1,2,3,4,5,6,7,8",0.0910877655450457,0.163265306122449,0,,10,49,2709,5047,4030.625,714.486416445907,0.0110613333333333
456351,Democratic_Socialism,8,200,TRUE,8,"1,2,3,4,5,6,7,8",0.0491951279226344,0.14030612244898,0,,16,23,3514,4619,4084.5,381.833546382265,0.0121746031746032
456352,Democratic_Socialism,8,200,TRUE,8,"1,2,3,4,5,6,7,8",0.0370423652368659,0.137755102040816,0,,24,44,3580,4464,4018.625,293.700983752426,0.00991379310344828
456353,Democratic_Socialism,8,200,TRUE,8,"1,2,3,4,5,6,7,8",0.0401434838237982,0.14030612244898,0,,27,36,3690,4563,4103.25,309.367442187626,0.0091764705882353
456354,Democratic_Socialism,8,200,TRUE,8,"1,2,3,4,5,6,7,8",0.0600156662775695,0.158163265306122,0,,24,36,3393,4822,4069.25,460.864017750511,0.0101538461538462
456355,Democratic_Socialism,8,200,TRUE,8,"1,2,3,4,5,6,7,8",0.019502058868385,0.160714285714286,0,,24,30,3766,4286,4098.125,161.732969957979,0.00774137931034483
456356,Democratic_Socialism,8,200,TRUE,8,"1,2,3,4,5,6,7,8",0.0673462154832347,0.147959183673469,0,,28,53,3208,4893,4056,520.096144957834,0.0101654135338346
456357,Democratic_Socialism,8,200,TRUE,8,"1,2,3,4,5,6,7,8",0.02932004635701,0.153061224489796,0,,28,53,3666,4358,4098.625,232.564545572069,0.00921119592875318
456358,Democratic_Socialism,8,200,TRUE,8,"1,2,3,4,5,6,7,8",0.0399363852007024,0.160714285714286,0,,25,49,3368,4436,4057.625,329.332197679746,0.00838251366120219
456359,Democratic_Socialism,8,200,TRUE,8,"1,2,3,4,5,6,7,8",0.0500527524359213,0.171467764060357,0,,15,56,3526,4653,4028.25,394.198191631715,0.00815343915343915
456360,Democratic_Socialism,8,200,TRUE,8,"1,2,3,4,5,6,7,8",0.070235831697743,0.198979591836735,0,,23,64,3346,5114,4076,557.706784200136,0.0131652661064426
456361,Democratic_Socialism,8,200,TRUE,8,"1,2,3,4,5,6,7,8",0.0475662367755114,0.178571428571429,0,,21,60,3538,4567,4099.875,367.591558079655,0.0083989501312336
456362,Democratic_Socialism,8,200,TRUE,8,"1,2,3,4,5,6,7,8",0.0612325827320228,0.160714285714286,0,,26,58,3396,4813,4019,471.371554993662,0.0084231884057971
456363,Democratic_Socialism,8,200,TRUE,8,"1,2,3,4,5,6,7,8",0.0568111622448033,0.171467764060357,0,,19,36,3486,4747,4047.125,444.478968649169,0.00924858757062147
456364,Democratic_Socialism,8,200,TRUE,8,"1,2,3,4,5,6,7,8",0.0278249197728955,0.142857142857143,0,,24,48,3709,4282,4051,217.523726127913,0.00991184573002755
456365,Democratic_Socialism,8,200,TRUE,8,"1,2,3,4,5,6,7,8",0.0399820900171313,0.150510204081633,0,,24,30,3379,4357,4013.125,321.542015694906,0.00878036175710594
456366,Democratic_Socialism,8,200,TRUE,8,"1,2,3,4,5,6,7,8",0.0713878507632864,0.155006858710562,0,,12,64,3286,4855,3946.75,537.76196274135,0.00924159021406728
456367,Democratic_Socialism,8,200,TRUE,8,"1,2,3,4,5,6,7,8",0.0286022968567754,0.168367346938776,0,,32,75,3615,4468,4179.625,255.347906925881,0.00988641975308642
456368,Democratic_Socialism,8,200,TRUE,8,"1,2,3,4,5,6,7,8",0.0539043410057618,0.178571428571429,0,,24,59,3538,4718,4143.625,422.945095220915,0.00911274509803922
456369,Democratic_Socialism,8,200,TRUE,8,"1,2,3,4,5,6,7,8",0.0577477631948125,0.153061224489796,0,,16,67,3427,4503,4009.625,449.820261723661,0.00894117647058824
456370,Democratic_Socialism,8,200,TRUE,8,"1,2,3,4,5,6,7,8",0.0681380932022231,0.181122448979592,0,,20,84,3084,5009,4093.25,553.624872996147,0.00921857923497268
456371,Democratic_Socialism,8,200,TRUE,8,"1,2,3,4,5,6,7,8",0.0441819269347565,0.147959183673469,0,,14,26,3544,4544,4075.125,343.941206562152,0.00855172413793104
456372,Democratic_Socialism,8,200,TRUE,8,"1,2,3,4,5,6,7,8",0.06922772247631,0.137755102040816,0,,36,34,3440,5954,4181.625,744.747692175008,0.0136027397260274
456373,Democratic_Socialism,8,200,TRUE,8,"1,2,3,4,5,6,7,8",0.0591331577496708,0.14030612244898,0,,17,58,3367,4752,4081.625,453.777144012974,0.0104139784946237
456374,Democratic_Socialism,8,200,TRUE,8,"1,2,3,4,5,6,7,8",0.0386647273384981,0.150510204081633,0,,28,32,3456,4499,4146.625,327.331608835531,0.0100233918128655
456375,Democratic_Socialism,8,200,TRUE,8,"1,2,3,4,5,6,7,8",0.0516610317867601,0.168367346938776,0,,20,54,3488,4688,4140.875,406.552206276846,0.00858208955223881
456376,Democratic_Socialism,8,200,TRUE,8,"1,2,3,4,5,6,7,8",0.0585630685169662,0.150510204081633,0,,29,64,3083,4839,4026.375,493.296763042868,0.00972178477690289
456377,Democratic_Socialism,8,200,TRUE,8,"1,2,3,4,5,6,7,8",0.0377819084935056,0.158163265306122,0,,32,43,3592,4513,4051.625,298.181602143967,0.0093283950617284
456378,Democratic_Socialism,8,200,TRUE,8,"1,2,3,4,5,6,7,8",0.060156560864375,0.191326530612245,0,,22,45,3636,5034,4083.875,501.349446850341,0.0105862884160757
456379,Democratic_Socialism,8,200,TRUE,8,"1,2,3,4,5,6,7,8",0.074184554502938,0.142857142857143,0,,19,40,3010,4845,4169.5,610.104674859744,0.00966161616161616
456380,Democratic_Socialism,8,200,TRUE,8,"1,2,3,4,5,6,7,8",0.0572143415279196,0.196428571428571,0,,16,42,3442,5044,4159.25,469.233950178373,0.0107407407407407
456381,Democratic_Socialism,8,200,TRUE,8,"1,2,3,4,5,6,7,8",0.031289816339849,0.147959183673469,0,,19,51,3526,4313,4022.375,249.991964156565,0.00885866666666667
456382,Democratic_Socialism,8,200,TRUE,8,"1,2,3,4,5,6,7,8",0.0322249969170059,0.188775510204082,0,,25,43,3628,4452,4054.5,250.856247964561,0.0086989247311828
456383,Democratic_Socialism,8,200,TRUE,8,"1,2,3,4,5,6,7,8",0.0502450980392157,0.142857142857143,0,,19,41,3555,4762,4054.5,392.275777628808,0.00990476190476191
456384,Democratic_Socialism,8,200,TRUE,8,"1,2,3,4,5,6,7,8",0.0620854854977231,0.137755102040816,0,,23,38,3290,4747,4089.875,482.699977063541,0.00956589147286822
456385,Democratic_Socialism,8,200,TRUE,8,"1,2,3,4,5,6,7,8",0.0697597050995749,0.183673469387755,0,,34,35,3457,5435,4086.125,615.793434173692,0.0117235772357724
456386,Democratic_Socialism,8,200,TRUE,8,"1,2,3,4,5,6,7,8",0.0661286681715576,0.157750342935528,0,,20,46,2913,4896,4153.125,577.066333770589,0.00797076023391813
456387,Democratic_Socialism,8,200,TRUE,8,"1,2,3,4,5,6,7,8",0.0232969966297831,0.173469387755102,0,,22,63,3871,4425,4191.125,186.645911898899,0.0097910447761194
456388,Democratic_Socialism,8,200,TRUE,8,"1,2,3,4,5,6,7,8",0.0502285795079649,0.147959183673469,0,,17,30,3406,4517,3978.375,381.034283234462,0.00863522012578616
456389,Democratic_Socialism,8,200,TRUE,8,"1,2,3,4,5,6,7,8",0.0289918239749909,0.168367346938776,0,,46,36,3677,4480,4158.5,244.45741668321,0.00961827956989247
456390,Democratic_Socialism,8,200,TRUE,8,"1,2,3,4,5,6,7,8",0.0303839446970169,0.158163265306122,0,,30,53,3773,4377,4014.25,234.106050449669,0.00778151260504202
456391,Democratic_Socialism,8,200,TRUE,8,"1,2,3,4,5,6,7,8",0.0417704861868129,0.178571428571429,0,,23,55,3295,4323,4013.375,342.389476432072,0.0071044776119403
456392,Democratic_Socialism,8,200,TRUE,8,"1,2,3,4,5,6,7,8",0.0406208012703067,0.193877551020408,0,,22,100,3556,4509,4093.5,317.68268085353,0.0111988795518207
456393,Democratic_Socialism,8,200,TRUE,8,"1,2,3,4,5,6,7,8",0.0553504518404231,0.160714285714286,0,,20,49,3241,4448,3969.875,425.440087270984,0.00989265536723164
456394,Democratic_Socialism,8,200,TRUE,8,"1,2,3,4,5,6,7,8",0.0405377127445206,0.191326530612245,0,,6,52,3641,4349,4032.125,324.72425115121,0.0077536231884058
456395,Democratic_Socialism,8,200,TRUE,8,"1,2,3,4,5,6,7,8",0.0523288527664896,0.176020408163265,0,,21,61,3338,4661,3998.75,404.225096414644,0.00862433862433863
456396,Democratic_Socialism,8,200,TRUE,8,"1,2,3,4,5,6,7,8",0.0533509493966888,0.160714285714286,0,,20,56,3412,4459,4009.125,417.142811276906,0.00736283185840708
456397,Democratic_Socialism,8,200,TRUE,8,"1,2,3,4,5,6,7,8",0.0430556863483693,0.163265306122449,0,,14,59,3340,4302,3982.125,336.771833527008,0.009168
456398,Democratic_Socialism,8,200,TRUE,8,"1,2,3,4,5,6,7,8",0.0398110348240242,0.145408163265306,0,,17,61,3493,4410,4041.75,308.177013141103,0.00871666666666667
456399,Democratic_Socialism,8,200,TRUE,8,"1,2,3,4,5,6,7,8",0.0591255912187285,0.176020408163265,0,,23,103,3422,4834,4202.125,469.802219024134,0.00795238095238095
456400,Democratic_Socialism,8,200,TRUE,8,"1,2,3,4,5,6,7,8",0.0349050203527816,0.150510204081633,0,,20,52,3565,4477,4145.625,290.133928434045,0.00803980099502488
456401,Democratic_Socialism,8,200,TRUE,8,"1,2,3,4,5,6,7,8",0.0455512675798531,0.158163265306122,0,,8,45,3615,4688,4097.375,353.193163459155,0.00765
456402,Democratic_Socialism,8,200,TRUE,8,"1,2,3,4,5,6,7,8",0.0315350714990139,0.198979591836735,0,,32,32,3722,4487,4056,249.556177471698,0.0082534435261708
456403,Democratic_Socialism,8,200,TRUE,8,"1,2,3,4,5,6,7,8",0.0345888332574724,0.150510204081633,0,,14,45,3672,4473,4119.375,269.428992765918,0.00772932330827068
456404,Democratic_Socialism,8,200,TRUE,8,"1,2,3,4,5,6,7,8",0.0373680422264875,0.135204081632653,0,,29,33,3528,4463,4168,315.195630861669,0.00841221374045802
456405,Democratic_Socialism,8,200,TRUE,8,"1,2,3,4,5,6,7,8",0.0546205814935457,0.147959183673469,0,,27,42,3520,4778,4144.5,430.761120410307,0.0084952380952381
456406,Democratic_Socialism,8,200,TRUE,8,"1,2,3,4,5,6,7,8",0.0828917104404314,0.168367346938776,0,,18,74,3090,5382,4021.625,672.343011416048,0.0100959595959596
456407,Democratic_Socialism,8,200,TRUE,8,"1,2,3,4,5,6,7,8",0.0382593017290804,0.201530612244898,0,,14,41,3651,4473,4142.375,310.3546070914,0.00984795321637427
456408,Democratic_Socialism,8,200,TRUE,8,"1,2,3,4,5,6,7,8",0.0537817028985508,0.188775510204082,0,,20,60,3536,4679,4140,424.688793622544,0.00937158469945355
456409,Democratic_Socialism,8,200,TRUE,8,"1,2,3,4,5,6,7,8",0.066017183185026,0.176020408163265,0,,21,71,3070,4685,4073.75,532.291474932404,0.00781420765027322
456410,Democratic_Socialism,8,200,TRUE,8,"1,2,3,4,5,6,7,8",0.033483101269705,0.155612244897959,0,,28,40,3612,4418,4075.75,272.249229304957,0.00725217391304348
456411,Democratic_Socialism,8,200,TRUE,8,"1,2,3,4,5,6,7,8",0.0339524688509461,0.135204081632653,0,,28,36,3530,4322,4063.125,282.702487482108,0.0081039755351682
456412,Democratic_Socialism,8,200,TRUE,8,"1,2,3,4,5,6,7,8",0.0507717917675545,0.178571428571429,0,,23,53,3392,4725,4130,407.63989710808,0.00842962962962963
456413,Democratic_Socialism,8,200,TRUE,8,"1,2,3,4,5,6,7,8",0.046664943123061,0.201530612244898,0,,34,91,3453,4607,4109.75,366.880186748442,0.00926060606060606
456414,Democratic_Socialism,8,200,TRUE,8,"1,2,3,4,5,6,7,8",0.0616369502197562,0.157750342935528,0,,18,62,3192,5026,4010.125,512.414853554088,0.00981453634085213
456415,Democratic_Socialism,8,200,TRUE,8,"1,2,3,4,5,6,7,8",0.0562033867220932,0.178571428571429,0,,24,56,3571,5032,4089.5,471.475798500229,0.00784615384615385
456416,Democratic_Socialism,8,200,TRUE,8,"1,2,3,4,5,6,7,8",0.0409669035095814,0.163265306122449,0,,14,45,3606,4548,4063.875,320.861980786577,0.0109508196721311
456417,Democratic_Socialism,8,200,TRUE,8,"1,2,3,4,5,6,7,8",0.0580389438148059,0.170918367346939,0,,16,64,3155,4711,4147,487.622805045047,0.00873224043715847
456418,Democratic_Socialism,8,200,TRUE,8,"1,2,3,4,5,6,7,8",0.0485286115897343,0.176020408163265,0,,16,84,3343,4558,4135.125,402.182772061232,0.00938753387533875
456419,Democratic_Socialism,8,200,TRUE,8,"1,2,3,4,5,6,7,8",0.0635987788789003,0.147959183673469,0,,16,54,2914,4716,4074.125,538.711011184502,0.00971576227390181
456420,Democratic_Socialism,8,200,TRUE,8,"1,2,3,4,5,6,7,8",0.0783748983464354,0.160714285714286,0,,25,29,2804,4906,4150.125,653.962523500282,0.0103072916666667
456421,Democratic_Socialism,8,200,TRUE,8,"1,2,3,4,5,6,7,8",0.0569504983692504,0.14030612244898,0,,18,32,3360,4966,4100.875,466.154921366584,0.0119383753501401
456422,Democratic_Socialism,8,200,TRUE,8,"1,2,3,4,5,6,7,8",0.057670056634797,0.183673469387755,0,,26,58,2971,4629,4105.25,509.336192649665,0.00816393442622951
456423,Democratic_Socialism,8,200,TRUE,8,"1,2,3,4,5,6,7,8",0.0509966396822972,0.137755102040816,0,,24,58,3415,4492,4091.875,416.432617598574,0.00806467661691542
456424,Democratic_Socialism,8,200,TRUE,8,"1,2,3,4,5,6,7,8",0.0329084451460142,0.163265306122449,0,,23,43,3514,4354,3959.375,254.607786605202,0.00763239875389408
456425,Democratic_Socialism,8,200,TRUE,8,"1,2,3,4,5,6,7,8",0.0561468947113053,0.193877551020408,0,,22,54,3417,4648,4122,445.78149676399,0.00791666666666667
456426,Democratic_Socialism,8,200,TRUE,8,"1,2,3,4,5,6,7,8",0.0551953981008035,0.173469387755102,0,,38,54,3237,4790,4107,465.924580040283,0.0113273273273273
456427,Democratic_Socialism,8,200,TRUE,8,"1,2,3,4,5,6,7,8",0.0402591463414634,0.153061224489796,0,,18,27,3504,4509,4100,336.190422231211,0.00701129943502825
456428,Democratic_Socialism,8,200,TRUE,8,"1,2,3,4,5,6,7,8",0.0419422381555767,0.158163265306122,0,,16,29,3573,4507,4044.625,325.354284917666,0.0131286089238845
456429,Democratic_Socialism,8,200,TRUE,8,"1,2,3,4,5,6,7,8",0.0443973521835499,0.145408163265306,0,,25,61,3627,4548,4173.25,354.098351954853,0.00817066666666667
456430,Democratic_Socialism,8,200,TRUE,8,"1,2,3,4,5,6,7,8",0.0449735046899744,0.142857142857143,0,,16,39,3451,4747,4104.5,372.336637236482,0.00936363636363636
456431,Democratic_Socialism,8,200,TRUE,8,"1,2,3,4,5,6,7,8",0.0339432258458159,0.163265306122449,0,,16,63,3615,4365,4097.375,272.319107718448,0.00720101781170484
456432,Democratic_Socialism,8,200,TRUE,8,"1,2,3,4,5,6,7,8",0.0547859336801855,0.165816326530612,0,,14,78,3333,4582,3988.25,417.507484962845,0.0109836065573771
456433,Democratic_Socialism,8,200,TRUE,8,"1,2,3,4,5,6,7,8",0.0506816789215687,0.153061224489796,0,,21,46,3339,4546,4080,399.936423518967,0.00878048780487805
456434,Democratic_Socialism,8,200,TRUE,8,"1,2,3,4,5,6,7,8",0.0577559152026093,0.181122448979592,0,,19,52,3107,4776,4062.625,483.000425169881,0.00882170542635659
456435,Democratic_Socialism,8,200,TRUE,8,"1,2,3,4,5,6,7,8",0.0786179515987004,0.142857142857143,0,,17,37,2999,4961,4116.625,628.498195815117,0.00955061728395062
456436,Democratic_Socialism,8,200,TRUE,8,"1,2,3,4,5,6,7,8",0.0398901406697374,0.158163265306122,0,,20,64,3398,4460,4016.5,316.46033378157,0.00780357142857143
456437,Democratic_Socialism,8,200,TRUE,8,"1,2,3,4,5,6,7,8",0.0322589299402116,0.176020408163265,0,,17,43,3618,4377,4076.875,253.552720637853,0.00783908045977011
456438,Democratic_Socialism,8,200,TRUE,8,"1,2,3,4,5,6,7,8",0.0480391239236242,0.214285714285714,0,,33,32,3030,4495,4006.5,429.885699094206,0.00902857142857143
456439,Democratic_Socialism,8,200,TRUE,8,"1,2,3,4,5,6,7,8",0.0496281687505846,0.173469387755102,0,,13,50,3287,4411,4008.875,387.118452709983,0.0096025641025641
456440,Democratic_Socialism,8,200,TRUE,8,"1,2,3,4,5,6,7,8",0.0393075860826755,0.150510204081633,0,,24,31,3600,4836,4163.875,342.209809285807,0.00960696517412935
456441,Democratic_Socialism,8,200,TRUE,8,"1,2,3,4,5,6,7,8",0.0395665167293118,0.150510204081633,0,,21,33,3459,4490,4057.25,315.127978537519,0.00961679790026247
456442,Democratic_Socialism,8,200,TRUE,8,"1,2,3,4,5,6,7,8",0.0577380589275911,0.196428571428571,0,,20,64,3425,4633,4098.25,453.812972804562,0.0100451127819549
456443,Democratic_Socialism,8,200,TRUE,8,"1,2,3,4,5,6,7,8",0.0509315130487253,0.153061224489796,0,,14,78,3418,4610,4143.125,411.68033281731,0.00827920227920228
456444,Democratic_Socialism,8,200,TRUE,8,"1,2,3,4,5,6,7,8",0.0588776379006264,0.221938775510204,0,,28,91,3409,4826,4110.75,457.583013545864,0.00788148148148148
456445,Democratic_Socialism,8,200,TRUE,8,"1,2,3,4,5,6,7,8",0.0772829982858034,0.168367346938776,0,,21,32,3093,5117,4010.625,603.023083543005,0.0110271604938272
456446,Democratic_Socialism,8,200,TRUE,8,"1,2,3,4,5,6,7,8",0.041880341880342,0.153061224489796,0,,20,48,3454,4504,4095,334.085532247571,0.00769066666666667
456447,Democratic_Socialism,8,200,TRUE,8,"1,2,3,4,5,6,7,8",0.0628646262866917,0.150510204081633,0,,22,52,3204,4596,4092.375,506.767610166914,0.00849876543209876
456448,Democratic_Socialism,8,200,TRUE,8,"1,2,3,4,5,6,7,8",0.0696369713211964,0.158163265306122,0,,24,50,2891,5068,4057.875,603.983546961339,0.0107164179104478
456449,Democratic_Socialism,8,200,TRUE,8,"1,2,3,4,5,6,7,8",0.0478488559458588,0.153061224489796,0,,25,64,3100,4386,3878.75,377.245940998707,0.0100814249363868
456450,Democratic_Socialism,8,200,TRUE,8,"1,2,3,4,5,6,7,8",0.0332739885812512,0.153061224489796,0,,30,51,3678,4383,4072.25,257.266815360463,0.0093953488372093
456451,Democratic_Socialism,8,200,TRUE,8,"1,2,3,4,5,6,7,8",0.0654517300935025,0.135204081632653,0,,16,41,3200,4922,4197.75,532.515526265935,0.0101651376146789
456452,Democratic_Socialism,8,200,TRUE,8,"1,2,3,4,5,6,7,8",0.0355782126310655,0.142857142857143,0,,35,40,3529,4364,4101,299.539169868841,0.00792837465564738
456453,Democratic_Socialism,8,200,TRUE,8,"1,2,3,4,5,6,7,8",0.041167617978229,0.153061224489796,0,,14,66,3467,4390,4007.625,315.163874606756,0.0102204724409449
456454,Democratic_Socialism,8,200,TRUE,8,"1,2,3,4,5,6,7,8",0.0415885164569216,0.221938775510204,0,,32,59,3630,4730,4132,338.492878169436,0.00806153846153846
456455,Democratic_Socialism,8,200,TRUE,8,"1,2,3,4,5,6,7,8",0.053483976615347,0.193415637860082,0,,14,26,3421,4835,4083.875,427.87262373615,0.0087258064516129
456456,Democratic_Socialism,8,200,TRUE,8,"1,2,3,4,5,6,7,8",0.0614352051171658,0.14030612244898,0,,20,35,3234,4759,4064.75,481.980956944507,0.00795959595959596
456457,Democratic_Socialism,8,200,TRUE,8,"1,2,3,4,5,6,7,8",0.0464599440450046,0.142857142857143,0,,30,24,2999,4488,4155.125,481.687343023015,0.00795024875621891
456458,Democratic_Socialism,8,200,TRUE,8,"1,2,3,4,5,6,7,8",0.0385942216472617,0.188775510204082,0,,32,58,3587,4678,4058.25,314.886714323013,0.00906976744186047
456459,Democratic_Socialism,8,200,TRUE,8,"1,2,3,4,5,6,7,8",0.0402856217016943,0.183673469387755,0,,22,36,3323,4414,4050.375,338.384792591427,0.0070233918128655
456460,Democratic_Socialism,8,200,TRUE,8,"1,2,3,4,5,6,7,8",0.0582817147588237,0.165816326530612,0,,20,60,3380,4696,4076.375,452.992569317801,0.00929943502824859
456461,Democratic_Socialism,8,200,TRUE,8,"1,2,3,4,5,6,7,8",0.0531942415388362,0.158163265306122,0,,12,46,3417,4737,4107,416.042236866815,0.0101111111111111
456462,Democratic_Socialism,8,200,TRUE,8,"1,2,3,4,5,6,7,8",0.0220615628201546,0.160714285714286,0,,28,38,3779,4304,4026.375,171.560016570628,0.00915962441314554
456463,Democratic_Socialism,8,200,TRUE,8,"1,2,3,4,5,6,7,8",0.0549785154476956,0.142857142857143,0,,24,56,3469,4606,4130.875,433.723228898009,0.00972079772079772
456464,Democratic_Socialism,8,200,TRUE,8,"1,2,3,4,5,6,7,8",0.0567800743857081,0.150510204081633,0,,28,58,3338,4857,4100.25,452.36892339897,0.0101937321937322
456465,Democratic_Socialism,8,200,TRUE,8,"1,2,3,4,5,6,7,8",0.0455447470817121,0.178571428571429,0,,24,42,3603,4790,4015.625,382.381984595061,0.0108463768115942
456466,Democratic_Socialism,8,200,TRUE,8,"1,2,3,4,5,6,7,8",0.0434495363483876,0.153061224489796,0,,25,47,3376,4677,3949.625,362.484260742055,0.00729275362318841
456467,Democratic_Socialism,8,200,TRUE,8,"1,2,3,4,5,6,7,8",0.0487542354440611,0.137755102040816,0,,18,38,3603,4960,4021.125,421.561531689029,0.00730027548209366
456468,Democratic_Socialism,8,200,TRUE,8,"1,2,3,4,5,6,7,8",0.0459745503487092,0.158163265306122,0,,18,43,3357,4527,4086.5,370.284832450449,0.00786111111111111
456469,Democratic_Socialism,8,200,TRUE,8,"1,2,3,4,5,6,7,8",0.0515142839456497,0.163265306122449,0,,18,33,3206,4640,4038.625,418.870568996473,0.00865091863517061
456470,Democratic_Socialism,8,200,TRUE,8,"1,2,3,4,5,6,7,8",0.0296529759628115,0.209183673469388,0,,20,46,3941,4560,4248.625,236.992427546295,0.00913333333333333
456471,Democratic_Socialism,8,200,TRUE,8,"1,2,3,4,5,6,7,8",0.0638810675154558,0.168367346938776,0,,29,83,3138,4804,4084.25,511.518677218005,0.0112666666666667
456472,Democratic_Socialism,8,200,TRUE,8,"1,2,3,4,5,6,7,8",0.0379160914250651,0.155612244897959,0,,15,23,3676,4466,4074.375,293.597361558795,0.0106170798898072
456473,Democratic_Socialism,8,200,TRUE,8,"1,2,3,4,5,6,7,8",0.0369371925841846,0.163265306122449,0,,14,68,3532,4431,3964.5,281.664440678722,0.0122203389830508
456474,Democratic_Socialism,8,200,TRUE,8,"1,2,3,4,5,6,7,8",0.070300320953691,0.142857142857143,0,,30,53,3390,5199,4089.375,574.461471417237,0.010031746031746
456475,Democratic_Socialism,8,200,TRUE,8,"1,2,3,4,5,6,7,8",0.0385976235652743,0.201530612244898,0,,14,59,3379,4362,4018.625,322.837392727139,0.00862910798122066
456476,Democratic_Socialism,8,200,TRUE,8,"1,2,3,4,5,6,7,8",0.0600748380604994,0.163265306122449,0,,8,38,3466,4876,3975.25,472.487565973963,0.0111737891737892
456477,Democratic_Socialism,8,200,TRUE,8,"1,2,3,4,5,6,7,8",0.0454580269607843,0.153061224489796,0,,21,33,3116,4422,4080,418.154790205049,0.00814249363867685
456478,Democratic_Socialism,8,200,TRUE,8,"1,2,3,4,5,6,7,8",0.0454321747154722,0.145408163265306,0,,22,76,3223,4423,4063.75,400.586623412643,0.00887064676616916
456479,Democratic_Socialism,8,200,TRUE,8,"1,2,3,4,5,6,7,8",0.0502722935434257,0.142857142857143,0,,22,56,3266,4415,3982.375,389.827411445483,0.00832463768115942
456480,Democratic_Socialism,8,200,TRUE,8,"1,2,3,4,5,6,7,8",0.0494042915324295,0.186224489795918,0,,18,50,3121,4530,4112.75,440.658516962317,0.00858397932816538
456481,Democratic_Socialism,8,200,TRUE,8,"1,2,3,4,5,6,7,8",0.0552323789564522,0.158163265306122,0,,16,74,3472,4718,4055.875,426.823294818828,0.010117048346056
456482,Democratic_Socialism,8,200,TRUE,8,"1,2,3,4,5,6,7,8",0.0428345594941326,0.168367346938776,0,,25,49,3490,4545,4111.75,339.10544082925,0.00783854166666667
456483,Democratic_Socialism,8,200,TRUE,8,"1,2,3,4,5,6,7,8",0.0431567879943118,0.150510204081633,0,,28,55,3474,4497,4131.375,353.080702025553,0.00671717171717172
456484,Democratic_Socialism,8,200,TRUE,8,"1,2,3,4,5,6,7,8",0.0526211035580868,0.147959183673469,0,,22,43,3295,4612,4082.25,418.811157580939,0.00899453551912568
456485,Democratic_Socialism,8,200,TRUE,8,"1,2,3,4,5,6,7,8",0.0356909430438843,0.168367346938776,0,,17,47,3340,4408,4016.25,311.239342904185,0.0112929292929293
456486,Democratic_Socialism,8,200,TRUE,8,"1,2,3,4,5,6,7,8",0.0336863295591274,0.168367346938776,0,,27,66,3482,4318,4051.625,278.248058650653,0.00839276485788114
456487,Democratic_Socialism,8,200,TRUE,8,"1,2,3,4,5,6,7,8",0.0350240243940001,0.145408163265306,0,,46,34,3713,4355,4058.375,277.399112935032,0.00819117647058824
456488,Democratic_Socialism,8,200,TRUE,8,"1,2,3,4,5,6,7,8",0.0410403660827929,0.173469387755102,0,,13,71,3730,4774,4124.75,334.14100958385,0.008
456489,Democratic_Socialism,8,200,TRUE,8,"1,2,3,4,5,6,7,8",0.0623784122999687,0.209183673469388,0,,20,79,3348,4765,3983.75,476.428003854877,0.00940458015267176
456490,Democratic_Socialism,8,200,TRUE,8,"1,2,3,4,5,6,7,8",0.0540998092020895,0.153061224489796,0,,26,38,3375,4535,3996.375,410.336425561827,0.00768852459016394
456491,Democratic_Socialism,8,200,TRUE,8,"1,2,3,4,5,6,7,8",0.0507907169371415,0.160714285714286,0,,26,61,3203,4702,4074.625,427.056683256785,0.00977777777777778
456492,Democratic_Socialism,8,200,TRUE,8,"1,2,3,4,5,6,7,8",0.0644469265136343,0.150510204081633,0,,28,20,3150,4870,4056.875,514.028191972831,0.00934391534391534
456493,Democratic_Socialism,8,200,TRUE,8,"1,2,3,4,5,6,7,8",0.0528724844605821,0.163265306122449,0,,16,31,3524,4667,4062.25,404.404235529607,0.0081994301994302
456494,Democratic_Socialism,8,200,TRUE,8,"1,2,3,4,5,6,7,8",0.038463877402092,0.153061224489796,0,,26,77,3503,4661,4111,324.754412705091,0.00724731182795699
456495,Democratic_Socialism,8,200,TRUE,8,"1,2,3,4,5,6,7,8",0.0412226540462608,0.198979591836735,0,,21,63,3471,4509,3988.25,314.951129995932,0.0083072463768116
456496,Democratic_Socialism,8,200,TRUE,8,"1,2,3,4,5,6,7,8",0.0574185432901762,0.165980795610425,0,,17,34,3466,4593,4074.25,444.410926315467,0.00715873015873016
456497,Democratic_Socialism,8,200,TRUE,8,"1,2,3,4,5,6,7,8",0.0505204376234616,0.183673469387755,0,,23,34,3233,4585,4113.125,420.708394938143,0.00735466666666667
456498,Democratic_Socialism,8,200,TRUE,8,"1,2,3,4,5,6,7,8",0.0414297633026388,0.160714285714286,0,,28,49,3369,4567,4045.25,342.091779664881,0.00978947368421053
456499,Democratic_Socialism,8,200,TRUE,8,"1,2,3,4,5,6,7,8",0.0579180237202728,0.147959183673469,0,,21,47,2816,4510,4068.25,538.265667279113,0.00940458015267176
456500,Democratic_Socialism,8,200,TRUE,8,"1,2,3,4,5,6,7,8",0.0400093412884952,0.150510204081633,0,,23,73,3525,4534,4148.25,324.73978593857,0.00831216931216931
456501,Democratic_Socialism,8,200,TRUE,8,"1,2,3,4,5,6,7,8",0.0578282368644583,0.170918367346939,0,,19,49,3397,4878,4120.5,454.656228060593,0.00998989898989899
456502,Democratic_Socialism,8,200,TRUE,8,"1,2,3,4,5,6,7,8",0.0415855735312005,0.150510204081633,0,,19,58,3729,4499,4110.5,335.335226729484,0.00895169082125604
456503,Democratic_Socialism,8,200,TRUE,8,"1,2,3,4,5,6,7,8",0.0578854905117172,0.153061224489796,0,,25,53,2848,4539,4037.875,520.253904358247,0.0086045197740113
456504,Democratic_Socialism,8,200,TRUE,8,"1,2,3,4,5,6,7,8",0.069888971591614,0.145408163265306,0,,22,54,3207,4915,4030.5,552.358320554434,0.00897814207650273
456505,Democratic_Socialism,8,200,TRUE,8,"1,2,3,4,5,6,7,8",0.0480143985137018,0.158163265306122,0,,30,47,3543,4651,4036.875,370.019859505637,0.00776744186046512
456506,Democratic_Socialism,8,200,TRUE,8,"1,2,3,4,5,6,7,8",0.0420744680851064,0.204081632653061,0,,30,64,3729,4653,4112.5,327.869311943472,0.00973544973544974
456507,Democratic_Socialism,8,200,TRUE,8,"1,2,3,4,5,6,7,8",0.0629350164515312,0.142857142857143,0,,26,72,3352,4941,3951,505.654879480913,0.0122474747474747
456508,Democratic_Socialism,8,200,TRUE,8,"1,2,3,4,5,6,7,8",0.0528576765035487,0.153061224489796,0,,22,45,3152,4635,4015.5,433.984529019839,0.00945507246376812
456509,Democratic_Socialism,8,200,TRUE,8,"1,2,3,4,5,6,7,8",0.0714013205020398,0.160714285714286,0,,16,76,2957,4786,4013.625,566.818927373259,0.0097037037037037
456510,Democratic_Socialism,8,200,TRUE,8,"1,2,3,4,5,6,7,8",0.0340242501209482,0.176020408163265,0,,16,46,3690,4421,4134,268.532519977962,0.00781728395061728
456511,Democratic_Socialism,8,200,TRUE,8,"1,2,3,4,5,6,7,8",0.0523370638578011,0.145408163265306,0,,30,41,3648,5127,4177.25,449.507587731922,0.01
456512,Democratic_Socialism,8,200,TRUE,8,"1,2,3,4,5,6,7,8",0.0490411150041858,0.160714285714286,0,,22,65,3125,4672,4031.375,431.073721736119,0.00946456692913386
456513,Democratic_Socialism,8,200,TRUE,8,"1,2,3,4,5,6,7,8",0.0364346678128453,0.155612244897959,0,,26,36,3708,4460,4071.5,278.179797972462,0.00805839416058394
456514,Democratic_Socialism,8,200,TRUE,8,"1,2,3,4,5,6,7,8",0.0675018525379771,0.147959183673469,0,,36,78,2883,4992,4048.5,584.565772909382,0.0104873949579832
456515,Democratic_Socialism,8,200,TRUE,8,"1,2,3,4,5,6,7,8",0.0229896620032191,0.160714285714286,0,,17,39,3834,4297,4038.5,178.649697133005,0.00980577427821522
456516,Democratic_Socialism,8,200,TRUE,8,"1,2,3,4,5,6,7,8",0.0797337186659661,0.181122448979592,0,,19,31,2809,5056,4044.125,644.476407082303,0.00958395989974937
456517,Democratic_Socialism,8,200,TRUE,8,"1,2,3,4,5,6,7,8",0.072149811557789,0.155612244897959,0,,18,63,3051,4699,3980,552.676345483632,0.00971428571428572
456518,Democratic_Socialism,8,200,TRUE,8,"1,2,3,4,5,6,7,8",0.0429286870989025,0.163265306122449,0,,34,80,3523,4652,4168.25,349.2227083109,0.00846831955922865
456519,Democratic_Socialism,8,200,TRUE,8,"1,2,3,4,5,6,7,8",0.0556726596404216,0.155612244897959,0,,38,38,3135,4617,4032.5,454.802940058345,0.0102222222222222
456520,Democratic_Socialism,8,200,TRUE,8,"1,2,3,4,5,6,7,8",0.0335076923076922,0.158163265306122,0,,16,57,3553,4439,4062.5,267.872570984254,0.00806956521739131
456521,Democratic_Socialism,8,200,TRUE,8,"1,2,3,4,5,6,7,8",0.0562711148648649,0.176020408163265,0,,16,54,3581,4985,4144,453.853343209959,0.00822916666666667
456522,Democratic_Socialism,8,200,TRUE,8,"1,2,3,4,5,6,7,8",0.0673490221362563,0.160714285714286,0,,16,74,3020,4662,4071.375,541.647470355818,0.00959055118110236
456523,Democratic_Socialism,8,200,TRUE,8,"1,2,3,4,5,6,7,8",0.0510352329083883,0.178571428571429,0,,22,81,3304,4555,4108.375,416.129422690311,0.00751884057971015
456524,Democratic_Socialism,8,200,TRUE,8,"1,2,3,4,5,6,7,8",0.0376004505052965,0.13265306122449,0,,30,37,3538,4480,4106.5,302.563806729849,0.00975141242937853
456525,Democratic_Socialism,8,200,TRUE,8,"1,2,3,4,5,6,7,8",0.0417603110004252,0.163265306122449,0,,19,69,3539,4607,4115.75,329.070878166305,0.00843502824858757
456526,Democratic_Socialism,8,200,TRUE,8,"1,2,3,4,5,6,7,8",0.0667129503171569,0.198979591836735,0,,10,69,3100,4912,4118.625,540.334800312335,0.00834463276836158
456527,Democratic_Socialism,8,200,TRUE,8,"1,2,3,4,5,6,7,8",0.050346418541493,0.198979591836735,0,,14,81,3479,4605,4050.375,386.104699901095,0.00793388429752066
456528,Democratic_Socialism,8,200,TRUE,8,"1,2,3,4,5,6,7,8",0.0334997571931528,0.155612244897959,0,,22,57,3713,4802,4118.5,308.76204429949,0.00782513661202186
456529,Democratic_Socialism,8,200,TRUE,8,"1,2,3,4,5,6,7,8",0.0729018867924529,0.168367346938776,0,,24,37,3307,4880,4140.625,578.319224131448,0.0111679197994987
456530,Democratic_Socialism,8,200,TRUE,8,"1,2,3,4,5,6,7,8",0.0429781420765027,0.155612244897959,0,,21,46,3184,4378,4003.125,372.254689119464,0.00858479532163743
456531,Democratic_Socialism,8,200,TRUE,8,"1,2,3,4,5,6,7,8",0.0570560662601256,0.170918367346939,0,,32,53,3550,5344,4120.125,534.983694678098,0.00901355013550135
456532,Democratic_Socialism,8,200,TRUE,8,"1,2,3,4,5,6,7,8",0.0380414831130691,0.142857142857143,0,,28,50,3503,4556,4086,307.282559590634,0.00783202099737533
456533,Democratic_Socialism,8,200,TRUE,8,"1,2,3,4,5,6,7,8",0.0426808961550107,0.13265306122449,0,,19,41,3684,4648,4128.75,332.751194051738,0.0093490813648294
456534,Democratic_Socialism,8,200,TRUE,8,"1,2,3,4,5,6,7,8",0.0626735952141135,0.173469387755102,0,,13,34,3418,4997,4095.375,497.754941856791,0.0111629072681704
456535,Democratic_Socialism,8,200,TRUE,8,"1,2,3,4,5,6,7,8",0.0400408000490828,0.168367346938776,0,,22,86,3466,4622,4074.75,327.686588068539,0.00747286821705426
456536,Democratic_Socialism,8,200,TRUE,8,"1,2,3,4,5,6,7,8",0.03442061768609,0.152263374485597,0,,24,17,3574,4543,4144.5,287.24504223,0.00955172413793103
456537,Democratic_Socialism,8,200,TRUE,8,"1,2,3,4,5,6,7,8",0.057735878336437,0.160493827160494,0,,19,58,3388,4897,4027.5,457.540630514306,0.00921008403361345
456538,Democratic_Socialism,8,200,TRUE,8,"1,2,3,4,5,6,7,8",0.0435690732109453,0.163265306122449,0,,26,50,3583,4666,3942.375,347.216251059768,0.0101242937853107
456539,Democratic_Socialism,8,200,TRUE,8,"1,2,3,4,5,6,7,8",0.0905393109404398,0.153061224489796,0,,16,68,2754,5010,4052.625,710.227717506354,0.0116770833333333
456540,Democratic_Socialism,8,200,TRUE,8,"1,2,3,4,5,6,7,8",0.031517580615777,0.176020408163265,0,,13,66,3829,4453,4116.75,245.222785005216,0.00814754098360656
456541,Democratic_Socialism,8,200,TRUE,8,"1,2,3,4,5,6,7,8",0.0266310883944678,0.13265306122449,0,,25,37,3769,4508,4157.5,217.496141180876,0.00903307888040713
456542,Democratic_Socialism,8,200,TRUE,8,"1,2,3,4,5,6,7,8",0.0828480931661122,0.201530612244898,0,,10,57,2821,4747,3907,622.827653299278,0.00984818481848185
456543,Democratic_Socialism,8,200,TRUE,8,"1,2,3,4,5,6,7,8",0.076330024966865,0.178571428571429,0,,26,64,3553,5634,4055.375,697.422793986136,0.0131269841269841
456544,Democratic_Socialism,8,200,TRUE,8,"1,2,3,4,5,6,7,8",0.0442651182638381,0.158163265306122,0,,28,31,3269,4578,4101,383.083728259427,0.0100426666666667
456545,Democratic_Socialism,8,200,TRUE,8,"1,2,3,4,5,6,7,8",0.0447614593077643,0.168367346938776,0,,24,61,3285,4592,4008.75,369.261715163804,0.00851612903225807
456546,Democratic_Socialism,8,200,TRUE,8,"1,2,3,4,5,6,7,8",0.0743827547311693,0.223593964334705,0,,16,60,2925,4885,3989.5,588.538868724913,0.00989617486338798
456547,Democratic_Socialism,8,200,TRUE,8,"1,2,3,4,5,6,7,8",0.0521200095482486,0.168367346938776,0,,22,40,3589,5119,4189.25,450.895854304042,0.0102121212121212
456548,Democratic_Socialism,8,200,TRUE,8,"1,2,3,4,5,6,7,8",0.0490560330116969,0.178571428571429,0,,22,59,3093,4560,4028.875,428.801798203852,0.00952910052910053
456549,Democratic_Socialism,8,200,TRUE,8,"1,2,3,4,5,6,7,8",0.0659808429118773,0.141289437585734,0,,9,53,3408,4949,4078.125,509.625755544484,0.0100643274853801
456550,Democratic_Socialism,8,200,TRUE,8,"1,2,3,4,5,6,7,8",0.0387116933617258,0.137755102040816,0,,28,29,3481,4432,4050.375,303.031793475772,0.00718032786885246
456551,Democratic_Socialism,8,200,TRUE,8,"1,2,3,4,5,6,7,8",0.0668960479778564,0.158163265306122,0,,22,20,3153,5151,4064.375,565.547253930714,0.0111875
456552,Democratic_Socialism,8,200,TRUE,8,"1,2,3,4,5,6,7,8",0.0328488638796294,0.173469387755102,0,,36,64,3541,4394,4087.375,270.164995882146,0.00837948717948718
456553,Democratic_Socialism,8,200,TRUE,8,"1,2,3,4,5,6,7,8",0.0521378573419642,0.160714285714286,0,,20,58,2895,4466,4035.875,488.839277560339,0.00783471074380165
737347,Rent_Control_Only,8,200,TRUE,7,"1,3,4,5,6,7,8",0.281059300739464,0.155612244897959,1,65,20,33,0,2999,1741.125,943.39363659685,0.00840455840455841
737348,Rent_Control_Only,8,200,TRUE,8,"1,2,3,4,5,6,7,8",0.181865464632455,0.145408163265306,0,,29,33,691,2519,1802.5,639.004359475404,0.00771875
737349,Rent_Control_Only,8,200,TRUE,8,"1,2,3,4,5,6,7,8",0.15605126541207,0.163265306122449,0,,23,23,841,2572,1926.25,610.508862694532,0.00855913978494624
737350,Rent_Control_Only,8,200,TRUE,8,"1,2,3,4,5,6,7,8",0.194279946164199,0.137755102040816,0,,18,25,796,2790,1857.5,699.522898634695,0.00900546448087432
737351,Rent_Control_Only,8,200,TRUE,8,"1,2,3,4,5,6,7,8",0.165618955512572,0.155612244897959,0,,29,62,885,2216,1615.625,521.358921473489,0.00939018087855297
737352,Rent_Control_Only,8,200,TRUE,8,"1,2,3,4,5,6,7,8",0.210415325177077,0.150510204081633,0,,15,29,1029,3041,1941.25,777.013651286587,0.00886458333333333
737353,Rent_Control_Only,8,200,TRUE,8,"1,2,3,4,5,6,7,8",0.211873209169055,0.150510204081633,0,,28,28,739,2680,1745,706.723223253428,0.00944186046511628
737354,Rent_Control_Only,8,200,TRUE,7,"1,2,3,4,5,6,8",0.282969240186701,0.166666666666667,1,166,22,45,0,3209,1633.625,923.066308947676,0.0100853333333333
737355,Rent_Control_Only,8,200,TRUE,8,"1,2,3,4,5,6,7,8",0.206458191706322,0.153061224489796,0,,17,23,801,3135,1838.75,736.302490246269,0.00994791666666667
737356,Rent_Control_Only,8,200,TRUE,8,"1,2,3,4,5,6,7,8",0.18895975565936,0.145408163265306,0,,33,26,792,2429,1739.375,646.911329207599,0.00866666666666667
737357,Rent_Control_Only,8,200,TRUE,7,"1,2,4,5,6,7,8",0.252612868132722,0.160714285714286,1,162,29,31,0,2696,1608.625,815.332699402082,0.00877222222222222
737358,Rent_Control_Only,8,200,TRUE,8,"1,2,3,4,5,6,7,8",0.114082374318595,0.155612244897959,0,,25,27,1460,2684,2063.75,458.872453489451,0.0077989417989418
737359,Rent_Control_Only,8,200,TRUE,8,"1,2,3,4,5,6,7,8",0.147884283246978,0.153061224489796,0,,18,31,892,2296,1809.375,563.499001773739,0.00785185185185185
737360,Rent_Control_Only,8,200,TRUE,8,"1,2,3,4,5,6,7,8",0.247827156444736,0.13265306122449,0,,11,25,602,2830,1905.625,930.760662423099,0.00744949494949495
737361,Rent_Control_Only,8,200,TRUE,8,"1,2,3,4,5,6,7,8",0.188254762673555,0.137755102040816,0,,8,20,995,2930,1935.625,695.698813629659,0.00888713910761155
737362,Rent_Control_Only,8,200,TRUE,7,"1,3,4,5,6,7,8",0.292009602194787,0.163265306122449,1,89,13,72,0,2136,1366.875,779.528142532391,0.0096504854368932
737363,Rent_Control_Only,8,200,TRUE,8,"1,2,3,4,5,6,7,8",0.246524064171123,0.153061224489796,0,,20,43,725,2980,1870,901.536941640695,0.00837435897435897
737364,Rent_Control_Only,8,200,TRUE,7,"1,2,3,4,6,7,8",0.269007311341283,0.176020408163265,1,68,19,43,0,2292,1436.125,762.970405248929,0.00933888888888889
737365,Rent_Control_Only,8,200,TRUE,8,"1,2,3,4,5,6,7,8",0.178258426966292,0.204081632653061,0,,18,72,803,2317,1668.75,567.081689756549,0.00812073490813648
737366,Rent_Control_Only,8,200,TRUE,8,"1,2,3,4,5,6,7,8",0.15613812901047,0.141289437585734,0,,20,29,990,2748,1850.625,551.582123790931,0.0104736842105263
737367,Rent_Control_Only,8,200,TRUE,6,"1,3,4,5,6,8",0.383053561032408,0.181122448979592,2,97,14,51,0,2650,1288.25,941.751369978904,0.00938738738738739
737368,Rent_Control_Only,8,200,TRUE,8,"1,2,3,4,5,6,7,8",0.186221892235893,0.196428571428571,0,,9,51,564,2138,1473.125,520.628037634767,0.0103440860215054
737369,Rent_Control_Only,8,200,TRUE,8,"1,2,3,4,5,6,7,8",0.110538785538786,0.178571428571429,0,,30,27,1055,2164,1780.625,394.880429461158,0.00777595628415301
737370,Rent_Control_Only,8,200,TRUE,8,"1,2,3,4,5,6,7,8",0.116046244670384,0.170918367346939,0,,24,24,1343,2333,1905.625,436.395278716113,0.0103389830508475
737371,Rent_Control_Only,8,200,TRUE,8,"1,2,3,4,5,6,7,8",0.166422160856058,0.153061224489796,0,,18,33,886,2586,1810.625,578.849582608223,0.00848309178743961
737372,Rent_Control_Only,8,200,TRUE,8,"1,2,3,4,5,6,7,8",0.113266919671094,0.188775510204082,0,,37,22,1166,2396,1976.25,465.563790320019,0.00839705882352941
737373,Rent_Control_Only,8,200,TRUE,7,"1,2,3,4,5,7,8",0.346222052617401,0.145557655954631,1,197,19,54,0,2715,1392.125,902.722459721544,0.00995
737374,Rent_Control_Only,8,200,TRUE,6,"1,2,3,4,5,7",0.297870254157515,0.2,2,109,15,29,0,2366,1593.5,976.038494557025,0.00980780780780781
737375,Rent_Control_Only,8,200,TRUE,7,"1,2,4,5,6,7,8",0.224809692109019,0.168724279835391,1,154,28,29,0,3000,1839.125,872.832243332016,0.00815300546448088
737376,Rent_Control_Only,8,200,TRUE,7,"1,2,3,4,6,7,8",0.248101265822785,0.1875,1,180,32,33,0,2357,1580,795.607584536138,0.00726190476190476
737377,Rent_Control_Only,8,200,TRUE,8,"1,2,3,4,5,6,7,8",0.234272596326972,0.173469387755102,0,,13,50,806,2750,1735.625,779.527684379641,0.0116745406824147
737378,Rent_Control_Only,8,200,TRUE,7,"1,2,3,4,5,7,8",0.250524362697644,0.229080932784636,1,149,19,54,0,2356,1549.5,774.449481890201,0.0089320987654321
737379,Rent_Control_Only,8,200,TRUE,8,"1,2,3,4,5,6,7,8",0.155911102914054,0.145408163265306,0,,21,50,929,2189,1694.375,528.935842045139,0.0103893333333333
737380,Rent_Control_Only,8,200,TRUE,7,"2,3,4,5,6,7,8",0.266950407105848,0.168367346938776,1,120,19,30,0,2546,1688.75,890.926123280072,0.00975375375375375
737381,Rent_Control_Only,8,200,TRUE,8,"1,2,3,4,5,6,7,8",0.147153024911032,0.173469387755102,0,,14,56,904,1857,1405,395.774466800763,0.00845217391304348
737382,Rent_Control_Only,8,200,TRUE,8,"1,2,3,4,5,6,7,8",0.196863603209336,0.157750342935528,0,,23,37,873,2758,1713.75,637.415708713149,0.00868279569892473
737383,Rent_Control_Only,8,200,TRUE,7,"1,2,3,4,6,7,8",0.29087986023344,0.171467764060357,1,156,16,39,0,2708,1681.375,948.252970693249,0.00795384615384615
737384,Rent_Control_Only,8,200,TRUE,8,"1,2,3,4,5,6,7,8",0.240732975511573,0.150510204081633,0,,24,40,648,2819,1863.125,858.791249789078,0.007984
737385,Rent_Control_Only,8,200,TRUE,7,"1,2,3,5,6,7,8",0.333898713122647,0.172022684310019,1,187,9,69,0,2574,1427.875,898.841863971951,0.00725157232704403
737386,Rent_Control_Only,8,200,TRUE,7,"1,2,3,4,5,7,8",0.207991938681115,0.1744,1,165,22,31,0,2585,1891.75,850.286632343975,0.00830985915492958
737387,Rent_Control_Only,8,200,TRUE,6,"1,2,3,4,7,8",0.359173411331036,0.218106995884774,2,124,26,41,0,2941,1559.875,1061.7186118338,0.00859620596205962
737388,Rent_Control_Only,8,200,TRUE,6,"1,4,5,6,7,8",0.403664142779881,0.2224,2,138,13,33,0,3327,1617.875,1234.16142003965,0.00824712643678161
737389,Rent_Control_Only,8,200,TRUE,7,"1,2,3,5,6,7,8",0.225699099789312,0.1648,1,187,18,19,0,2747,1957.875,920.645028149907,0.00836158192090396
737390,Rent_Control_Only,8,200,TRUE,7,"1,2,3,4,5,7,8",0.294137992195814,0.186224489795918,1,157,16,28,0,2763,1761.875,1021.75904868586,0.00728165374677003
737391,Rent_Control_Only,8,200,TRUE,8,"1,2,3,4,5,6,7,8",0.223652202498356,0.13265306122449,0,,18,37,571,2791,1901.25,834.479778065353,0.00825238095238095
737392,Rent_Control_Only,8,200,TRUE,7,"1,2,3,5,6,7,8",0.263874217158379,0.178571428571429,1,171,21,46,0,2521,1656.625,868.759367883716,0.0073954802259887
737393,Rent_Control_Only,8,200,TRUE,8,"1,2,3,4,5,6,7,8",0.216981981981982,0.142857142857143,0,,16,28,812,2554,1734.375,724.555615039808,0.00925806451612903
737394,Rent_Control_Only,8,200,TRUE,7,"1,2,4,5,6,7,8",0.258003311715193,0.170918367346939,1,130,12,29,0,2692,1811.75,940.684363337975,0.00751149425287356
737395,Rent_Control_Only,8,200,TRUE,7,"1,2,4,5,6,7,8",0.274985340467639,0.188775510204082,1,106,15,36,0,2646,1705.375,926.597915186825,0.00741880341880342
737396,Rent_Control_Only,8,200,TRUE,8,"1,2,3,4,5,6,7,8",0.229065208419315,0.145408163265306,0,,21,58,774,2560,1514.375,658.003025937463,0.00778974358974359
737397,Rent_Control_Only,8,200,TRUE,7,"1,2,3,4,6,7,8",0.218099728582365,0.163265306122449,1,100,16,26,0,2438,1796.125,832.745105488039,0.00725068870523416
737398,Rent_Control_Only,8,200,TRUE,7,"1,3,4,5,6,7,8",0.27554737339529,0.152263374485597,1,89,23,45,0,2526,1587.125,868.066725134488,0.00845954692556634
737399,Rent_Control_Only,8,200,TRUE,8,"1,2,3,4,5,6,7,8",0.187080536912752,0.160714285714286,0,,14,26,843,2663,1862.5,666.460372844049,0.00860266666666667
737400,Rent_Control_Only,8,200,TRUE,8,"1,2,3,4,5,6,7,8",0.217675814751287,0.135204081632653,0,,25,32,761,2890,1821.875,762.450455064833,0.00860952380952381
737401,Rent_Control_Only,8,200,TRUE,8,"1,2,3,4,5,6,7,8",0.232174151150055,0.163265306122449,0,,10,35,904,3332,1711.875,794.891086429905,0.0114080459770115
737402,Rent_Control_Only,8,200,TRUE,7,"1,2,3,4,5,7,8",0.304414021290879,0.214285714285714,2,165,15,67,196,2277,1303.375,755.697017423555,0.00933928571428572
737403,Rent_Control_Only,8,200,TRUE,8,"1,2,3,4,5,6,7,8",0.170334238208347,0.155612244897959,0,,24,34,995,2459,1841.875,613.163794826239,0.00695802469135803
737404,Rent_Control_Only,8,200,TRUE,8,"1,2,3,4,5,6,7,8",0.197206303724928,0.181122448979592,0,,18,49,402,2837,1963.125,772.991856822752,0.00931165311653116
737405,Rent_Control_Only,8,200,TRUE,5,"1,4,6,7,8",0.534934130931577,0.292517006802721,3,100,17,80,0,2594,929.875,970.3541971142,0.00866071428571429
737406,Rent_Control_Only,8,200,TRUE,8,"1,2,3,4,5,6,7,8",0.140792146242383,0.14030612244898,0,,18,27,966,2377,1846.25,503.946638331594,0.00758469945355191
737407,Rent_Control_Only,8,200,TRUE,7,"1,3,4,5,6,7,8",0.298230025589991,0.16323731138546,1,145,15,24,0,2986,1758.5,1001.93740893759,0.00954471544715447
737408,Rent_Control_Only,8,200,TRUE,8,"1,2,3,4,5,6,7,8",0.25260269121813,0.145408163265306,0,,24,36,626,3043,1765,843.610607533391,0.00737913486005089
737409,Rent_Control_Only,8,200,TRUE,7,"1,2,3,4,5,6,7",0.297888015717092,0.183673469387755,1,103,15,58,0,2852,1590.625,904.752205618438,0.00943768115942029
737410,Rent_Control_Only,8,200,TRUE,8,"1,2,3,4,5,6,7,8",0.21285360678925,0.198979591836735,0,,18,45,893,3027,1767.5,720.209493332124,0.0082046783625731
737411,Rent_Control_Only,8,200,TRUE,7,"1,2,3,4,6,7,8",0.290328132170721,0.168975069252078,1,196,13,66,0,2181,1361.875,769.399475936544,0.00754666666666667
737412,Rent_Control_Only,8,200,TRUE,8,"1,2,3,4,5,6,7,8",0.135528771384137,0.173469387755102,0,,24,20,1308,2791,2009.375,518.064236916069,0.00861666666666667
737413,Rent_Control_Only,8,200,TRUE,8,"1,2,3,4,5,6,7,8",0.239290095062864,0.153061224489796,0,,16,24,676,3091,2038.125,926.651951536128,0.0123103448275862
737414,Rent_Control_Only,8,200,TRUE,8,"1,2,3,4,5,6,7,8",0.175881975625401,0.173469387755102,0,,18,38,965,3095,1948.75,662.024114796001,0.00903174603174603
737415,Rent_Control_Only,8,200,TRUE,8,"1,2,3,4,5,6,7,8",0.131691078561917,0.158163265306122,0,,12,28,1388,2944,1877.5,508.931934825979,0.00977083333333333
737416,Rent_Control_Only,8,200,TRUE,8,"1,2,3,4,5,6,7,8",0.211409908381405,0.147959183673469,0,,13,29,810,3148,1841.875,745.474621106772,0.00932846715328467
737417,Rent_Control_Only,8,200,TRUE,8,"1,2,3,4,5,6,7,8",0.272530422333572,0.158163265306122,0,,7,41,875,3132,1746.25,938.190621812616,0.0101381381381381
737418,Rent_Control_Only,8,200,TRUE,8,"1,2,3,4,5,6,7,8",0.143405747519672,0.181122448979592,0,,23,36,1042,2597,1826.875,523.920778498865,0.0114773333333333
737419,Rent_Control_Only,8,200,TRUE,8,"1,2,3,4,5,6,7,8",0.254151588258946,0.145408163265306,0,,22,58,653,2755,1554.375,763.561942009759,0.00839243498817967
737420,Rent_Control_Only,8,200,TRUE,8,"1,2,3,4,5,6,7,8",0.13962631044978,0.150510204081633,0,,28,34,1021,2357,1848.125,519.883898439972,0.00784397163120567
737421,Rent_Control_Only,8,200,TRUE,8,"1,2,3,4,5,6,7,8",0.168975468975469,0.158163265306122,0,,19,41,979,2449,1732.5,555.682848908826,0.00777777777777778
737422,Rent_Control_Only,8,200,TRUE,8,"1,2,3,4,5,6,7,8",0.202431087289433,0.145408163265306,0,,16,51,780,2387,1632.5,626.427968724258,0.00873099415204678
737423,Rent_Control_Only,8,200,TRUE,8,"1,2,3,4,5,6,7,8",0.135992791612058,0.147959183673469,0,,26,42,903,2359,1907.5,531.925612414797,0.00753809523809524
737424,Rent_Control_Only,8,200,TRUE,8,"1,2,3,4,5,6,7,8",0.182380254154448,0.153061224489796,0,,24,35,784,3117,1918.125,704.375597350488,0.00989565217391304
737425,Rent_Control_Only,8,200,TRUE,7,"1,2,3,4,5,7,8",0.260333435771358,0.170918367346939,1,133,27,38,0,2520,1627,832.012019143954,0.00800680272108844
737426,Rent_Control_Only,8,200,TRUE,7,"1,2,3,4,5,6,7",0.279032817194361,0.168367346938776,1,87,18,36,198,2642,1622.625,856.715311524196,0.00895392953929539
737427,Rent_Control_Only,8,200,TRUE,7,"1,3,4,5,6,7,8",0.251728713463407,0.207100591715976,1,105,14,37,0,2674,1672.125,842.335942059767,0.00946005509641873
737428,Rent_Control_Only,8,200,TRUE,7,"1,2,3,4,5,7,8",0.267320437731196,0.170918367346939,1,141,20,34,0,2592,1622,844.618933518035,0.00958490566037736
737429,Rent_Control_Only,8,200,TRUE,7,"1,3,4,5,6,7,8",0.293921714664019,0.173611111111111,2,169,21,38,0,2599,1510.5,854.263258185505,0.00863911845730028
737430,Rent_Control_Only,8,200,TRUE,6,"1,2,3,6,7,8",0.42018779342723,0.2,2,99,27,43,0,2537,1278,1042.33940181278,0.00892307692307692
737431,Rent_Control_Only,8,200,TRUE,6,"1,2,5,6,7,8",0.331518198843742,0.246527777777778,3,146,16,28,0,2648,1535.125,1015.81078630394,0.00805774278215223
737432,Rent_Control_Only,8,200,TRUE,8,"1,2,3,4,5,6,7,8",0.224655304481042,0.165816326530612,0,,20,57,554,2372,1631.875,719.509244952022,0.00739949109414758
737433,Rent_Control_Only,8,200,TRUE,7,"1,2,4,5,6,7,8",0.202319587628866,0.163265306122449,1,154,28,28,185,2470,1806.625,761.549911599458,0.00911290322580645
737434,Rent_Control_Only,8,200,TRUE,8,"1,2,3,4,5,6,7,8",0.245427553444181,0.168367346938776,0,,18,43,589,3234,1841.875,855.087370222649,0.00854545454545455
737435,Rent_Control_Only,8,200,TRUE,7,"1,2,3,4,6,7,8",0.29691942165543,0.196159122085048,1,148,24,44,0,2428,1538.875,896.007563344991,0.00976344086021505
737436,Rent_Control_Only,8,200,TRUE,8,"1,2,3,4,5,6,7,8",0.261545521292217,0.165816326530612,0,,27,33,475,2846,1702.5,848.89373388462,0.00851443569553806
737437,Rent_Control_Only,8,200,TRUE,7,"1,2,3,5,6,7,8",0.288956639566396,0.155612244897959,1,99,18,43,0,2805,1614.375,902.051778288966,0.00786309523809524
737438,Rent_Control_Only,8,200,TRUE,8,"1,2,3,4,5,6,7,8",0.142774458551158,0.158163265306122,0,,15,42,1119,2421,1673.75,452.421974330539,0.010158024691358
737439,Rent_Control_Only,8,200,TRUE,8,"1,2,3,4,5,6,7,8",0.218120567375887,0.158163265306122,0,,18,45,890,2883,1762.5,734.813095769452,0.0101
737440,Rent_Control_Only,8,200,TRUE,7,"1,3,4,5,6,7,8",0.256357735688444,0.2224,1,193,15,37,0,2867,1762.125,914.435569471292,0.00937853107344633
737441,Rent_Control_Only,8,200,TRUE,8,"1,2,3,4,5,6,7,8",0.172965924895689,0.147959183673469,0,,23,25,1043,2572,1797.5,602.411582131116,0.00920555555555556
737442,Rent_Control_Only,8,200,TRUE,8,"1,2,3,4,5,6,7,8",0.176286976565501,0.14030612244898,0,,14,40,813,2243,1626.875,545.147539007299,0.009568
737443,Rent_Control_Only,8,200,TRUE,6,"1,2,4,5,6,7",0.43806934374419,0.181122448979592,2,82,8,54,0,3026,1344.75,1132.08325665562,0.00991954022988506
737444,Rent_Control_Only,8,200,TRUE,8,"1,2,3,4,5,6,7,8",0.0883961629081118,0.137755102040816,0,,25,25,1286,2276,1856.875,317.404400680628,0.00799435028248588
737445,Rent_Control_Only,8,200,TRUE,8,"1,2,3,4,5,6,7,8",0.155500181225082,0.168367346938776,0,,22,41,974,2371,1724.375,507.93529888869,0.00960671462829736
737446,Rent_Control_Only,8,200,TRUE,7,"1,2,3,4,6,7,8",0.271359653211522,0.196428571428571,1,116,22,41,0,2022,1340.875,721.670965290178,0.00790384615384615
737447,Rent_Control_Only,8,200,TRUE,8,"1,2,3,4,5,6,7,8",0.151554726368159,0.150510204081633,0,,15,17,901,2769,2010,597.841116016622,0.00790330788804071
737448,Rent_Control_Only,8,200,TRUE,7,"2,3,4,5,6,7,8",0.2024311410905,0.247448979591837,1,184,10,26,148,2427,1779,755.103966351654,0.00900546448087432
737449,Rent_Control_Only,8,200,TRUE,8,"1,2,3,4,5,6,7,8",0.230733082706767,0.147959183673469,0,,17,50,845,2674,1662.5,732.116696396727,0.0101228070175439
737450,Rent_Control_Only,8,200,TRUE,8,"1,2,3,4,5,6,7,8",0.251171548117155,0.158163265306122,0,,18,53,678,2609,1493.75,726.065276482966,0.00835294117647059
737451,Rent_Control_Only,8,200,TRUE,8,"1,2,3,4,5,6,7,8",0.209952283571915,0.163265306122449,0,,20,28,672,3009,1833.75,745.426962983536,0.0112250712250712
737452,Rent_Control_Only,8,200,TRUE,8,"1,2,3,4,5,6,7,8",0.137668060950105,0.153061224489796,0,,28,18,1009,2661,2091.875,572.433760983999,0.00876190476190476
737453,Rent_Control_Only,8,200,TRUE,8,"1,2,3,4,5,6,7,8",0.280024595924104,0.160714285714286,0,,17,46,795,3746,1778.75,999.760935709847,0.0121424936386768
737454,Rent_Control_Only,8,200,TRUE,8,"1,2,3,4,5,6,7,8",0.235253867512892,0.160714285714286,0,,14,54,618,2670,1575.625,721.663344048218,0.00796913580246914
737455,Rent_Control_Only,8,200,TRUE,8,"1,2,3,4,5,6,7,8",0.198867367038739,0.130102040816327,0,,12,30,525,2795,1903.75,766.772782511221,0.00894933333333333
737456,Rent_Control_Only,8,200,TRUE,8,"1,2,3,4,5,6,7,8",0.127080394922426,0.188775510204082,0,,31,39,1116,2343,1772.5,427.120591870727,0.0106243386243386
737457,Rent_Control_Only,8,200,TRUE,7,"1,2,3,5,6,7,8",0.359129162092938,0.25765306122449,1,171,12,52,0,2658,1366.5,933.449669620321,0.00818550724637681
737458,Rent_Control_Only,8,200,TRUE,8,"1,2,3,4,5,6,7,8",0.193371574251115,0.147959183673469,0,,22,35,671,2788,1961.25,761.552502645559,0.0100106666666667
737459,Rent_Control_Only,8,200,TRUE,6,"1,2,4,5,6,8",0.359156686626747,0.207133058984911,3,86,19,52,0,2594,1503,1050.86685305853,0.00827138643067847
737460,Rent_Control_Only,8,200,TRUE,7,"1,2,3,4,5,7,8",0.28814544247053,0.16323731138546,1,109,25,36,0,2694,1505.75,838.959346878194,0.00808264462809917
737461,Rent_Control_Only,8,200,TRUE,8,"1,2,3,4,5,6,7,8",0.191420845624386,0.160714285714286,0,,22,34,997,2874,1906.875,692.794019584053,0.0104477611940299
737462,Rent_Control_Only,8,200,TRUE,8,"1,2,3,4,5,6,7,8",0.241659935379645,0.147959183673469,0,,23,65,703,2468,1547.5,710.477304352504,0.00911640211640212
737463,Rent_Control_Only,8,200,TRUE,8,"1,2,3,4,5,6,7,8",0.178286978508218,0.155612244897959,0,,10,46,786,2247,1483.125,504.351758625437,0.00926900584795322
737464,Rent_Control_Only,8,200,TRUE,8,"1,2,3,4,5,6,7,8",0.196708926710663,0.163265306122449,0,,32,29,687,2706,1799.375,681.250517693119,0.00909523809523809
737465,Rent_Control_Only,8,200,TRUE,7,"1,2,3,4,5,7,8",0.2884896340615,0.179698216735254,1,173,11,29,0,2892,1796.75,995.102543172598,0.00916666666666667
737466,Rent_Control_Only,8,200,TRUE,8,"1,2,3,4,5,6,7,8",0.186213171577123,0.158163265306122,0,,12,33,1112,2645,1803.125,653.444376799915,0.00814035087719298
737467,Rent_Control_Only,8,200,TRUE,8,"1,2,3,4,5,6,7,8",0.175980055020633,0.141289437585734,0,,17,35,869,2519,1817.5,608.360795205326,0.00810215053763441
737468,Rent_Control_Only,8,200,TRUE,8,"1,2,3,4,5,6,7,8",0.161843730697962,0.173469387755102,0,,27,32,1194,2848,2023.75,616.990333334787,0.00843103448275862
737469,Rent_Control_Only,8,200,TRUE,8,"1,2,3,4,5,6,7,8",0.214807110438729,0.193877551020408,0,,30,65,525,2713,1652.5,681.143785953346,0.00914516129032258
737470,Rent_Control_Only,8,200,TRUE,7,"1,2,4,5,6,7,8",0.216715460755611,0.152,2,162,37,22,0,2489,1793.25,821.089998547227,0.0101201201201201
737471,Rent_Control_Only,8,200,TRUE,7,"1,2,3,4,5,6,8",0.252453501328533,0.180473372781065,1,174,14,32,0,2211,1458.375,737.915585086997,0.00775757575757576
737472,Rent_Control_Only,8,200,TRUE,7,"1,2,4,5,6,7,8",0.292274256870443,0.193877551020408,2,146,24,62,0,2659,1337.25,781.94807098316,0.0094931129476584
737473,Rent_Control_Only,8,200,TRUE,8,"1,2,3,4,5,6,7,8",0.178269916765755,0.147959183673469,0,,28,18,883,3206,2102.5,721.658407518999,0.00942424242424243
737474,Rent_Control_Only,8,200,TRUE,8,"1,2,3,4,5,6,7,8",0.209468085106383,0.183673469387755,0,,21,67,631,2145,1468.75,586.091838244778,0.00985907859078591
737475,Rent_Control_Only,8,200,TRUE,8,"1,2,3,4,5,6,7,8",0.201515151515151,0.153061224489796,0,,11,37,830,2679,1815,687.565061856487,0.00949862258953168
737476,Rent_Control_Only,8,200,TRUE,7,"1,2,3,5,6,7,8",0.290316045380875,0.163265306122449,1,147,17,44,0,2613,1619.625,918.857199771231,0.00947733333333333
737477,Rent_Control_Only,8,200,TRUE,7,"1,2,4,5,6,7,8",0.283351366514387,0.189349112426036,1,170,19,57,175,2654,1559.625,839.116361333244,0.00871074380165289
737478,Rent_Control_Only,8,200,TRUE,7,"1,2,3,4,5,7,8",0.328471047757107,0.183673469387755,2,93,16,42,0,2997,1552.125,963.8880251357,0.00909923664122137
737479,Rent_Control_Only,8,200,TRUE,8,"1,2,3,4,5,6,7,8",0.181785469499657,0.153061224489796,0,,18,41,736,2587,1823.75,635.314489052469,0.00861835748792271
737480,Rent_Control_Only,8,200,TRUE,7,"1,2,4,5,6,7,8",0.198053066850448,0.215363511659808,1,74,17,35,0,2258,1632.375,716.00916544413,0.00966666666666667
737481,Rent_Control_Only,8,200,TRUE,8,"1,2,3,4,5,6,7,8",0.181976019931486,0.150510204081633,0,,18,29,802,2803,2006.875,711.53203672478,0.0079247311827957
737482,Rent_Control_Only,8,200,TRUE,8,"1,2,3,4,5,6,7,8",0.195754433423505,0.155612244897959,0,,28,18,621,2985,2079.375,798.641335107855,0.00890960451977401
737483,Rent_Control_Only,8,200,TRUE,6,"1,2,5,6,7,8",0.390924002186988,0.206632653061225,2,122,22,40,0,2868,1371.75,1022.26342006354,0.00969047619047619
737484,Rent_Control_Only,8,200,TRUE,8,"1,2,3,4,5,6,7,8",0.163956228956229,0.168367346938776,0,,29,31,1095,2670,1856.25,572.528165246043,0.00814358974358974
737485,Rent_Control_Only,8,200,TRUE,8,"1,2,3,4,5,6,7,8",0.1868245496998,0.153061224489796,0,,20,43,895,2821,1873.75,675.768292918724,0.0102550724637681
737486,Rent_Control_Only,8,200,TRUE,8,"1,2,3,4,5,6,7,8",0.132755504436411,0.160714285714286,0,,18,26,1025,2753,1901.875,507.023368720389,0.00855118110236221
737487,Rent_Control_Only,8,200,TRUE,6,"1,2,3,5,6,8",0.387928208490411,0.190972222222222,2,139,22,46,0,2728,1525.25,1133.41516161177,0.00837931034482759
737488,Rent_Control_Only,8,200,TRUE,7,"1,2,4,5,6,7,8",0.229782127031019,0.198902606310014,1,122,35,37,0,2424,1692.5,802.273733121771,0.00850918635170604
737489,Rent_Control_Only,8,200,TRUE,7,"1,3,4,5,6,7,8",0.284767462902642,0.209876543209877,1,113,24,56,0,2604,1381.5,767.055967412325,0.00896918767507003
737490,Rent_Control_Only,8,200,TRUE,8,"1,2,3,4,5,6,7,8",0.199380026809652,0.142857142857143,0,,21,35,752,2946,1865,710.113069467512,0.010954802259887
737491,Rent_Control_Only,8,200,TRUE,7,"1,3,4,5,6,7,8",0.236990773320823,0.221938775510204,1,81,29,41,0,2471,1598.625,771.09086688924,0.0113446327683616
737492,Rent_Control_Only,8,200,TRUE,6,"1,2,4,5,7,8",0.38410171632365,0.410714285714286,2,77,6,42,0,3440,1682.375,1258.41952322291,0.0101025641025641
737493,Rent_Control_Only,8,200,TRUE,8,"1,2,3,4,5,6,7,8",0.23406432748538,0.127551020408163,0,,17,47,564,2468,1710,788.770109546683,0.00889051094890511
737494,Rent_Control_Only,8,200,TRUE,7,"1,2,3,4,6,7,8",0.303306630305096,0.168241965973535,1,188,17,55,198,2639,1466.75,842.768863415621,0.0111641025641026
737495,Rent_Control_Only,8,200,TRUE,7,"1,3,4,5,6,7,8",0.213489765688123,0.185185185185185,1,161,24,40,0,2642,1856.5,847.851065088338,0.00845238095238095
737496,Rent_Control_Only,8,200,TRUE,8,"1,2,3,4,5,6,7,8",0.151048951048951,0.155612244897959,0,,30,25,1047,2813,1966.25,567.641423536272,0.0100646766169154
737497,Rent_Control_Only,8,200,TRUE,7,"1,2,4,5,6,7,8",0.269111219953282,0.179698216735254,1,122,19,37,0,2964,1658.875,880.315436566429,0.0104853333333333
737498,Rent_Control_Only,8,200,TRUE,8,"1,2,3,4,5,6,7,8",0.223520119720652,0.165816326530612,0,,28,40,569,2702,1879.375,817.064420873374,0.00828571428571429
737499,Rent_Control_Only,8,200,TRUE,8,"1,2,3,4,5,6,7,8",0.219624470018171,0.14030612244898,0,,21,20,851,3021,2063.75,911.745069319583,0.00889256198347107
737500,Rent_Control_Only,8,200,TRUE,7,"1,2,3,4,5,7,8",0.270768813874265,0.22189349112426,1,189,26,37,0,2609,1614.5,854.189005515089,0.00941866666666667
737501,Rent_Control_Only,8,200,TRUE,7,"1,2,3,4,6,7,8",0.245531777792851,0.171467764060357,1,172,23,19,0,2796,1842.875,909.253765851033,0.00952380952380953
737502,Rent_Control_Only,8,200,TRUE,8,"1,2,3,4,5,6,7,8",0.257007233273056,0.145408163265306,0,,19,63,584,2641,1728.125,859.123878893908,0.00859948320413437
737503,Rent_Control_Only,8,200,TRUE,8,"1,2,3,4,5,6,7,8",0.203165137614679,0.135204081632653,0,,17,70,928,2609,1703.125,665.421335374384,0.00887878787878788
737504,Rent_Control_Only,8,200,TRUE,7,"1,3,4,5,6,7,8",0.278568239019242,0.183673469387755,1,65,9,49,0,2741,1539.625,843.707792595111,0.00998230088495575
737505,Rent_Control_Only,8,200,TRUE,8,"1,2,3,4,5,6,7,8",0.167161428017074,0.163265306122449,0,,18,42,869,2296,1610.625,504.191555859477,0.0104124293785311
737506,Rent_Control_Only,8,200,TRUE,8,"1,2,3,4,5,6,7,8",0.180790960451978,0.147959183673469,0,,12,37,844,2255,1548.75,533.101638660825,0.00773224043715847
737507,Rent_Control_Only,8,200,TRUE,8,"1,2,3,4,5,6,7,8",0.246401515151515,0.138545953360768,0,,12,30,814,3075,1815,870.995161541424,0.00990229885057471
737508,Rent_Control_Only,8,200,TRUE,6,"1,3,5,6,7,8",0.346785817238397,0.2544,2,171,20,26,0,3169,1734.5,1179.14000138115,0.0120487804878049
737509,Rent_Control_Only,8,200,TRUE,8,"1,2,3,4,5,6,7,8",0.165878013673983,0.155612244897959,0,,12,47,1061,2487,1736.875,544.833772159651,0.00892063492063492
737510,Rent_Control_Only,8,200,TRUE,8,"1,2,3,4,5,6,7,8",0.188613101330604,0.160714285714286,0,,20,43,780,2686,1831.875,658.929529616028,0.00898888888888889
737511,Rent_Control_Only,8,200,TRUE,8,"1,2,3,4,5,6,7,8",0.192902542372881,0.153061224489796,0,,23,33,1000,2826,1770,647.237205358283,0.00938292011019284
737512,Rent_Control_Only,8,200,TRUE,8,"1,2,3,4,5,6,7,8",0.156565581117418,0.137755102040816,0,,19,20,1225,3105,2091.875,620.678071029695,0.00867692307692308
737513,Rent_Control_Only,8,200,TRUE,8,"1,2,3,4,5,6,7,8",0.186372110365399,0.147959183673469,0,,20,63,924,2446,1676.25,603.41687793053,0.009484375
737514,Rent_Control_Only,8,200,TRUE,8,"1,2,3,4,5,6,7,8",0.166487957769713,0.14030612244898,0,,24,18,1164,2887,1894.375,599.634635781299,0.00941784037558686
737515,Rent_Control_Only,8,200,TRUE,8,"1,2,3,4,5,6,7,8",0.166545033819865,0.153061224489796,0,,23,49,862,2459,1755.625,556.966512843072,0.00749462365591398
737516,Rent_Control_Only,8,200,TRUE,7,"1,3,4,5,6,7,8",0.285539403213466,0.181122448979592,1,121,27,45,0,2495,1633.75,926.760833687496,0.00763020833333333
737517,Rent_Control_Only,8,200,TRUE,8,"1,2,3,4,5,6,7,8",0.213053097345133,0.193877551020408,0,,20,46,741,2552,1765.625,720.202935190591,0.00913432835820896
737518,Rent_Control_Only,8,200,TRUE,8,"1,2,3,4,5,6,7,8",0.240538048944016,0.155612244897959,0,,8,34,774,3016,1864.375,853.225633782095,0.010672131147541
737519,Rent_Control_Only,8,200,TRUE,8,"1,2,3,4,5,6,7,8",0.140374045801527,0.158163265306122,0,,18,21,1285,2822,2046.875,539.641001698616,0.00757866666666667
737520,Rent_Control_Only,8,200,TRUE,6,"1,2,5,6,7,8",0.418356081894821,0.215363511659808,2,115,19,56,0,2499,1245.5,991.90566947813,0.00895652173913043
737521,Rent_Control_Only,8,200,TRUE,8,"1,2,3,4,5,6,7,8",0.101273372018053,0.14030612244898,0,,29,15,826,2305,1938.75,468.925138710099,0.0113228346456693
737522,Rent_Control_Only,8,200,TRUE,6,"2,4,5,6,7,8",0.436836680992895,0.18595041322314,2,122,10,43,0,3197,1425.125,1175.40952589786,0.00942760942760943
737523,Rent_Control_Only,8,200,TRUE,8,"1,2,3,4,5,6,7,8",0.1400112504018,0.185185185185185,0,,13,39,894,2630,1944.375,536.64085822297,0.00793989071038251
737524,Rent_Control_Only,8,200,TRUE,8,"1,2,3,4,5,6,7,8",0.163913809676386,0.145408163265306,0,,23,30,1189,2825,1950.625,610.347895524699,0.00951666666666667
737525,Rent_Control_Only,8,200,TRUE,7,"1,2,3,4,5,6,8",0.254017046248428,0.227040816326531,2,126,21,51,0,2831,1789.25,909.568618317811,0.00859375
737526,Rent_Control_Only,8,200,TRUE,7,"1,3,4,5,6,7,8",0.232452612436175,0.193877551020408,1,137,16,32,0,2539,1787.125,851.410164290481,0.0085
737527,Rent_Control_Only,8,200,TRUE,8,"1,2,3,4,5,6,7,8",0.219015861571737,0.153061224489796,0,,21,36,609,3016,1733.75,730.04769902873,0.00910236220472441
737528,Rent_Control_Only,8,200,TRUE,8,"1,2,3,4,5,6,7,8",0.252309879175551,0.142857142857143,0,,25,25,746,2899,1758.75,850.349297977854,0.00836220472440945
737529,Rent_Control_Only,8,200,TRUE,7,"1,3,4,5,6,7,8",0.265708130385912,0.186224489795918,1,97,15,45,0,2807,1668.125,867.733902184305,0.00767816091954023
737530,Rent_Control_Only,8,200,TRUE,7,"1,2,4,5,6,7,8",0.237292210468471,0.272959183673469,1,154,23,55,0,2664,1819.75,900.125665829897,0.00980577427821522
737531,Rent_Control_Only,8,200,TRUE,8,"1,2,3,4,5,6,7,8",0.150421396628827,0.211734693877551,0,,25,34,785,2510,1816.875,537.402067490308,0.00914754098360656
737532,Rent_Control_Only,8,200,TRUE,8,"1,2,3,4,5,6,7,8",0.16436205744823,0.168367346938776,0,,30,29,1061,2561,1871.25,583.808860599328,0.00729198966408269
737533,Rent_Control_Only,8,200,TRUE,7,"1,2,4,5,6,7,8",0.317108612643191,0.173469387755102,1,82,21,47,0,2738,1473.125,880.137722583395,0.00914529914529914
737534,Rent_Control_Only,8,200,TRUE,8,"1,2,3,4,5,6,7,8",0.214698753462604,0.147959183673469,0,,21,30,694,3077,1805,751.665579135524,0.0100537634408602
737535,Rent_Control_Only,8,200,TRUE,7,"1,2,3,5,6,7,8",0.321504813729594,0.168367346938776,1,99,18,47,0,2713,1493.125,909.515638363943,0.00925547445255475
737536,Rent_Control_Only,8,200,TRUE,6,"1,2,3,4,5,6",0.366760222473993,0.207100591715976,2,127,23,63,0,2188,1213.625,857.665092395794,0.00791666666666667
737537,Rent_Control_Only,8,200,TRUE,8,"1,2,3,4,5,6,7,8",0.144298245614035,0.176020408163265,0,,28,40,858,2263,1674.375,460.697278202137,0.00809289617486339
737538,Rent_Control_Only,8,200,TRUE,7,"1,3,4,5,6,7,8",0.329813160032494,0.168367346938776,2,121,14,36,0,2834,1538.75,956.242460287736,0.00946198830409357
737539,Rent_Control_Only,8,200,TRUE,8,"1,2,3,4,5,6,7,8",0.162536231884058,0.155612244897959,0,,20,45,856,2531,1725,535.8235317181,0.00835555555555556
737540,Rent_Control_Only,8,200,TRUE,8,"1,2,3,4,5,6,7,8",0.157735880960433,0.137755102040816,0,,25,12,567,2643,1848.125,607.583841951051,0.00976323987538941
737541,Rent_Control_Only,8,200,TRUE,8,"1,2,3,4,5,6,7,8",0.222558893820417,0.147959183673469,0,,14,49,812,2698,1830.625,780.994775453533,0.0105406824146982
737542,Rent_Control_Only,8,200,TRUE,8,"1,2,3,4,5,6,7,8",0.227502887947632,0.147959183673469,0,,10,31,805,2567,1623.125,704.0802384266,0.00759322033898305
737543,Rent_Control_Only,8,200,TRUE,8,"1,2,3,4,5,6,7,8",0.235022026431718,0.14030612244898,0,,14,33,731,2639,1702.5,759.680948067768,0.00849180327868852
737544,Rent_Control_Only,8,200,TRUE,7,"1,2,4,5,6,7,8",0.344755374351371,0.173469387755102,2,122,19,41,0,3227,1686.25,1093.476990417,0.0109055555555556
737545,Rent_Control_Only,8,200,TRUE,8,"1,2,3,4,5,6,7,8",0.186916072842439,0.160714285714286,0,,23,48,971,2727,1578.75,592.09597436323,0.0088010752688172
737546,Rent_Control_Only,8,200,TRUE,8,"1,2,3,4,5,6,7,8",0.105831676607024,0.145408163265306,0,,26,24,942,2256,1886.25,427.906782238509,0.00891316526610644
737547,Rent_Control_Only,8,200,TRUE,7,"2,3,4,5,6,7,8",0.305188337558856,0.157750342935528,1,120,19,35,0,2858,1725.625,1002.83369045634,0.0094207650273224
737548,Rent_Control_Only,8,200,TRUE,6,"2,3,4,5,6,7",0.321440925513106,0.205,2,135,20,24,0,2821,1626.125,1066.72147087634,0.0100747126436782
737549,Rent_Control_Only,8,200,TRUE,8,"1,2,3,4,5,6,7,8",0.214276626681207,0.147959183673469,0,,14,45,768,2382,1719.375,765.397364118796,0.00912437810945273
737550,Rent_Control_Only,8,200,TRUE,7,"1,3,4,5,6,7,8",0.261589992885938,0.176020408163265,1,97,23,28,0,2366,1581.375,821.440535627156,0.00954415954415954
737551,Rent_Control_Only,8,200,TRUE,8,"1,2,3,4,5,6,7,8",0.132010135135135,0.165816326530612,0,,22,36,1144,2402,1850,469.110099778598,0.0100967741935484
737552,Rent_Control_Only,8,200,TRUE,8,"1,2,3,4,5,6,7,8",0.209395145999242,0.173469387755102,0,,17,57,896,2600,1648.125,654.940223553701,0.00945
737553,Rent_Control_Only,8,200,TRUE,8,"1,2,3,4,5,6,7,8",0.124407181571816,0.147959183673469,0,,24,23,1193,2306,1845,446.911944027328,0.011546218487395
737554,Rent_Control_Only,8,200,TRUE,8,"1,2,3,4,5,6,7,8",0.19007909215956,0.168367346938776,0,,14,47,965,2883,1817.5,657.556081258473,0.00891252955082742
737555,Rent_Control_Only,8,200,TRUE,8,"1,2,3,4,5,6,7,8",0.206794965341116,0.150510204081633,0,,15,50,698,2536,1713.125,677.767856907616,0.00808533333333333
737556,Rent_Control_Only,8,200,TRUE,8,"1,2,3,4,5,6,7,8",0.203550074738416,0.186224489795918,0,,22,51,705,2456,1672.5,645.365677072199,0.0101243781094527
737557,Rent_Control_Only,8,200,TRUE,8,"1,2,3,4,5,6,7,8",0.226219074937253,0.147959183673469,0,,22,46,905,3052,1743.125,750.684532847949,0.00915702479338843
737558,Rent_Control_Only,8,200,TRUE,8,"1,2,3,4,5,6,7,8",0.146818787475017,0.147959183673469,0,,32,28,1069,2648,1876.25,532.401499944222,0.0104677419354839
737559,Rent_Control_Only,8,200,TRUE,8,"1,2,3,4,5,6,7,8",0.138282828282828,0.142857142857143,0,,22,30,1124,2590,1856.25,489.219129984568,0.00790860215053764
737560,Rent_Control_Only,8,200,TRUE,8,"1,2,3,4,5,6,7,8",0.173950349883372,0.163265306122449,0,,14,27,964,2931,1875.625,630.667885770995,0.00891666666666667
737561,Rent_Control_Only,8,200,TRUE,8,"1,2,3,4,5,6,7,8",0.191868442292171,0.155612244897959,0,,29,45,671,2186,1548.75,563.588945952633,0.00872628726287263
737562,Rent_Control_Only,8,200,TRUE,6,"1,3,5,6,7,8",0.350334790926483,0.232,2,99,21,44,0,2424,1372.125,938.558535734453,0.00855555555555556
737563,Rent_Control_Only,8,200,TRUE,8,"1,2,3,4,5,6,7,8",0.12328803388634,0.204081632653061,0,,27,42,1281,2640,1770.625,434.319151085927,0.0088503937007874
737564,Rent_Control_Only,8,200,TRUE,7,"1,2,3,5,6,7,8",0.294718140207179,0.186224489795918,1,123,11,51,0,2631,1556.625,883.0731950734,0.0085819209039548
737565,Rent_Control_Only,8,200,TRUE,7,"1,2,3,4,5,6,8",0.307323434991974,0.191326530612245,1,102,19,52,0,2774,1557.5,926.402874409555,0.00856296296296296
737566,Rent_Control_Only,8,200,TRUE,8,"1,2,3,4,5,6,7,8",0.151110772976263,0.158163265306122,0,,13,22,857,2783,2053.75,623.585885939425,0.00735308641975309
737567,Rent_Control_Only,8,200,TRUE,6,"1,3,4,5,6,7",0.381846733668342,0.270233196159122,2,119,11,59,0,2738,1492.5,1100.92493580885,0.0103195592286501
737568,Rent_Control_Only,8,200,TRUE,6,"1,3,4,5,6,7",0.365278968284891,0.184,2,169,15,37,0,2915,1604.125,1149.83768264419,0.00873394495412844
737569,Rent_Control_Only,8,200,TRUE,7,"1,2,4,5,6,7,8",0.316272831517733,0.185185185185185,1,122,20,29,0,2877,1526.125,915.619764733936,0.00913793103448276
737570,Rent_Control_Only,8,200,TRUE,8,"1,2,3,4,5,6,7,8",0.143939658179282,0.142857142857143,0,,24,44,1149,2808,1791.875,515.763909860205,0.00835333333333333
737571,Rent_Control_Only,8,200,TRUE,8,"1,2,3,4,5,6,7,8",0.231996033177065,0.158163265306122,0,,12,46,859,2726,1733.125,774.822272247919,0.00750636132315522
737572,Rent_Control_Only,8,200,TRUE,7,"1,3,4,5,6,7,8",0.367334154421133,0.152263374485597,1,113,10,38,0,2787,1471.625,1031.64375599609,0.00965749235474006
737573,Rent_Control_Only,8,200,TRUE,6,"2,3,5,6,7,8",0.391948361191521,0.1872,2,107,20,46,0,2436,1338.625,1011.26934909972,0.00788571428571429
737574,Rent_Control_Only,8,200,TRUE,8,"1,2,3,4,5,6,7,8",0.221210003106555,0.137755102040816,0,,15,28,586,2994,2011.875,876.272533845167,0.00844444444444445
737575,Rent_Control_Only,8,200,TRUE,8,"1,2,3,4,5,6,7,8",0.125928180158247,0.160714285714286,0,,23,21,1097,2777,2053.75,507.782785394362,0.00752454780361757
737576,Rent_Control_Only,8,200,TRUE,7,"2,3,4,5,6,7,8",0.207327056897257,0.146776406035665,1,176,17,26,0,2618,1832.25,823.63961432517,0.00856910569105691
737577,Rent_Control_Only,8,200,TRUE,8,"1,2,3,4,5,6,7,8",0.190294924554184,0.173469387755102,0,,21,26,937,2667,1822.5,652.161899268228,0.00866133333333333
737578,Rent_Control_Only,8,200,TRUE,8,"1,2,3,4,5,6,7,8",0.22109756097561,0.165816326530612,0,,21,30,796,2991,1793.75,770.855508046556,0.0112278177458034
737579,Rent_Control_Only,8,200,TRUE,7,"2,3,4,5,6,7,8",0.313018085908063,0.16323731138546,1,176,23,31,0,2747,1492.875,887.42040890598,0.00998798798798799
737580,Rent_Control_Only,8,200,TRUE,8,"1,2,3,4,5,6,7,8",0.168514965464313,0.214285714285714,0,,17,46,623,2307,1628.75,535.696275887746,0.0103333333333333
737581,Rent_Control_Only,8,200,TRUE,7,"1,2,3,4,5,7,8",0.317940574644045,0.171597633136095,1,197,19,48,0,2973,1466.125,901.690862055442,0.00969791666666667
737582,Rent_Control_Only,8,200,TRUE,7,"2,3,4,5,6,7,8",0.293035658673311,0.158163265306122,1,96,18,42,0,2473,1605.5,928.24150182713,0.00816524216524217
737583,Rent_Control_Only,8,200,TRUE,8,"1,2,3,4,5,6,7,8",0.242750677506775,0.176020408163265,0,,14,62,726,2931,1614.375,750.425010529747,0.00745833333333333
737584,Rent_Control_Only,8,200,TRUE,7,"1,2,4,5,6,7,8",0.247747199220653,0.163265306122449,1,114,28,72,200,2382,1283.125,634.254216158068,0.00792592592592593
737585,Rent_Control_Only,8,200,TRUE,8,"1,2,3,4,5,6,7,8",0.2595690747782,0.155612244897959,0,,18,34,726,3469,1972.5,969.715274854281,0.00886666666666667
737586,Rent_Control_Only,8,200,TRUE,8,"1,2,3,4,5,6,7,8",0.216722255912674,0.138545953360768,0,,6,35,479,2900,2061.25,882.090171937411,0.00758404558404558
737587,Rent_Control_Only,8,200,TRUE,8,"1,2,3,4,5,6,7,8",0.188121501481725,0.153061224489796,0,,16,24,1147,3129,1898.125,690.371833041545,0.00959701492537313
737588,Rent_Control_Only,8,200,TRUE,8,"1,2,3,4,5,6,7,8",0.166723246039444,0.173469387755102,0,,29,22,1198,2844,1933.125,610.734788711808,0.00717777777777778
737589,Rent_Control_Only,8,200,TRUE,8,"1,2,3,4,5,6,7,8",0.220491803278688,0.160714285714286,0,,16,39,549,2635,1830,785.641503122494,0.00795989974937343
737590,Rent_Control_Only,8,200,TRUE,7,"1,3,4,5,6,7,8",0.227869307663828,0.165816326530612,1,97,26,22,0,2531,1688.125,798.040177560002,0.00782183908045977
737591,Rent_Control_Only,8,200,TRUE,8,"1,2,3,4,5,6,7,8",0.202570093457944,0.155612244897959,0,,33,55,827,2517,1671.875,645.190212816566,0.00955388471177945
737592,Rent_Control_Only,8,200,TRUE,8,"1,2,3,4,5,6,7,8",0.149332396345748,0.155612244897959,0,,26,24,1094,2543,1778.75,500.455720889899,0.00922222222222222
737593,Rent_Control_Only,8,200,TRUE,7,"2,3,4,5,6,7,8",0.259546301224055,0.153119092627599,1,200,23,21,0,2917,1879,962.451631437727,0.0087218045112782
737594,Rent_Control_Only,8,200,TRUE,7,"1,2,3,4,6,7,8",0.302324913892078,0.147959183673469,1,100,20,34,0,2680,1633.125,951.351135040505,0.00977401129943503
737595,Rent_Control_Only,8,200,TRUE,8,"1,2,3,4,5,6,7,8",0.165322580645161,0.163265306122449,0,,16,37,927,2552,1879.375,619.112022519811,0.00913513513513514
737596,Rent_Control_Only,8,200,TRUE,6,"1,2,3,4,7,8",0.380384399288323,0.284023668639053,2,116,26,72,0,2616,1334.875,979.073824372518,0.009125
737597,Rent_Control_Only,8,200,TRUE,7,"2,3,4,5,6,7,8",0.239118017805089,0.159722222222222,1,192,28,33,0,2406,1586.625,767.339920485979,0.00858953168044077
737598,Rent_Control_Only,8,200,TRUE,8,"1,2,3,4,5,6,7,8",0.138114220631305,0.147959183673469,0,,21,32,1013,3180,1920.625,594.9943427102,0.0104251207729469
737599,Rent_Control_Only,8,200,TRUE,8,"1,2,3,4,5,6,7,8",0.183995584988963,0.168367346938776,0,,8,46,830,2385,1698.75,599.171034489676,0.009312
737600,Rent_Control_Only,8,200,TRUE,6,"1,2,3,4,5,6",0.365958690568979,0.20414201183432,2,102,15,35,0,2923,1603.75,1136.47899232674,0.00819444444444445
737601,Rent_Control_Only,8,200,TRUE,7,"1,2,4,5,6,7,8",0.270336003924133,0.162721893491124,1,170,30,31,0,2429,1529,802.744221850451,0.00923118279569892
737602,Rent_Control_Only,8,200,TRUE,6,"1,2,4,5,7,8",0.331760498384864,0.1936,2,106,26,38,0,2199,1354.375,900.607404160421,0.00985714285714286
737603,Rent_Control_Only,8,200,TRUE,7,"1,2,4,5,6,7,8",0.302962794328086,0.1712,1,194,23,36,0,3049,1921.75,1153.65267736871,0.00770531400966184
737604,Rent_Control_Only,8,200,TRUE,8,"1,2,3,4,5,6,7,8",0.164049586776859,0.173469387755102,0,,15,29,689,2334,1815,603.153143310813,0.0096374269005848
737605,Rent_Control_Only,8,200,TRUE,8,"1,2,3,4,5,6,7,8",0.20980749219563,0.155612244897959,0,,15,35,663,2592,1801.875,719.624195078832,0.00876923076923077
737606,Rent_Control_Only,8,200,TRUE,6,"2,3,4,5,7,8",0.383400307797538,0.215976331360947,2,64,19,36,0,3116,1462,1083.43250828097,0.00937463126843658
737607,Rent_Control_Only,8,200,TRUE,8,"1,2,3,4,5,6,7,8",0.157955549013836,0.181122448979592,0,,20,22,1163,2954,2123.125,642.98198986108,0.00890514905149052
737608,Rent_Control_Only,8,200,TRUE,6,"1,2,3,4,6,7",0.331032412965186,0.195266272189349,2,111,15,55,0,2377,1457.75,947.207738566361,0.00874712643678161
737609,Rent_Control_Only,8,200,TRUE,7,"1,2,3,4,5,6,7",0.353611043144931,0.196428571428571,1,119,15,65,0,3235,1532.625,1039.18758618727,0.0104656862745098
737610,Rent_Control_Only,8,200,TRUE,7,"1,2,3,4,5,6,8",0.278168503480278,0.183673469387755,1,110,18,31,0,2812,1724,927.817408145128,0.00994915254237288
737611,Rent_Control_Only,8,200,TRUE,8,"1,2,3,4,5,6,7,8",0.159949494949495,0.173469387755102,0,,19,34,1187,2768,1856.25,568.458001966724,0.00952671755725191
737612,Rent_Control_Only,8,200,TRUE,8,"1,2,3,4,5,6,7,8",0.196263318112633,0.160714285714286,0,,24,24,589,2909,2053.125,782.981561085573,0.00762051282051282
737613,Rent_Control_Only,8,200,TRUE,8,"1,2,3,4,5,6,7,8",0.251344463971881,0.145408163265306,0,,9,39,591,3097,1778.125,844.40502087903,0.00872777777777778
737614,Rent_Control_Only,8,200,TRUE,8,"1,2,3,4,5,6,7,8",0.127095516569201,0.153061224489796,0,,22,25,1185,2468,1923.75,487.751327156428,0.00831955922865014
737615,Rent_Control_Only,8,200,TRUE,7,"1,2,3,4,5,6,8",0.282602516486015,0.201646090534979,1,118,16,30,0,2861,1649.125,897.788940755486,0.00784423676012461
737616,Rent_Control_Only,8,200,TRUE,6,"1,3,4,6,7,8",0.433849020627492,0.244897959183673,2,97,14,46,0,3147,1442.25,1185.61807268855,0.00908024691358025
737617,Rent_Control_Only,8,200,TRUE,8,"1,2,3,4,5,6,7,8",0.184503083061299,0.173469387755102,0,,17,36,629,2414,1723.125,621.302879324684,0.00976947040498442
737618,Rent_Control_Only,8,200,TRUE,7,"2,3,4,5,6,7,8",0.259395032051282,0.23469387755102,2,104,6,36,0,2488,1560,793.998200789613,0.00939018087855297
737619,Rent_Control_Only,8,200,TRUE,7,"1,2,3,4,5,7,8",0.320913566262961,0.290816326530612,1,117,22,58,0,2755,1434.625,875.903931049845,0.00829565217391304
737620,Rent_Control_Only,8,200,TRUE,8,"1,2,3,4,5,6,7,8",0.202228260869565,0.158163265306122,0,,24,50,855,2582,1725,661.685078309269,0.00892592592592593
737621,Rent_Control_Only,8,200,TRUE,8,"1,2,3,4,5,6,7,8",0.14109565807327,0.173469387755102,0,,24,37,982,2410,1842.5,509.487137087035,0.00866666666666667
737622,Rent_Control_Only,8,200,TRUE,7,"2,3,4,5,6,7,8",0.237639161755075,0.256515775034294,1,120,20,34,0,2583,1717.875,839.319696880413,0.0078448275862069
737623,Rent_Control_Only,8,200,TRUE,8,"1,2,3,4,5,6,7,8",0.246405109489051,0.153061224489796,0,,14,43,615,2744,1712.5,812.849485276509,0.00784126984126984
737624,Rent_Control_Only,8,200,TRUE,7,"1,2,4,5,6,7,8",0.319484667802385,0.173469387755102,1,146,17,49,0,2778,1467.5,891.974375032313,0.00801834862385321
737625,Rent_Control_Only,8,200,TRUE,7,"1,3,4,5,6,7,8",0.24187346756817,0.158163265306122,1,153,31,35,0,2491,1682.375,846.900725755808,0.00886956521739131
737626,Rent_Control_Only,8,200,TRUE,7,"1,2,3,4,6,7,8",0.309533551554828,0.283163265306122,1,148,31,61,0,2950,1603.875,956.611196956662,0.00977595628415301
737627,Rent_Control_Only,8,200,TRUE,7,"1,3,4,5,6,7,8",0.26048231630459,0.156804733727811,1,153,11,36,0,2714,1685.875,878.058969301851,0.0108753180661578
737628,Rent_Control_Only,8,200,TRUE,7,"2,3,4,5,6,7,8",0.223974177573399,0.157750342935528,1,168,15,28,0,2620,1766.875,822.874827748946,0.00972619047619048
737629,Rent_Control_Only,8,200,TRUE,7,"2,3,4,5,6,7,8",0.214947974730583,0.183673469387755,1,80,32,40,0,2290,1681.875,772.528027693124,0.00775375375375375
737630,Rent_Control_Only,8,200,TRUE,7,"1,2,3,4,6,7,8",0.306908548707753,0.171467764060357,1,156,21,40,0,3188,1571.875,942.737569528233,0.0112429378531073
737631,Rent_Control_Only,8,200,TRUE,8,"1,2,3,4,5,6,7,8",0.233974358974359,0.147959183673469,0,,19,53,553,2644,1828.125,850.864339950853,0.00836467236467237
737632,Rent_Control_Only,8,200,TRUE,8,"1,2,3,4,5,6,7,8",0.209986459038592,0.137755102040816,0,,9,23,711,2664,1846.25,755.072891467156,0.00969146005509642
737633,Rent_Control_Only,8,200,TRUE,8,"1,2,3,4,5,6,7,8",0.225092798812175,0.165816326530612,0,,27,51,675,2553,1683.75,716.893845498959,0.00891282051282051
737634,Rent_Control_Only,8,200,TRUE,8,"1,2,3,4,5,6,7,8",0.218401015228426,0.153061224489796,0,,11,24,847,3219,1970,810.435509023213,0.0090761154855643
737635,Rent_Control_Only,8,200,TRUE,7,"1,2,3,5,6,7,8",0.253406813627255,0.194706994328923,1,179,24,38,0,3362,1871.25,962.109698230182,0.0099504132231405
737636,Rent_Control_Only,8,200,TRUE,8,"1,2,3,4,5,6,7,8",0.144830926382529,0.186224489795918,0,,21,24,1084,2450,1774.375,482.462119164367,0.00851594202898551
737637,Rent_Control_Only,8,200,TRUE,6,"1,2,4,5,7,8",0.357745336577453,0.176020408163265,3,90,17,37,0,2617,1541.25,1076.95228041251,0.00745132743362832
737638,Rent_Control_Only,8,200,TRUE,8,"1,2,3,4,5,6,7,8",0.156684354673057,0.170918367346939,0,,19,41,1258,3075,1825.625,587.814824461873,0.0108228228228228
737639,Rent_Control_Only,8,200,TRUE,8,"1,2,3,4,5,6,7,8",0.198659589780497,0.168367346938776,0,,16,56,785,2508,1736.875,671.782158037219,0.00830839002267574
737640,Rent_Control_Only,8,200,TRUE,7,"1,2,3,4,6,7,8",0.303661851217514,0.1904,1,196,13,39,0,2852,1678.625,987.351715810676,0.00863888888888889
737641,Rent_Control_Only,8,200,TRUE,7,"2,3,4,5,6,7,8",0.292981438515081,0.174556213017751,2,160,12,53,0,2636,1616.25,908.364739518218,0.00936723163841808
737642,Rent_Control_Only,8,200,TRUE,8,"1,2,3,4,5,6,7,8",0.213697692608526,0.147959183673469,0,,8,30,766,2412,1598.125,645.925789081068,0.00696587926509186
737643,Rent_Control_Only,8,200,TRUE,6,"1,2,4,5,6,8",0.397358448506465,0.181818181818182,2,78,35,41,0,2601,1401.875,1065.74634311225,0.00858858858858859
737644,Rent_Control_Only,8,200,TRUE,7,"1,2,4,5,6,7,8",0.22742628992629,0.181122448979592,1,66,18,25,0,2509,1831.5,878.058410032369,0.00864425770308123
737645,Rent_Control_Only,8,200,TRUE,8,"1,2,3,4,5,6,7,8",0.0615631991051455,0.150510204081633,0,,14,14,1860,2537,2235,265.622718477597,0.00753956834532374
737646,Rent_Control_Only,8,200,TRUE,7,"1,2,4,5,6,7,8",0.377207767543443,0.193877551020408,1,106,7,59,0,2935,1316.375,945.992741968533,0.0111566951566952
737647,Rent_Control_Only,8,200,TRUE,8,"1,2,3,4,5,6,7,8",0.129868090452261,0.163265306122449,0,,33,25,1244,2758,1990,489.453923119575,0.00843874643874644
737648,Rent_Control_Only,8,200,TRUE,7,"1,2,3,4,5,6,7",0.263654553320355,0.176020408163265,1,119,14,36,0,2883,1733.625,898.299971772077,0.00702933333333333
737649,Rent_Control_Only,8,200,TRUE,7,"1,2,4,5,6,7,8",0.254556916426513,0.183673469387755,1,90,7,29,0,2798,1735,872.443039483299,0.00941002949852507
737650,Rent_Control_Only,8,200,TRUE,8,"1,2,3,4,5,6,7,8",0.165841412742382,0.153061224489796,0,,24,34,1243,2643,1805,583.251232317601,0.00864264264264264
737651,Rent_Control_Only,8,200,TRUE,8,"1,2,3,4,5,6,7,8",0.178846153846154,0.147959183673469,0,,33,30,675,2606,1885,711.10497517194,0.00914600550964187
737652,Rent_Control_Only,8,200,TRUE,8,"1,2,3,4,5,6,7,8",0.0780093337624719,0.149519890260631,0,,36,25,1516,2401,1941.875,288.950533334489,0.00895906432748538
737653,Rent_Control_Only,8,200,TRUE,7,"1,2,3,4,6,7,8",0.299246120815849,0.26530612244898,1,60,20,81,0,2087,1280.875,730.839915537498,0.0122133333333333
737654,Rent_Control_Only,8,200,TRUE,8,"1,2,3,4,5,6,7,8",0.210780470420527,0.163265306122449,0,,20,34,735,3053,1753.75,712.600218515664,0.009184
737655,Rent_Control_Only,8,200,TRUE,8,"1,2,3,4,5,6,7,8",0.135918432883751,0.142857142857143,0,,18,20,784,2515,1946.25,545.317404296407,0.00806201550387597
737656,Rent_Control_Only,8,200,TRUE,8,"1,2,3,4,5,6,7,8",0.246054702872885,0.145408163265306,0,,19,46,670,2641,1588.125,745.071700768265,0.00921066666666667
737657,Rent_Control_Only,8,200,TRUE,8,"1,2,3,4,5,6,7,8",0.172974638957379,0.155612244897959,0,,15,39,899,2439,1774.375,598.010496205066,0.00979328165374677
737658,Rent_Control_Only,8,200,TRUE,8,"1,2,3,4,5,6,7,8",0.196490352628077,0.14030612244898,0,,24,31,816,2726,1878.75,697.748573218585,0.00821354166666667
737659,Rent_Control_Only,8,200,TRUE,8,"1,2,3,4,5,6,7,8",0.205750721847931,0.163265306122449,0,,20,50,748,2757,1948.125,764.842362376532,0.00861234567901234
737660,Rent_Control_Only,8,200,TRUE,8,"1,2,3,4,5,6,7,8",0.128198051948052,0.179698216735254,0,,26,33,1183,2453,1925,466.994340742706,0.00875318066157761
737661,Rent_Control_Only,8,200,TRUE,7,"1,2,3,4,5,6,7",0.2612465395263,0.183673469387755,1,87,21,41,0,2456,1625.5,851.176496721701,0.0115333333333333
737662,Rent_Control_Only,8,200,TRUE,8,"1,2,3,4,5,6,7,8",0.144329896907216,0.150510204081633,0,,28,15,824,2724,2061.25,600.071364803506,0.010246719160105
737663,Rent_Control_Only,8,200,TRUE,8,"1,2,3,4,5,6,7,8",0.179172714078375,0.142857142857143,0,,19,44,573,2691,1722.5,623.040700344459,0.00921342925659473
737664,Rent_Control_Only,8,200,TRUE,7,"1,2,3,4,5,6,8",0.301085818942962,0.188775510204082,1,150,29,51,0,2353,1433.25,837.373231343962,0.00982028985507246
737665,Rent_Control_Only,8,200,TRUE,8,"1,2,3,4,5,6,7,8",0.119103699019918,0.155612244897959,0,,24,23,1211,2573,1976.875,453.675289008717,0.00779569892473118
737666,Rent_Control_Only,8,200,TRUE,7,"1,2,4,5,6,7,8",0.220956112852664,0.168724279835391,1,146,18,24,0,2994,1993.75,921.043779012237,0.00731328320802005
737667,Rent_Control_Only,8,200,TRUE,6,"2,3,4,5,7,8",0.349872127953235,0.222222222222222,2,85,16,46,0,2677,1539.625,1053.73525239638,0.00887687687687688
737668,Rent_Control_Only,8,200,TRUE,8,"1,2,3,4,5,6,7,8",0.215239493899684,0.135204081632653,0,,16,70,764,2294,1383.125,590.960583046184,0.00727371273712737
737669,Rent_Control_Only,8,200,TRUE,7,"1,2,3,5,6,7,8",0.307910346898934,0.198902606310014,1,131,23,37,0,3106,1664.75,976.607795235265,0.0107046070460705
737670,Rent_Control_Only,8,200,TRUE,7,"1,3,4,5,6,7,8",0.298327928658289,0.163265306122449,1,49,8,41,0,2571,1541.875,894.5531106967,0.0101766381766382
737671,Rent_Control_Only,8,200,TRUE,8,"1,2,3,4,5,6,7,8",0.179042553191489,0.163265306122449,0,,30,33,728,2660,1762.5,601.402883740533,0.00780165289256198
737672,Rent_Control_Only,8,200,TRUE,8,"1,2,3,4,5,6,7,8",0.202511788175553,0.155612244897959,0,,9,45,1086,2886,1723.125,683.20660700636,0.00968044077134986
737673,Rent_Control_Only,8,200,TRUE,8,"1,2,3,4,5,6,7,8",0.172272411396803,0.158163265306122,0,,15,23,826,2629,1798.75,591.606227630701,0.00783202099737533
737674,Rent_Control_Only,8,200,TRUE,7,"1,2,3,4,6,7,8",0.2964,0.1584,2,156,16,30,0,3004,1718.75,992.813138798751,0.00947311827956989
737675,Rent_Control_Only,8,200,TRUE,8,"1,2,3,4,5,6,7,8",0.225568573397657,0.13265306122449,0,,31,30,799,3032,1813.75,794.379317454829,0.00998333333333333
737676,Rent_Control_Only,8,200,TRUE,7,"1,2,3,4,5,6,8",0.296564049141461,0.176954732510288,1,150,22,23,0,2788,1739.875,1015.60839436974,0.00869230769230769
737677,Rent_Control_Only,8,200,TRUE,8,"1,2,3,4,5,6,7,8",0.153687690742625,0.163265306122449,0,,10,26,1037,2557,1843.125,548.035305823057,0.00733333333333333
737678,Rent_Control_Only,8,200,TRUE,7,"1,2,3,4,6,7,8",0.293948384329425,0.2096,1,156,16,37,0,3270,1748.5,1005.24822805116,0.0107286821705426
737679,Rent_Control_Only,8,200,TRUE,8,"1,2,3,4,5,6,7,8",0.233405260994657,0.150510204081633,0,,13,50,652,2563,1520.625,674.627714796412,0.00887431693989071
737680,Rent_Control_Only,8,200,TRUE,6,"1,2,3,4,5,7",0.374896119006067,0.190672153635117,2,55,17,51,0,3011,1504.125,1081.57602434067,0.0100660660660661
737681,Rent_Control_Only,8,200,TRUE,8,"1,2,3,4,5,6,7,8",0.198291437549097,0.147959183673469,0,,17,40,658,2430,1591.25,612.52492660649,0.00816181229773463
737682,Rent_Control_Only,8,200,TRUE,7,"2,3,4,5,6,7,8",0.270913206623705,0.209183673469388,1,160,19,53,0,2461,1532.375,810.342244716039,0.00765011820330969
737683,Rent_Control_Only,8,200,TRUE,8,"1,2,3,4,5,6,7,8",0.212827853712597,0.135204081632653,0,,23,33,888,2828,1691.875,690.435150052901,0.00952020202020202
737684,Rent_Control_Only,8,200,TRUE,8,"1,2,3,4,5,6,7,8",0.166023817987913,0.163265306122449,0,,28,47,908,2278,1758.125,600.837376976024,0.0072
737685,Rent_Control_Only,8,200,TRUE,8,"1,2,3,4,5,6,7,8",0.233838028169014,0.137755102040816,0,,13,33,963,3085,1775,800.507160671105,0.00731904761904762
737686,Rent_Control_Only,8,200,TRUE,8,"1,2,3,4,5,6,7,8",0.1971801665405,0.153061224489796,0,,17,44,912,2533,1651.25,620.598961833301,0.00796543209876543
737687,Rent_Control_Only,8,200,TRUE,7,"2,3,4,5,6,7,8",0.23652937702982,0.164461247637051,1,192,23,34,0,2449,1693.5,826.415322773172,0.00973109243697479
737688,Rent_Control_Only,8,200,TRUE,8,"1,2,3,4,5,6,7,8",0.18760029717682,0.183673469387755,0,,16,27,1006,3028,2103.125,753.451000871514,0.00942857142857143
737689,Rent_Control_Only,8,200,TRUE,8,"1,2,3,4,5,6,7,8",0.283471385542169,0.145408163265306,0,,17,44,556,2801,1660,906.01639846402,0.00918157181571816
737690,Rent_Control_Only,8,200,TRUE,6,"1,2,5,6,7,8",0.315315586605637,0.362244897959184,2,99,21,59,0,2349,1556.625,1030.61908405995,0.00923249299719888
737691,Rent_Control_Only,8,200,TRUE,8,"1,2,3,4,5,6,7,8",0.146275873769935,0.145408163265306,0,,27,27,1058,2426,1841.875,511.086360468701,0.00894214876033058
737692,Rent_Control_Only,8,200,TRUE,6,"1,4,5,6,7,8",0.366940483570986,0.201183431952663,3,122,35,44,0,2331,1209.75,857.913373915372,0.00720353982300885
737693,Rent_Control_Only,8,200,TRUE,8,"1,2,3,4,5,6,7,8",0.295628055660023,0.168367346938776,0,,11,60,627,3408,1661.875,981.289011963346,0.0114820512820513
737694,Rent_Control_Only,8,200,TRUE,8,"1,2,3,4,5,6,7,8",0.18135593220339,0.155612244897959,0,,14,33,925,2454,1770,624.096604243743,0.00734453781512605
737695,Rent_Control_Only,8,200,TRUE,7,"1,2,4,5,6,7,8",0.294715211854596,0.147959183673469,1,90,14,24,188,2683,1619.625,907.28463599594,0.00804444444444444
737696,Rent_Control_Only,8,200,TRUE,8,"1,2,3,4,5,6,7,8",0.158584615384615,0.153061224489796,0,,35,23,991,2789,2031.25,621.478594045799,0.00977591036414566
737697,Rent_Control_Only,8,200,TRUE,8,"1,2,3,4,5,6,7,8",0.147565922920893,0.158163265306122,0,,26,38,771,2436,1848.75,552.730817978206,0.0105024154589372
737698,Rent_Control_Only,8,200,TRUE,7,"1,2,3,4,5,6,8",0.238181660298715,0.168367346938776,2,94,26,25,0,2711,1799.375,895.385780783106,0.00917171717171717
737699,Rent_Control_Only,8,200,TRUE,8,"1,2,3,4,5,6,7,8",0.195385766544729,0.160714285714286,0,,14,30,830,2765,1879.375,701.163713815417,0.00992098765432099
737700,Rent_Control_Only,8,200,TRUE,7,"1,2,4,5,6,7,8",0.291909735908553,0.158163265306122,1,90,17,45,0,2753,1585.625,899.581797678391,0.0110202898550725
737701,Rent_Control_Only,8,200,TRUE,7,"2,3,4,5,6,7,8",0.309992520059839,0.173469387755102,1,96,30,34,0,3658,1838.25,1098.41180802102,0.0127217630853995
737702,Rent_Control_Only,8,200,TRUE,7,"1,2,3,4,6,7,8",0.276604643222943,0.176020408163265,2,108,22,38,0,2660,1830.625,1042.18272835704,0.00789355742296919
737703,Rent_Control_Only,8,200,TRUE,8,"1,2,3,4,5,6,7,8",0.185864745011086,0.14030612244898,0,,22,32,888,2612,1691.25,594.94915749163,0.00896418732782369
737704,Rent_Control_Only,8,200,TRUE,8,"1,2,3,4,5,6,7,8",0.244215616045845,0.168367346938776,0,,10,36,729,3338,1745,833.856102693984,0.0107388888888889
737705,Rent_Control_Only,8,200,TRUE,7,"1,2,4,5,6,7,8",0.228846421367462,0.168367346938776,2,106,20,32,0,2937,1797.125,857.599046757866,0.0096505376344086
737706,Rent_Control_Only,8,200,TRUE,7,"1,2,3,4,5,7,8",0.284965446835244,0.224489795918367,1,93,21,59,0,2720,1591.75,871.877407830777,0.00947979797979798
737707,Rent_Control_Only,8,200,TRUE,6,"1,3,4,5,7,8",0.321319562748438,0.21301775147929,2,153,11,38,0,2792,1761,1123.73891222879,0.00870833333333333
737708,Rent_Control_Only,8,200,TRUE,7,"1,2,3,4,5,6,7",0.259089633608595,0.150510204081633,1,143,29,41,0,2567,1559.125,800.696560591375,0.00770491803278689
737709,Rent_Control_Only,8,200,TRUE,8,"1,2,3,4,5,6,7,8",0.187841714478569,0.150510204081633,0,,22,30,570,2921,1851.875,685.747858181125,0.00784615384615385
737710,Rent_Control_Only,8,200,TRUE,7,"1,2,3,5,6,7,8",0.331317395005675,0.1616,1,163,21,45,0,2908,1762,1128.97108655878,0.00966666666666667
737711,Rent_Control_Only,8,200,TRUE,8,"1,2,3,4,5,6,7,8",0.12489014438167,0.163265306122449,0,,16,26,1406,2763,1991.25,471.222649831569,0.00803954802259887
737712,Rent_Control_Only,8,200,TRUE,7,"1,2,4,5,6,7,8",0.263017174082748,0.149519890260631,1,154,21,37,0,2481,1601.25,826.321582159668,0.00849343832020997
737713,Rent_Control_Only,8,200,TRUE,8,"1,2,3,4,5,6,7,8",0.154820698332809,0.158163265306122,0,,12,27,904,2571,1986.875,599.398612301173,0.00944360902255639
737714,Rent_Control_Only,8,200,TRUE,8,"1,2,3,4,5,6,7,8",0.230516581632653,0.147959183673469,0,,11,34,695,3121,1960,862.984853368156,0.010046511627907
737715,Rent_Control_Only,8,200,TRUE,8,"1,2,3,4,5,6,7,8",0.12685119887165,0.183673469387755,0,,24,35,949,2236,1772.5,438.830588854384,0.00813095238095238
737716,Rent_Control_Only,8,200,TRUE,7,"1,2,4,5,6,7,8",0.273643425832882,0.192743764172336,1,186,18,47,0,2561,1617.125,867.215649157035,0.009125
737717,Rent_Control_Only,8,200,TRUE,7,"1,3,4,5,6,7,8",0.223407197109358,0.183364839319471,1,193,20,40,0,2435,1695.125,790.916365002376,0.0104666666666667
737718,Rent_Control_Only,8,200,TRUE,7,"1,3,4,5,6,7,8",0.2898193359375,0.1584,1,153,12,70,0,2139,1280,716.270300136159,0.00983727034120735
737719,Rent_Control_Only,8,200,TRUE,8,"1,2,3,4,5,6,7,8",0.138942459690168,0.173469387755102,0,,20,27,1264,2551,1976.875,541.466378721444,0.00796690307328605
737720,Rent_Control_Only,8,200,TRUE,8,"1,2,3,4,5,6,7,8",0.193470467736429,0.165816326530612,0,,19,33,766,2821,1830.625,671.97894046508,0.00936507936507937
737721,Rent_Control_Only,8,200,TRUE,7,"1,2,3,4,5,6,8",0.239916215037688,0.156899810964083,1,198,27,17,0,2898,2006.625,988.250682121842,0.00862783171521036
737722,Rent_Control_Only,8,200,TRUE,8,"1,2,3,4,5,6,7,8",0.220137342242019,0.145408163265306,0,,22,44,703,2486,1683.75,701.705218938633,0.00793137254901961
737723,Rent_Control_Only,8,200,TRUE,7,"1,2,3,4,5,6,7",0.286661031580462,0.160493827160494,1,151,18,38,-150,2697,1587.625,972.255689106523,0.00849299719887955
737724,Rent_Control_Only,8,200,TRUE,8,"1,2,3,4,5,6,7,8",0.185405585106383,0.150510204081633,0,,24,44,780,2592,1880,674.446863309906,0.00824113475177305
737725,Rent_Control_Only,8,200,TRUE,7,"1,2,3,4,6,7,8",0.189335264008621,0.183673469387755,1,132,17,18,150,2647,1856,761.003097421892,0.00802824858757062
737726,Rent_Control_Only,8,200,TRUE,8,"1,2,3,4,5,6,7,8",0.16816431322208,0.168367346938776,0,,14,19,1176,2839,1947.5,625.05702596986,0.00973228346456693
737727,Rent_Control_Only,8,200,TRUE,7,"2,3,4,5,6,7,8",0.257018102107198,0.157750342935528,1,112,10,31,0,2719,1767.75,914.458739208219,0.00994871794871795
737728,Rent_Control_Only,8,200,TRUE,8,"1,2,3,4,5,6,7,8",0.145246164823404,0.163265306122449,0,,23,31,1005,2476,1751.875,490.156953725758,0.00977966101694915
737729,Rent_Control_Only,8,200,TRUE,8,"1,2,3,4,5,6,7,8",0.184907506225543,0.168367346938776,0,,20,47,823,2413,1756.875,621.133396645657,0.0096463768115942
737730,Rent_Control_Only,8,200,TRUE,8,"1,2,3,4,5,6,7,8",0.200728476821192,0.142857142857143,0,,18,41,608,2542,1887.5,754.338309854594,0.00835897435897436
737731,Rent_Control_Only,8,200,TRUE,8,"1,2,3,4,5,6,7,8",0.235719584569733,0.178571428571429,0,,11,52,751,2683,1685,753.24516972516,0.008609375
737732,Rent_Control_Only,8,200,TRUE,7,"1,2,3,4,5,6,8",0.295300780947963,0.163265306122449,1,126,26,32,0,2771,1616.625,918.268080604538,0.00884057971014493
737733,Rent_Control_Only,8,200,TRUE,8,"1,2,3,4,5,6,7,8",0.207795516304348,0.137755102040816,0,,15,28,436,2481,1840,804.420643338155,0.0108095238095238
737734,Rent_Control_Only,8,200,TRUE,7,"1,3,4,5,6,7,8",0.251514500117252,0.204389574759945,1,145,16,38,0,2586,1599.125,798.929361708531,0.00869398907103825
737735,Rent_Control_Only,8,200,TRUE,7,"1,2,4,5,6,7,8",0.347408281321358,0.174211248285322,1,106,23,40,0,2959,1642.25,1096.22778524486,0.0095748031496063
737736,Rent_Control_Only,8,200,TRUE,5,"2,4,6,7,8",0.472345600676819,0.238095238095238,4,76,19,52,0,2680,1182,1076.14669738178,0.00813218390804598
737737,Rent_Control_Only,8,200,TRUE,8,"1,2,3,4,5,6,7,8",0.162654532967033,0.176020408163265,0,,27,26,603,2352,1820,606.339131886721,0.0108358974358974
737738,Rent_Control_Only,8,200,TRUE,7,"1,2,3,4,5,6,8",0.288862289101687,0.176020408163265,1,118,13,64,0,2355,1370.625,769.31248295382,0.00766101694915254
737739,Rent_Control_Only,8,200,TRUE,8,"1,2,3,4,5,6,7,8",0.15388198757764,0.153061224489796,0,,11,40,1131,2715,1710.625,527.487559094999,0.00952230971128609
737740,Rent_Control_Only,8,200,TRUE,6,"1,3,4,6,7,8",0.384022145265652,0.193877551020408,2,113,23,45,0,2609,1371.625,1001.76771437865,0.00883989501312336
737741,Rent_Control_Only,8,200,TRUE,8,"1,2,3,4,5,6,7,8",0.178836595215906,0.14030612244898,0,,13,21,1050,3050,2011.875,689.164180625446,0.00849066666666667
737742,Rent_Control_Only,8,200,TRUE,8,"1,2,3,4,5,6,7,8",0.166199867417965,0.13265306122449,0,,26,27,796,2635,1885.625,602.9266568758,0.00875840978593272
737743,Rent_Control_Only,8,200,TRUE,8,"1,2,3,4,5,6,7,8",0.204064669345999,0.191326530612245,0,,15,56,868,2600,1710.625,657.605382646549,0.00818428184281843
737744,Rent_Control_Only,8,200,TRUE,7,"2,3,4,5,6,7,8",0.246256583897667,0.196428571428571,1,160,16,31,0,2527,1661.25,825.021168559588,0.00857142857142857
737745,Rent_Control_Only,8,200,TRUE,8,"1,2,3,4,5,6,7,8",0.140259259259259,0.147959183673469,0,,20,26,909,2780,2109.375,589.54944964051,0.00886243386243386
737746,Rent_Control_Only,8,200,TRUE,7,"1,2,3,4,5,6,8",0.278687757394234,0.149519890260631,1,102,29,36,0,2645,1669.375,907.093307139427,0.00860055096418733
737747,Rent_Control_Only,8,200,TRUE,6,"1,2,3,4,7,8",0.368455358093008,0.2352,2,61,14,61,0,2083,1174.625,846.659981928991,0.00957460317460317
737748,Rent_Control_Only,8,200,TRUE,8,"1,2,3,4,5,6,7,8",0.154887096774194,0.142857142857143,0,,25,23,757,2564,1937.5,611.129866956046,0.00837092731829574
737749,Rent_Control_Only,8,200,TRUE,8,"1,2,3,4,5,6,7,8",0.196282593375617,0.188775510204082,0,,23,45,901,2817,1773.75,658.860000303555,0.00938333333333333
737750,Rent_Control_Only,8,200,TRUE,7,"2,3,4,5,6,7,8",0.283310249307479,0.173469387755102,1,144,16,56,0,2478,1353.75,748.273011674215,0.00945402298850575
737751,Rent_Control_Only,8,200,TRUE,8,"1,2,3,4,5,6,7,8",0.176796798431885,0.153061224489796,0,,14,25,1018,2803,1913.125,642.716653299548,0.00858407079646018
737752,Rent_Control_Only,8,200,TRUE,7,"1,2,3,5,6,7,8",0.215875142781829,0.206632653061225,1,163,23,47,0,2219,1422.625,666.512873629824,0.00729855072463768
737753,Rent_Control_Only,8,200,TRUE,8,"1,2,3,4,5,6,7,8",0.254725334297073,0.153061224489796,0,,17,46,662,2912,1729.375,843.944977471873,0.00879166666666667
737754,Rent_Control_Only,8,200,TRUE,7,"1,2,3,5,6,7,8",0.293053596614951,0.168367346938776,1,107,11,33,0,3014,1772.5,989.539431106354,0.00807291666666667
737755,Rent_Control_Only,8,200,TRUE,8,"1,2,3,4,5,6,7,8",0.196711366538953,0.137755102040816,0,,24,26,660,2964,1957.5,736.425730907644,0.00994086021505376
737756,Rent_Control_Only,8,200,TRUE,8,"1,2,3,4,5,6,7,8",0.133041627246925,0.163265306122449,0,,19,35,1343,2799,1981.875,506.621706573483,0.0084297520661157
737757,Rent_Control_Only,8,200,TRUE,7,"1,3,4,5,6,7,8",0.302767320639977,0.211734693877551,2,73,24,43,0,2996,1726.625,1007.20007056337,0.0123008849557522
737758,Rent_Control_Only,8,200,TRUE,7,"1,2,3,4,5,6,7",0.245807224474751,0.183431952662722,1,159,24,25,0,2535,1695.625,858.228896790195,0.00914207650273224
737759,Rent_Control_Only,8,200,TRUE,8,"1,2,3,4,5,6,7,8",0.145492644543277,0.13265306122449,0,,21,28,820,2442,1826.875,524.427153459577,0.00826455026455026
737760,Rent_Control_Only,8,200,TRUE,8,"1,2,3,4,5,6,7,8",0.157476966690291,0.186224489795918,0,,17,36,1016,2927,1763.75,564.781057452481,0.0092283950617284
737761,Rent_Control_Only,8,200,TRUE,8,"1,2,3,4,5,6,7,8",0.168650242886884,0.170918367346939,0,,32,27,961,2618,1801.25,580.212461086454,0.00933333333333333
737762,Rent_Control_Only,8,200,TRUE,6,"1,2,4,5,6,8",0.40165001041016,0.18595041322314,3,110,19,47,0,2466,1200.75,913.763293825516,0.00856507936507937
737763,Rent_Control_Only,8,200,TRUE,7,"1,3,4,5,6,7,8",0.25087034408166,0.159763313609467,1,121,22,36,0,2786,1849.125,936.885026869054,0.00870028011204482
737764,Rent_Control_Only,8,200,TRUE,8,"1,2,3,4,5,6,7,8",0.161003521126761,0.142857142857143,0,,18,36,1084,2505,1775,540.453777592761,0.0081267217630854
737765,Rent_Control_Only,8,200,TRUE,7,"1,2,3,5,6,7,8",0.280061263714263,0.182441700960219,1,123,12,37,0,2397,1560.875,860.594883537794,0.008688
737766,Rent_Control_Only,8,200,TRUE,8,"1,2,3,4,5,6,7,8",0.250237920937042,0.168367346938776,0,,8,37,567,2731,1707.5,805.16333746638,0.00835170603674541
737767,Rent_Control_Only,8,200,TRUE,8,"1,2,3,4,5,6,7,8",0.165117521367521,0.186224489795918,0,,16,51,710,2489,1755,560.685549764113,0.00777401129943503
737768,Rent_Control_Only,8,200,TRUE,8,"1,2,3,4,5,6,7,8",0.120987753786658,0.163265306122449,0,,33,36,1296,2486,1939.375,443.394998844146,0.00823772609819122
737769,Rent_Control_Only,8,200,TRUE,8,"1,2,3,4,5,6,7,8",0.237366884232223,0.135204081632653,0,,16,39,843,3106,1819.375,814.22301920297,0.009828125
737770,Rent_Control_Only,8,200,TRUE,7,"1,2,3,4,5,6,7",0.349371463029966,0.160493827160494,1,127,15,51,0,2703,1347.375,898.272140993872,0.0103081232492997
737771,Rent_Control_Only,8,200,TRUE,7,"1,3,4,5,6,7,8",0.293007006927303,0.171597633136095,1,121,14,41,0,2569,1569.875,878.340877124919,0.00872628726287263
737772,Rent_Control_Only,8,200,TRUE,7,"1,2,3,4,6,7,8",0.252196707388776,0.155612244897959,1,68,18,19,0,3031,1913.375,993.6279754372,0.00790785907859079
737773,Rent_Control_Only,8,200,TRUE,7,"1,3,4,5,6,7,8",0.336572167207081,0.155612244897959,1,121,20,50,0,2818,1426.375,906.187923982343,0.00934453781512605
737774,Rent_Control_Only,8,200,TRUE,7,"1,2,3,5,6,7,8",0.287748171368861,0.186224489795918,1,139,20,32,0,2754,1794.375,1029.87737654261,0.00956430446194226
737775,Rent_Control_Only,8,200,TRUE,8,"1,2,3,4,5,6,7,8",0.219844170834937,0.168367346938776,0,,18,57,838,2425,1624.375,704.07323837794,0.00927322404371585
737776,Rent_Control_Only,8,200,TRUE,8,"1,2,3,4,5,6,7,8",0.12293114339861,0.147959183673469,0,,26,17,893,2503,1978.75,504.125480411375,0.00871282051282051
737777,Rent_Control_Only,8,200,TRUE,8,"1,2,3,4,5,6,7,8",0.110756566777654,0.181122448979592,0,,25,50,1170,2196,1689.375,356.183314560675,0.00953623188405797
737778,Rent_Control_Only,8,200,TRUE,7,"2,3,4,5,6,7,8",0.266559282743574,0.170918367346939,1,128,23,30,0,2854,1833.375,976.250251509022,0.00895698924731183
737779,Rent_Control_Only,8,200,TRUE,8,"1,2,3,4,5,6,7,8",0.162271004421984,0.153061224489796,0,,33,13,1046,2726,1978.75,614.534144117082,0.0105804597701149
737780,Rent_Control_Only,8,200,TRUE,8,"1,2,3,4,5,6,7,8",0.174476156069364,0.150510204081633,0,,10,45,486,2357,1730,606.482598973081,0.00776608187134503
737781,Rent_Control_Only,8,200,TRUE,7,"1,2,3,4,5,6,8",0.319291050836446,0.165680473372781,2,174,27,43,0,2888,1539.25,940.774111342053,0.0091858407079646
737782,Rent_Control_Only,8,200,TRUE,8,"1,2,3,4,5,6,7,8",0.148237126926861,0.13265306122449,0,,22,24,731,2369,1905.625,592.313849600507,0.00835057471264368
737783,Rent_Control_Only,8,200,TRUE,7,"1,3,4,5,6,7,8",0.253231242130213,0.173469387755102,1,97,18,42,0,2572,1687.625,851.626836036267,0.00796666666666667
737784,Rent_Control_Only,8,200,TRUE,8,"1,2,3,4,5,6,7,8",0.234092717867091,0.147959183673469,0,,29,50,649,2574,1570.625,693.482709126293,0.00827683615819209
737785,Rent_Control_Only,8,200,TRUE,7,"1,2,3,4,6,7,8",0.344453125,0.196428571428571,2,132,12,46,0,3285,1600,1047.88330866153,0.00982608695652174
737786,Rent_Control_Only,8,200,TRUE,8,"1,2,3,4,5,6,7,8",0.221860208267592,0.160714285714286,0,,19,39,546,2782,1980.625,859.068255645116,0.0110927318295739
737787,Rent_Control_Only,8,200,TRUE,7,"1,2,3,4,5,6,8",0.370105186419496,0.176020408163265,1,134,28,68,0,3149,1200.25,920.192332380263,0.00830088495575221
737788,Rent_Control_Only,8,200,TRUE,8,"1,2,3,4,5,6,7,8",0.292820069204152,0.147959183673469,0,,20,55,646,2984,1445,826.928222830909,0.00929166666666667
737789,Rent_Control_Only,8,200,TRUE,8,"1,2,3,4,5,6,7,8",0.19943915703603,0.178571428571429,0,,24,36,899,3091,1838.75,714.208402958928,0.00933333333333333
737790,Rent_Control_Only,8,200,TRUE,8,"1,2,3,4,5,6,7,8",0.181564048124558,0.155612244897959,0,,20,33,932,2543,1766.25,602.52699998779,0.00768452380952381
737791,Rent_Control_Only,8,200,TRUE,8,"1,2,3,4,5,6,7,8",0.255288461538462,0.176020408163265,0,,18,49,573,2402,1430,690.349393940696,0.00959349593495935
737792,Rent_Control_Only,8,200,TRUE,8,"1,2,3,4,5,6,7,8",0.226243998254038,0.147959183673469,0,,17,59,785,2413,1431.875,627.889989795756,0.00874300254452926
737793,Rent_Control_Only,8,200,TRUE,7,"1,2,3,4,5,6,7",0.218136395511922,0.191326530612245,1,151,27,48,0,2018,1426,656.367057587227,0.00833062330623306
737794,Rent_Control_Only,8,200,TRUE,8,"1,2,3,4,5,6,7,8",0.230205101689073,0.147959183673469,0,,11,33,825,2811,1813.125,796.551395077556,0.0109583333333333
737795,Rent_Control_Only,8,200,TRUE,8,"1,2,3,4,5,6,7,8",0.239921365554277,0.165816326530612,0,,21,53,664,2980,1629.375,757.735335909389,0.00847878787878788
737796,Rent_Control_Only,8,200,TRUE,8,"1,2,3,4,5,6,7,8",0.138554488141699,0.133058984910837,0,,31,28,877,2634,2081.875,586.13002884538,0.00967179487179487
737797,Rent_Control_Only,8,200,TRUE,8,"1,2,3,4,5,6,7,8",0.132701421800948,0.165816326530612,0,,25,22,1257,2972,2110,538.756769927634,0.00773015873015873
737798,Rent_Control_Only,8,200,TRUE,8,"1,2,3,4,5,6,7,8",0.15019987699877,0.145408163265306,0,,20,27,788,2641,2032.5,614.829825468572,0.010752688172043
737799,Rent_Control_Only,8,200,TRUE,8,"1,2,3,4,5,6,7,8",0.221980137819214,0.158163265306122,0,,17,46,733,2365,1541.875,647.527922729426,0.00924712643678161
737800,Rent_Control_Only,8,200,TRUE,7,"1,2,3,4,5,6,8",0.330280649926145,0.155006858710562,1,126,20,38,0,3223,1692.5,1059.89581698257,0.010288
737801,Rent_Control_Only,8,200,TRUE,8,"1,2,3,4,5,6,7,8",0.138269358041032,0.183673469387755,0,,28,33,955,2419,1888.75,509.277850069516,0.00940350877192983
737802,Rent_Control_Only,8,200,TRUE,8,"1,2,3,4,5,6,7,8",0.12416163648558,0.186224489795918,0,,27,35,1212,2511,1863.75,435.337881913085,0.00856140350877193
737803,Rent_Control_Only,8,200,TRUE,8,"1,2,3,4,5,6,7,8",0.224962504686914,0.183673469387755,0,,11,56,831,2570,1666.875,733.450443841592,0.00815954415954416
737804,Rent_Control_Only,8,200,TRUE,8,"1,2,3,4,5,6,7,8",0.154169402495076,0.146776406035665,0,,31,17,879,2580,1903.75,580.683771821757,0.00965826330532213
737805,Rent_Control_Only,8,200,TRUE,7,"1,2,3,4,5,7,8",0.319252773167962,0.163265306122449,1,133,16,56,0,2520,1431.125,891.867773271352,0.00774863387978142
737806,Rent_Control_Only,8,200,TRUE,6,"1,4,5,6,7,8",0.346112170596394,0.2832,2,106,17,55,0,2545,1442,980.650367285478,0.00940522875816993
737807,Rent_Control_Only,8,200,TRUE,8,"1,2,3,4,5,6,7,8",0.173458781362007,0.145408163265306,0,,20,45,1186,2708,1743.75,593.416680876816,0.00852252252252252
737808,Rent_Control_Only,8,200,TRUE,8,"1,2,3,4,5,6,7,8",0.186457638425617,0.13265306122449,0,,12,28,789,2714,1873.75,657.673768455369,0.00857738095238095
737809,Rent_Control_Only,8,200,TRUE,8,"1,2,3,4,5,6,7,8",0.116439205955335,0.147959183673469,0,,30,20,1154,2495,2015,456.846019698416,0.00966376811594203
737810,Rent_Control_Only,8,200,TRUE,8,"1,2,3,4,5,6,7,8",0.205851063829787,0.150510204081633,0,,23,40,611,2402,1645,647.927906042464,0.00853944020356234
737811,Rent_Control_Only,8,200,TRUE,8,"1,2,3,4,5,6,7,8",0.170788791707159,0.13265306122449,0,,26,30,841,2586,1929.375,644.089598359022,0.00742635658914729
737812,Rent_Control_Only,8,200,TRUE,8,"1,2,3,4,5,6,7,8",0.170128385508266,0.25,0,,20,45,1027,2600,1776.875,570.986474070471,0.00764057971014493
737813,Rent_Control_Only,8,200,TRUE,8,"1,2,3,4,5,6,7,8",0.167432814710042,0.158163265306122,0,,17,30,617,2317,1767.5,589.152660303641,0.00810687022900764
737814,Rent_Control_Only,8,200,TRUE,8,"1,2,3,4,5,6,7,8",0.199536309336687,0.14030612244898,0,,15,27,905,2867,1988.125,763.400370054927,0.00800560224089636
737815,Rent_Control_Only,8,200,TRUE,8,"1,2,3,4,5,6,7,8",0.155962410887881,0.153061224489796,0,,18,31,1012,2716,1928.75,571.472471527969,0.0074949494949495
737816,Rent_Control_Only,8,200,TRUE,8,"1,2,3,4,5,6,7,8",0.197108345534407,0.160714285714286,0,,13,54,918,2362,1707.5,680.389174349084,0.00779733333333333
737817,Rent_Control_Only,8,200,TRUE,7,"1,3,4,5,6,7,8",0.225117439812096,0.201530612244898,1,169,25,43,200,2377,1703,786.396301400981,0.0102544529262087
737818,Rent_Control_Only,8,200,TRUE,7,"1,2,3,4,5,7,8",0.305951131764353,0.179584120982987,1,197,30,35,0,3120,1667.75,981.89448807613,0.010046511627907
737819,Rent_Control_Only,8,200,TRUE,8,"1,2,3,4,5,6,7,8",0.220136485966936,0.160714285714286,0,,20,57,762,2683,1625.625,682.157069784623,0.00825066666666667
737820,Rent_Control_Only,8,200,TRUE,8,"1,2,3,4,5,6,7,8",0.196683837733419,0.153061224489796,0,,21,25,756,2636,1941.25,763.090473946944,0.0108994708994709
737821,Rent_Control_Only,8,200,TRUE,7,"1,2,3,5,6,7,8",0.289132179807349,0.174211248285322,1,163,18,56,0,2452,1401.5,774.225511628972,0.008336
737822,Rent_Control_Only,8,200,TRUE,8,"1,2,3,4,5,6,7,8",0.189119658119658,0.155612244897959,0,,11,31,786,2599,1828.125,663.029505376646,0.00780597014925373
737823,Rent_Control_Only,8,200,TRUE,8,"1,2,3,4,5,6,7,8",0.15952380952381,0.153061224489796,0,,22,35,768,2492,1785,555.416960490045,0.00749315068493151
737824,Rent_Control_Only,8,200,TRUE,8,"1,2,3,4,5,6,7,8",0.131600206256445,0.168367346938776,0,,31,38,955,2432,1818.125,464.646236399263,0.0103229166666667
737825,Rent_Control_Only,8,200,TRUE,8,"1,2,3,4,5,6,7,8",0.145835922933499,0.183673469387755,0,,16,30,1150,2754,2011.25,556.053376163527,0.0090761154855643
737826,Rent_Control_Only,8,200,TRUE,8,"1,2,3,4,5,6,7,8",0.119643944004869,0.145408163265306,0,,21,19,1016,2568,2053.75,498.641511652266,0.00949333333333333
737827,Rent_Control_Only,8,200,TRUE,8,"1,2,3,4,5,6,7,8",0.196518987341772,0.176020408163265,0,,20,53,730,2439,1728.125,653.746442219218,0.00982539682539683
737828,Rent_Control_Only,8,200,TRUE,7,"1,2,3,4,5,7,8",0.239526572216168,0.224489795918367,1,173,24,36,0,3254,1949.875,954.627292642078,0.00918713450292398
737829,Rent_Control_Only,8,200,TRUE,7,"1,2,3,4,6,7,8",0.25997441072587,0.182441700960219,1,100,18,22,0,2710,1734.125,903.19645663926,0.00901612903225807
737830,Rent_Control_Only,8,200,TRUE,8,"1,2,3,4,5,6,7,8",0.193285086112129,0.188775510204082,0,,16,45,930,2859,1705.625,632.106667648518,0.00843569553805774
737831,Rent_Control_Only,8,200,TRUE,8,"1,2,3,4,5,6,7,8",0.204945891105851,0.165816326530612,0,,32,40,900,2988,1848.125,723.201105700008,0.0091501272264631
737832,Rent_Control_Only,8,200,TRUE,6,"1,2,3,4,5,6",0.43296725469849,0.190972222222222,2,102,18,64,0,2392,1084.125,898.506290223629,0.00748850574712644
737833,Rent_Control_Only,8,200,TRUE,8,"1,2,3,4,5,6,7,8",0.128066439522998,0.163265306122449,0,,18,37,1306,2560,1834.375,457.172970548347,0.00866666666666667
737834,Rent_Control_Only,8,200,TRUE,7,"1,3,4,5,6,7,8",0.347575291450777,0.186224489795918,1,73,19,55,0,3282,1544,1030.52594061756,0.00966376811594203
737835,Rent_Control_Only,8,200,TRUE,8,"1,2,3,4,5,6,7,8",0.143981339859284,0.150510204081633,0,,12,27,1315,2774,2043.125,558.683513142408,0.00859090909090909
737836,Rent_Control_Only,8,200,TRUE,7,"1,3,4,5,6,7,8",0.2429688595876,0.188775510204082,1,113,36,26,0,2898,1782.25,884.704914485212,0.00885057471264368
737837,Rent_Control_Only,8,200,TRUE,7,"2,3,4,5,6,7,8",0.20393059490085,0.215363511659808,1,176,27,30,0,2546,1765,783.656083459356,0.00927604166666667
737838,Rent_Control_Only,8,200,TRUE,8,"1,2,3,4,5,6,7,8",0.148240800516462,0.158163265306122,0,,8,32,1111,2720,1936.25,543.686030719937,0.00792380952380952
737839,Rent_Control_Only,8,200,TRUE,6,"1,4,5,6,7,8",0.382861792689034,0.177685950413223,2,137,20,37,0,2331,1248.125,913.158949940887,0.00756737588652482
737840,Rent_Control_Only,8,200,TRUE,8,"1,2,3,4,5,6,7,8",0.142652764306499,0.147959183673469,0,,15,28,945,2684,1933.125,538.74866589162,0.00775621890547264
737841,Rent_Control_Only,8,200,TRUE,6,"1,2,4,6,7,8",0.39015884234804,0.197278911564626,2,82,14,33,0,3125,1680.125,1253.62462341347,0.0106610169491525
737842,Rent_Control_Only,8,200,TRUE,7,"1,2,3,5,6,7,8",0.350722611640545,0.153061224489796,1,139,16,34,0,3304,1587.125,1074.73617194441,0.01
737843,Rent_Control_Only,8,200,TRUE,8,"1,2,3,4,5,6,7,8",0.132818707114482,0.178571428571429,0,,19,34,1205,2393,1730.625,440.108732506606,0.00857452574525745
737844,Rent_Control_Only,8,200,TRUE,8,"1,2,3,4,5,6,7,8",0.235468805075784,0.16323731138546,0,,24,33,757,3255,1773.125,807.386513475954,0.0104579710144928
737845,Rent_Control_Only,8,200,TRUE,8,"1,2,3,4,5,6,7,8",0.136862976712791,0.198979591836735,0,,16,29,1148,2480,1851.875,484.127621161434,0.00858585858585859
737846,Rent_Control_Only,8,200,TRUE,8,"1,2,3,4,5,6,7,8",0.156793292265571,0.168367346938776,0,,12,33,1083,2624,1826.25,539.729495739698,0.0080495867768595
9070,UBI_Only,8,200,TRUE,8,"1,2,3,4,5,6,7,8",0.190436974789916,0.165980795610425,0,,18,53,1336,4957,3718.75,1448.14785650006,0.00731720430107527
9071,UBI_Only,8,200,TRUE,8,"1,2,3,4,5,6,7,8",0.149564302884615,0.183673469387755,0,,29,50,1124,5452,4160,1348.79914844915,0.009828125
9072,UBI_Only,8,200,TRUE,8,"1,2,3,4,5,6,7,8",0.112665132848449,0.158163265306122,0,,20,45,2528,5122,4210.625,989.374974054688,0.00785750636132316
9073,UBI_Only,8,200,TRUE,8,"1,2,3,4,5,6,7,8",0.162286542378192,0.135204081632653,0,,22,56,1153,5136,3989.375,1339.90393445628,0.00747916666666667
9074,UBI_Only,8,200,TRUE,8,"1,2,3,4,5,6,7,8",0.171132506527415,0.127551020408163,0,,16,59,2059,5457,3830,1231.71309275218,0.0115858585858586
9075,UBI_Only,8,200,TRUE,8,"1,2,3,4,5,6,7,8",0.155273817239145,0.153061224489796,0,,24,47,1768,4975,3857.5,1195.65965056951,0.00837373737373737
9076,UBI_Only,8,200,TRUE,8,"1,2,3,4,5,6,7,8",0.110110267270337,0.135204081632653,0,,34,24,1327,4975,4279.375,1216.77934817405,0.00730054644808743
9077,UBI_Only,8,200,TRUE,7,"1,2,3,4,5,6,7",0.194880196440302,0.189349112426036,1,151,12,42,0,5265,3996.125,1747.19656572628,0.00955172413793103
9078,UBI_Only,8,200,TRUE,8,"1,2,3,4,5,6,7,8",0.203784482758621,0.178571428571429,0,,13,71,1498,5328,3625,1411.08276561957,0.00783333333333333
9079,UBI_Only,8,200,TRUE,7,"1,2,3,4,5,7,8",0.307050511124474,0.188775510204082,1,101,13,115,0,5392,3118.125,1818.20723614538,0.011203007518797
9080,UBI_Only,8,200,TRUE,8,"1,2,3,4,5,6,7,8",0.0888460449978774,0.14030612244898,0,,18,24,2537,5199,4416.875,844.799289349674,0.00882384823848239
9081,UBI_Only,8,200,TRUE,8,"1,2,3,4,5,6,7,8",0.112333654000321,0.196428571428571,0,,30,63,2269,4719,3898.125,871.835246149507,0.0092
9082,UBI_Only,8,200,TRUE,8,"1,2,3,4,5,6,7,8",0.202680154763824,0.183673469387755,0,,20,61,815,5347,3876.875,1622.38998636491,0.0108661417322835
9083,UBI_Only,8,200,TRUE,8,"1,2,3,4,5,6,7,8",0.16914673046252,0.181122448979592,0,,8,38,1040,5468,3918.75,1357.87089119064,0.00859130434782609
9084,UBI_Only,8,200,TRUE,8,"1,2,3,4,5,6,7,8",0.14423877490336,0.150510204081633,0,,20,26,985,5213,4203.75,1400.21046887347,0.0082316384180791
9085,UBI_Only,8,200,TRUE,8,"1,2,3,4,5,6,7,8",0.253097681489928,0.183673469387755,0,,23,81,889,5045,3288.75,1638.7964006725,0.0098978978978979
9086,UBI_Only,8,200,TRUE,8,"1,2,3,4,5,6,7,8",0.177831275720165,0.160714285714286,0,,16,72,1457,5075,3796.875,1316.67106614696,0.00694029850746269
9087,UBI_Only,8,200,TRUE,8,"1,2,3,4,5,6,7,8",0.121705168073449,0.142857142857143,0,,22,20,1977,5480,4220.625,1059.60382589775,0.0104135802469136
9088,UBI_Only,8,200,TRUE,8,"1,2,3,4,5,6,7,8",0.118628544122332,0.14030612244898,0,,22,44,2165,4964,3923.75,906.57310003898,0.0116722222222222
9089,UBI_Only,8,200,TRUE,8,"1,2,3,4,5,6,7,8",0.1224268731425,0.168367346938776,0,,21,40,1281,4859,3995.625,1149.92073484592,0.00748484848484848
9090,UBI_Only,8,200,TRUE,8,"1,2,3,4,5,6,7,8",0.148726993865031,0.173469387755102,0,,28,48,1163,5773,4075,1321.41904243669,0.0128282828282828
9091,UBI_Only,8,200,TRUE,8,"1,2,3,4,5,6,7,8",0.174626432010626,0.191326530612245,0,,13,55,1450,5087,3764.375,1410.63034922082,0.00894677871148459
9092,UBI_Only,8,200,TRUE,8,"1,2,3,4,5,6,7,8",0.104414164490862,0.193877551020408,0,,21,72,2447,4705,3830,785.443277937461,0.00879012345679012
9093,UBI_Only,8,200,TRUE,8,"1,2,3,4,5,6,7,8",0.0936121049493142,0.142857142857143,0,,26,31,2125,4947,4192.5,893.300461371041,0.00770483460559797
9094,UBI_Only,8,200,TRUE,8,"1,2,3,4,5,6,7,8",0.0555066523316758,0.149519890260631,0,,25,5,3877,5487,4650.625,497.12284699056,0.0125698005698006
9095,UBI_Only,8,200,TRUE,8,"1,2,3,4,5,6,7,8",0.135064839375184,0.145408163265306,0,,20,35,1159,5255,4241.25,1324.1840344691,0.00807575757575758
9096,UBI_Only,8,200,TRUE,8,"1,2,3,4,5,6,7,8",0.172848846720105,0.186224489795918,0,,18,66,1567,4953,3820.625,1359.98801859218,0.00889876543209877
9097,UBI_Only,8,200,TRUE,8,"1,2,3,4,5,6,7,8",0.166233060063577,0.137755102040816,0,,20,69,1972,5047,3735.625,1190.87674035321,0.00738333333333333
9098,UBI_Only,8,200,TRUE,8,"1,2,3,4,5,6,7,8",0.151150658576291,0.163265306122449,0,,34,49,1110,5202,4223.125,1450.6424623495,0.00946770025839793
9099,UBI_Only,8,200,TRUE,8,"1,2,3,4,5,6,7,8",0.160829129886507,0.142857142857143,0,,22,51,1441,5366,3965,1315.88775031481,0.00694933333333333
9100,UBI_Only,8,200,TRUE,8,"1,2,3,4,5,6,7,8",0.156538579536739,0.193877551020408,0,,17,61,1695,5202,4074.375,1284.3961268683,0.00805128205128205
9101,UBI_Only,8,200,TRUE,8,"1,2,3,4,5,6,7,8",0.137868205283936,0.204081632653061,0,,24,51,1724,5303,4116.25,1155.41158405627,0.00985353535353535
9102,UBI_Only,8,200,TRUE,8,"1,2,3,4,5,6,7,8",0.164663461538461,0.142857142857143,0,,26,43,1107,5140,4030,1497.77339502915,0.00929850746268657
9103,UBI_Only,8,200,TRUE,8,"1,2,3,4,5,6,7,8",0.123699817518248,0.14030612244898,0,,16,46,2540,5198,4110,965.920582360978,0.00772661870503597
9104,UBI_Only,8,200,TRUE,8,"1,2,3,4,5,6,7,8",0.225051750905641,0.158163265306122,0,,16,69,1044,5321,3623.125,1571.70030199326,0.00907246376811594
9105,UBI_Only,8,200,TRUE,8,"1,2,3,4,5,6,7,8",0.172801595994367,0.196428571428571,0,,32,66,1691,5271,3994.375,1387.46808843612,0.0088029197080292
9106,UBI_Only,8,200,TRUE,8,"1,2,3,4,5,6,7,8",0.103781572904707,0.14030612244898,0,,30,26,2290,5171,4355,993.466945312511,0.00782843137254902
9107,UBI_Only,8,200,TRUE,8,"1,2,3,4,5,6,7,8",0.0985817655571635,0.163265306122449,0,,14,21,1878,5030,4318.75,1025.70515813687,0.0070840108401084
9108,UBI_Only,8,200,TRUE,8,"1,2,3,4,5,6,7,8",0.150765220316179,0.155612244897959,0,,22,71,1439,4707,3716.25,1168.14452995216,0.00827860696517413
9109,UBI_Only,8,200,TRUE,8,"1,2,3,4,5,6,7,8",0.159682440846824,0.153061224489796,0,,22,41,822,5065,4015,1430.80377011365,0.00884699453551913
9110,UBI_Only,8,200,TRUE,8,"1,2,3,4,5,6,7,8",0.169913903061224,0.135204081632653,0,,24,44,1171,5170,3920,1350.91387057587,0.00836856368563686
9111,UBI_Only,8,200,TRUE,7,"1,3,4,5,6,7,8",0.263666690580386,0.196159122085048,2,137,14,69,0,5223,3484.75,1828.00123085298,0.00874254742547426
9112,UBI_Only,8,200,TRUE,8,"1,2,3,4,5,6,7,8",0.198259412068076,0.160714285714286,0,,16,71,1206,5072,3635.625,1440.72114259293,0.00870238095238095
9113,UBI_Only,8,200,TRUE,8,"1,2,3,4,5,6,7,8",0.19640821458508,0.176020408163265,0,,21,53,566,4962,3728.125,1536.26127218926,0.00845641025641026
9114,UBI_Only,8,200,TRUE,8,"1,2,3,4,5,6,7,8",0.2110621258696,0.153061224489796,0,,14,61,767,5377,3863.125,1626.15228925742,0.00864367816091954
9115,UBI_Only,8,200,TRUE,8,"1,2,3,4,5,6,7,8",0.103281570465866,0.183673469387755,0,,18,28,2549,5033,4266.25,927.103438519287,0.00821468926553672
9116,UBI_Only,8,200,TRUE,8,"1,2,3,4,5,6,7,8",0.116366695932104,0.178571428571429,0,,14,26,1446,5294,4271.25,1191.31437016911,0.0103172043010753
9117,UBI_Only,8,200,TRUE,8,"1,2,3,4,5,6,7,8",0.111941555588106,0.158163265306122,0,,27,51,2007,5147,4266.875,1038.94334198605,0.00795800524934383
9118,UBI_Only,8,200,TRUE,8,"1,2,3,4,5,6,7,8",0.187610940777796,0.14030612244898,0,,24,55,1121,5396,3873.125,1466.94740751963,0.00776642335766423
9119,UBI_Only,8,200,TRUE,8,"1,2,3,4,5,6,7,8",0.147498861393654,0.149519890260631,0,,32,21,2329,5338,4116.875,1178.33871403769,0.00983838383838384
9120,UBI_Only,8,200,TRUE,8,"1,2,3,4,5,6,7,8",0.162818483340871,0.163265306122449,0,,22,36,1060,5555,4145.625,1448.40857865255,0.00822641509433962
9121,UBI_Only,8,200,TRUE,8,"1,2,3,4,5,6,7,8",0.166142541087231,0.170918367346939,0,,29,55,1036,4916,3955,1534.94001744135,0.0104832214765101
9122,UBI_Only,8,200,TRUE,8,"1,2,3,4,5,6,7,8",0.130175615039455,0.163265306122449,0,,22,48,1370,5043,4039.375,1181.65415988411,0.00982945736434108
9123,UBI_Only,8,200,TRUE,8,"1,2,3,4,5,6,7,8",0.142065737919025,0.168367346938776,0,,22,36,1885,5982,4306.875,1221.59701532754,0.008672
9124,UBI_Only,8,200,TRUE,8,"1,2,3,4,5,6,7,8",0.111608557844691,0.157750342935528,0,,20,54,2676,4788,3943.75,864.974607389472,0.00949606299212599
9125,UBI_Only,8,200,TRUE,8,"1,2,3,4,5,6,7,8",0.141776264286833,0.153061224489796,0,,20,62,1724,5024,3991.875,1155.44764825462,0.00857627118644068
9126,UBI_Only,8,200,TRUE,8,"1,2,3,4,5,6,7,8",0.123304825901039,0.137755102040816,0,,28,36,1557,5074,4092.5,1125.88174969031,0.00949862258953168
9127,UBI_Only,8,200,TRUE,8,"1,2,3,4,5,6,7,8",0.1487964560138,0.168367346938776,0,,23,43,1730,5559,3985.625,1168.91756247271,0.00841379310344828
9128,UBI_Only,8,200,TRUE,8,"1,2,3,4,5,6,7,8",0.143314312152992,0.153061224489796,0,,25,33,1418,5465,4052.5,1225.9642269309,0.009984375
9129,UBI_Only,8,200,TRUE,8,"1,2,3,4,5,6,7,8",0.131194065002355,0.158163265306122,0,,23,37,1403,5170,3980.625,1145.15425504914,0.00852459016393443
9130,UBI_Only,8,200,TRUE,8,"1,2,3,4,5,6,7,8",0.157869726471952,0.168367346938776,0,,18,46,1820,5155,4044.375,1291.59811722864,0.0109731182795699
9131,UBI_Only,8,200,TRUE,8,"1,2,3,4,5,6,7,8",0.144284923271634,0.160714285714286,0,,16,67,1072,5046,3950.625,1262.00848282184,0.00783739837398374
9132,UBI_Only,8,200,TRUE,8,"1,2,3,4,5,6,7,8",0.105189107413011,0.147959183673469,0,,26,42,2054,5061,4131.25,932.674457062668,0.00883854166666667
9133,UBI_Only,8,200,TRUE,8,"1,2,3,4,5,6,7,8",0.244194226201352,0.168367346938776,0,,22,83,1031,5014,3420.625,1688.30929271184,0.00831436314363144
9134,UBI_Only,8,200,TRUE,8,"1,2,3,4,5,6,7,8",0.129338967702988,0.155612244897959,0,,28,33,1136,5167,4141.25,1271.91517574314,0.0085030303030303
9135,UBI_Only,8,200,TRUE,8,"1,2,3,4,5,6,7,8",0.159864956684219,0.178571428571429,0,,16,73,1312,4650,3679.375,1245.41076843861,0.0104561403508772
9136,UBI_Only,8,200,TRUE,8,"1,2,3,4,5,6,7,8",0.162509770204784,0.142857142857143,0,,18,47,1517,5459,3998.125,1303.54707707196,0.00908539944903581
9137,UBI_Only,8,200,TRUE,8,"1,2,3,4,5,6,7,8",0.185273749388952,0.137755102040816,0,,20,49,1176,5105,3835.625,1474.87461331464,0.00918032786885246
9138,UBI_Only,8,200,TRUE,8,"1,2,3,4,5,6,7,8",0.147688155218276,0.173469387755102,0,,28,71,2099,5858,3994.375,1141.35294872858,0.00936206896551724
9139,UBI_Only,8,200,TRUE,8,"1,2,3,4,5,6,7,8",0.133857946970819,0.178571428571429,0,,38,51,1260,5078,4219.375,1303.83148971461,0.00787179487179487
9140,UBI_Only,8,200,TRUE,8,"1,2,3,4,5,6,7,8",0.100428859737639,0.157750342935528,0,,16,23,2830,5273,4335.625,837.105034798928,0.00761467889908257
9141,UBI_Only,8,200,TRUE,8,"1,2,3,4,5,6,7,8",0.170561742548313,0.153061224489796,0,,13,53,887,5193,3816.25,1355.67070906934,0.00881420765027323
9142,UBI_Only,8,200,TRUE,8,"1,2,3,4,5,6,7,8",0.169370359145325,0.160714285714286,0,,24,53,775,5585,4124.375,1499.58831850612,0.00918571428571429
9143,UBI_Only,8,200,TRUE,8,"1,2,3,4,5,6,7,8",0.213641207815275,0.163265306122449,0,,20,73,839,4918,3518.75,1498.19946697933,0.0111515151515152
9144,UBI_Only,8,200,TRUE,8,"1,2,3,4,5,6,7,8",0.230314685314685,0.155612244897959,0,,34,72,1038,5918,3575,1645.29337375262,0.00894708994708995
9145,UBI_Only,8,200,TRUE,8,"1,2,3,4,5,6,7,8",0.138422712933754,0.170918367346939,0,,25,65,1957,5143,3962.5,1101.22775638311,0.00907246376811594
9146,UBI_Only,8,200,TRUE,7,"1,2,3,4,5,6,8",0.197803812549643,0.174556213017751,1,110,17,42,0,5521,3934.375,1724.33423487775,0.00865486725663717
9147,UBI_Only,8,200,TRUE,8,"1,2,3,4,5,6,7,8",0.206146136714065,0.138545953360768,0,,20,52,1276,5454,3648.125,1437.64375057642,0.0111932773109244
9148,UBI_Only,8,200,TRUE,8,"1,2,3,4,5,6,7,8",0.246615684998373,0.178571428571429,0,,15,46,897,6589,3841.25,1876.09676494273,0.0141119592875318
9149,UBI_Only,8,200,TRUE,8,"1,2,3,4,5,6,7,8",0.138947734652853,0.150510204081633,0,,22,51,1571,5119,4041.875,1173.10582125277,0.00846236559139785
9150,UBI_Only,8,200,TRUE,8,"1,2,3,4,5,6,7,8",0.15772476468679,0.163265306122449,0,,26,70,1336,5092,3851.25,1228.65603114018,0.00812745098039216
9151,UBI_Only,8,200,TRUE,8,"1,2,3,4,5,6,7,8",0.053030303030303,0.160714285714286,0,,26,38,3211,4580,4207.5,472.408418940343,0.00975124378109453
9152,UBI_Only,8,200,TRUE,8,"1,2,3,4,5,6,7,8",0.170175300063171,0.170918367346939,0,,26,48,1250,5076,3957.5,1395.81660686496,0.00845355191256831
9153,UBI_Only,8,200,TRUE,8,"1,2,3,4,5,6,7,8",0.229999058557711,0.170918367346939,0,,18,108,1266,5501,3319.375,1471.41117274734,0.00921311475409836
9154,UBI_Only,8,200,TRUE,8,"1,2,3,4,5,6,7,8",0.172704248366013,0.142857142857143,0,,15,66,1481,5201,3825,1285.33486465034,0.00784461152882206
9155,UBI_Only,8,200,TRUE,8,"1,2,3,4,5,6,7,8",0.166394779771615,0.127551020408163,0,,14,47,1102,4937,3831.25,1333.08115174691,0.00855466666666667
9156,UBI_Only,8,200,TRUE,8,"1,2,3,4,5,6,7,8",0.150093225605966,0.188775510204082,0,,10,53,1486,5220,4022.5,1221.3904254695,0.00776859504132231
9157,UBI_Only,8,200,TRUE,8,"1,2,3,4,5,6,7,8",0.154868708971554,0.146776406035665,0,,18,42,1286,5021,3998.75,1343.93194449294,0.00759103641456583
9158,UBI_Only,8,200,TRUE,8,"1,2,3,4,5,6,7,8",0.0998748293126992,0.198979591836735,0,,24,51,2490,5061,4119.375,814.38196329662,0.00778550724637681
9159,UBI_Only,8,200,TRUE,7,"1,2,3,4,5,6,8",0.191837588300905,0.163265306122449,1,126,22,32,0,5296,4034.5,1777.39560673958,0.00908256880733945
9160,UBI_Only,8,200,TRUE,8,"1,2,3,4,5,6,7,8",0.144193097014925,0.147959183673469,0,,32,37,1066,4952,4020,1297.34112707491,0.00833608815426997
9161,UBI_Only,8,200,TRUE,7,"1,2,3,4,5,7,8",0.270972056502829,0.157750342935528,1,173,18,87,0,4826,3247.625,1758.62258904925,0.0090327868852459
9162,UBI_Only,8,200,TRUE,8,"1,2,3,4,5,6,7,8",0.208364233945727,0.150510204081633,0,,24,66,1286,5398,3708.125,1500.01737489937,0.00805913978494624
9163,UBI_Only,8,200,TRUE,8,"1,2,3,4,5,6,7,8",0.154455895725978,0.155612244897959,0,,28,35,1085,5682,4123.75,1372.43836707831,0.0105353535353535
9164,UBI_Only,8,200,TRUE,8,"1,2,3,4,5,6,7,8",0.192638315441784,0.168367346938776,0,,17,79,1229,5131,3784.375,1456.30755557628,0.00907103825136612
9165,UBI_Only,8,200,TRUE,8,"1,2,3,4,5,6,7,8",0.161715210355987,0.13265306122449,0,,18,54,1145,4906,3862.5,1313.86365894096,0.00802604166666667
9166,UBI_Only,8,200,TRUE,8,"1,2,3,4,5,6,7,8",0.126265913317122,0.145408163265306,0,,26,33,1770,5461,4369.375,1236.6311307627,0.00916402116402116
9167,UBI_Only,8,200,TRUE,8,"1,2,3,4,5,6,7,8",0.17007095986571,0.153061224489796,0,,21,40,1788,5792,4095.625,1359.57734372541,0.00954269972451791
9168,UBI_Only,8,200,TRUE,8,"1,2,3,4,5,6,7,8",0.135114702815433,0.145408163265306,0,,28,38,1640,5425,4195.625,1182.74063543716,0.00843076923076923
9169,UBI_Only,8,200,TRUE,8,"1,2,3,4,5,6,7,8",0.134987113402062,0.145408163265306,0,,28,62,1500,4890,3880,1104.38981213286,0.00826760563380282
9170,UBI_Only,8,200,TRUE,8,"1,2,3,4,5,6,7,8",0.159850662833413,0.153061224489796,0,,16,51,1818,5116,3913.125,1294.24765100921,0.00768361581920904
9171,UBI_Only,8,200,TRUE,8,"1,2,3,4,5,6,7,8",0.208932958932959,0.186224489795918,0,,22,67,1272,5119,3561.25,1476.41261654245,0.00737037037037037
9172,UBI_Only,8,200,TRUE,8,"1,2,3,4,5,6,7,8",0.10272504592774,0.204081632653061,0,,22,36,2454,5040,4082.5,834.653563718847,0.0100222222222222
9173,UBI_Only,8,200,TRUE,8,"1,2,3,4,5,6,7,8",0.107760393712355,0.147959183673469,0,,26,27,2453,5447,4254.375,914.325971490943,0.00771900826446281
9174,UBI_Only,8,200,TRUE,8,"1,2,3,4,5,6,7,8",0.208805741108503,0.165816326530612,0,,17,77,1135,4838,3461.875,1440.9423937628,0.00832275132275133
9175,UBI_Only,8,200,TRUE,8,"1,2,3,4,5,6,7,8",0.216137005649718,0.198979591836735,0,,6,71,1258,5081,3540,1524.62566834336,0.00807777777777778
9176,UBI_Only,8,200,TRUE,8,"1,2,3,4,5,6,7,8",0.126784044873792,0.142857142857143,0,,29,47,992,4934,4011.25,1257.24094179051,0.0095752688172043
9177,UBI_Only,8,200,TRUE,7,"1,2,4,5,6,7,8",0.196342246970995,0.168367346938776,1,90,20,41,0,5515,4085.5,1794.62427424636,0.00886111111111111
9178,UBI_Only,8,200,TRUE,8,"1,2,3,4,5,6,7,8",0.0343833969735539,0.186224489795918,0,,34,18,3860,4884,4419.375,300.183247605287,0.0129054726368159
9179,UBI_Only,8,200,TRUE,8,"1,2,3,4,5,6,7,8",0.131528394305832,0.160714285714286,0,,18,57,1231,5056,4083.125,1225.75975710694,0.00833898305084746
9180,UBI_Only,8,200,TRUE,8,"1,2,3,4,5,6,7,8",0.163639270866645,0.155612244897959,0,,26,48,1164,5267,3908.75,1349.62764706207,0.00854301075268817
9181,UBI_Only,8,200,TRUE,8,"1,2,3,4,5,6,7,8",0.145492051476154,0.145408163265306,0,,34,23,1165,5165,4128.125,1349.60263331736,0.00733333333333333
9182,UBI_Only,8,200,TRUE,8,"1,2,3,4,5,6,7,8",0.103928518131622,0.142857142857143,0,,24,37,2059,5336,4188.125,955.237956517343,0.00839344262295082
9183,UBI_Only,8,200,TRUE,8,"1,2,3,4,5,6,7,8",0.25070854078897,0.158163265306122,0,,18,73,1200,5583,3263.75,1538.62496590764,0.00965656565656566
9184,UBI_Only,8,200,TRUE,8,"1,2,3,4,5,6,7,8",0.232356039325843,0.150510204081633,0,,14,73,968,5168,3560,1601.75323585483,0.0101374045801527
9185,UBI_Only,8,200,TRUE,8,"1,2,3,4,5,6,7,8",0.116092124814265,0.135204081632653,0,,28,43,2118,5123,4206.25,1012.32741033437,0.00993989071038251
9186,UBI_Only,8,200,TRUE,8,"1,2,3,4,5,6,7,8",0.160008324504314,0.173469387755102,0,,13,46,1408,5823,4129.375,1327.66916463187,0.01115
9187,UBI_Only,8,200,TRUE,8,"1,2,3,4,5,6,7,8",0.165188965749958,0.150510204081633,0,,34,61,1864,4926,3704.375,1213.40158674459,0.0129476584022039
9188,UBI_Only,8,200,TRUE,8,"1,2,3,4,5,6,7,8",0.131765115200247,0.147959183673469,0,,34,53,2374,4960,4041.875,1073.85639336525,0.00755555555555556
9189,UBI_Only,8,200,TRUE,8,"1,2,3,4,5,6,7,8",0.202959552778691,0.163265306122449,0,,23,63,1106,5143,3801.25,1585.49656484738,0.010247619047619
9190,UBI_Only,8,200,TRUE,8,"1,2,3,4,5,6,7,8",0.207093966537097,0.155612244897959,0,,10,55,976,5220,3698.125,1516.50655290375,0.0136336336336336
9191,UBI_Only,8,200,TRUE,8,"1,2,3,4,5,6,7,8",0.127398551817771,0.157750342935528,0,,28,38,1299,5104,4143.125,1220.49315998552,0.00769753086419753
9192,UBI_Only,8,200,TRUE,8,"1,2,3,4,5,6,7,8",0.132174309140601,0.145408163265306,0,,36,31,1321,5111,4116.25,1221.6773890259,0.0111487179487179
9193,UBI_Only,8,200,TRUE,8,"1,2,3,4,5,6,7,8",0.107414910858995,0.198979591836735,0,,22,50,2761,5217,4241.875,871.822465135125,0.00728533333333333
9194,UBI_Only,8,200,TRUE,8,"1,2,3,4,5,6,7,8",0.155015384615385,0.160714285714286,0,,31,39,1404,5158,4062.5,1339.8781394483,0.00920634920634921
9195,UBI_Only,8,200,TRUE,8,"1,2,3,4,5,6,7,8",0.112268232385661,0.160714285714286,0,,20,49,1660,4799,4045,1036.03143912583,0.00678888888888889
9196,UBI_Only,8,200,TRUE,8,"1,2,3,4,5,6,7,8",0.135210165449396,0.155612244897959,0,,33,23,1203,5094,4193.125,1316.4998440128,0.00806214689265537
9197,UBI_Only,8,200,TRUE,8,"1,2,3,4,5,6,7,8",0.163552499161355,0.13265306122449,0,,17,51,1380,4981,3726.25,1208.24781634989,0.0107338129496403
9198,UBI_Only,8,200,TRUE,8,"1,2,3,4,5,6,7,8",0.145878308442999,0.142857142857143,0,,15,46,1210,5555,4226.875,1342.14268322815,0.00810144927536232
9199,UBI_Only,8,200,TRUE,8,"1,2,3,4,5,6,7,8",0.206257199275959,0.155612244897959,0,,10,54,896,5216,3798.125,1606.91482906131,0.00954444444444444
9200,UBI_Only,8,200,TRUE,8,"1,2,3,4,5,6,7,8",0.226597131681877,0.173469387755102,0,,20,57,995,5703,3835,1769.77165597308,0.00821717171717172
9201,UBI_Only,8,200,TRUE,8,"1,2,3,4,5,6,7,8",0.16126878130217,0.147959183673469,0,,20,55,1905,5028,3743.75,1216.65486947966,0.00885
9202,UBI_Only,8,200,TRUE,8,"1,2,3,4,5,6,7,8",0.146768455380967,0.153061224489796,0,,22,43,1045,5316,4216.25,1393.38782930566,0.00886513994910942
9203,UBI_Only,8,200,TRUE,8,"1,2,3,4,5,6,7,8",0.165790322580645,0.135204081632653,0,,23,39,1709,5004,3875,1297.3254906042,0.0102314049586777
9204,UBI_Only,8,200,TRUE,8,"1,2,3,4,5,6,7,8",0.124500078112795,0.206632653061225,0,,30,67,1435,5153,4000.625,1119.37558327336,0.00883838383838384
9205,UBI_Only,8,200,TRUE,8,"1,2,3,4,5,6,7,8",0.234752404702529,0.147959183673469,0,,11,84,725,5882,3508.75,1592.84451308254,0.0126153846153846
9206,UBI_Only,8,200,TRUE,8,"1,2,3,4,5,6,7,8",0.152700208634248,0.176020408163265,0,,34,66,2099,5079,3894.375,1171.40293634843,0.00700555555555556
9207,UBI_Only,8,200,TRUE,8,"1,2,3,4,5,6,7,8",0.1899543196025,0.160714285714286,0,,23,44,974,5500,3899.375,1581.57750702085,0.0113813813813814
9208,UBI_Only,8,200,TRUE,8,"1,2,3,4,5,6,7,8",0.101609787508049,0.150510204081633,0,,28,54,2307,4744,3882.5,785.64768548904,0.0107548209366391
9209,UBI_Only,8,200,TRUE,8,"1,2,3,4,5,6,7,8",0.137456268221574,0.186224489795918,0,,13,33,1263,5962,4287.5,1342.23523592976,0.0128888888888889
9210,UBI_Only,8,200,TRUE,8,"1,2,3,4,5,6,7,8",0.127556027537718,0.160714285714286,0,,26,33,1240,5202,4266.875,1286.72446129143,0.008592
9211,UBI_Only,8,200,TRUE,8,"1,2,3,4,5,6,7,8",0.162508143322476,0.160493827160494,0,,18,56,1956,5030,3837.5,1218.53518619694,0.00949287749287749
9212,UBI_Only,8,200,TRUE,8,"1,2,3,4,5,6,7,8",0.102984358860853,0.152263374485597,0,,20,33,2018,4982,4235.625,970.109410250794,0.00699404761904762
9213,UBI_Only,8,200,TRUE,8,"1,2,3,4,5,6,7,8",0.170847871598046,0.137755102040816,0,,21,80,1084,4810,3582.5,1235.86950305096,0.00891282051282051
9214,UBI_Only,8,200,TRUE,8,"1,2,3,4,5,6,7,8",0.13881386267491,0.168367346938776,0,,24,50,1391,4763,3841.25,1134.76400944992,0.00833053221288516
9215,UBI_Only,8,200,TRUE,8,"1,2,3,4,5,6,7,8",0.131099397590361,0.193877551020408,0,,24,69,2492,5058,3735,918.848658454077,0.00815176151761518
9216,UBI_Only,8,200,TRUE,8,"1,2,3,4,5,6,7,8",0.222703788748565,0.158163265306122,0,,18,66,1010,5685,3810.625,1703.02293730883,0.0101546666666667
9217,UBI_Only,8,200,TRUE,8,"1,2,3,4,5,6,7,8",0.0839058151457448,0.160714285714286,0,,18,50,3251,4955,4266.875,690.308096328837,0.00867750677506775
9218,UBI_Only,8,200,TRUE,8,"1,2,3,4,5,6,7,8",0.106986109058667,0.165816326530612,0,,22,37,1872,5050,4229.375,1031.65012583863,0.00850793650793651
9219,UBI_Only,8,200,TRUE,8,"1,2,3,4,5,6,7,8",0.236685214626391,0.168367346938776,0,,13,98,1092,5108,3538.125,1668.80748162102,0.00852631578947368
9220,UBI_Only,8,200,TRUE,8,"1,2,3,4,5,6,7,8",0.121419538412899,0.155612244897959,0,,22,50,2426,5054,3953.75,947.778718900145,0.00782697201017812
9221,UBI_Only,8,200,TRUE,8,"1,2,3,4,5,6,7,8",0.203969551006365,0.163265306122449,0,,18,55,1423,4955,3633.125,1486.18932052029,0.0082090395480226
9222,UBI_Only,8,200,TRUE,8,"1,2,3,4,5,6,7,8",0.1541490029832,0.155612244897959,0,,12,44,925,5049,3980.625,1357.89384578787,0.00880645161290323
9223,UBI_Only,8,200,TRUE,8,"1,2,3,4,5,6,7,8",0.0269145505844417,0.158163265306122,0,,53,23,4281,4885,4651.875,245.538148039886,0.00796236559139785
9224,UBI_Only,8,200,TRUE,8,"1,2,3,4,5,6,7,8",0.0927444794952681,0.153061224489796,0,,23,45,2590,4771,3962.5,718.772564863184,0.0127658402203857
9225,UBI_Only,8,200,TRUE,8,"1,2,3,4,5,6,7,8",0.16627547869055,0.178571428571429,0,,18,44,1282,5459,4047.5,1377.43757960725,0.0118625954198473
9226,UBI_Only,8,200,TRUE,8,"1,2,3,4,5,6,7,8",0.176948163405424,0.178571428571429,0,,20,64,1493,4735,3641.25,1314.44195111733,0.00755905511811024
9227,UBI_Only,8,200,TRUE,8,"1,2,3,4,5,6,7,8",0.115886775084382,0.188775510204082,0,,30,35,1539,5095,4073.75,1086.75476928856,0.00822058823529412
9228,UBI_Only,8,200,TRUE,8,"1,2,3,4,5,6,7,8",0.15766873545384,0.155612244897959,0,,30,45,1231,5027,4028.125,1380.57673636781,0.00898666666666667
9229,UBI_Only,8,200,TRUE,8,"1,2,3,4,5,6,7,8",0.171898361698744,0.142857142857143,0,,32,49,1323,4964,3929.375,1512.27188952818,0.0104748201438849
9230,UBI_Only,8,200,TRUE,8,"1,2,3,4,5,6,7,8",0.120301327885598,0.165816326530612,0,,22,42,2825,5401,4283.125,1003.22002108924,0.00862962962962963
9231,UBI_Only,8,200,TRUE,8,"1,2,3,4,5,6,7,8",0.124051161378473,0.168367346938776,0,,26,48,1682,5072,4116.875,1096.04098430931,0.00782513661202186
9232,UBI_Only,8,200,TRUE,8,"1,2,3,4,5,6,7,8",0.254428414901388,0.204081632653061,0,,10,77,1014,5241,3422.5,1714.95039495108,0.00898039215686275
9233,UBI_Only,8,200,TRUE,7,"1,3,4,5,6,7,8",0.197871457748277,0.186224489795918,1,89,36,48,0,5304,3917,1730.72800536983,0.00993066666666667
9234,UBI_Only,8,200,TRUE,8,"1,2,3,4,5,6,7,8",0.158425632911392,0.150510204081633,0,,30,48,1711,5123,3950,1243.12509426847,0.00911949685534591
9235,UBI_Only,8,200,TRUE,8,"1,2,3,4,5,6,7,8",0.15493620414673,0.137755102040816,0,,28,55,1494,5043,3918.75,1233.23590026981,0.00804918032786885
9236,UBI_Only,8,200,TRUE,8,"1,2,3,4,5,6,7,8",0.14684393638171,0.137755102040816,0,,18,63,1561,4817,3772.5,1107.21271668998,0.00771273712737127
9237,UBI_Only,8,200,TRUE,8,"1,2,3,4,5,6,7,8",0.0793538933854312,0.142857142857143,0,,26,24,3409,5377,4478.75,673.747886294061,0.00813114754098361
9238,UBI_Only,8,200,TRUE,8,"1,2,3,4,5,6,7,8",0.131204819277108,0.181122448979592,0,,18,45,1510,5244,4150,1182.83630071355,0.0071830985915493
9239,UBI_Only,8,200,TRUE,8,"1,2,3,4,5,6,7,8",0.153268637323372,0.196428571428571,0,,20,47,1435,4982,3848.125,1255.50359133582,0.00962424242424242
9240,UBI_Only,8,200,TRUE,8,"1,2,3,4,5,6,7,8",0.0986906474820144,0.150510204081633,0,,20,31,2631,5227,4343.75,860.852028101064,0.00848062015503876
9241,UBI_Only,8,200,TRUE,8,"1,2,3,4,5,6,7,8",0.131805135951662,0.158163265306122,0,,16,30,1338,5239,4137.5,1218.9760339845,0.0126120218579235
9242,UBI_Only,8,200,TRUE,8,"1,2,3,4,5,6,7,8",0.196013628620102,0.157750342935528,0,,16,65,1004,5269,3668.75,1493.11187505444,0.010750700280112
9243,UBI_Only,8,200,TRUE,8,"1,2,3,4,5,6,7,8",0.124906042208731,0.150510204081633,0,,21,32,2159,5248,4323.75,1123.29919052253,0.00893236714975845
9244,UBI_Only,8,200,TRUE,8,"1,2,3,4,5,6,7,8",0.107589486296241,0.155612244897959,0,,23,33,2079,5064,4173.125,952.631608830432,0.00847619047619048
9245,UBI_Only,8,200,TRUE,8,"1,2,3,4,5,6,7,8",0.131514710636922,0.135204081632653,0,,23,30,1922,4974,3866.25,1053.39366539092,0.00811014492753623
9246,UBI_Only,8,200,TRUE,8,"1,2,3,4,5,6,7,8",0.0969886363636363,0.165980795610425,0,,24,22,2236,5307,4400,955.67851737466,0.00824089635854342
9247,UBI_Only,8,200,TRUE,8,"1,2,3,4,5,6,7,8",0.103667243617482,0.163265306122449,0,,14,31,2151,5323,4333.125,971.586396055441,0.00818181818181818
9248,UBI_Only,8,200,TRUE,8,"1,2,3,4,5,6,7,8",0.12510659357393,0.142857142857143,0,,36,41,1132,5137,4104.375,1250.75416535099,0.00837948717948718
9249,UBI_Only,8,200,TRUE,8,"1,2,3,4,5,6,7,8",0.141680116204003,0.145408163265306,0,,18,50,926,4874,3872.5,1262.27379868915,0.0099504132231405
9250,UBI_Only,8,200,TRUE,8,"1,2,3,4,5,6,7,8",0.123228494220087,0.185185185185185,0,,16,36,1327,5148,4163.125,1209.93027396505,0.00746198830409357
9251,UBI_Only,8,200,TRUE,8,"1,2,3,4,5,6,7,8",0.128172495204368,0.142857142857143,0,,22,28,1162,5302,4235.625,1295.59340375642,0.00765853658536585
9252,UBI_Only,8,200,TRUE,8,"1,2,3,4,5,6,7,8",0.137719033232628,0.170918367346939,0,,23,34,1367,5024,4137.5,1265.32243208712,0.00831111111111111
9253,UBI_Only,8,200,TRUE,8,"1,2,3,4,5,6,7,8",0.162895328303099,0.153061224489796,0,,19,46,1068,4998,3893.125,1341.93149042714,0.00902777777777778
9254,UBI_Only,8,200,TRUE,8,"1,2,3,4,5,6,7,8",0.178456260720412,0.145408163265306,0,,20,84,1350,5305,3643.75,1256.16522457381,0.00784070796460177
9255,UBI_Only,8,200,TRUE,7,"1,2,3,4,5,6,8",0.228134004597403,0.223593964334705,1,134,19,59,0,5434,3860.875,1851.89944477864,0.00892966360856269
9256,UBI_Only,8,200,TRUE,8,"1,2,3,4,5,6,7,8",0.0769559547957115,0.158163265306122,0,,27,24,2695,4952,4313.75,720.409159535647,0.0101101928374656
9257,UBI_Only,8,200,TRUE,8,"1,2,3,4,5,6,7,8",0.131904366218462,0.158163265306122,0,,20,52,1353,5023,4136.875,1223.36263021232,0.00772010178117048
9258,UBI_Only,8,200,TRUE,8,"1,2,3,4,5,6,7,8",0.101768686557982,0.239795918367347,0,,16,42,2233,4925,4063.75,858.814423659567,0.0099236641221374
9259,UBI_Only,8,200,TRUE,8,"1,2,3,4,5,6,7,8",0.199265842349305,0.178571428571429,0,,14,77,1268,5153,3639.375,1395.96417652562,0.00852222222222222
9260,UBI_Only,8,200,TRUE,8,"1,2,3,4,5,6,7,8",0.0787836240023647,0.150510204081633,0,,22,34,2698,4986,4228.75,703.65002461654,0.00894850948509485
9261,UBI_Only,8,200,TRUE,8,"1,2,3,4,5,6,7,8",0.109554380664653,0.157750342935528,0,,27,34,1369,4859,4137.5,1147.41884244595,0.00803418803418803
9262,UBI_Only,8,200,TRUE,8,"1,2,3,4,5,6,7,8",0.241054728091444,0.188775510204082,0,,10,71,1088,5668,3608.75,1697.25406381686,0.0105860215053763
9263,UBI_Only,8,200,TRUE,8,"1,2,3,4,5,6,7,8",0.159292896529355,0.158163265306122,0,,16,60,1237,5263,3853.75,1247.85951017847,0.00950656167979003
9264,UBI_Only,8,200,TRUE,8,"1,2,3,4,5,6,7,8",0.162296909843899,0.170918367346939,0,,18,53,1883,4981,3923.75,1314.97558369511,0.0098978102189781
9265,UBI_Only,8,200,TRUE,8,"1,2,3,4,5,6,7,8",0.0944101297096973,0.147959183673469,0,,36,32,2134,4690,4047.5,850.94267055509,0.00864425770308123
9266,UBI_Only,8,200,TRUE,8,"1,2,3,4,5,6,7,8",0.192487767842079,0.158163265306122,0,,13,59,1200,5027,3704.375,1461.42444577689,0.00830555555555556
9267,UBI_Only,8,200,TRUE,8,"1,2,3,4,5,6,7,8",0.16269451962111,0.188775510204082,0,,24,53,1318,4793,3695,1209.80683227884,0.00921505376344086
9268,UBI_Only,8,200,TRUE,8,"1,2,3,4,5,6,7,8",0.14074725076618,0.170918367346939,0,,19,71,1975,4516,3466.875,955.596812393775,0.00754237288135593
9269,UBI_Only,8,200,TRUE,8,"1,2,3,4,5,6,7,8",0.147418618353218,0.157750342935528,0,,26,32,1056,5246,4243.125,1416.72756101618,0.00899270072992701
9270,UBI_Only,8,200,TRUE,8,"1,2,3,4,5,6,7,8",0.209652196205777,0.216836734693878,0,,14,83,737,5204,3656.875,1528.47322865475,0.00997395833333333
9271,UBI_Only,8,200,TRUE,8,"1,2,3,4,5,6,7,8",0.0935743710460497,0.158163265306122,0,,26,40,2633,5089,4248.125,801.517210848098,0.0088688524590164
9272,UBI_Only,8,200,TRUE,8,"1,2,3,4,5,6,7,8",0.109338061465721,0.141289437585734,0,,39,34,1646,4994,4230,1115.38475104205,0.00817066666666667
9273,UBI_Only,8,200,TRUE,8,"1,2,3,4,5,6,7,8",0.155486293944556,0.155612244897959,0,,28,31,1045,5317,4035.625,1351.42146724952,0.00972514619883041
9274,UBI_Only,8,200,TRUE,8,"1,2,3,4,5,6,7,8",0.1594046692607,0.153061224489796,0,,20,44,963,5174,4015.625,1403.22698881644,0.00940379403794038
9275,UBI_Only,8,200,TRUE,8,"1,2,3,4,5,6,7,8",0.185200809989875,0.155612244897959,0,,26,46,1113,4827,3703.75,1486.26259456396,0.00793785310734463
9276,UBI_Only,8,200,TRUE,8,"1,2,3,4,5,6,7,8",0.136031301980947,0.158163265306122,0,,30,39,1334,5365,4133.125,1234.36825224195,0.00742076502732241
9277,UBI_Only,8,200,TRUE,8,"1,2,3,4,5,6,7,8",0.160689073050952,0.153061224489796,0,,18,45,1854,5187,4072.5,1358.22625929135,0.00854742547425474
9278,UBI_Only,8,200,TRUE,8,"1,2,3,4,5,6,7,8",0.134647755610973,0.158163265306122,0,,22,36,1640,5084,4010,1117.31412644021,0.00783475783475784
9279,UBI_Only,8,200,TRUE,7,"1,2,3,4,6,7,8",0.201731197640488,0.188775510204082,1,60,10,40,0,5414,3983.875,1765.07898953155,0.00888713910761155
9280,UBI_Only,8,200,TRUE,8,"1,2,3,4,5,6,7,8",0.17415336236091,0.150510204081633,0,,19,57,2032,5522,3875.625,1295.8919639163,0.00958974358974359
9281,UBI_Only,8,200,TRUE,8,"1,2,3,4,5,6,7,8",0.138420779605751,0.176020408163265,0,,32,41,1538,5496,4216.875,1240.75339296045,0.00925
9282,UBI_Only,8,200,TRUE,8,"1,2,3,4,5,6,7,8",0.161547194291275,0.160714285714286,0,,18,46,1226,5208,3853.75,1267.25132810008,0.0108926553672316
9283,UBI_Only,8,200,TRUE,8,"1,2,3,4,5,6,7,8",0.133771802325581,0.135204081632653,0,,15,30,1387,5582,4300,1281.2554111384,0.00934383202099738
9284,UBI_Only,8,200,TRUE,8,"1,2,3,4,5,6,7,8",0.11574521043898,0.188775510204082,0,,18,38,1867,5314,4143.125,1031.36101999806,0.00779002624671916
9285,UBI_Only,8,200,TRUE,8,"1,2,3,4,5,6,7,8",0.124522392734106,0.216836734693878,0,,26,40,1784,5120,3991.25,1031.29111173463,0.00813661202185792
9286,UBI_Only,8,200,TRUE,8,"1,2,3,4,5,6,7,8",0.12512313375404,0.153061224489796,0,,23,57,2287,5131,4060.625,1018.29688871735,0.00808264462809917
9287,UBI_Only,8,200,TRUE,7,"1,2,3,4,6,7,8",0.287063413425811,0.183673469387755,1,84,15,58,0,5380,3532.375,1998.55475906966,0.00965826330532213
9288,UBI_Only,8,200,TRUE,8,"1,2,3,4,5,6,7,8",0.142512134022233,0.158163265306122,0,,20,53,1336,4897,3991.875,1227.13236420759,0.00879601990049751
9289,UBI_Only,8,200,TRUE,8,"1,2,3,4,5,6,7,8",0.0891716566866267,0.209183673469388,0,,29,69,3171,5140,4070.625,688.293944162978,0.00905426356589147
9290,UBI_Only,8,200,TRUE,8,"1,2,3,4,5,6,7,8",0.159941351396002,0.1440329218107,0,,22,55,1889,4979,3783.125,1196.34723071045,0.00774803149606299
9291,UBI_Only,8,200,TRUE,8,"1,2,3,4,5,6,7,8",0.159158415841584,0.153061224489796,0,,37,43,1204,5231,3913.75,1337.65100616181,0.00891525423728814
9292,UBI_Only,8,200,TRUE,8,"1,2,3,4,5,6,7,8",0.171530920060332,0.163265306122449,0,,19,65,1701,5960,4143.75,1361.23418264456,0.0102331002331002
9293,UBI_Only,8,200,TRUE,8,"1,2,3,4,5,6,7,8",0.212562994960403,0.168367346938776,0,,12,67,972,5051,3472.5,1428.24447687162,0.00788034188034188
9294,UBI_Only,8,200,TRUE,8,"1,2,3,4,5,6,7,8",0.115596367143546,0.142857142857143,0,,28,45,1712,4729,3888.125,1000.51150311086,0.00807536231884058
9295,UBI_Only,8,200,TRUE,8,"1,2,3,4,5,6,7,8",0.135025062656642,0.198979591836735,0,,21,37,1401,5126,3990,1160.86913252836,0.0100989583333333
9296,UBI_Only,8,200,TRUE,8,"1,2,3,4,5,6,7,8",0.161303256115341,0.165816326530612,0,,16,52,1039,4989,3858.125,1350.92755833062,0.00904444444444445
9297,UBI_Only,8,200,TRUE,8,"1,2,3,4,5,6,7,8",0.182122927950107,0.155612244897959,0,,12,63,1158,4859,3808.125,1549.9620675082,0.00939632545931759
9298,UBI_Only,8,200,TRUE,8,"1,2,3,4,5,6,7,8",0.143233750192991,0.168367346938776,0,,28,35,1967,4941,4048.125,1249.12156991566,0.00770048309178744
9299,UBI_Only,8,200,TRUE,8,"1,2,3,4,5,6,7,8",0.175207767300623,0.145408163265306,0,,10,51,1322,5118,3910.625,1365.31691114449,0.00776271186440678
9300,UBI_Only,8,200,TRUE,8,"1,2,3,4,5,6,7,8",0.127310606060606,0.193877551020408,0,,31,37,1288,4932,4125,1227.06001716065,0.00660919540229885
9301,UBI_Only,8,200,TRUE,8,"1,2,3,4,5,6,7,8",0.137323943661972,0.165816326530612,0,,23,51,1207,5080,3993.75,1223.95818672745,0.00977777777777778
9302,UBI_Only,8,200,TRUE,8,"1,2,3,4,5,6,7,8",0.223233695652174,0.176020408163265,0,,20,71,653,4963,3450,1543.89812765332,0.00869090909090909
9303,UBI_Only,8,200,TRUE,8,"1,2,3,4,5,6,7,8",0.110645428528393,0.160714285714286,0,,31,38,1299,4965,4149.375,1176.51020728982,0.00740112994350282
9304,UBI_Only,8,200,TRUE,8,"1,2,3,4,5,6,7,8",0.150570852921424,0.178571428571429,0,,12,63,1805,4748,3722.5,1095.1988730037,0.008544
9305,UBI_Only,8,200,TRUE,8,"1,2,3,4,5,6,7,8",0.163420608108108,0.155612244897959,0,,24,59,2008,5087,3700,1190.11728113541,0.00807124681933842
9306,UBI_Only,8,200,TRUE,8,"1,2,3,4,5,6,7,8",0.173203211957386,0.137755102040816,0,,29,46,1138,5116,3930.625,1402.21996822386,0.00810864197530864
9307,UBI_Only,8,200,TRUE,8,"1,2,3,4,5,6,7,8",0.155699543091224,0.155612244897959,0,,21,47,882,4986,3966.875,1375.5482478426,0.0105901639344262
9308,UBI_Only,8,200,TRUE,8,"1,2,3,4,5,6,7,8",0.124423076923077,0.163265306122449,0,,18,45,2558,5324,4225,1005.4993073806,0.0105904761904762
9309,UBI_Only,8,200,TRUE,8,"1,2,3,4,5,6,7,8",0.16138325075915,0.147959183673469,0,,14,49,2093,5233,3910.625,1236.65666068985,0.00843333333333333
9310,UBI_Only,8,200,TRUE,8,"1,2,3,4,5,6,7,8",0.227542648253452,0.13265306122449,0,,13,53,865,6380,3846.875,1718.32812744581,0.0110186666666667
9311,UBI_Only,8,200,TRUE,8,"1,2,3,4,5,6,7,8",0.116927244582043,0.173469387755102,0,,15,48,1608,4885,4037.5,1057.81796975796,0.0080327868852459
9312,UBI_Only,8,200,TRUE,8,"1,2,3,4,5,6,7,8",0.124119448698315,0.158163265306122,0,,29,48,2318,4937,4081.25,1059.77662740787,0.0153
9313,UBI_Only,8,200,TRUE,8,"1,2,3,4,5,6,7,8",0.170756695708293,0.158163265306122,0,,22,47,1662,5237,3873.75,1282.67040082122,0.00879338842975207
9314,UBI_Only,8,200,TRUE,8,"1,2,3,4,5,6,7,8",0.171846405228758,0.150510204081633,0,,16,45,1761,5235,3825,1271.52765264015,0.00823241590214067
9315,UBI_Only,8,200,TRUE,8,"1,2,3,4,5,6,7,8",0.228761514841351,0.186224489795918,0,,18,75,867,5166,3663.75,1719.42936962902,0.010412213740458
9316,UBI_Only,8,200,TRUE,8,"1,2,3,4,5,6,7,8",0.183852539865198,0.173469387755102,0,,22,46,1310,5430,3801.875,1401.227873535,0.00812753623188406
9317,UBI_Only,8,200,TRUE,8,"1,2,3,4,5,6,7,8",0.131781660032434,0.147959183673469,0,,34,34,1852,5099,4239.375,1189.05339751538,0.00927011494252874
9318,UBI_Only,8,200,TRUE,8,"1,2,3,4,5,6,7,8",0.131013572047358,0.147959183673469,0,,32,35,1877,5291,4328.75,1221.55974650678,0.00771428571428571
9319,UBI_Only,8,200,TRUE,8,"1,2,3,4,5,6,7,8",0.0908299769850403,0.231824417009602,0,,26,19,2078,4998,4345,954.023809226703,0.00919444444444444
9320,UBI_Only,8,200,TRUE,8,"1,2,3,4,5,6,7,8",0.117298507462687,0.142857142857143,0,,22,31,2234,5249,4187.5,977.599245966508,0.00830769230769231
9321,UBI_Only,8,200,TRUE,8,"1,2,3,4,5,6,7,8",0.0775060343603578,0.173469387755102,0,,28,24,3318,5111,4401.875,676.328837495912,0.00952542372881356
9322,UBI_Only,8,200,TRUE,8,"1,2,3,4,5,6,7,8",0.182817109144543,0.163265306122449,0,,27,49,1439,5023,3813.75,1431.60556718672,0.00776227390180879
9323,UBI_Only,8,200,TRUE,8,"1,2,3,4,5,6,7,8",0.124790607239007,0.135204081632653,0,,22,38,1442,5232,4178.75,1181.38257381523,0.007078125
9324,UBI_Only,8,200,TRUE,8,"1,2,3,4,5,6,7,8",0.150310485772677,0.165816326530612,0,,30,53,1756,5211,3975.625,1182.47427486364,0.00928888888888889
9325,UBI_Only,8,200,TRUE,8,"1,2,3,4,5,6,7,8",0.130515027721039,0.173469387755102,0,,24,36,1411,5218,4283.75,1253.87317084761,0.0106172839506173
9326,UBI_Only,8,200,TRUE,8,"1,2,3,4,5,6,7,8",0.138402430307362,0.155612244897959,0,,30,35,1114,5493,4371.875,1407.82369406522,0.00876781609195402
9327,UBI_Only,8,200,TRUE,8,"1,2,3,4,5,6,7,8",0.161473692379326,0.14030612244898,0,,10,38,967,5137,4026.875,1438.71782575419,0.00973219373219373
9328,UBI_Only,8,200,TRUE,8,"1,2,3,4,5,6,7,8",0.110205135773318,0.142857142857143,0,,22,31,1967,5343,4235,1016.41765881101,0.00940458015267176
9329,UBI_Only,8,200,TRUE,8,"1,2,3,4,5,6,7,8",0.218512110726644,0.176020408163265,0,,23,61,1557,5408,3612.5,1549.34963314104,0.00830971128608924
9330,UBI_Only,8,200,TRUE,8,"1,2,3,4,5,6,7,8",0.156306199716044,0.147959183673469,0,,18,43,992,5363,3961.875,1366.38568467535,0.00834972677595628
9331,UBI_Only,8,200,TRUE,8,"1,2,3,4,5,6,7,8",0.188464291394942,0.158163265306122,0,,22,52,1267,5186,3929.375,1532.60431362529,0.00940632603406326
9332,UBI_Only,8,200,TRUE,8,"1,2,3,4,5,6,7,8",0.16475468975469,0.173469387755102,0,,27,56,1106,5250,3898.125,1352.05731466638,0.00852083333333333
9333,UBI_Only,8,200,TRUE,8,"1,2,3,4,5,6,7,8",0.179294573643411,0.14030612244898,0,,36,39,926,5856,4031.25,1479.45209452689,0.0148739495798319
9334,UBI_Only,8,200,TRUE,8,"1,2,3,4,5,6,7,8",0.158281809306866,0.137755102040816,0,,15,50,1236,5101,3841.25,1263.85823685141,0.00738805970149254
9335,UBI_Only,8,200,TRUE,8,"1,2,3,4,5,6,7,8",0.149226110363392,0.137755102040816,0,,13,36,1368,5332,4179.375,1307.92430291009,0.00820833333333333
9336,UBI_Only,8,200,TRUE,8,"1,2,3,4,5,6,7,8",0.173738550538326,0.147959183673469,0,,26,56,1964,5498,3889.375,1280.79695474564,0.0076031746031746
9337,UBI_Only,8,200,TRUE,8,"1,2,3,4,5,6,7,8",0.0649803949026746,0.147959183673469,0,,40,22,3142,5045,4463.125,607.083057979478,0.00866120218579235
9338,UBI_Only,8,200,TRUE,8,"1,2,3,4,5,6,7,8",0.18067334768925,0.14030612244898,0,,10,54,1213,5179,3773.125,1350.53750542939,0.0115919540229885
9339,UBI_Only,8,200,TRUE,8,"1,2,3,4,5,6,7,8",0.106365396069089,0.150510204081633,0,,19,24,1801,5199,4197.5,1034.36467733304,0.00790560471976401
9340,UBI_Only,8,200,TRUE,8,"1,2,3,4,5,6,7,8",0.121771988455112,0.142857142857143,0,,30,56,1614,4945,4114.375,1103.9576774367,0.00857142857142857
9341,UBI_Only,8,200,TRUE,8,"1,2,3,4,5,6,7,8",0.105380040166847,0.145408163265306,0,,25,32,1528,4970,4045.625,1053.54814623185,0.00888359788359789
9342,UBI_Only,8,200,TRUE,8,"1,2,3,4,5,6,7,8",0.172400659651327,0.173469387755102,0,,26,52,1805,5898,3979.375,1339.64824141052,0.00818604651162791
9343,UBI_Only,8,200,TRUE,8,"1,2,3,4,5,6,7,8",0.198874445149017,0.153061224489796,0,,20,46,998,5318,3942.5,1643.52347977491,0.00896640826873385
9344,UBI_Only,8,200,TRUE,8,"1,2,3,4,5,6,7,8",0.152511050144795,0.155612244897959,0,,24,56,1731,5996,4100.625,1245.02185150072,0.010951566951567
9345,UBI_Only,8,200,TRUE,8,"1,2,3,4,5,6,7,8",0.105250856964787,0.183673469387755,0,,30,49,1326,4987,4011.25,1113.50627042945,0.00750617283950617
9346,UBI_Only,8,200,TRUE,8,"1,2,3,4,5,6,7,8",0.141415735794075,0.168367346938776,0,,27,49,1378,4729,3860.625,1183.89079340718,0.00794444444444445
9347,UBI_Only,8,200,TRUE,8,"1,2,3,4,5,6,7,8",0.151175869120654,0.135204081632653,0,,17,40,1054,5094,3973.125,1304.33534661473,0.0101021021021021
9348,UBI_Only,8,200,TRUE,8,"1,2,3,4,5,6,7,8",0.243479880774963,0.178571428571429,0,,27,83,1100,5129,3355,1558.96027622808,0.00789598108747045
9349,UBI_Only,8,200,TRUE,8,"1,2,3,4,5,6,7,8",0.158437150614918,0.147959183673469,0,,17,69,1499,5177,3913.125,1248.91557961297,0.00941854636591479
9350,UBI_Only,8,200,TRUE,8,"1,2,3,4,5,6,7,8",0.113755527479469,0.155612244897959,0,,16,53,2752,4960,3957.5,857.420716867913,0.0130409356725146
9351,UBI_Only,8,200,TRUE,8,"1,2,3,4,5,6,7,8",0.245426375805652,0.176020408163265,0,,22,58,638,5370,3781.875,1888.30706019213,0.008710027100271
9352,UBI_Only,8,200,TRUE,8,"1,2,3,4,5,6,7,8",0.183825514681067,0.163265306122449,0,,24,51,1326,5172,3703.75,1409.85731294239,0.0104114583333333
9353,UBI_Only,8,200,TRUE,8,"1,2,3,4,5,6,7,8",0.219225566452486,0.153061224489796,0,,28,60,1182,6063,3696.25,1661.34435666678,0.0115146666666667
9354,UBI_Only,8,200,TRUE,8,"1,2,3,4,5,6,7,8",0.132842529448233,0.158163265306122,0,,14,36,2269,5256,4032.5,1041.44034874783,0.0111572327044025
9355,UBI_Only,8,200,TRUE,8,"1,2,3,4,5,6,7,8",0.221803529623627,0.170918367346939,0,,22,76,1122,5060,3470.625,1502.06542919123,0.00975555555555555
9356,UBI_Only,8,200,TRUE,8,"1,2,3,4,5,6,7,8",0.147960122699387,0.186224489795918,0,,11,34,1032,5160,4075,1338.70641185544,0.0128172043010753
9357,UBI_Only,8,200,TRUE,8,"1,2,3,4,5,6,7,8",0.132484555678758,0.173469387755102,0,,17,46,1350,4832,3945.625,1170.55944347747,0.00904444444444445
9358,UBI_Only,8,200,TRUE,8,"1,2,3,4,5,6,7,8",0.14773276904474,0.160493827160494,0,,26,36,1121,5191,4135,1337.91629035602,0.009296
9359,UBI_Only,8,200,TRUE,8,"1,2,3,4,5,6,7,8",0.168818422046055,0.178571428571429,0,,15,75,1715,4665,3311.25,1099.82060225423,0.00907438016528926
9360,UBI_Only,8,200,TRUE,8,"1,2,3,4,5,6,7,8",0.126410342511753,0.178571428571429,0,,21,67,2419,5063,3722.5,893.486109892834,0.00929344729344729
9361,UBI_Only,8,200,TRUE,8,"1,2,3,4,5,6,7,8",0.173866654860988,0.158163265306122,0,,14,58,1180,4835,3529.375,1209.43634303635,0.00918518518518519
9362,UBI_Only,8,200,TRUE,8,"1,2,3,4,5,6,7,8",0.111986087228388,0.145408163265306,0,,30,48,1945,4818,3998.125,1001.41720112762,0.00796491228070175
9363,UBI_Only,8,200,TRUE,8,"1,2,3,4,5,6,7,8",0.125815177115755,0.153061224489796,0,,23,38,1272,5269,4216.875,1248.183759079,0.00963681592039801
9364,UBI_Only,8,200,TRUE,7,"1,2,4,5,6,7,8",0.192709297303967,0.155612244897959,1,122,27,34,202,5443,4052.25,1744.0333179976,0.00720689655172414
9365,UBI_Only,8,200,TRUE,8,"1,2,3,4,5,6,7,8",0.0808417458432304,0.150510204081633,0,,18,42,3160,5214,4210,655.260689671349,0.00803645833333333
9366,UBI_Only,8,200,TRUE,8,"1,2,3,4,5,6,7,8",0.166175961205403,0.176020408163265,0,,24,68,1121,4848,3608.75,1228.69765547568,0.00846719160104987
9367,UBI_Only,8,200,TRUE,8,"1,2,3,4,5,6,7,8",0.152965701699182,0.142857142857143,0,,20,60,1748,4961,3972.5,1290.62078086477,0.00899741602067184
9368,UBI_Only,8,200,TRUE,8,"1,2,3,4,5,6,7,8",0.169041577999673,0.147959183673469,0,,22,46,1368,4985,3818.125,1303.7118916496,0.00845355191256831
9369,UBI_Only,8,200,TRUE,8,"1,2,3,4,5,6,7,8",0.202823117921386,0.14030612244898,0,,25,82,977,5749,3752.5,1504.93891665315,0.0102752293577982
9370,UBI_Only,8,200,TRUE,8,"1,2,3,4,5,6,7,8",0.124508416505288,0.150510204081633,0,,30,43,1275,5112,4195.625,1251.16482156201,0.00956589147286822
9371,UBI_Only,8,200,TRUE,8,"1,2,3,4,5,6,7,8",0.109339877116739,0.157750342935528,0,,30,32,1647,4989,4170.625,1069.923753959,0.00787777777777778
9372,UBI_Only,8,200,TRUE,7,"1,2,3,5,6,7,8",0.2246351287887,0.20226843100189,1,179,18,67,0,4807,3460.125,1632.59595539479,0.00774104683195592
9373,UBI_Only,8,200,TRUE,8,"1,2,3,4,5,6,7,8",0.162775519774895,0.160714285714286,0,,14,56,2121,5272,3998.125,1265.64579083452,0.00840983606557377
9374,UBI_Only,8,200,TRUE,8,"1,2,3,4,5,6,7,8",0.139360357323445,0.183673469387755,0,,24,66,1756,5007,3708.125,1017.14227653475,0.00765536723163842
9375,UBI_Only,8,200,TRUE,8,"1,2,3,4,5,6,7,8",0.121967581821002,0.158163265306122,0,,40,46,1352,4864,4029.375,1159.67235982533,0.00826785714285714
9376,UBI_Only,8,200,TRUE,8,"1,2,3,4,5,6,7,8",0.197347731791072,0.191326530612245,0,,19,72,1272,4951,3458.125,1318.95861924691,0.0107627118644068
9377,UBI_Only,8,200,TRUE,8,"1,2,3,4,5,6,7,8",0.153417380272756,0.147959183673469,0,,21,45,771,4936,3941.25,1374.18669453192,0.00923893805309734
9378,UBI_Only,8,200,TRUE,8,"1,2,3,4,5,6,7,8",0.0715058354682607,0.147959183673469,0,,22,28,3055,5091,4391.25,640.955926721955,0.0113005464480874
9379,UBI_Only,8,200,TRUE,8,"1,2,3,4,5,6,7,8",0.159501510574018,0.137755102040816,0,,25,23,860,5298,4137.5,1449.34970639545,0.011989247311828
9380,UBI_Only,8,200,TRUE,8,"1,2,3,4,5,6,7,8",0.197709094070596,0.178571428571429,0,,24,77,1332,4859,3594.375,1445.0809109824,0.00975609756097561
9381,UBI_Only,8,200,TRUE,8,"1,2,3,4,5,6,7,8",0.155324909747292,0.155612244897959,0,,20,73,1564,5246,3981.875,1227.50262583368,0.00943977591036415
9382,UBI_Only,8,200,TRUE,8,"1,2,3,4,5,6,7,8",0.140538999543865,0.160714285714286,0,,14,51,1540,5264,4110.625,1206.74958196447,0.00797831978319783
9383,UBI_Only,8,200,TRUE,8,"1,2,3,4,5,6,7,8",0.180357142857143,0.145408163265306,0,,25,79,923,4944,3675,1384.00774151427,0.00786466165413534
9384,UBI_Only,8,200,TRUE,8,"1,2,3,4,5,6,7,8",0.335349322210636,0.145408163265306,0,,12,73,658,8149,3596.25,2352.14727126392,0.0232586206896552
9385,UBI_Only,8,200,TRUE,8,"1,2,3,4,5,6,7,8",0.105497556641493,0.209183673469388,0,,16,37,1497,4944,4220.625,1128.14271355306,0.00757948717948718
9386,UBI_Only,8,200,TRUE,8,"1,2,3,4,5,6,7,8",0.166312056737589,0.150510204081633,0,,24,53,889,5168,4053.75,1507.9791349447,0.00852068126520681
9387,UBI_Only,8,200,TRUE,8,"1,2,3,4,5,6,7,8",0.141327446872194,0.186224489795918,0,,27,38,806,5197,4176.25,1423.28701552829,0.010241935483871
9388,UBI_Only,8,200,TRUE,7,"2,3,4,5,6,7,8",0.175061709348966,0.187928669410151,1,112,32,38,0,5392,4051.25,1711.01897376138,0.0104542772861357
9389,UBI_Only,8,200,TRUE,8,"1,2,3,4,5,6,7,8",0.141725406068036,0.170918367346939,0,,31,59,1513,5607,4078.75,1210.81044287346,0.00933333333333333
9390,UBI_Only,8,200,TRUE,8,"1,2,3,4,5,6,7,8",0.204647682572259,0.153061224489796,0,,19,66,1836,5640,3654.375,1433.5981642108,0.00892039800995025
9391,UBI_Only,8,200,TRUE,8,"1,2,3,4,5,6,7,8",0.169451230151806,0.142857142857143,0,,28,81,996,4723,3581.875,1281.03612500641,0.0101424936386768
9392,UBI_Only,8,200,TRUE,8,"1,2,3,4,5,6,7,8",0.133921849119109,0.147959183673469,0,,18,36,1281,5051,4150.625,1251.12188940281,0.00843478260869565
9393,UBI_Only,8,200,TRUE,8,"1,2,3,4,5,6,7,8",0.0715715852989578,0.155612244897959,0,,14,18,3818,5571,4557.5,619.782219815961,0.0103884892086331
9394,UBI_Only,8,200,TRUE,8,"1,2,3,4,5,6,7,8",0.125910827089761,0.142857142857143,0,,30,34,1469,5453,4254.375,1210.37431488893,0.0087843137254902
9395,UBI_Only,8,200,TRUE,8,"1,2,3,4,5,6,7,8",0.156090663515111,0.183673469387755,0,,26,57,1838,4944,3701.875,1146.72047129443,0.0107195767195767
9396,UBI_Only,8,200,TRUE,8,"1,2,3,4,5,6,7,8",0.165167021450794,0.155612244897959,0,,18,56,1289,5330,3816.875,1288.41391280686,0.00754444444444445
9397,UBI_Only,8,200,TRUE,8,"1,2,3,4,5,6,7,8",0.104003892172409,0.165816326530612,0,,34,29,2432,5130,4335.625,929.555183561317,0.00907407407407407
9398,UBI_Only,8,200,TRUE,8,"1,2,3,4,5,6,7,8",0.156598240469208,0.137755102040816,0,,17,55,1304,4980,3836.25,1248.6775576013,0.00721212121212121
9399,UBI_Only,8,200,TRUE,8,"1,2,3,4,5,6,7,8",0.22603984620762,0.130102040816327,0,,21,59,868,5533,3576.25,1582.24124492533,0.00906172839506173
9400,UBI_Only,8,200,TRUE,8,"1,2,3,4,5,6,7,8",0.19691504300509,0.170918367346939,0,,32,78,1320,4981,3560.625,1380.13890993417,0.00790724637681159
9401,UBI_Only,8,200,TRUE,8,"1,2,3,4,5,6,7,8",0.213036545423203,0.14030612244898,0,,22,93,1303,5212,3625.625,1467.84914926569,0.0106525821596244
9402,UBI_Only,8,200,TRUE,8,"1,2,3,4,5,6,7,8",0.127317415730337,0.153061224489796,0,,28,39,1314,4810,4005,1168.93052463719,0.00734933333333333
9403,UBI_Only,8,200,TRUE,8,"1,2,3,4,5,6,7,8",0.14625758059368,0.188775510204082,0,,27,49,1240,5034,3916.25,1217.55513222195,0.00792764857881137
9404,UBI_Only,8,200,TRUE,8,"1,2,3,4,5,6,7,8",0.163856573043045,0.181122448979592,0,,20,67,1953,5425,3760.625,1176.54226291645,0.00877586206896552
9405,UBI_Only,8,200,TRUE,8,"1,2,3,4,5,6,7,8",0.137857599488573,0.168367346938776,0,,34,55,2193,4844,3910.625,1117.58565507462,0.0088509485094851
9406,UBI_Only,8,200,TRUE,8,"1,2,3,4,5,6,7,8",0.175500312695435,0.170918367346939,0,,26,47,947,5346,3997.5,1467.61818701498,0.00822950819672131
9407,UBI_Only,8,200,TRUE,8,"1,2,3,4,5,6,7,8",0.140121951219512,0.183673469387755,0,,26,57,1938,5552,4100,1121.57516785227,0.0108512820512821
9408,UBI_Only,8,200,TRUE,8,"1,2,3,4,5,6,7,8",0.181355710549259,0.150510204081633,0,,16,65,1639,5037,3584.375,1246.65013278443,0.008
9409,UBI_Only,8,200,TRUE,8,"1,2,3,4,5,6,7,8",0.22193313222725,0.145408163265306,0,,10,78,799,5465,3729.375,1806.08803277771,0.00905172413793104
9410,UBI_Only,8,200,TRUE,8,"1,2,3,4,5,6,7,8",0.211408695652174,0.165980795610425,0,,16,74,1145,4987,3593.75,1572.14273706756,0.00753501400560224
9411,UBI_Only,8,200,TRUE,8,"1,2,3,4,5,6,7,8",0.108464401067266,0.178571428571429,0,,34,30,2895,5432,4450.625,928.360296051977,0.0106719160104987
9412,UBI_Only,8,200,TRUE,8,"1,2,3,4,5,6,7,8",0.16518302828619,0.168367346938776,0,,24,52,1139,4944,3756.25,1359.68628209388,0.0103121693121693
9413,UBI_Only,8,200,TRUE,8,"1,2,3,4,5,6,7,8",0.12775287085103,0.145408163265306,0,,25,40,1294,4862,3973.125,1178.97587973631,0.00951724137931035
9414,UBI_Only,8,200,TRUE,8,"1,2,3,4,5,6,7,8",0.132512387059166,0.163265306122449,0,,28,30,1374,5590,4288.75,1271.25739216842,0.00758620689655172
9415,UBI_Only,8,200,TRUE,8,"1,2,3,4,5,6,7,8",0.201133944653676,0.147959183673469,0,,14,52,1095,5261,3816.875,1551.71448381644,0.00940246913580247
9416,UBI_Only,8,200,TRUE,8,"1,2,3,4,5,6,7,8",0.157663077897404,0.163265306122449,0,,17,43,1899,5292,3947.5,1287.79379449618,0.0105611111111111
9417,UBI_Only,8,200,TRUE,8,"1,2,3,4,5,6,7,8",0.167310209424084,0.239795918367347,0,,26,75,1558,5033,3820,1332.16161610691,0.0100050125313283
9418,UBI_Only,8,200,TRUE,8,"1,2,3,4,5,6,7,8",0.209756097560976,0.193415637860082,0,,20,72,1233,4917,3485,1478.75526807418,0.00795800524934383
9419,UBI_Only,8,200,TRUE,8,"1,2,3,4,5,6,7,8",0.18372185220425,0.153061224489796,0,,12,48,1625,5191,3941.25,1478.69457389183,0.00935652173913044
9420,UBI_Only,8,200,TRUE,8,"1,2,3,4,5,6,7,8",0.176607818411097,0.163265306122449,0,,23,52,1007,5201,3965,1579.64643421965,0.00880676328502415
9421,UBI_Only,8,200,TRUE,8,"1,2,3,4,5,6,7,8",0.117718446601942,0.168367346938776,0,,20,68,2588,4798,3862.5,869.135366737705,0.00984732824427481
9422,UBI_Only,8,200,TRUE,8,"1,2,3,4,5,6,7,8",0.176891582050442,0.14030612244898,0,,13,50,1250,5115,3816.25,1354.238716032,0.00810498687664042
9423,UBI_Only,8,200,TRUE,8,"1,2,3,4,5,6,7,8",0.103413669601552,0.178571428571429,0,,14,38,1684,4967,4188.125,1050.27498950105,0.00828888888888889
9424,UBI_Only,8,200,TRUE,8,"1,2,3,4,5,6,7,8",0.142217492906026,0.142857142857143,0,,26,60,1256,4780,3744.375,1132.46582256848,0.00904273504273504
9425,UBI_Only,8,200,TRUE,8,"1,2,3,4,5,6,7,8",0.142845117845118,0.191326530612245,0,,22,74,1688,4872,3712.5,1048.96302535954,0.00979365079365079
9426,UBI_Only,8,200,TRUE,8,"1,2,3,4,5,6,7,8",0.207008479067303,0.176020408163265,0,,14,67,1062,5049,3538.125,1457.95751824256,0.00998840579710145
9427,UBI_Only,8,200,TRUE,8,"1,2,3,4,5,6,7,8",0.181264,0.155612244897959,0,,10,64,1665,5594,3906.25,1347.35102542518,0.00981029810298103
9428,UBI_Only,8,200,TRUE,8,"1,2,3,4,5,6,7,8",0.178767123287671,0.181122448979592,0,,24,43,1393,5372,3832.5,1399.15311119671,0.00980423280423281
9429,UBI_Only,8,200,TRUE,8,"1,2,3,4,5,6,7,8",0.11441875401413,0.150510204081633,0,,28,48,2306,4858,3892.5,872.910566520338,0.007625
9430,UBI_Only,8,200,TRUE,8,"1,2,3,4,5,6,7,8",0.177791241851914,0.155612244897959,0,,26,54,1166,4940,3739.375,1429.35869111191,0.00811111111111111
9431,UBI_Only,8,200,TRUE,8,"1,2,3,4,5,6,7,8",0.120982773227902,0.163265306122449,0,,17,27,1193,5371,4426.25,1341.14426090985,0.00968717948717949
9432,UBI_Only,8,200,TRUE,8,"1,2,3,4,5,6,7,8",0.110378830874007,0.209183673469388,0,,20,32,1573,5223,4405,1184.57502928265,0.00737745098039216
9433,UBI_Only,8,200,TRUE,8,"1,2,3,4,5,6,7,8",0.13551026957638,0.158163265306122,0,,25,45,1572,4795,3895,1134.7081437218,0.0089375
9434,UBI_Only,8,200,TRUE,8,"1,2,3,4,5,6,7,8",0.118072849577787,0.158163265306122,0,,32,29,1911,5519,4366.875,1112.32798830715,0.00922033898305085
9435,UBI_Only,8,200,TRUE,8,"1,2,3,4,5,6,7,8",0.182543246839654,0.168367346938776,0,,18,72,1186,4947,3757.5,1458.51519410275,0.0109836065573771
9436,UBI_Only,8,200,TRUE,8,"1,2,3,4,5,6,7,8",0.176883754628884,0.214285714285714,0,,24,62,1118,4988,3881.875,1546.57598192172,0.00765242165242165
9437,UBI_Only,8,200,TRUE,8,"1,2,3,4,5,6,7,8",0.0922078842881453,0.153061224489796,0,,38,29,2540,5312,4407.5,871.288536757895,0.00895090439276486
9438,UBI_Only,8,200,TRUE,8,"1,2,3,4,5,6,7,8",0.242193460490463,0.158163265306122,0,,18,74,1029,5263,3440.625,1590.99976991109,0.00855284552845528
9439,UBI_Only,8,200,TRUE,8,"1,2,3,4,5,6,7,8",0.131598045023697,0.150510204081633,0,,34,38,1164,5210,4220,1305.98917081487,0.00869211195928753
9440,UBI_Only,8,200,TRUE,8,"1,2,3,4,5,6,7,8",0.248721065940479,0.142857142857143,0,,10,98,1299,5109,3213.125,1566.61814451202,0.0100545454545455
9441,UBI_Only,8,200,TRUE,8,"1,2,3,4,5,6,7,8",0.0759145902347689,0.163265306122449,0,,25,30,2978,5202,4339.375,668.849959151634,0.00812173913043478
9442,UBI_Only,8,200,TRUE,8,"1,2,3,4,5,6,7,8",0.102902315914489,0.147959183673469,0,,28,33,2287,5115,4210,897.766912161185,0.00824102564102564
9443,UBI_Only,8,200,TRUE,8,"1,2,3,4,5,6,7,8",0.165056691033865,0.142857142857143,0,,18,33,1035,5499,4189.375,1457.63055651482,0.00841530054644809
9444,UBI_Only,8,200,TRUE,8,"1,2,3,4,5,6,7,8",0.218829981718464,0.157750342935528,0,,21,74,975,4666,3418.75,1552.87988220964,0.00869540229885057
9445,UBI_Only,8,200,TRUE,8,"1,2,3,4,5,6,7,8",0.142864271457086,0.142857142857143,0,,24,44,1198,5187,4070.625,1273.11383594937,0.00707909604519774
9446,UBI_Only,8,200,TRUE,8,"1,2,3,4,5,6,7,8",0.0636150921322023,0.145408163265306,0,,26,25,3490,5077,4273.75,521.435313067964,0.00915406162464986
9447,UBI_Only,8,200,TRUE,8,"1,2,3,4,5,6,7,8",0.22470599044469,0.158163265306122,0,,27,90,893,4862,3401.25,1540.59911815408,0.00903174603174603
9448,UBI_Only,8,200,TRUE,8,"1,2,3,4,5,6,7,8",0.14192246835443,0.204081632653061,0,,28,59,1359,4933,3950,1236.61808401555,0.00742647058823529
9449,UBI_Only,8,200,TRUE,8,"1,2,3,4,5,6,7,8",0.137053376112002,0.149519890260631,0,,28,17,1632,5555,4285.625,1247.34780777914,0.0119047619047619
9450,UBI_Only,8,200,TRUE,8,"1,2,3,4,5,6,7,8",0.163383305710411,0.14030612244898,0,,22,36,1135,6534,4148.125,1480.82982889421,0.0155880758807588
9451,UBI_Only,8,200,TRUE,8,"1,2,3,4,5,6,7,8",0.141032849955608,0.137755102040816,0,,18,37,1190,5306,4223.75,1327.62212244298,0.00803007518796993
9452,UBI_Only,8,200,TRUE,8,"1,2,3,4,5,6,7,8",0.152860775588048,0.198979591836735,0,,29,62,1797,5238,3932.5,1191.21330703495,0.00733333333333333
9453,UBI_Only,8,200,TRUE,8,"1,2,3,4,5,6,7,8",0.146079328122402,0.150510204081633,0,,12,60,1786,4835,3758.125,1074.10247416157,0.00896918767507003
9454,UBI_Only,8,200,TRUE,7,"1,2,4,5,6,7,8",0.208437966607846,0.247448979591837,1,154,26,69,0,5005,3683.5,1658.92865600492,0.00971666666666667
9455,UBI_Only,8,200,TRUE,8,"1,2,3,4,5,6,7,8",0.120849594716301,0.142857142857143,0,,28,32,1149,5090,4163.75,1252.51903321723,0.00824793388429752
9456,UBI_Only,8,200,TRUE,8,"1,2,3,4,5,6,7,8",0.196701602959309,0.163265306122449,0,,13,75,2093,5096,3548.125,1406.58395082351,0.0094375
9457,UBI_Only,8,200,TRUE,8,"1,2,3,4,5,6,7,8",0.214090042877561,0.168367346938776,0,,18,61,1677,6129,3935.625,1622.79256112067,0.0153627450980392
9458,UBI_Only,8,200,TRUE,8,"1,2,3,4,5,6,7,8",0.184812365426023,0.147959183673469,0,,20,47,903,5233,4063.75,1571.51907856243,0.010559796437659
9459,UBI_Only,8,200,TRUE,8,"1,2,3,4,5,6,7,8",0.161646860446443,0.178571428571429,0,,18,70,1727,5028,3891.875,1285.85629473681,0.00936434108527132
9460,UBI_Only,8,200,TRUE,8,"1,2,3,4,5,6,7,8",0.238364361702128,0.155612244897959,0,,22,46,728,5402,3760,1842.13943942518,0.0100419947506562
9461,UBI_Only,8,200,TRUE,8,"1,2,3,4,5,6,7,8",0.185800529275554,0.137755102040816,0,,16,41,1401,5102,3778.75,1415.08129498929,0.00707317073170732
9462,UBI_Only,8,200,TRUE,8,"1,2,3,4,5,6,7,8",0.0910992801439712,0.187928669410151,0,,38,35,2191,4885,4167.5,856.306520553743,0.0101102362204724
9463,UBI_Only,8,200,TRUE,8,"1,2,3,4,5,6,7,8",0.197977854562588,0.160714285714286,0,,24,34,951,6010,3979.375,1672.5785855977,0.0111679586563307
9464,UBI_Only,8,200,TRUE,8,"1,2,3,4,5,6,7,8",0.117727412651993,0.150510204081633,0,,25,44,2337,5067,4060.625,965.841888494917,0.0085752688172043
9465,UBI_Only,8,200,TRUE,8,"1,2,3,4,5,6,7,8",0.171405738343989,0.150510204081633,0,,26,44,984,5481,4008.125,1430.6454524844,0.00906870229007634
9466,UBI_Only,8,200,TRUE,7,"1,2,3,4,6,7,8",0.236951868954127,0.210059171597633,1,140,22,56,0,5483,3708.625,1847.09346484068,0.0104892966360856
9467,UBI_Only,8,200,TRUE,7,"1,2,4,5,6,7,8",0.23377674433891,0.176954732510288,1,138,10,46,0,5184,3803.375,2019.93613318413,0.00838655462184874
9468,UBI_Only,8,200,TRUE,7,"1,2,3,4,5,7,8",0.236629736014225,0.208333333333333,1,189,22,71,0,5259,3655.5,1826.83574990826,0.0100896358543417
9469,UBI_Only,8,200,TRUE,8,"1,2,3,4,5,6,7,8",0.211725440806045,0.188775510204082,0,,18,65,1309,5211,3721.875,1594.91320296748,0.00838176638176638
9470,UBI_Only,8,200,TRUE,8,"1,2,3,4,5,6,7,8",0.119834648058252,0.163265306122449,0,,15,33,1796,5099,4120,1051.26590356579,0.0107874015748032
9471,UBI_Only,8,200,TRUE,8,"1,2,3,4,5,6,7,8",0.172348614437222,0.176020408163265,0,,12,66,1917,5213,3653.75,1178.91702725122,0.0091536231884058
9472,UBI_Only,8,200,TRUE,8,"1,2,3,4,5,6,7,8",0.303937452901281,0.163265306122449,0,,16,86,886,5847,3317.5,1962.39853240875,0.0110024330900243
9473,UBI_Only,8,200,TRUE,8,"1,2,3,4,5,6,7,8",0.166247860588144,0.170918367346939,0,,20,62,1350,5469,4016.875,1345.20050948336,0.00915196078431373
9474,UBI_Only,8,200,TRUE,8,"1,2,3,4,5,6,7,8",0.108535476046089,0.168367346938776,0,,28,33,1353,4808,4122.5,1143.71487455822,0.00861333333333333
9475,UBI_Only,8,200,TRUE,8,"1,2,3,4,5,6,7,8",0.0990403884692461,0.165816326530612,0,,18,42,2733,5063,4054.375,766.14618849333,0.00854166666666667
9476,UBI_Only,8,200,TRUE,8,"1,2,3,4,5,6,7,8",0.0872930761479775,0.170918367346939,0,,15,40,2998,5238,4341.875,728.035995479815,0.00873170731707317
9477,UBI_Only,8,200,TRUE,8,"1,2,3,4,5,6,7,8",0.170450885668277,0.176020408163265,0,,24,51,1339,5221,3881.25,1355.33198357977,0.00782655826558266
9478,UBI_Only,8,200,TRUE,8,"1,2,3,4,5,6,7,8",0.0884039334341906,0.16323731138546,0,,26,39,2482,4882,4131.25,762.944437220506,0.0151622418879056
9479,UBI_Only,8,200,TRUE,8,"1,2,3,4,5,6,7,8",0.0839092718998862,0.150510204081633,0,,30,30,2866,5213,4395,748.45517090681,0.00782738095238095
9480,UBI_Only,8,200,TRUE,8,"1,2,3,4,5,6,7,8",0.153917226634087,0.145408163265306,0,,26,47,1297,5216,4092.5,1332.057699308,0.00823703703703704
9481,UBI_Only,8,200,TRUE,8,"1,2,3,4,5,6,7,8",0.238798510388083,0.150510204081633,0,,14,92,937,4737,3188.75,1474.75283643444,0.00852892561983471
9482,UBI_Only,8,200,TRUE,8,"1,2,3,4,5,6,7,8",0.199151285431773,0.142857142857143,0,,22,52,1160,5208,3792.5,1524.99339577024,0.00927222222222222
9483,UBI_Only,8,200,TRUE,8,"1,2,3,4,5,6,7,8",0.115335891124946,0.14030612244898,0,,24,31,2657,5558,4316.875,998.858982968639,0.00917204301075269
9484,UBI_Only,8,200,TRUE,8,"1,2,3,4,5,6,7,8",0.149902548725637,0.160714285714286,0,,18,38,1658,5805,4168.75,1287.07195381055,0.0105866666666667
9485,UBI_Only,8,200,TRUE,8,"1,2,3,4,5,6,7,8",0.13476695718075,0.168367346938776,0,,24,78,1862,4279,3298.75,848.98658074537,0.0089366391184573
9486,UBI_Only,8,200,TRUE,8,"1,2,3,4,5,6,7,8",0.199846625766871,0.170918367346939,0,,10,72,1682,5084,3667.5,1438.13043318648,0.00921804511278195
9487,UBI_Only,8,200,TRUE,8,"1,2,3,4,5,6,7,8",0.161794546607483,0.155612244897959,0,,22,42,1240,5637,3942.5,1303.73704623068,0.0103473389355742
9488,UBI_Only,8,200,TRUE,8,"1,2,3,4,5,6,7,8",0.133280006243172,0.201530612244898,0,,18,54,1769,5268,4004.375,1075.69338933413,0.00979614325068871
9489,UBI_Only,8,200,TRUE,7,"1,2,3,4,6,7,8",0.241509233708342,0.191326530612245,1,148,16,64,0,4950,3533.25,1807.98488852724,0.00783060109289618
9490,UBI_Only,8,200,TRUE,8,"1,2,3,4,5,6,7,8",0.163377723970944,0.176020408163265,0,,38,36,1360,5411,4130,1469.03972522383,0.0108072916666667
9491,UBI_Only,8,200,TRUE,7,"1,2,4,5,6,7,8",0.149504869889576,0.1808,1,146,25,31,0,5419,4222.375,1726.98795905307,0.00812568306010929
9492,UBI_Only,8,200,TRUE,8,"1,2,3,4,5,6,7,8",0.122176522899066,0.145408163265306,0,,32,37,1552,5042,4216.875,1163.77261371308,0.00764840182648402
9493,UBI_Only,8,200,TRUE,8,"1,2,3,4,5,6,7,8",0.186695210910244,0.155612244897959,0,,28,34,970,5159,3941.25,1522.22091038062,0.0103415977961433
9494,UBI_Only,8,200,TRUE,8,"1,2,3,4,5,6,7,8",0.157105346912794,0.170918367346939,0,,16,59,1315,5280,3927.5,1266.73539913771,0.0103025210084034
9495,UBI_Only,8,200,TRUE,8,"1,2,3,4,5,6,7,8",0.186171662125341,0.165816326530612,0,,18,55,1315,5618,3899.375,1478.4220292016,0.00988811188811189
9496,UBI_Only,8,200,TRUE,8,"1,2,3,4,5,6,7,8",0.137048002526449,0.170918367346939,0,,22,54,2019,5248,3958.125,1070.32203932141,0.00707936507936508
9497,UBI_Only,8,200,TRUE,8,"1,2,3,4,5,6,7,8",0.157786000616713,0.155612244897959,0,,16,38,1835,5266,4053.75,1260.27239119168,0.0102307692307692
9498,UBI_Only,8,200,TRUE,8,"1,2,3,4,5,6,7,8",0.121164146187776,0.137755102040816,0,,14,38,2072,4753,3967.5,994.359808405101,0.00791379310344828
9499,UBI_Only,8,200,TRUE,8,"1,2,3,4,5,6,7,8",0.145802469135802,0.196428571428571,0,,22,66,1380,4997,4050,1260.51678744417,0.00844973544973545
9500,UBI_Only,8,200,TRUE,8,"1,2,3,4,5,6,7,8",0.20356787667827,0.183673469387755,0,,14,70,1372,5190,3770.625,1540.29727534284,0.00826262626262626
9501,UBI_Only,8,200,TRUE,8,"1,2,3,4,5,6,7,8",0.173943992490613,0.186224489795918,0,,17,53,1516,5936,3995,1340.79240962734,0.00854320987654321
9502,UBI_Only,8,200,TRUE,8,"1,2,3,4,5,6,7,8",0.117244715689193,0.147959183673469,0,,32,33,1458,5078,4198.75,1161.48989910127,0.00789054726368159
9503,UBI_Only,8,200,TRUE,8,"1,2,3,4,5,6,7,8",0.178750194916576,0.145408163265306,0,,24,55,797,5192,4008.125,1522.91791707329,0.0104923076923077
9504,UBI_Only,8,200,TRUE,8,"1,2,3,4,5,6,7,8",0.107949275362319,0.158163265306122,0,,20,24,2545,5196,4312.5,922.625291530331,0.00880733944954129
9505,UBI_Only,8,200,TRUE,8,"1,2,3,4,5,6,7,8",0.112462075242718,0.155612244897959,0,,28,36,1222,4765,4120,1196.5798880858,0.00794957983193277
9506,UBI_Only,8,200,TRUE,8,"1,2,3,4,5,6,7,8",0.166585024492652,0.150510204081633,0,,15,74,1824,4957,3572.5,1128.28707086704,0.00801639344262295
9507,UBI_Only,8,200,TRUE,8,"1,2,3,4,5,6,7,8",0.183267509215377,0.145408163265306,0,,26,72,1455,4916,3560.625,1268.28725199437,0.00792411924119241
9508,UBI_Only,8,200,TRUE,8,"1,2,3,4,5,6,7,8",0.12062119637821,0.191326530612245,0,,28,33,1747,5315,4210.625,1107.14393663542,0.00862745098039216
9509,UBI_Only,8,200,TRUE,8,"1,2,3,4,5,6,7,8",0.21065018476157,0.158163265306122,0,,12,64,907,5092,3551.875,1475.82959115978,0.00756430446194226
9510,UBI_Only,8,200,TRUE,8,"1,2,3,4,5,6,7,8",0.135607761385504,0.153061224489796,0,,22,56,984,4738,3897.5,1251.96223128792,0.00834895833333333
9511,UBI_Only,8,200,TRUE,8,"1,2,3,4,5,6,7,8",0.120793059736967,0.160714285714286,0,,32,58,1435,4744,3944.375,1087.36141153055,0.00897709923664122
9512,UBI_Only,8,200,TRUE,7,"2,3,4,5,6,7,8",0.177927382753404,0.159722222222222,1,160,22,36,0,5540,4131.25,1746.15493912441,0.00955376344086021
9513,UBI_Only,8,200,TRUE,7,"1,2,3,4,5,6,7",0.260500498836049,0.204389574759945,2,159,10,66,0,5852,3758.75,1976.07126462007,0.00945762711864407
9514,UBI_Only,8,200,TRUE,8,"1,2,3,4,5,6,7,8",0.142020802377415,0.14030612244898,0,,25,35,834,5421,4206.25,1424.77624809752,0.00780716253443526
9515,UBI_Only,8,200,TRUE,8,"1,2,3,4,5,6,7,8",0.12368793797525,0.232142857142857,0,,34,46,1984,5085,4191.875,1103.0832681301,0.00937096774193548
9516,UBI_Only,8,200,TRUE,8,"1,2,3,4,5,6,7,8",0.210526753074111,0.168367346938776,0,,12,72,934,5042,3761.25,1712.69534860782,0.0088407960199005
9517,UBI_Only,8,200,TRUE,8,"1,2,3,4,5,6,7,8",0.164040561622465,0.155612244897959,0,,13,43,1606,5315,4006.25,1291.19344019399,0.00878921568627451
9518,UBI_Only,8,200,TRUE,8,"1,2,3,4,5,6,7,8",0.109655712050078,0.160714285714286,0,,28,55,1523,4722,3993.75,1043.51914897893,0.0083859649122807
9519,UBI_Only,8,200,TRUE,8,"1,2,3,4,5,6,7,8",0.146597040234315,0.193877551020408,0,,26,47,1605,5379,4054.375,1240.81481725288,0.00852892561983471
9520,UBI_Only,8,200,TRUE,8,"1,2,3,4,5,6,7,8",0.17590785677923,0.147959183673469,0,,27,67,1061,4687,3683.125,1380.94899435135,0.00848924731182796
9521,UBI_Only,8,200,TRUE,8,"1,2,3,4,5,6,7,8",0.208101740935953,0.137755102040816,0,,22,53,1198,5767,3913.125,1591.1221051734,0.0107551622418879
9522,UBI_Only,8,200,TRUE,8,"1,2,3,4,5,6,7,8",0.171673095467695,0.155612244897959,0,,18,53,867,5002,3888.75,1444.49346040155,0.0112641975308642
9523,UBI_Only,8,200,TRUE,8,"1,2,3,4,5,6,7,8",0.0710469035247858,0.168367346938776,0,,16,41,3272,5467,4450.625,632.611353834248,0.00867676767676768
9524,UBI_Only,8,200,TRUE,8,"1,2,3,4,5,6,7,8",0.100131386861314,0.186224489795918,0,,18,36,2080,5107,4281.25,959.197246213133,0.008928
9525,UBI_Only,8,200,TRUE,8,"1,2,3,4,5,6,7,8",0.18694212849436,0.147959183673469,0,,22,71,1158,5839,3823.125,1408.26828181687,0.0117706666666667
9526,UBI_Only,8,200,TRUE,8,"1,2,3,4,5,6,7,8",0.0552916723456454,0.142857142857143,0,,27,17,3787,5250,4585.625,480.500613200144,0.00804558404558405
9527,UBI_Only,8,200,TRUE,8,"1,2,3,4,5,6,7,8",0.139460093896714,0.165816326530612,0,,16,58,1730,5159,3993.75,1113.26286845727,0.0091010101010101
9528,UBI_Only,8,200,TRUE,8,"1,2,3,4,5,6,7,8",0.116518781425614,0.142857142857143,0,,22,32,1301,4966,4226.25,1221.57810697007,0.00882014388489209
9529,UBI_Only,8,200,TRUE,8,"1,2,3,4,5,6,7,8",0.0882434402332362,0.155612244897959,0,,22,30,2432,4931,4287.5,831.175759305541,0.00970868347338936
9530,UBI_Only,8,200,TRUE,8,"1,2,3,4,5,6,7,8",0.163094864143239,0.137755102040816,0,,16,44,1799,5372,3979.375,1306.18199754639,0.00946341463414634
9531,UBI_Only,8,200,TRUE,8,"1,2,3,4,5,6,7,8",0.169882017900732,0.183673469387755,0,,16,58,1284,5127,3840.625,1364.25750999268,0.0108527131782946
9532,UBI_Only,8,200,TRUE,8,"1,2,3,4,5,6,7,8",0.151467497372767,0.168367346938776,0,,15,48,1363,5556,4163.125,1303.34070071599,0.00873949579831933
9533,UBI_Only,8,200,TRUE,8,"1,2,3,4,5,6,7,8",0.16717362709635,0.153061224489796,0,,17,85,1460,5110,3801.25,1286.39593438412,0.00770056497175141
9534,UBI_Only,8,200,TRUE,8,"1,2,3,4,5,6,7,8",0.148945537960633,0.160714285714286,0,,16,33,1394,5408,4223.125,1308.91235519092,0.00752706552706553
9535,UBI_Only,8,200,TRUE,8,"1,2,3,4,5,6,7,8",0.205349195481,0.142857142857143,0,,36,56,1170,4973,3651.25,1500.22453081435,0.00794910941475827
9536,UBI_Only,8,200,TRUE,8,"1,2,3,4,5,6,7,8",0.0881969424460431,0.196428571428571,0,,26,38,1631,4639,4170,1034.66806271383,0.0087909604519774
9537,UBI_Only,8,200,TRUE,8,"1,2,3,4,5,6,7,8",0.142943640517898,0.160714285714286,0,,10,34,1336,5149,4103.125,1261.89839272876,0.00747967479674797
9538,UBI_Only,8,200,TRUE,8,"1,2,3,4,5,6,7,8",0.150254186602871,0.178571428571429,0,,31,33,1073,5319,4180,1378.05929791552,0.0107226463104326
9539,UBI_Only,8,200,TRUE,8,"1,2,3,4,5,6,7,8",0.216799544419134,0.170918367346939,0,,12,69,1191,5311,3566.875,1545.34318310576,0.00859383753501401
9540,UBI_Only,8,200,TRUE,8,"1,2,3,4,5,6,7,8",0.169572829131653,0.158163265306122,0,,20,90,2022,5064,3570,1148.09904998281,0.00885875706214689
9541,UBI_Only,8,200,TRUE,8,"1,2,3,4,5,6,7,8",0.204983419307295,0.186224489795918,0,,14,96,1457,4807,3392.5,1348.74671984243,0.00735574229691877
9542,UBI_Only,8,200,TRUE,8,"1,2,3,4,5,6,7,8",0.123836685679976,0.158163265306122,0,,6,33,1417,5063,4163.75,1185.56481415882,0.008416
9543,UBI_Only,8,200,TRUE,8,"1,2,3,4,5,6,7,8",0.267158500371195,0.216836734693878,0,,23,85,1024,5229,3367.5,1801.02653268312,0.00857142857142857
9544,UBI_Only,8,200,TRUE,8,"1,2,3,4,5,6,7,8",0.113807298620383,0.163265306122449,0,,48,37,1623,5146,4213.125,1112.46565757587,0.00802279202279202
9545,UBI_Only,8,200,TRUE,8,"1,2,3,4,5,6,7,8",0.189191564147627,0.193877551020408,0,,18,82,1279,4797,3556.25,1335.38595277064,0.00826262626262626
9546,UBI_Only,8,200,TRUE,8,"1,2,3,4,5,6,7,8",0.102046026343052,0.201530612244898,0,,19,36,1888,4912,4223.125,1000.99399705635,0.00784895833333333
9547,UBI_Only,8,200,TRUE,8,"1,2,3,4,5,6,7,8",0.15686804697157,0.150510204081633,0,,16,48,1513,5216,4045,1275.77001957921,0.00739823008849558
9548,UBI_Only,8,200,TRUE,8,"1,2,3,4,5,6,7,8",0.121797209449818,0.186224489795918,0,,25,54,1732,4900,3941.875,1014.19995739076,0.00871074380165289
9549,UBI_Only,8,200,TRUE,8,"1,2,3,4,5,6,7,8",0.184400954232197,0.158163265306122,0,,24,73,1302,5058,3536.875,1291.02942729547,0.00883333333333333
9550,UBI_Only,8,200,TRUE,7,"1,2,3,4,5,6,7",0.26860040710325,0.147959183673469,1,103,20,78,0,5791,3561.75,1856.63426277614,0.00930183727034121
9551,UBI_Only,8,200,TRUE,8,"1,2,3,4,5,6,7,8",0.214897785349233,0.168367346938776,0,,26,64,1148,5663,3668.75,1583.63629933499,0.0108293963254593
9552,UBI_Only,8,200,TRUE,8,"1,2,3,4,5,6,7,8",0.070786154507668,0.135204081632653,0,,22,25,3389,5137,4360.625,583.009908639149,0.0115626666666667
9553,UBI_Only,8,200,TRUE,8,"1,2,3,4,5,6,7,8",0.177710843373494,0.170918367346939,0,,12,65,871,5003,3631.25,1319.70610905827,0.00827222222222222
9554,UBI_Only,8,200,TRUE,8,"1,2,3,4,5,6,7,8",0.165700129954516,0.13265306122449,0,,30,43,1375,4830,3847.5,1408.6553872399,0.0115932203389831
9555,UBI_Only,8,200,TRUE,8,"1,2,3,4,5,6,7,8",0.130467107239411,0.150510204081633,0,,8,35,1360,5158,4161.25,1218.60479354758,0.0111924119241192
9556,UBI_Only,8,200,TRUE,8,"1,2,3,4,5,6,7,8",0.0765385696220318,0.137755102040816,0,,16,23,3276,5139,4448.125,660.586414267116,0.00703244837758112
9557,UBI_Only,8,200,TRUE,8,"1,2,3,4,5,6,7,8",0.0991690962099126,0.135204081632653,0,,29,32,1908,5123,4287.5,1006.88174933448,0.00831908831908832
9558,UBI_Only,8,200,TRUE,8,"1,2,3,4,5,6,7,8",0.21855185384202,0.163265306122449,0,,21,68,1446,5147,3489.375,1493.80415024384,0.00770570570570571
9559,UBI_Only,8,200,TRUE,8,"1,2,3,4,5,6,7,8",0.164751455088878,0.183673469387755,0,,26,47,1666,5310,3973.125,1313.81880001989,0.0103305785123967
9560,UBI_Only,8,200,TRUE,8,"1,2,3,4,5,6,7,8",0.146472298745026,0.214285714285714,0,,18,57,1788,5656,4083.75,1198.90184871704,0.0106233062330623
9561,UBI_Only,8,200,TRUE,8,"1,2,3,4,5,6,7,8",0.143527653213752,0.160714285714286,0,,12,42,1362,5441,4181.25,1276.98447803521,0.00837096774193548
9562,UBI_Only,8,200,TRUE,8,"1,2,3,4,5,6,7,8",0.184760025769045,0.176020408163265,0,,31,65,895,5010,3880.625,1556.29981847972,0.00788172043010753
9563,UBI_Only,8,200,TRUE,8,"1,2,3,4,5,6,7,8",0.140898023488972,0.152263374485597,0,,28,17,1396,5804,4363.75,1330.81293630193,0.0144057971014493
9564,UBI_Only,8,200,TRUE,8,"1,2,3,4,5,6,7,8",0.210748711982716,0.165816326530612,0,,31,71,1134,5641,3760.625,1544.99236590809,0.00984577114427861
9565,UBI_Only,8,200,TRUE,8,"1,2,3,4,5,6,7,8",0.21553002894356,0.160714285714286,0,,22,81,1220,4909,3455,1476.04064984674,0.00830246913580247
9566,UBI_Only,8,200,TRUE,8,"1,2,3,4,5,6,7,8",0.117865471505611,0.153061224489796,0,,16,39,1288,5058,4288.125,1253.07204644084,0.0118285714285714
9567,UBI_Only,8,200,TRUE,8,"1,2,3,4,5,6,7,8",0.197927024859663,0.158163265306122,0,,19,54,764,5179,3896.875,1594.60576744581,0.00933333333333333
9568,UBI_Only,8,200,TRUE,8,"1,2,3,4,5,6,7,8",0.20206390328152,0.186224489795918,0,,24,72,1396,5327,3618.75,1388.66942996319,0.0074488188976378
9569,UBI_Only,8,200,TRUE,8,"1,2,3,4,5,6,7,8",0.11756653410829,0.160714285714286,0,,21,31,1324,4857,4086.25,1160.75157302746,0.00759349593495935
